solid OpenSCAD_Model
  facet normal 1 0 0
    outer loop
      vertex 1 2.99914 15.7607
      vertex 1 4 18
      vertex 1 3 15.8
    endloop
  endfacet
  facet normal 1 0 0
    outer loop
      vertex 1 4 18
      vertex 1 2.99914 15.8393
      vertex 1 3 15.8
    endloop
  endfacet
  facet normal 1 0 0
    outer loop
      vertex 1 4 18
      vertex 1 2.99657 15.8784
      vertex 1 2.99914 15.8393
    endloop
  endfacet
  facet normal 1 0 0
    outer loop
      vertex 1 4 18
      vertex 1 2.9923 15.9175
      vertex 1 2.99657 15.8784
    endloop
  endfacet
  facet normal 1 0 0
    outer loop
      vertex 1 4 18
      vertex 1 2.98633 15.9563
      vertex 1 2.9923 15.9175
    endloop
  endfacet
  facet normal 1 0 0
    outer loop
      vertex 1 4 18
      vertex 1 2.97867 15.9948
      vertex 1 2.98633 15.9563
    endloop
  endfacet
  facet normal 1 0 0
    outer loop
      vertex 1 4 18
      vertex 1 2.96933 16.0329
      vertex 1 2.97867 15.9948
    endloop
  endfacet
  facet normal 1 0 0
    outer loop
      vertex 1 4 18
      vertex 1 2.95834 16.0706
      vertex 1 2.96933 16.0329
    endloop
  endfacet
  facet normal 1 0 0
    outer loop
      vertex 1 4 18
      vertex 1 2.94572 16.1078
      vertex 1 2.95834 16.0706
    endloop
  endfacet
  facet normal 1 0 0
    outer loop
      vertex 1 4 18
      vertex 1 2.93149 16.1444
      vertex 1 2.94572 16.1078
    endloop
  endfacet
  facet normal 1 0 0
    outer loop
      vertex 1 4 18
      vertex 1 2.91568 16.1804
      vertex 1 2.93149 16.1444
    endloop
  endfacet
  facet normal 1 0 0
    outer loop
      vertex 1 4 18
      vertex 1 2.89831 16.2156
      vertex 1 2.91568 16.1804
    endloop
  endfacet
  facet normal 1 0 0
    outer loop
      vertex 1 4 18
      vertex 1 2.87942 16.25
      vertex 1 2.89831 16.2156
    endloop
  endfacet
  facet normal 1 0 0
    outer loop
      vertex 1 4 18
      vertex 1 2.85905 16.2836
      vertex 1 2.87942 16.25
    endloop
  endfacet
  facet normal 1 0 0
    outer loop
      vertex 1 4 18
      vertex 1 2.83724 16.3162
      vertex 1 2.85905 16.2836
    endloop
  endfacet
  facet normal 1 0 0
    outer loop
      vertex 1 4 18
      vertex 1 2.81402 16.3479
      vertex 1 2.83724 16.3162
    endloop
  endfacet
  facet normal 1 0 0
    outer loop
      vertex 1 4 18
      vertex 1 2.78944 16.3785
      vertex 1 2.81402 16.3479
    endloop
  endfacet
  facet normal 1 0 0
    outer loop
      vertex 1 4 18
      vertex 1 2.76355 16.408
      vertex 1 2.78944 16.3785
    endloop
  endfacet
  facet normal 1 0 0
    outer loop
      vertex 1 4 18
      vertex 1 2.7364 16.4364
      vertex 1 2.76355 16.408
    endloop
  endfacet
  facet normal 1 0 0
    outer loop
      vertex 1 4 18
      vertex 1 2.70803 16.4635
      vertex 1 2.7364 16.4364
    endloop
  endfacet
  facet normal 1 0 0
    outer loop
      vertex 1 4 18
      vertex 1 2.67851 16.4894
      vertex 1 2.70803 16.4635
    endloop
  endfacet
  facet normal 1 0 0
    outer loop
      vertex 1 4 18
      vertex 1 2.64788 16.514
      vertex 1 2.67851 16.4894
    endloop
  endfacet
  facet normal 1 0 0
    outer loop
      vertex 1 4 18
      vertex 1 2.61622 16.5372
      vertex 1 2.64788 16.514
    endloop
  endfacet
  facet normal 1 0 0
    outer loop
      vertex 1 4 18
      vertex 1 2.58357 16.5591
      vertex 1 2.61622 16.5372
    endloop
  endfacet
  facet normal 1 0 0
    outer loop
      vertex 1 4 18
      vertex 1 2.55 16.5794
      vertex 1 2.58357 16.5591
    endloop
  endfacet
  facet normal 1 0 0
    outer loop
      vertex 1 4 18
      vertex 1 2.51557 16.5983
      vertex 1 2.55 16.5794
    endloop
  endfacet
  facet normal 1 0 0
    outer loop
      vertex 1 4 18
      vertex 1 2.48036 16.6157
      vertex 1 2.51557 16.5983
    endloop
  endfacet
  facet normal 1 0 0
    outer loop
      vertex 1 4 18
      vertex 1 2.44441 16.6315
      vertex 1 2.48036 16.6157
    endloop
  endfacet
  facet normal 1 0 0
    outer loop
      vertex 1 4 18
      vertex 1 2.40782 16.6457
      vertex 1 2.44441 16.6315
    endloop
  endfacet
  facet normal 1 0 0
    outer loop
      vertex 1 4 18
      vertex 1 2.37064 16.6583
      vertex 1 2.40782 16.6457
    endloop
  endfacet
  facet normal 1 0 0
    outer loop
      vertex 1 4 18
      vertex 1 2.33294 16.6693
      vertex 1 2.37064 16.6583
    endloop
  endfacet
  facet normal 1 0 0
    outer loop
      vertex 1 4 18
      vertex 1 2.2948 16.6787
      vertex 1 2.33294 16.6693
    endloop
  endfacet
  facet normal 1 0 0
    outer loop
      vertex 1 4 18
      vertex 1 2.25628 16.6863
      vertex 1 2.2948 16.6787
    endloop
  endfacet
  facet normal 1 0 0
    outer loop
      vertex 1 4 18
      vertex 1 2.21747 16.6923
      vertex 1 2.25628 16.6863
    endloop
  endfacet
  facet normal 1 0 0
    outer loop
      vertex 1 4 18
      vertex 1 2.17844 16.6966
      vertex 1 2.21747 16.6923
    endloop
  endfacet
  facet normal 1 0 0
    outer loop
      vertex 1 4 18
      vertex 1 2.13926 16.6991
      vertex 1 2.17844 16.6966
    endloop
  endfacet
  facet normal 1 0 0
    outer loop
      vertex 1 4 18
      vertex 1 2.1 16.7
      vertex 1 2.13926 16.6991
    endloop
  endfacet
  facet normal 1 0 0
    outer loop
      vertex 1 4 18
      vertex 1 2.06074 16.6991
      vertex 1 2.1 16.7
    endloop
  endfacet
  facet normal 1 -0 0
    outer loop
      vertex 1 0 18
      vertex 1 2.06074 16.6991
      vertex 1 4 18
    endloop
  endfacet
  facet normal 1 0 0
    outer loop
      vertex 1 2.06074 16.6991
      vertex 1 0 18
      vertex 1 2.02156 16.6966
    endloop
  endfacet
  facet normal 1 0 0
    outer loop
      vertex 1 2.02156 16.6966
      vertex 1 0 18
      vertex 1 1.98253 16.6923
    endloop
  endfacet
  facet normal 1 0 0
    outer loop
      vertex 1 1.98253 16.6923
      vertex 1 0 18
      vertex 1 1.94372 16.6863
    endloop
  endfacet
  facet normal 1 0 0
    outer loop
      vertex 1 1.94372 16.6863
      vertex 1 0 18
      vertex 1 1.9052 16.6787
    endloop
  endfacet
  facet normal 1 0 0
    outer loop
      vertex 1 1.9052 16.6787
      vertex 1 0 18
      vertex 1 1.86706 16.6693
    endloop
  endfacet
  facet normal 1 0 0
    outer loop
      vertex 1 1.86706 16.6693
      vertex 1 0 18
      vertex 1 1.82936 16.6583
    endloop
  endfacet
  facet normal 1 0 0
    outer loop
      vertex 1 1.82936 16.6583
      vertex 1 0 18
      vertex 1 1.79218 16.6457
    endloop
  endfacet
  facet normal 1 0 0
    outer loop
      vertex 1 1.79218 16.6457
      vertex 1 0 18
      vertex 1 1.75558 16.6315
    endloop
  endfacet
  facet normal 1 0 0
    outer loop
      vertex 1 1.75558 16.6315
      vertex 1 0 18
      vertex 1 1.71964 16.6157
    endloop
  endfacet
  facet normal 1 0 0
    outer loop
      vertex 1 1.71964 16.6157
      vertex 1 0 18
      vertex 1 1.68443 16.5983
    endloop
  endfacet
  facet normal 1 0 0
    outer loop
      vertex 1 1.20086 15.8393
      vertex 1 0 18
      vertex 1 1.2 15.8
    endloop
  endfacet
  facet normal 1 0 0
    outer loop
      vertex 1 1.20342 15.8784
      vertex 1 0 18
      vertex 1 1.20086 15.8393
    endloop
  endfacet
  facet normal 1 0 0
    outer loop
      vertex 1 1.2077 15.9175
      vertex 1 0 18
      vertex 1 1.20342 15.8784
    endloop
  endfacet
  facet normal 1 0 0
    outer loop
      vertex 1 1.21367 15.9563
      vertex 1 0 18
      vertex 1 1.2077 15.9175
    endloop
  endfacet
  facet normal 1 0 0
    outer loop
      vertex 1 1.22133 15.9948
      vertex 1 0 18
      vertex 1 1.21367 15.9563
    endloop
  endfacet
  facet normal 1 0 0
    outer loop
      vertex 1 1.23067 16.0329
      vertex 1 0 18
      vertex 1 1.22133 15.9948
    endloop
  endfacet
  facet normal 1 0 0
    outer loop
      vertex 1 1.24165 16.0706
      vertex 1 0 18
      vertex 1 1.23067 16.0329
    endloop
  endfacet
  facet normal 1 0 0
    outer loop
      vertex 1 1.25428 16.1078
      vertex 1 0 18
      vertex 1 1.24165 16.0706
    endloop
  endfacet
  facet normal 1 0 0
    outer loop
      vertex 1 1.26851 16.1444
      vertex 1 0 18
      vertex 1 1.25428 16.1078
    endloop
  endfacet
  facet normal 1 0 0
    outer loop
      vertex 1 1.28432 16.1804
      vertex 1 0 18
      vertex 1 1.26851 16.1444
    endloop
  endfacet
  facet normal 1 0 0
    outer loop
      vertex 1 1.30169 16.2156
      vertex 1 0 18
      vertex 1 1.28432 16.1804
    endloop
  endfacet
  facet normal 1 0 0
    outer loop
      vertex 1 1.32058 16.25
      vertex 1 0 18
      vertex 1 1.30169 16.2156
    endloop
  endfacet
  facet normal 1 0 0
    outer loop
      vertex 1 1.34095 16.2836
      vertex 1 0 18
      vertex 1 1.32058 16.25
    endloop
  endfacet
  facet normal 1 0 0
    outer loop
      vertex 1 1.36276 16.3162
      vertex 1 0 18
      vertex 1 1.34095 16.2836
    endloop
  endfacet
  facet normal 1 0 0
    outer loop
      vertex 1 1.38598 16.3479
      vertex 1 0 18
      vertex 1 1.36276 16.3162
    endloop
  endfacet
  facet normal 1 0 0
    outer loop
      vertex 1 1.41056 16.3785
      vertex 1 0 18
      vertex 1 1.38598 16.3479
    endloop
  endfacet
  facet normal 1 0 0
    outer loop
      vertex 1 1.43645 16.408
      vertex 1 0 18
      vertex 1 1.41056 16.3785
    endloop
  endfacet
  facet normal 1 0 0
    outer loop
      vertex 1 1.4636 16.4364
      vertex 1 0 18
      vertex 1 1.43645 16.408
    endloop
  endfacet
  facet normal 1 0 0
    outer loop
      vertex 1 1.49197 16.4635
      vertex 1 0 18
      vertex 1 1.4636 16.4364
    endloop
  endfacet
  facet normal 1 0 0
    outer loop
      vertex 1 1.52149 16.4894
      vertex 1 0 18
      vertex 1 1.49197 16.4635
    endloop
  endfacet
  facet normal 1 0 0
    outer loop
      vertex 1 1.55211 16.514
      vertex 1 0 18
      vertex 1 1.52149 16.4894
    endloop
  endfacet
  facet normal 1 0 0
    outer loop
      vertex 1 1.58378 16.5372
      vertex 1 0 18
      vertex 1 1.55211 16.514
    endloop
  endfacet
  facet normal 1 0 0
    outer loop
      vertex 1 1.61643 16.5591
      vertex 1 0 18
      vertex 1 1.58378 16.5372
    endloop
  endfacet
  facet normal 1 0 0
    outer loop
      vertex 1 1.65 16.5794
      vertex 1 0 18
      vertex 1 1.61643 16.5591
    endloop
  endfacet
  facet normal 1 0 0
    outer loop
      vertex 1 1.68443 16.5983
      vertex 1 0 18
      vertex 1 1.65 16.5794
    endloop
  endfacet
  facet normal 1 0 0
    outer loop
      vertex 1 24.2991 15.7607
      vertex 1 25.5 18
      vertex 1 24.3 15.8
    endloop
  endfacet
  facet normal 1 0 0
    outer loop
      vertex 1 25.5 18
      vertex 1 24.2991 15.8393
      vertex 1 24.3 15.8
    endloop
  endfacet
  facet normal 1 0 0
    outer loop
      vertex 1 25.5 18
      vertex 1 24.2966 15.8784
      vertex 1 24.2991 15.8393
    endloop
  endfacet
  facet normal 1 0 0
    outer loop
      vertex 1 25.5 18
      vertex 1 24.2923 15.9175
      vertex 1 24.2966 15.8784
    endloop
  endfacet
  facet normal 1 0 0
    outer loop
      vertex 1 25.5 18
      vertex 1 24.2863 15.9563
      vertex 1 24.2923 15.9175
    endloop
  endfacet
  facet normal 1 0 0
    outer loop
      vertex 1 25.5 18
      vertex 1 24.2787 15.9948
      vertex 1 24.2863 15.9563
    endloop
  endfacet
  facet normal 1 0 0
    outer loop
      vertex 1 25.5 18
      vertex 1 24.2693 16.0329
      vertex 1 24.2787 15.9948
    endloop
  endfacet
  facet normal 1 0 0
    outer loop
      vertex 1 25.5 18
      vertex 1 24.2583 16.0706
      vertex 1 24.2693 16.0329
    endloop
  endfacet
  facet normal 1 0 0
    outer loop
      vertex 1 25.5 18
      vertex 1 24.2457 16.1078
      vertex 1 24.2583 16.0706
    endloop
  endfacet
  facet normal 1 0 0
    outer loop
      vertex 1 25.5 18
      vertex 1 24.2315 16.1444
      vertex 1 24.2457 16.1078
    endloop
  endfacet
  facet normal 1 0 0
    outer loop
      vertex 1 25.5 18
      vertex 1 24.2157 16.1804
      vertex 1 24.2315 16.1444
    endloop
  endfacet
  facet normal 1 0 0
    outer loop
      vertex 1 25.5 18
      vertex 1 24.1983 16.2156
      vertex 1 24.2157 16.1804
    endloop
  endfacet
  facet normal 1 0 0
    outer loop
      vertex 1 25.5 18
      vertex 1 24.1794 16.25
      vertex 1 24.1983 16.2156
    endloop
  endfacet
  facet normal 1 0 0
    outer loop
      vertex 1 25.5 18
      vertex 1 24.1591 16.2836
      vertex 1 24.1794 16.25
    endloop
  endfacet
  facet normal 1 0 0
    outer loop
      vertex 1 25.5 18
      vertex 1 24.1372 16.3162
      vertex 1 24.1591 16.2836
    endloop
  endfacet
  facet normal 1 0 0
    outer loop
      vertex 1 25.5 18
      vertex 1 24.114 16.3479
      vertex 1 24.1372 16.3162
    endloop
  endfacet
  facet normal 1 0 0
    outer loop
      vertex 1 25.5 18
      vertex 1 24.0894 16.3785
      vertex 1 24.114 16.3479
    endloop
  endfacet
  facet normal 1 0 0
    outer loop
      vertex 1 25.5 18
      vertex 1 24.0635 16.408
      vertex 1 24.0894 16.3785
    endloop
  endfacet
  facet normal 1 0 0
    outer loop
      vertex 1 25.5 18
      vertex 1 24.0364 16.4364
      vertex 1 24.0635 16.408
    endloop
  endfacet
  facet normal 1 0 0
    outer loop
      vertex 1 25.5 18
      vertex 1 24.008 16.4635
      vertex 1 24.0364 16.4364
    endloop
  endfacet
  facet normal 1 0 0
    outer loop
      vertex 1 25.5 18
      vertex 1 23.9785 16.4894
      vertex 1 24.008 16.4635
    endloop
  endfacet
  facet normal 1 0 0
    outer loop
      vertex 1 25.5 18
      vertex 1 23.9479 16.514
      vertex 1 23.9785 16.4894
    endloop
  endfacet
  facet normal 1 0 0
    outer loop
      vertex 1 25.5 18
      vertex 1 23.9162 16.5372
      vertex 1 23.9479 16.514
    endloop
  endfacet
  facet normal 1 0 0
    outer loop
      vertex 1 25.5 18
      vertex 1 23.8836 16.5591
      vertex 1 23.9162 16.5372
    endloop
  endfacet
  facet normal 1 0 0
    outer loop
      vertex 1 25.5 18
      vertex 1 23.85 16.5794
      vertex 1 23.8836 16.5591
    endloop
  endfacet
  facet normal 1 0 0
    outer loop
      vertex 1 25.5 18
      vertex 1 23.8156 16.5983
      vertex 1 23.85 16.5794
    endloop
  endfacet
  facet normal 1 0 0
    outer loop
      vertex 1 25.5 18
      vertex 1 23.7804 16.6157
      vertex 1 23.8156 16.5983
    endloop
  endfacet
  facet normal 1 0 0
    outer loop
      vertex 1 25.5 18
      vertex 1 23.7444 16.6315
      vertex 1 23.7804 16.6157
    endloop
  endfacet
  facet normal 1 0 0
    outer loop
      vertex 1 25.5 18
      vertex 1 23.7078 16.6457
      vertex 1 23.7444 16.6315
    endloop
  endfacet
  facet normal 1 0 0
    outer loop
      vertex 1 25.5 18
      vertex 1 23.6706 16.6583
      vertex 1 23.7078 16.6457
    endloop
  endfacet
  facet normal 1 0 0
    outer loop
      vertex 1 25.5 18
      vertex 1 23.6329 16.6693
      vertex 1 23.6706 16.6583
    endloop
  endfacet
  facet normal 1 0 0
    outer loop
      vertex 1 25.5 18
      vertex 1 23.5948 16.6787
      vertex 1 23.6329 16.6693
    endloop
  endfacet
  facet normal 1 0 0
    outer loop
      vertex 1 25.5 18
      vertex 1 23.5563 16.6863
      vertex 1 23.5948 16.6787
    endloop
  endfacet
  facet normal 1 0 0
    outer loop
      vertex 1 25.5 18
      vertex 1 23.5175 16.6923
      vertex 1 23.5563 16.6863
    endloop
  endfacet
  facet normal 1 0 0
    outer loop
      vertex 1 25.5 18
      vertex 1 23.4784 16.6966
      vertex 1 23.5175 16.6923
    endloop
  endfacet
  facet normal 1 0 0
    outer loop
      vertex 1 25.5 18
      vertex 1 23.4393 16.6991
      vertex 1 23.4784 16.6966
    endloop
  endfacet
  facet normal 1 -0 0
    outer loop
      vertex 1 21.5 18
      vertex 1 23.4393 16.6991
      vertex 1 25.5 18
    endloop
  endfacet
  facet normal 1 0 0
    outer loop
      vertex 1 23.4393 16.6991
      vertex 1 21.5 18
      vertex 1 23.4 16.7
    endloop
  endfacet
  facet normal 1 0 0
    outer loop
      vertex 1 23.4 16.7
      vertex 1 21.5 18
      vertex 1 23.3607 16.6991
    endloop
  endfacet
  facet normal 1 0 0
    outer loop
      vertex 1 23.3607 16.6991
      vertex 1 21.5 18
      vertex 1 23.3216 16.6966
    endloop
  endfacet
  facet normal 1 0 0
    outer loop
      vertex 1 23.3216 16.6966
      vertex 1 21.5 18
      vertex 1 23.2825 16.6923
    endloop
  endfacet
  facet normal 1 0 0
    outer loop
      vertex 1 23.2825 16.6923
      vertex 1 21.5 18
      vertex 1 23.2437 16.6863
    endloop
  endfacet
  facet normal 1 0 0
    outer loop
      vertex 1 23.2437 16.6863
      vertex 1 21.5 18
      vertex 1 23.2052 16.6787
    endloop
  endfacet
  facet normal 1 0 0
    outer loop
      vertex 1 23.2052 16.6787
      vertex 1 21.5 18
      vertex 1 23.1671 16.6693
    endloop
  endfacet
  facet normal 1 0 0
    outer loop
      vertex 1 23.1671 16.6693
      vertex 1 21.5 18
      vertex 1 23.1294 16.6583
    endloop
  endfacet
  facet normal 1 0 0
    outer loop
      vertex 1 23.1294 16.6583
      vertex 1 21.5 18
      vertex 1 23.0922 16.6457
    endloop
  endfacet
  facet normal 1 0 0
    outer loop
      vertex 1 23.0922 16.6457
      vertex 1 21.5 18
      vertex 1 23.0556 16.6315
    endloop
  endfacet
  facet normal 1 0 0
    outer loop
      vertex 1 23.0556 16.6315
      vertex 1 21.5 18
      vertex 1 23.0196 16.6157
    endloop
  endfacet
  facet normal 1 0 0
    outer loop
      vertex 1 23.0196 16.6157
      vertex 1 21.5 18
      vertex 1 22.9844 16.5983
    endloop
  endfacet
  facet normal 1 0 0
    outer loop
      vertex 1 22.5009 15.8393
      vertex 1 21.5 18
      vertex 1 22.5 15.8
    endloop
  endfacet
  facet normal 1 0 0
    outer loop
      vertex 1 22.5034 15.8784
      vertex 1 21.5 18
      vertex 1 22.5009 15.8393
    endloop
  endfacet
  facet normal 1 0 0
    outer loop
      vertex 1 22.5077 15.9175
      vertex 1 21.5 18
      vertex 1 22.5034 15.8784
    endloop
  endfacet
  facet normal 1 0 0
    outer loop
      vertex 1 22.5137 15.9563
      vertex 1 21.5 18
      vertex 1 22.5077 15.9175
    endloop
  endfacet
  facet normal 1 0 0
    outer loop
      vertex 1 22.5213 15.9948
      vertex 1 21.5 18
      vertex 1 22.5137 15.9563
    endloop
  endfacet
  facet normal 1 0 0
    outer loop
      vertex 1 22.5307 16.0329
      vertex 1 21.5 18
      vertex 1 22.5213 15.9948
    endloop
  endfacet
  facet normal 1 0 0
    outer loop
      vertex 1 22.5417 16.0706
      vertex 1 21.5 18
      vertex 1 22.5307 16.0329
    endloop
  endfacet
  facet normal 1 0 0
    outer loop
      vertex 1 22.5543 16.1078
      vertex 1 21.5 18
      vertex 1 22.5417 16.0706
    endloop
  endfacet
  facet normal 1 0 0
    outer loop
      vertex 1 22.5685 16.1444
      vertex 1 21.5 18
      vertex 1 22.5543 16.1078
    endloop
  endfacet
  facet normal 1 0 0
    outer loop
      vertex 1 22.5843 16.1804
      vertex 1 21.5 18
      vertex 1 22.5685 16.1444
    endloop
  endfacet
  facet normal 1 0 0
    outer loop
      vertex 1 22.6017 16.2156
      vertex 1 21.5 18
      vertex 1 22.5843 16.1804
    endloop
  endfacet
  facet normal 1 0 0
    outer loop
      vertex 1 22.6206 16.25
      vertex 1 21.5 18
      vertex 1 22.6017 16.2156
    endloop
  endfacet
  facet normal 1 0 0
    outer loop
      vertex 1 22.6409 16.2836
      vertex 1 21.5 18
      vertex 1 22.6206 16.25
    endloop
  endfacet
  facet normal 1 0 0
    outer loop
      vertex 1 22.6628 16.3162
      vertex 1 21.5 18
      vertex 1 22.6409 16.2836
    endloop
  endfacet
  facet normal 1 0 0
    outer loop
      vertex 1 22.686 16.3479
      vertex 1 21.5 18
      vertex 1 22.6628 16.3162
    endloop
  endfacet
  facet normal 1 0 0
    outer loop
      vertex 1 22.7106 16.3785
      vertex 1 21.5 18
      vertex 1 22.686 16.3479
    endloop
  endfacet
  facet normal 1 0 0
    outer loop
      vertex 1 22.7365 16.408
      vertex 1 21.5 18
      vertex 1 22.7106 16.3785
    endloop
  endfacet
  facet normal 1 0 0
    outer loop
      vertex 1 22.7636 16.4364
      vertex 1 21.5 18
      vertex 1 22.7365 16.408
    endloop
  endfacet
  facet normal 1 0 0
    outer loop
      vertex 1 22.792 16.4635
      vertex 1 21.5 18
      vertex 1 22.7636 16.4364
    endloop
  endfacet
  facet normal 1 0 0
    outer loop
      vertex 1 22.8215 16.4894
      vertex 1 21.5 18
      vertex 1 22.792 16.4635
    endloop
  endfacet
  facet normal 1 0 0
    outer loop
      vertex 1 22.8521 16.514
      vertex 1 21.5 18
      vertex 1 22.8215 16.4894
    endloop
  endfacet
  facet normal 1 0 0
    outer loop
      vertex 1 22.8838 16.5372
      vertex 1 21.5 18
      vertex 1 22.8521 16.514
    endloop
  endfacet
  facet normal 1 0 0
    outer loop
      vertex 1 22.9164 16.5591
      vertex 1 21.5 18
      vertex 1 22.8838 16.5372
    endloop
  endfacet
  facet normal 1 0 0
    outer loop
      vertex 1 22.95 16.5794
      vertex 1 21.5 18
      vertex 1 22.9164 16.5591
    endloop
  endfacet
  facet normal 1 0 0
    outer loop
      vertex 1 22.9844 16.5983
      vertex 1 21.5 18
      vertex 1 22.95 16.5794
    endloop
  endfacet
  facet normal 1 0 0
    outer loop
      vertex 1 31 4
      vertex 1 29 3
      vertex 1 31 3
    endloop
  endfacet
  facet normal 1 0 0
    outer loop
      vertex 1 29 3
      vertex 1 25.5 4
      vertex 1 29 1
    endloop
  endfacet
  facet normal 1 -0 0
    outer loop
      vertex 1 25.5 4
      vertex 1 29 3
      vertex 1 31 4
    endloop
  endfacet
  facet normal 1 -0 0
    outer loop
      vertex 1 29 1
      vertex 1 31 0
      vertex 1 31 1
    endloop
  endfacet
  facet normal 1 0 0
    outer loop
      vertex 1 24.2966 15.7216
      vertex 1 25.5 18
      vertex 1 24.2991 15.7607
    endloop
  endfacet
  facet normal 1 0 0
    outer loop
      vertex 1 24.2923 15.6825
      vertex 1 25.5 18
      vertex 1 24.2966 15.7216
    endloop
  endfacet
  facet normal 1 0 0
    outer loop
      vertex 1 24.2863 15.6437
      vertex 1 25.5 18
      vertex 1 24.2923 15.6825
    endloop
  endfacet
  facet normal 1 0 0
    outer loop
      vertex 1 24.2787 15.6052
      vertex 1 25.5 18
      vertex 1 24.2863 15.6437
    endloop
  endfacet
  facet normal 1 0 0
    outer loop
      vertex 1 24.2693 15.5671
      vertex 1 25.5 18
      vertex 1 24.2787 15.6052
    endloop
  endfacet
  facet normal 1 0 0
    outer loop
      vertex 1 24.2583 15.5294
      vertex 1 25.5 18
      vertex 1 24.2693 15.5671
    endloop
  endfacet
  facet normal 1 0 0
    outer loop
      vertex 1 24.2457 15.4922
      vertex 1 25.5 18
      vertex 1 24.2583 15.5294
    endloop
  endfacet
  facet normal 1 0 0
    outer loop
      vertex 1 25.5 18
      vertex 1 24.2457 15.4922
      vertex 1 25.5 4
    endloop
  endfacet
  facet normal 1 -0 0
    outer loop
      vertex 1 24.2315 15.4556
      vertex 1 25.5 4
      vertex 1 24.2457 15.4922
    endloop
  endfacet
  facet normal 1 -0 0
    outer loop
      vertex 1 24.2157 15.4196
      vertex 1 25.5 4
      vertex 1 24.2315 15.4556
    endloop
  endfacet
  facet normal 1 -0 0
    outer loop
      vertex 1 24.1983 15.3844
      vertex 1 25.5 4
      vertex 1 24.2157 15.4196
    endloop
  endfacet
  facet normal 1 -0 0
    outer loop
      vertex 1 24.1794 15.35
      vertex 1 25.5 4
      vertex 1 24.1983 15.3844
    endloop
  endfacet
  facet normal 1 -0 0
    outer loop
      vertex 1 24.1591 15.3164
      vertex 1 25.5 4
      vertex 1 24.1794 15.35
    endloop
  endfacet
  facet normal 1 -0 0
    outer loop
      vertex 1 24.1372 15.2838
      vertex 1 25.5 4
      vertex 1 24.1591 15.3164
    endloop
  endfacet
  facet normal 1 -0 0
    outer loop
      vertex 1 24.114 15.2521
      vertex 1 25.5 4
      vertex 1 24.1372 15.2838
    endloop
  endfacet
  facet normal 1 -0 0
    outer loop
      vertex 1 24.0894 15.2215
      vertex 1 25.5 4
      vertex 1 24.114 15.2521
    endloop
  endfacet
  facet normal 1 -0 0
    outer loop
      vertex 1 24.0635 15.192
      vertex 1 25.5 4
      vertex 1 24.0894 15.2215
    endloop
  endfacet
  facet normal 1 -0 0
    outer loop
      vertex 1 24.0364 15.1636
      vertex 1 25.5 4
      vertex 1 24.0635 15.192
    endloop
  endfacet
  facet normal 1 -0 0
    outer loop
      vertex 1 24.008 15.1364
      vertex 1 25.5 4
      vertex 1 24.0364 15.1636
    endloop
  endfacet
  facet normal 1 -0 0
    outer loop
      vertex 1 23.9785 15.1106
      vertex 1 25.5 4
      vertex 1 24.008 15.1364
    endloop
  endfacet
  facet normal 1 -0 0
    outer loop
      vertex 1 23.9479 15.086
      vertex 1 25.5 4
      vertex 1 23.9785 15.1106
    endloop
  endfacet
  facet normal 1 -0 0
    outer loop
      vertex 1 23.9162 15.0628
      vertex 1 25.5 4
      vertex 1 23.9479 15.086
    endloop
  endfacet
  facet normal 1 -0 0
    outer loop
      vertex 1 23.8836 15.0409
      vertex 1 25.5 4
      vertex 1 23.9162 15.0628
    endloop
  endfacet
  facet normal 1 -0 0
    outer loop
      vertex 1 23.85 15.0206
      vertex 1 25.5 4
      vertex 1 23.8836 15.0409
    endloop
  endfacet
  facet normal 1 -0 0
    outer loop
      vertex 1 23.8156 15.0017
      vertex 1 25.5 4
      vertex 1 23.85 15.0206
    endloop
  endfacet
  facet normal 1 -0 0
    outer loop
      vertex 1 23.7804 14.9843
      vertex 1 25.5 4
      vertex 1 23.8156 15.0017
    endloop
  endfacet
  facet normal 1 -0 0
    outer loop
      vertex 1 23.7444 14.9685
      vertex 1 25.5 4
      vertex 1 23.7804 14.9843
    endloop
  endfacet
  facet normal 1 -0 0
    outer loop
      vertex 1 23.7078 14.9543
      vertex 1 25.5 4
      vertex 1 23.7444 14.9685
    endloop
  endfacet
  facet normal 1 -0 0
    outer loop
      vertex 1 23.6706 14.9417
      vertex 1 25.5 4
      vertex 1 23.7078 14.9543
    endloop
  endfacet
  facet normal 1 -0 0
    outer loop
      vertex 1 23.6329 14.9307
      vertex 1 25.5 4
      vertex 1 23.6706 14.9417
    endloop
  endfacet
  facet normal 1 -0 0
    outer loop
      vertex 1 23.5948 14.9213
      vertex 1 25.5 4
      vertex 1 23.6329 14.9307
    endloop
  endfacet
  facet normal 1 -0 0
    outer loop
      vertex 1 23.5563 14.9137
      vertex 1 25.5 4
      vertex 1 23.5948 14.9213
    endloop
  endfacet
  facet normal 1 -0 0
    outer loop
      vertex 1 23.5175 14.9077
      vertex 1 25.5 4
      vertex 1 23.5563 14.9137
    endloop
  endfacet
  facet normal 1 -0 0
    outer loop
      vertex 1 23.4784 14.9034
      vertex 1 25.5 4
      vertex 1 23.5175 14.9077
    endloop
  endfacet
  facet normal 1 -0 0
    outer loop
      vertex 1 23.4393 14.9009
      vertex 1 25.5 4
      vertex 1 23.4784 14.9034
    endloop
  endfacet
  facet normal 1 -0 0
    outer loop
      vertex 1 23.4 14.9
      vertex 1 25.5 4
      vertex 1 23.4393 14.9009
    endloop
  endfacet
  facet normal 1 0 0
    outer loop
      vertex 1 21.5 4
      vertex 1 23.4 14.9
      vertex 1 23.3607 14.9009
    endloop
  endfacet
  facet normal 1 0 0
    outer loop
      vertex 1 21.5 4
      vertex 1 23.3607 14.9009
      vertex 1 23.3216 14.9034
    endloop
  endfacet
  facet normal 1 0 0
    outer loop
      vertex 1 21.5 4
      vertex 1 23.3216 14.9034
      vertex 1 23.2825 14.9077
    endloop
  endfacet
  facet normal 1 0 0
    outer loop
      vertex 1 21.5 4
      vertex 1 23.2825 14.9077
      vertex 1 23.2437 14.9137
    endloop
  endfacet
  facet normal 1 0 0
    outer loop
      vertex 1 21.5 4
      vertex 1 23.2437 14.9137
      vertex 1 23.2052 14.9213
    endloop
  endfacet
  facet normal 1 0 0
    outer loop
      vertex 1 21.5 4
      vertex 1 23.2052 14.9213
      vertex 1 23.1671 14.9307
    endloop
  endfacet
  facet normal 1 0 0
    outer loop
      vertex 1 21.5 4
      vertex 1 23.1671 14.9307
      vertex 1 23.1294 14.9417
    endloop
  endfacet
  facet normal 1 0 0
    outer loop
      vertex 1 21.5 4
      vertex 1 23.1294 14.9417
      vertex 1 23.0922 14.9543
    endloop
  endfacet
  facet normal 1 0 0
    outer loop
      vertex 1 21.5 4
      vertex 1 23.0922 14.9543
      vertex 1 23.0556 14.9685
    endloop
  endfacet
  facet normal 1 0 0
    outer loop
      vertex 1 21.5 4
      vertex 1 23.0556 14.9685
      vertex 1 23.0196 14.9843
    endloop
  endfacet
  facet normal 1 0 0
    outer loop
      vertex 1 21.5 4
      vertex 1 23.0196 14.9843
      vertex 1 22.9844 15.0017
    endloop
  endfacet
  facet normal 1 0 0
    outer loop
      vertex 1 21.5 4
      vertex 1 22.9844 15.0017
      vertex 1 22.95 15.0206
    endloop
  endfacet
  facet normal 1 0 0
    outer loop
      vertex 1 21.5 4
      vertex 1 22.95 15.0206
      vertex 1 22.9164 15.0409
    endloop
  endfacet
  facet normal 1 0 0
    outer loop
      vertex 1 21.5 4
      vertex 1 22.9164 15.0409
      vertex 1 22.8838 15.0628
    endloop
  endfacet
  facet normal 1 0 0
    outer loop
      vertex 1 21.5 4
      vertex 1 22.8838 15.0628
      vertex 1 22.8521 15.086
    endloop
  endfacet
  facet normal 1 0 0
    outer loop
      vertex 1 21.5 4
      vertex 1 22.8521 15.086
      vertex 1 22.8215 15.1106
    endloop
  endfacet
  facet normal 1 0 0
    outer loop
      vertex 1 21.5 4
      vertex 1 22.8215 15.1106
      vertex 1 22.792 15.1364
    endloop
  endfacet
  facet normal 1 0 0
    outer loop
      vertex 1 21.5 4
      vertex 1 22.792 15.1364
      vertex 1 22.7636 15.1636
    endloop
  endfacet
  facet normal 1 0 0
    outer loop
      vertex 1 21.5 4
      vertex 1 22.7636 15.1636
      vertex 1 22.7365 15.192
    endloop
  endfacet
  facet normal 1 0 0
    outer loop
      vertex 1 21.5 4
      vertex 1 22.7365 15.192
      vertex 1 22.7106 15.2215
    endloop
  endfacet
  facet normal 1 0 0
    outer loop
      vertex 1 21.5 4
      vertex 1 22.7106 15.2215
      vertex 1 22.686 15.2521
    endloop
  endfacet
  facet normal 1 0 0
    outer loop
      vertex 1 21.5 4
      vertex 1 22.686 15.2521
      vertex 1 22.6628 15.2838
    endloop
  endfacet
  facet normal 1 0 0
    outer loop
      vertex 1 21.5 4
      vertex 1 22.6628 15.2838
      vertex 1 22.6409 15.3164
    endloop
  endfacet
  facet normal 1 0 0
    outer loop
      vertex 1 21.5 4
      vertex 1 22.6409 15.3164
      vertex 1 22.6206 15.35
    endloop
  endfacet
  facet normal 1 0 0
    outer loop
      vertex 1 21.5 4
      vertex 1 22.6206 15.35
      vertex 1 22.6017 15.3844
    endloop
  endfacet
  facet normal 1 0 0
    outer loop
      vertex 1 21.5 4
      vertex 1 22.6017 15.3844
      vertex 1 22.5843 15.4196
    endloop
  endfacet
  facet normal 1 0 0
    outer loop
      vertex 1 21.5 4
      vertex 1 22.5843 15.4196
      vertex 1 22.5685 15.4556
    endloop
  endfacet
  facet normal 1 0 0
    outer loop
      vertex 1 21.5 4
      vertex 1 22.5685 15.4556
      vertex 1 22.5543 15.4922
    endloop
  endfacet
  facet normal 1 0 0
    outer loop
      vertex 1 21.5 4
      vertex 1 22.5543 15.4922
      vertex 1 22.5417 15.5294
    endloop
  endfacet
  facet normal 1 0 0
    outer loop
      vertex 1 21.5 18
      vertex 1 22.5417 15.5294
      vertex 1 22.5307 15.5671
    endloop
  endfacet
  facet normal 1 0 0
    outer loop
      vertex 1 21.5 18
      vertex 1 22.5009 15.7607
      vertex 1 22.5 15.8
    endloop
  endfacet
  facet normal 1 0 0
    outer loop
      vertex 1 21.5 18
      vertex 1 22.5034 15.7216
      vertex 1 22.5009 15.7607
    endloop
  endfacet
  facet normal 1 0 0
    outer loop
      vertex 1 21.5 18
      vertex 1 22.5077 15.6825
      vertex 1 22.5034 15.7216
    endloop
  endfacet
  facet normal 1 0 0
    outer loop
      vertex 1 21.5 18
      vertex 1 22.5137 15.6437
      vertex 1 22.5077 15.6825
    endloop
  endfacet
  facet normal 1 0 0
    outer loop
      vertex 1 21.5 18
      vertex 1 22.5213 15.6052
      vertex 1 22.5137 15.6437
    endloop
  endfacet
  facet normal 1 0 0
    outer loop
      vertex 1 21.5 18
      vertex 1 22.5307 15.5671
      vertex 1 22.5213 15.6052
    endloop
  endfacet
  facet normal 1 0 0
    outer loop
      vertex 1 22.5417 15.5294
      vertex 1 21.5 18
      vertex 1 21.5 4
    endloop
  endfacet
  facet normal 1 0 0
    outer loop
      vertex 1 23.4 14.9
      vertex 1 21.5 4
      vertex 1 25.5 4
    endloop
  endfacet
  facet normal 1 -0 0
    outer loop
      vertex 1 21.5 4
      vertex 1 29 1
      vertex 1 25.5 4
    endloop
  endfacet
  facet normal 1 0 0
    outer loop
      vertex 1 0 0
      vertex 1 29 1
      vertex 1 21.5 4
    endloop
  endfacet
  facet normal 1 0 0
    outer loop
      vertex 1 0 0
      vertex 1 21.5 4
      vertex 1 4 4
    endloop
  endfacet
  facet normal 1 0 0
    outer loop
      vertex 1 2.99657 15.7216
      vertex 1 4 18
      vertex 1 2.99914 15.7607
    endloop
  endfacet
  facet normal 1 0 0
    outer loop
      vertex 1 2.9923 15.6825
      vertex 1 4 18
      vertex 1 2.99657 15.7216
    endloop
  endfacet
  facet normal 1 0 0
    outer loop
      vertex 1 2.98633 15.6437
      vertex 1 4 18
      vertex 1 2.9923 15.6825
    endloop
  endfacet
  facet normal 1 0 0
    outer loop
      vertex 1 2.97867 15.6052
      vertex 1 4 18
      vertex 1 2.98633 15.6437
    endloop
  endfacet
  facet normal 1 0 0
    outer loop
      vertex 1 2.96933 15.5671
      vertex 1 4 18
      vertex 1 2.97867 15.6052
    endloop
  endfacet
  facet normal 1 0 0
    outer loop
      vertex 1 2.95834 15.5294
      vertex 1 4 18
      vertex 1 2.96933 15.5671
    endloop
  endfacet
  facet normal 1 0 0
    outer loop
      vertex 1 4 18
      vertex 1 2.95834 15.5294
      vertex 1 4 4
    endloop
  endfacet
  facet normal 1 -0 0
    outer loop
      vertex 1 2.94572 15.4922
      vertex 1 4 4
      vertex 1 2.95834 15.5294
    endloop
  endfacet
  facet normal 1 -0 0
    outer loop
      vertex 1 2.93149 15.4556
      vertex 1 4 4
      vertex 1 2.94572 15.4922
    endloop
  endfacet
  facet normal 1 -0 0
    outer loop
      vertex 1 2.91568 15.4196
      vertex 1 4 4
      vertex 1 2.93149 15.4556
    endloop
  endfacet
  facet normal 1 -0 0
    outer loop
      vertex 1 2.89831 15.3844
      vertex 1 4 4
      vertex 1 2.91568 15.4196
    endloop
  endfacet
  facet normal 1 -0 0
    outer loop
      vertex 1 2.87942 15.35
      vertex 1 4 4
      vertex 1 2.89831 15.3844
    endloop
  endfacet
  facet normal 1 -0 0
    outer loop
      vertex 1 2.85905 15.3164
      vertex 1 4 4
      vertex 1 2.87942 15.35
    endloop
  endfacet
  facet normal 1 -0 0
    outer loop
      vertex 1 2.83724 15.2838
      vertex 1 4 4
      vertex 1 2.85905 15.3164
    endloop
  endfacet
  facet normal 1 -0 0
    outer loop
      vertex 1 2.81402 15.2521
      vertex 1 4 4
      vertex 1 2.83724 15.2838
    endloop
  endfacet
  facet normal 1 -0 0
    outer loop
      vertex 1 2.78944 15.2215
      vertex 1 4 4
      vertex 1 2.81402 15.2521
    endloop
  endfacet
  facet normal 1 -0 0
    outer loop
      vertex 1 2.76355 15.192
      vertex 1 4 4
      vertex 1 2.78944 15.2215
    endloop
  endfacet
  facet normal 1 -0 0
    outer loop
      vertex 1 2.7364 15.1636
      vertex 1 4 4
      vertex 1 2.76355 15.192
    endloop
  endfacet
  facet normal 1 -0 0
    outer loop
      vertex 1 2.70803 15.1364
      vertex 1 4 4
      vertex 1 2.7364 15.1636
    endloop
  endfacet
  facet normal 1 -0 0
    outer loop
      vertex 1 2.67851 15.1106
      vertex 1 4 4
      vertex 1 2.70803 15.1364
    endloop
  endfacet
  facet normal 1 -0 0
    outer loop
      vertex 1 2.64788 15.086
      vertex 1 4 4
      vertex 1 2.67851 15.1106
    endloop
  endfacet
  facet normal 1 -0 0
    outer loop
      vertex 1 2.61622 15.0628
      vertex 1 4 4
      vertex 1 2.64788 15.086
    endloop
  endfacet
  facet normal 1 -0 0
    outer loop
      vertex 1 2.58357 15.0409
      vertex 1 4 4
      vertex 1 2.61622 15.0628
    endloop
  endfacet
  facet normal 1 -0 0
    outer loop
      vertex 1 2.55 15.0206
      vertex 1 4 4
      vertex 1 2.58357 15.0409
    endloop
  endfacet
  facet normal 1 -0 0
    outer loop
      vertex 1 2.51557 15.0017
      vertex 1 4 4
      vertex 1 2.55 15.0206
    endloop
  endfacet
  facet normal 1 -0 0
    outer loop
      vertex 1 2.48036 14.9843
      vertex 1 4 4
      vertex 1 2.51557 15.0017
    endloop
  endfacet
  facet normal 1 -0 0
    outer loop
      vertex 1 2.44441 14.9685
      vertex 1 4 4
      vertex 1 2.48036 14.9843
    endloop
  endfacet
  facet normal 1 -0 0
    outer loop
      vertex 1 2.40782 14.9543
      vertex 1 4 4
      vertex 1 2.44441 14.9685
    endloop
  endfacet
  facet normal 1 -0 0
    outer loop
      vertex 1 2.37064 14.9417
      vertex 1 4 4
      vertex 1 2.40782 14.9543
    endloop
  endfacet
  facet normal 1 -0 0
    outer loop
      vertex 1 2.33294 14.9307
      vertex 1 4 4
      vertex 1 2.37064 14.9417
    endloop
  endfacet
  facet normal 1 -0 0
    outer loop
      vertex 1 2.2948 14.9213
      vertex 1 4 4
      vertex 1 2.33294 14.9307
    endloop
  endfacet
  facet normal 1 -0 0
    outer loop
      vertex 1 2.25628 14.9137
      vertex 1 4 4
      vertex 1 2.2948 14.9213
    endloop
  endfacet
  facet normal 1 -0 0
    outer loop
      vertex 1 2.21747 14.9077
      vertex 1 4 4
      vertex 1 2.25628 14.9137
    endloop
  endfacet
  facet normal 1 -0 0
    outer loop
      vertex 1 2.17844 14.9034
      vertex 1 4 4
      vertex 1 2.21747 14.9077
    endloop
  endfacet
  facet normal 1 -0 0
    outer loop
      vertex 1 2.13926 14.9009
      vertex 1 4 4
      vertex 1 2.17844 14.9034
    endloop
  endfacet
  facet normal 1 -0 0
    outer loop
      vertex 1 2.1 14.9
      vertex 1 4 4
      vertex 1 2.13926 14.9009
    endloop
  endfacet
  facet normal 1 0 0
    outer loop
      vertex 1 2.06074 14.9009
      vertex 1 4 4
      vertex 1 2.1 14.9
    endloop
  endfacet
  facet normal 1 0 0
    outer loop
      vertex 1 2.02156 14.9034
      vertex 1 4 4
      vertex 1 2.06074 14.9009
    endloop
  endfacet
  facet normal 1 0 0
    outer loop
      vertex 1 1.98253 14.9077
      vertex 1 4 4
      vertex 1 2.02156 14.9034
    endloop
  endfacet
  facet normal 1 0 0
    outer loop
      vertex 1 1.94372 14.9137
      vertex 1 4 4
      vertex 1 1.98253 14.9077
    endloop
  endfacet
  facet normal 1 0 0
    outer loop
      vertex 1 1.9052 14.9213
      vertex 1 4 4
      vertex 1 1.94372 14.9137
    endloop
  endfacet
  facet normal 1 0 0
    outer loop
      vertex 1 1.86706 14.9307
      vertex 1 4 4
      vertex 1 1.9052 14.9213
    endloop
  endfacet
  facet normal 1 0 0
    outer loop
      vertex 1 1.82936 14.9417
      vertex 1 4 4
      vertex 1 1.86706 14.9307
    endloop
  endfacet
  facet normal 1 0 0
    outer loop
      vertex 1 1.79218 14.9543
      vertex 1 4 4
      vertex 1 1.82936 14.9417
    endloop
  endfacet
  facet normal 1 0 0
    outer loop
      vertex 1 1.75558 14.9685
      vertex 1 4 4
      vertex 1 1.79218 14.9543
    endloop
  endfacet
  facet normal 1 0 0
    outer loop
      vertex 1 1.71964 14.9843
      vertex 1 4 4
      vertex 1 1.75558 14.9685
    endloop
  endfacet
  facet normal 1 0 0
    outer loop
      vertex 1 1.68443 15.0017
      vertex 1 4 4
      vertex 1 1.71964 14.9843
    endloop
  endfacet
  facet normal 1 0 0
    outer loop
      vertex 1 1.65 15.0206
      vertex 1 4 4
      vertex 1 1.68443 15.0017
    endloop
  endfacet
  facet normal 1 0 0
    outer loop
      vertex 1 1.61643 15.0409
      vertex 1 4 4
      vertex 1 1.65 15.0206
    endloop
  endfacet
  facet normal 1 0 0
    outer loop
      vertex 1 1.58378 15.0628
      vertex 1 4 4
      vertex 1 1.61643 15.0409
    endloop
  endfacet
  facet normal 1 0 0
    outer loop
      vertex 1 1.55211 15.086
      vertex 1 4 4
      vertex 1 1.58378 15.0628
    endloop
  endfacet
  facet normal 1 0 0
    outer loop
      vertex 1 1.52149 15.1106
      vertex 1 4 4
      vertex 1 1.55211 15.086
    endloop
  endfacet
  facet normal 1 0 0
    outer loop
      vertex 1 0 0
      vertex 1 1.52149 15.1106
      vertex 1 1.49197 15.1364
    endloop
  endfacet
  facet normal 1 0 0
    outer loop
      vertex 1 0 0
      vertex 1 1.49197 15.1364
      vertex 1 1.4636 15.1636
    endloop
  endfacet
  facet normal 1 0 0
    outer loop
      vertex 1 0 0
      vertex 1 1.4636 15.1636
      vertex 1 1.43645 15.192
    endloop
  endfacet
  facet normal 1 0 0
    outer loop
      vertex 1 0 0
      vertex 1 1.43645 15.192
      vertex 1 1.41056 15.2215
    endloop
  endfacet
  facet normal 1 0 0
    outer loop
      vertex 1 0 0
      vertex 1 1.41056 15.2215
      vertex 1 1.38598 15.2521
    endloop
  endfacet
  facet normal 1 0 0
    outer loop
      vertex 1 0 0
      vertex 1 1.38598 15.2521
      vertex 1 1.36276 15.2838
    endloop
  endfacet
  facet normal 1 0 0
    outer loop
      vertex 1 0 0
      vertex 1 1.36276 15.2838
      vertex 1 1.34095 15.3164
    endloop
  endfacet
  facet normal 1 0 0
    outer loop
      vertex 1 0 0
      vertex 1 1.34095 15.3164
      vertex 1 1.32058 15.35
    endloop
  endfacet
  facet normal 1 0 0
    outer loop
      vertex 1 0 0
      vertex 1 1.32058 15.35
      vertex 1 1.30169 15.3844
    endloop
  endfacet
  facet normal 1 0 0
    outer loop
      vertex 1 0 0
      vertex 1 1.30169 15.3844
      vertex 1 1.28432 15.4196
    endloop
  endfacet
  facet normal 1 0 0
    outer loop
      vertex 1 0 0
      vertex 1 1.28432 15.4196
      vertex 1 1.26851 15.4556
    endloop
  endfacet
  facet normal 1 0 0
    outer loop
      vertex 1 0 18
      vertex 1 1.26851 15.4556
      vertex 1 1.25428 15.4922
    endloop
  endfacet
  facet normal 1 0 0
    outer loop
      vertex 1 0 18
      vertex 1 1.25428 15.4922
      vertex 1 1.24165 15.5294
    endloop
  endfacet
  facet normal 1 0 0
    outer loop
      vertex 1 0 18
      vertex 1 1.24165 15.5294
      vertex 1 1.23067 15.5671
    endloop
  endfacet
  facet normal 1 0 0
    outer loop
      vertex 1 0 18
      vertex 1 1.23067 15.5671
      vertex 1 1.22133 15.6052
    endloop
  endfacet
  facet normal 1 0 0
    outer loop
      vertex 1 0 18
      vertex 1 1.20086 15.7607
      vertex 1 1.2 15.8
    endloop
  endfacet
  facet normal 1 0 0
    outer loop
      vertex 1 0 18
      vertex 1 1.20342 15.7216
      vertex 1 1.20086 15.7607
    endloop
  endfacet
  facet normal 1 0 0
    outer loop
      vertex 1 0 18
      vertex 1 1.2077 15.6825
      vertex 1 1.20342 15.7216
    endloop
  endfacet
  facet normal 1 0 0
    outer loop
      vertex 1 0 18
      vertex 1 1.21367 15.6437
      vertex 1 1.2077 15.6825
    endloop
  endfacet
  facet normal 1 0 0
    outer loop
      vertex 1 0 18
      vertex 1 1.22133 15.6052
      vertex 1 1.21367 15.6437
    endloop
  endfacet
  facet normal 1 0 0
    outer loop
      vertex 1 1.26851 15.4556
      vertex 1 0 18
      vertex 1 0 0
    endloop
  endfacet
  facet normal 1 0 0
    outer loop
      vertex 1 29 1
      vertex 1 0 0
      vertex 1 31 0
    endloop
  endfacet
  facet normal 1 0 0
    outer loop
      vertex 1 1.52149 15.1106
      vertex 1 0 0
      vertex 1 4 4
    endloop
  endfacet
  facet normal -0 0 1
    outer loop
      vertex -1 21.5 4
      vertex 1 4 4
      vertex 1 21.5 4
    endloop
  endfacet
  facet normal 0 0 1
    outer loop
      vertex 1 4 4
      vertex -1 21.5 4
      vertex -1 4 4
    endloop
  endfacet
  facet normal 0 0 -1
    outer loop
      vertex -1 0 0
      vertex 1 31 0
      vertex 1 0 0
    endloop
  endfacet
  facet normal -0 0 -1
    outer loop
      vertex 1 31 0
      vertex -1 0 0
      vertex -1 31 0
    endloop
  endfacet
  facet normal -1 0 0
    outer loop
      vertex -1 31 0
      vertex -1 29 1
      vertex -1 31 1
    endloop
  endfacet
  facet normal -1 0 0
    outer loop
      vertex -1 29 1
      vertex -1 25.5 4
      vertex -1 29 3
    endloop
  endfacet
  facet normal -1 0 0
    outer loop
      vertex -1 24.2457 15.4922
      vertex -1 25.5 18
      vertex -1 25.5 4
    endloop
  endfacet
  facet normal -1 0 0
    outer loop
      vertex -1 25.5 18
      vertex -1 24.2991 15.7607
      vertex -1 24.3 15.8
    endloop
  endfacet
  facet normal -1 0 0
    outer loop
      vertex -1 25.5 18
      vertex -1 24.2966 15.7216
      vertex -1 24.2991 15.7607
    endloop
  endfacet
  facet normal -1 0 0
    outer loop
      vertex -1 25.5 18
      vertex -1 24.2923 15.6825
      vertex -1 24.2966 15.7216
    endloop
  endfacet
  facet normal -1 0 0
    outer loop
      vertex -1 25.5 18
      vertex -1 24.2863 15.6437
      vertex -1 24.2923 15.6825
    endloop
  endfacet
  facet normal -1 0 0
    outer loop
      vertex -1 25.5 18
      vertex -1 24.2787 15.6052
      vertex -1 24.2863 15.6437
    endloop
  endfacet
  facet normal -1 0 0
    outer loop
      vertex -1 25.5 18
      vertex -1 24.2693 15.5671
      vertex -1 24.2787 15.6052
    endloop
  endfacet
  facet normal -1 0 0
    outer loop
      vertex -1 25.5 18
      vertex -1 24.2583 15.5294
      vertex -1 24.2693 15.5671
    endloop
  endfacet
  facet normal -1 0 0
    outer loop
      vertex -1 25.5 18
      vertex -1 24.2457 15.4922
      vertex -1 24.2583 15.5294
    endloop
  endfacet
  facet normal -1 0 0
    outer loop
      vertex -1 25.5 4
      vertex -1 24.2315 15.4556
      vertex -1 24.2457 15.4922
    endloop
  endfacet
  facet normal -1 0 0
    outer loop
      vertex -1 25.5 4
      vertex -1 24.2157 15.4196
      vertex -1 24.2315 15.4556
    endloop
  endfacet
  facet normal -1 0 0
    outer loop
      vertex -1 25.5 4
      vertex -1 24.1983 15.3844
      vertex -1 24.2157 15.4196
    endloop
  endfacet
  facet normal -1 0 0
    outer loop
      vertex -1 25.5 4
      vertex -1 24.1794 15.35
      vertex -1 24.1983 15.3844
    endloop
  endfacet
  facet normal -1 0 0
    outer loop
      vertex -1 25.5 4
      vertex -1 24.1591 15.3164
      vertex -1 24.1794 15.35
    endloop
  endfacet
  facet normal -1 0 0
    outer loop
      vertex -1 25.5 4
      vertex -1 24.1372 15.2838
      vertex -1 24.1591 15.3164
    endloop
  endfacet
  facet normal -1 0 0
    outer loop
      vertex -1 25.5 4
      vertex -1 24.114 15.2521
      vertex -1 24.1372 15.2838
    endloop
  endfacet
  facet normal -1 0 0
    outer loop
      vertex -1 25.5 4
      vertex -1 24.0894 15.2215
      vertex -1 24.114 15.2521
    endloop
  endfacet
  facet normal -1 0 0
    outer loop
      vertex -1 25.5 4
      vertex -1 24.0635 15.192
      vertex -1 24.0894 15.2215
    endloop
  endfacet
  facet normal -1 0 0
    outer loop
      vertex -1 25.5 4
      vertex -1 24.0364 15.1636
      vertex -1 24.0635 15.192
    endloop
  endfacet
  facet normal -1 0 0
    outer loop
      vertex -1 25.5 4
      vertex -1 24.008 15.1364
      vertex -1 24.0364 15.1636
    endloop
  endfacet
  facet normal -1 0 0
    outer loop
      vertex -1 25.5 4
      vertex -1 23.9785 15.1106
      vertex -1 24.008 15.1364
    endloop
  endfacet
  facet normal -1 0 0
    outer loop
      vertex -1 25.5 4
      vertex -1 23.9479 15.086
      vertex -1 23.9785 15.1106
    endloop
  endfacet
  facet normal -1 0 0
    outer loop
      vertex -1 25.5 4
      vertex -1 23.9162 15.0628
      vertex -1 23.9479 15.086
    endloop
  endfacet
  facet normal -1 0 0
    outer loop
      vertex -1 25.5 4
      vertex -1 23.8836 15.0409
      vertex -1 23.9162 15.0628
    endloop
  endfacet
  facet normal -1 0 0
    outer loop
      vertex -1 25.5 4
      vertex -1 23.85 15.0206
      vertex -1 23.8836 15.0409
    endloop
  endfacet
  facet normal -1 0 0
    outer loop
      vertex -1 25.5 4
      vertex -1 23.8156 15.0017
      vertex -1 23.85 15.0206
    endloop
  endfacet
  facet normal -1 0 0
    outer loop
      vertex -1 25.5 4
      vertex -1 23.7804 14.9843
      vertex -1 23.8156 15.0017
    endloop
  endfacet
  facet normal -1 0 0
    outer loop
      vertex -1 25.5 4
      vertex -1 23.7444 14.9685
      vertex -1 23.7804 14.9843
    endloop
  endfacet
  facet normal -1 0 0
    outer loop
      vertex -1 25.5 4
      vertex -1 23.7078 14.9543
      vertex -1 23.7444 14.9685
    endloop
  endfacet
  facet normal -1 0 0
    outer loop
      vertex -1 25.5 4
      vertex -1 23.6706 14.9417
      vertex -1 23.7078 14.9543
    endloop
  endfacet
  facet normal -1 0 0
    outer loop
      vertex -1 25.5 4
      vertex -1 23.6329 14.9307
      vertex -1 23.6706 14.9417
    endloop
  endfacet
  facet normal -1 0 0
    outer loop
      vertex -1 25.5 4
      vertex -1 23.5948 14.9213
      vertex -1 23.6329 14.9307
    endloop
  endfacet
  facet normal -1 0 0
    outer loop
      vertex -1 25.5 4
      vertex -1 23.5563 14.9137
      vertex -1 23.5948 14.9213
    endloop
  endfacet
  facet normal -1 0 0
    outer loop
      vertex -1 25.5 4
      vertex -1 23.5175 14.9077
      vertex -1 23.5563 14.9137
    endloop
  endfacet
  facet normal -1 0 0
    outer loop
      vertex -1 25.5 4
      vertex -1 23.4784 14.9034
      vertex -1 23.5175 14.9077
    endloop
  endfacet
  facet normal -1 0 0
    outer loop
      vertex -1 25.5 4
      vertex -1 23.4393 14.9009
      vertex -1 23.4784 14.9034
    endloop
  endfacet
  facet normal -1 0 0
    outer loop
      vertex -1 25.5 4
      vertex -1 23.4 14.9
      vertex -1 23.4393 14.9009
    endloop
  endfacet
  facet normal -1 0 0
    outer loop
      vertex -1 21.5 4
      vertex -1 23.4 14.9
      vertex -1 25.5 4
    endloop
  endfacet
  facet normal -1 -0 0
    outer loop
      vertex -1 23.4 14.9
      vertex -1 21.5 4
      vertex -1 23.3607 14.9009
    endloop
  endfacet
  facet normal -1 -0 0
    outer loop
      vertex -1 23.3607 14.9009
      vertex -1 21.5 4
      vertex -1 23.3216 14.9034
    endloop
  endfacet
  facet normal -1 -0 0
    outer loop
      vertex -1 23.3216 14.9034
      vertex -1 21.5 4
      vertex -1 23.2825 14.9077
    endloop
  endfacet
  facet normal -1 -0 0
    outer loop
      vertex -1 23.2825 14.9077
      vertex -1 21.5 4
      vertex -1 23.2437 14.9137
    endloop
  endfacet
  facet normal -1 -0 0
    outer loop
      vertex -1 23.2437 14.9137
      vertex -1 21.5 4
      vertex -1 23.2052 14.9213
    endloop
  endfacet
  facet normal -1 -0 0
    outer loop
      vertex -1 23.2052 14.9213
      vertex -1 21.5 4
      vertex -1 23.1671 14.9307
    endloop
  endfacet
  facet normal -1 -0 0
    outer loop
      vertex -1 23.1671 14.9307
      vertex -1 21.5 4
      vertex -1 23.1294 14.9417
    endloop
  endfacet
  facet normal -1 -0 0
    outer loop
      vertex -1 23.1294 14.9417
      vertex -1 21.5 4
      vertex -1 23.0922 14.9543
    endloop
  endfacet
  facet normal -1 -0 0
    outer loop
      vertex -1 23.0922 14.9543
      vertex -1 21.5 4
      vertex -1 23.0556 14.9685
    endloop
  endfacet
  facet normal -1 -0 0
    outer loop
      vertex -1 23.0556 14.9685
      vertex -1 21.5 4
      vertex -1 23.0196 14.9843
    endloop
  endfacet
  facet normal -1 -0 0
    outer loop
      vertex -1 23.0196 14.9843
      vertex -1 21.5 4
      vertex -1 22.9844 15.0017
    endloop
  endfacet
  facet normal -1 -0 0
    outer loop
      vertex -1 22.9844 15.0017
      vertex -1 21.5 4
      vertex -1 22.95 15.0206
    endloop
  endfacet
  facet normal -1 -0 0
    outer loop
      vertex -1 22.95 15.0206
      vertex -1 21.5 4
      vertex -1 22.9164 15.0409
    endloop
  endfacet
  facet normal -1 -0 0
    outer loop
      vertex -1 22.9164 15.0409
      vertex -1 21.5 4
      vertex -1 22.8838 15.0628
    endloop
  endfacet
  facet normal -1 -0 0
    outer loop
      vertex -1 22.8838 15.0628
      vertex -1 21.5 4
      vertex -1 22.8521 15.086
    endloop
  endfacet
  facet normal -1 -0 0
    outer loop
      vertex -1 22.8521 15.086
      vertex -1 21.5 4
      vertex -1 22.8215 15.1106
    endloop
  endfacet
  facet normal -1 -0 0
    outer loop
      vertex -1 22.8215 15.1106
      vertex -1 21.5 4
      vertex -1 22.792 15.1364
    endloop
  endfacet
  facet normal -1 -0 0
    outer loop
      vertex -1 22.792 15.1364
      vertex -1 21.5 4
      vertex -1 22.7636 15.1636
    endloop
  endfacet
  facet normal -1 -0 0
    outer loop
      vertex -1 22.7636 15.1636
      vertex -1 21.5 4
      vertex -1 22.7365 15.192
    endloop
  endfacet
  facet normal -1 -0 0
    outer loop
      vertex -1 22.7365 15.192
      vertex -1 21.5 4
      vertex -1 22.7106 15.2215
    endloop
  endfacet
  facet normal -1 -0 0
    outer loop
      vertex -1 22.7106 15.2215
      vertex -1 21.5 4
      vertex -1 22.686 15.2521
    endloop
  endfacet
  facet normal -1 -0 0
    outer loop
      vertex -1 22.686 15.2521
      vertex -1 21.5 4
      vertex -1 22.6628 15.2838
    endloop
  endfacet
  facet normal -1 -0 0
    outer loop
      vertex -1 22.6628 15.2838
      vertex -1 21.5 4
      vertex -1 22.6409 15.3164
    endloop
  endfacet
  facet normal -1 -0 0
    outer loop
      vertex -1 22.6409 15.3164
      vertex -1 21.5 4
      vertex -1 22.6206 15.35
    endloop
  endfacet
  facet normal -1 -0 0
    outer loop
      vertex -1 22.6206 15.35
      vertex -1 21.5 4
      vertex -1 22.6017 15.3844
    endloop
  endfacet
  facet normal -1 -0 0
    outer loop
      vertex -1 22.6017 15.3844
      vertex -1 21.5 4
      vertex -1 22.5843 15.4196
    endloop
  endfacet
  facet normal -1 -0 0
    outer loop
      vertex -1 22.5843 15.4196
      vertex -1 21.5 4
      vertex -1 22.5685 15.4556
    endloop
  endfacet
  facet normal -1 -0 0
    outer loop
      vertex -1 22.5685 15.4556
      vertex -1 21.5 4
      vertex -1 22.5543 15.4922
    endloop
  endfacet
  facet normal -1 -0 0
    outer loop
      vertex -1 22.5543 15.4922
      vertex -1 21.5 4
      vertex -1 22.5417 15.5294
    endloop
  endfacet
  facet normal -1 0 0
    outer loop
      vertex -1 22.5034 15.7216
      vertex -1 21.5 18
      vertex -1 22.5009 15.7607
    endloop
  endfacet
  facet normal -1 0 0
    outer loop
      vertex -1 22.5077 15.6825
      vertex -1 21.5 18
      vertex -1 22.5034 15.7216
    endloop
  endfacet
  facet normal -1 0 0
    outer loop
      vertex -1 22.5137 15.6437
      vertex -1 21.5 18
      vertex -1 22.5077 15.6825
    endloop
  endfacet
  facet normal -1 0 0
    outer loop
      vertex -1 22.5213 15.6052
      vertex -1 21.5 18
      vertex -1 22.5137 15.6437
    endloop
  endfacet
  facet normal -1 0 0
    outer loop
      vertex -1 22.5307 15.5671
      vertex -1 21.5 18
      vertex -1 22.5213 15.6052
    endloop
  endfacet
  facet normal -1 0 0
    outer loop
      vertex -1 22.5417 15.5294
      vertex -1 21.5 18
      vertex -1 22.5307 15.5671
    endloop
  endfacet
  facet normal -1 0 0
    outer loop
      vertex -1 21.5 18
      vertex -1 22.5417 15.5294
      vertex -1 21.5 4
    endloop
  endfacet
  facet normal -1 0 0
    outer loop
      vertex -1 29 1
      vertex -1 21.5 4
      vertex -1 25.5 4
    endloop
  endfacet
  facet normal -1 0 0
    outer loop
      vertex -1 0 0
      vertex -1 29 1
      vertex -1 31 0
    endloop
  endfacet
  facet normal -1 -0 0
    outer loop
      vertex -1 29 1
      vertex -1 0 0
      vertex -1 21.5 4
    endloop
  endfacet
  facet normal -1 0 0
    outer loop
      vertex -1 2.95834 15.5294
      vertex -1 4 18
      vertex -1 4 4
    endloop
  endfacet
  facet normal -1 0 0
    outer loop
      vertex -1 4 18
      vertex -1 2.99914 15.7607
      vertex -1 3 15.8
    endloop
  endfacet
  facet normal -1 0 0
    outer loop
      vertex -1 4 18
      vertex -1 2.99657 15.7216
      vertex -1 2.99914 15.7607
    endloop
  endfacet
  facet normal -1 0 0
    outer loop
      vertex -1 4 18
      vertex -1 2.9923 15.6825
      vertex -1 2.99657 15.7216
    endloop
  endfacet
  facet normal -1 0 0
    outer loop
      vertex -1 4 18
      vertex -1 2.98633 15.6437
      vertex -1 2.9923 15.6825
    endloop
  endfacet
  facet normal -1 0 0
    outer loop
      vertex -1 4 18
      vertex -1 2.97867 15.6052
      vertex -1 2.98633 15.6437
    endloop
  endfacet
  facet normal -1 0 0
    outer loop
      vertex -1 4 18
      vertex -1 2.96933 15.5671
      vertex -1 2.97867 15.6052
    endloop
  endfacet
  facet normal -1 0 0
    outer loop
      vertex -1 4 18
      vertex -1 2.95834 15.5294
      vertex -1 2.96933 15.5671
    endloop
  endfacet
  facet normal -1 0 0
    outer loop
      vertex -1 4 4
      vertex -1 2.94572 15.4922
      vertex -1 2.95834 15.5294
    endloop
  endfacet
  facet normal -1 0 0
    outer loop
      vertex -1 4 4
      vertex -1 2.93149 15.4556
      vertex -1 2.94572 15.4922
    endloop
  endfacet
  facet normal -1 0 0
    outer loop
      vertex -1 4 4
      vertex -1 2.91568 15.4196
      vertex -1 2.93149 15.4556
    endloop
  endfacet
  facet normal -1 0 0
    outer loop
      vertex -1 4 4
      vertex -1 2.89831 15.3844
      vertex -1 2.91568 15.4196
    endloop
  endfacet
  facet normal -1 0 0
    outer loop
      vertex -1 4 4
      vertex -1 2.87942 15.35
      vertex -1 2.89831 15.3844
    endloop
  endfacet
  facet normal -1 0 0
    outer loop
      vertex -1 4 4
      vertex -1 2.85905 15.3164
      vertex -1 2.87942 15.35
    endloop
  endfacet
  facet normal -1 0 0
    outer loop
      vertex -1 4 4
      vertex -1 2.83724 15.2838
      vertex -1 2.85905 15.3164
    endloop
  endfacet
  facet normal -1 0 0
    outer loop
      vertex -1 4 4
      vertex -1 2.81402 15.2521
      vertex -1 2.83724 15.2838
    endloop
  endfacet
  facet normal -1 0 0
    outer loop
      vertex -1 4 4
      vertex -1 2.78944 15.2215
      vertex -1 2.81402 15.2521
    endloop
  endfacet
  facet normal -1 0 0
    outer loop
      vertex -1 4 4
      vertex -1 2.76355 15.192
      vertex -1 2.78944 15.2215
    endloop
  endfacet
  facet normal -1 0 0
    outer loop
      vertex -1 4 4
      vertex -1 2.7364 15.1636
      vertex -1 2.76355 15.192
    endloop
  endfacet
  facet normal -1 0 0
    outer loop
      vertex -1 4 4
      vertex -1 2.70803 15.1364
      vertex -1 2.7364 15.1636
    endloop
  endfacet
  facet normal -1 0 0
    outer loop
      vertex -1 4 4
      vertex -1 2.67851 15.1106
      vertex -1 2.70803 15.1364
    endloop
  endfacet
  facet normal -1 0 0
    outer loop
      vertex -1 4 4
      vertex -1 2.64788 15.086
      vertex -1 2.67851 15.1106
    endloop
  endfacet
  facet normal -1 0 0
    outer loop
      vertex -1 4 4
      vertex -1 2.61622 15.0628
      vertex -1 2.64788 15.086
    endloop
  endfacet
  facet normal -1 0 0
    outer loop
      vertex -1 4 4
      vertex -1 2.58357 15.0409
      vertex -1 2.61622 15.0628
    endloop
  endfacet
  facet normal -1 0 0
    outer loop
      vertex -1 4 4
      vertex -1 2.55 15.0206
      vertex -1 2.58357 15.0409
    endloop
  endfacet
  facet normal -1 0 0
    outer loop
      vertex -1 4 4
      vertex -1 2.51557 15.0017
      vertex -1 2.55 15.0206
    endloop
  endfacet
  facet normal -1 0 0
    outer loop
      vertex -1 4 4
      vertex -1 2.48036 14.9843
      vertex -1 2.51557 15.0017
    endloop
  endfacet
  facet normal -1 0 0
    outer loop
      vertex -1 4 4
      vertex -1 2.44441 14.9685
      vertex -1 2.48036 14.9843
    endloop
  endfacet
  facet normal -1 0 0
    outer loop
      vertex -1 4 4
      vertex -1 2.40782 14.9543
      vertex -1 2.44441 14.9685
    endloop
  endfacet
  facet normal -1 0 0
    outer loop
      vertex -1 4 4
      vertex -1 2.37064 14.9417
      vertex -1 2.40782 14.9543
    endloop
  endfacet
  facet normal -1 0 0
    outer loop
      vertex -1 4 4
      vertex -1 2.33294 14.9307
      vertex -1 2.37064 14.9417
    endloop
  endfacet
  facet normal -1 0 0
    outer loop
      vertex -1 4 4
      vertex -1 2.2948 14.9213
      vertex -1 2.33294 14.9307
    endloop
  endfacet
  facet normal -1 0 0
    outer loop
      vertex -1 4 4
      vertex -1 2.25628 14.9137
      vertex -1 2.2948 14.9213
    endloop
  endfacet
  facet normal -1 0 0
    outer loop
      vertex -1 4 4
      vertex -1 2.21747 14.9077
      vertex -1 2.25628 14.9137
    endloop
  endfacet
  facet normal -1 0 0
    outer loop
      vertex -1 4 4
      vertex -1 2.17844 14.9034
      vertex -1 2.21747 14.9077
    endloop
  endfacet
  facet normal -1 0 0
    outer loop
      vertex -1 4 4
      vertex -1 2.13926 14.9009
      vertex -1 2.17844 14.9034
    endloop
  endfacet
  facet normal -1 0 0
    outer loop
      vertex -1 4 4
      vertex -1 2.1 14.9
      vertex -1 2.13926 14.9009
    endloop
  endfacet
  facet normal -1 0 0
    outer loop
      vertex -1 4 4
      vertex -1 2.06074 14.9009
      vertex -1 2.1 14.9
    endloop
  endfacet
  facet normal -1 0 0
    outer loop
      vertex -1 4 4
      vertex -1 2.02156 14.9034
      vertex -1 2.06074 14.9009
    endloop
  endfacet
  facet normal -1 0 0
    outer loop
      vertex -1 4 4
      vertex -1 1.98253 14.9077
      vertex -1 2.02156 14.9034
    endloop
  endfacet
  facet normal -1 0 0
    outer loop
      vertex -1 4 4
      vertex -1 1.94372 14.9137
      vertex -1 1.98253 14.9077
    endloop
  endfacet
  facet normal -1 0 0
    outer loop
      vertex -1 4 4
      vertex -1 1.9052 14.9213
      vertex -1 1.94372 14.9137
    endloop
  endfacet
  facet normal -1 0 0
    outer loop
      vertex -1 4 4
      vertex -1 1.86706 14.9307
      vertex -1 1.9052 14.9213
    endloop
  endfacet
  facet normal -1 0 0
    outer loop
      vertex -1 4 4
      vertex -1 1.82936 14.9417
      vertex -1 1.86706 14.9307
    endloop
  endfacet
  facet normal -1 0 0
    outer loop
      vertex -1 4 4
      vertex -1 1.79218 14.9543
      vertex -1 1.82936 14.9417
    endloop
  endfacet
  facet normal -1 0 0
    outer loop
      vertex -1 4 4
      vertex -1 1.75558 14.9685
      vertex -1 1.79218 14.9543
    endloop
  endfacet
  facet normal -1 0 0
    outer loop
      vertex -1 4 4
      vertex -1 1.71964 14.9843
      vertex -1 1.75558 14.9685
    endloop
  endfacet
  facet normal -1 0 0
    outer loop
      vertex -1 4 4
      vertex -1 1.68443 15.0017
      vertex -1 1.71964 14.9843
    endloop
  endfacet
  facet normal -1 0 0
    outer loop
      vertex -1 4 4
      vertex -1 1.65 15.0206
      vertex -1 1.68443 15.0017
    endloop
  endfacet
  facet normal -1 0 0
    outer loop
      vertex -1 4 4
      vertex -1 1.61643 15.0409
      vertex -1 1.65 15.0206
    endloop
  endfacet
  facet normal -1 0 0
    outer loop
      vertex -1 4 4
      vertex -1 1.58378 15.0628
      vertex -1 1.61643 15.0409
    endloop
  endfacet
  facet normal -1 0 0
    outer loop
      vertex -1 4 4
      vertex -1 1.55211 15.086
      vertex -1 1.58378 15.0628
    endloop
  endfacet
  facet normal -1 0 0
    outer loop
      vertex -1 4 4
      vertex -1 1.52149 15.1106
      vertex -1 1.55211 15.086
    endloop
  endfacet
  facet normal -1 0 0
    outer loop
      vertex -1 0 0
      vertex -1 1.52149 15.1106
      vertex -1 4 4
    endloop
  endfacet
  facet normal -1 -0 0
    outer loop
      vertex -1 1.52149 15.1106
      vertex -1 0 0
      vertex -1 1.49197 15.1364
    endloop
  endfacet
  facet normal -1 -0 0
    outer loop
      vertex -1 1.49197 15.1364
      vertex -1 0 0
      vertex -1 1.4636 15.1636
    endloop
  endfacet
  facet normal -1 -0 0
    outer loop
      vertex -1 1.4636 15.1636
      vertex -1 0 0
      vertex -1 1.43645 15.192
    endloop
  endfacet
  facet normal -1 -0 0
    outer loop
      vertex -1 1.43645 15.192
      vertex -1 0 0
      vertex -1 1.41056 15.2215
    endloop
  endfacet
  facet normal -1 -0 0
    outer loop
      vertex -1 1.41056 15.2215
      vertex -1 0 0
      vertex -1 1.38598 15.2521
    endloop
  endfacet
  facet normal -1 -0 0
    outer loop
      vertex -1 1.38598 15.2521
      vertex -1 0 0
      vertex -1 1.36276 15.2838
    endloop
  endfacet
  facet normal -1 -0 0
    outer loop
      vertex -1 1.36276 15.2838
      vertex -1 0 0
      vertex -1 1.34095 15.3164
    endloop
  endfacet
  facet normal -1 -0 0
    outer loop
      vertex -1 1.34095 15.3164
      vertex -1 0 0
      vertex -1 1.32058 15.35
    endloop
  endfacet
  facet normal -1 -0 0
    outer loop
      vertex -1 1.32058 15.35
      vertex -1 0 0
      vertex -1 1.30169 15.3844
    endloop
  endfacet
  facet normal -1 -0 0
    outer loop
      vertex -1 1.30169 15.3844
      vertex -1 0 0
      vertex -1 1.28432 15.4196
    endloop
  endfacet
  facet normal -1 -0 0
    outer loop
      vertex -1 1.28432 15.4196
      vertex -1 0 0
      vertex -1 1.26851 15.4556
    endloop
  endfacet
  facet normal -1 0 0
    outer loop
      vertex -1 0 18
      vertex -1 1.26851 15.4556
      vertex -1 0 0
    endloop
  endfacet
  facet normal -1 0 0
    outer loop
      vertex -1 1.26851 15.4556
      vertex -1 0 18
      vertex -1 1.25428 15.4922
    endloop
  endfacet
  facet normal -1 0 0
    outer loop
      vertex -1 1.25428 15.4922
      vertex -1 0 18
      vertex -1 1.24165 15.5294
    endloop
  endfacet
  facet normal -1 0 0
    outer loop
      vertex -1 1.20342 15.7216
      vertex -1 0 18
      vertex -1 1.20086 15.7607
    endloop
  endfacet
  facet normal -1 0 0
    outer loop
      vertex -1 1.2077 15.6825
      vertex -1 0 18
      vertex -1 1.20342 15.7216
    endloop
  endfacet
  facet normal -1 0 0
    outer loop
      vertex -1 1.21367 15.6437
      vertex -1 0 18
      vertex -1 1.2077 15.6825
    endloop
  endfacet
  facet normal -1 0 0
    outer loop
      vertex -1 1.22133 15.6052
      vertex -1 0 18
      vertex -1 1.21367 15.6437
    endloop
  endfacet
  facet normal -1 0 0
    outer loop
      vertex -1 1.23067 15.5671
      vertex -1 0 18
      vertex -1 1.22133 15.6052
    endloop
  endfacet
  facet normal -1 0 0
    outer loop
      vertex -1 1.24165 15.5294
      vertex -1 0 18
      vertex -1 1.23067 15.5671
    endloop
  endfacet
  facet normal -1 -0 0
    outer loop
      vertex -1 21.5 4
      vertex -1 0 0
      vertex -1 4 4
    endloop
  endfacet
  facet normal -1 0 0
    outer loop
      vertex -1 29 3
      vertex -1 31 4
      vertex -1 31 3
    endloop
  endfacet
  facet normal -1 -0 0
    outer loop
      vertex -1 31 4
      vertex -1 29 3
      vertex -1 25.5 4
    endloop
  endfacet
  facet normal -1 0 0
    outer loop
      vertex -1 24.2991 15.8393
      vertex -1 25.5 18
      vertex -1 24.3 15.8
    endloop
  endfacet
  facet normal -1 0 0
    outer loop
      vertex -1 24.2966 15.8784
      vertex -1 25.5 18
      vertex -1 24.2991 15.8393
    endloop
  endfacet
  facet normal -1 0 0
    outer loop
      vertex -1 24.2923 15.9175
      vertex -1 25.5 18
      vertex -1 24.2966 15.8784
    endloop
  endfacet
  facet normal -1 0 0
    outer loop
      vertex -1 24.2863 15.9563
      vertex -1 25.5 18
      vertex -1 24.2923 15.9175
    endloop
  endfacet
  facet normal -1 0 0
    outer loop
      vertex -1 24.2787 15.9948
      vertex -1 25.5 18
      vertex -1 24.2863 15.9563
    endloop
  endfacet
  facet normal -1 0 0
    outer loop
      vertex -1 24.2693 16.0329
      vertex -1 25.5 18
      vertex -1 24.2787 15.9948
    endloop
  endfacet
  facet normal -1 0 0
    outer loop
      vertex -1 24.2583 16.0706
      vertex -1 25.5 18
      vertex -1 24.2693 16.0329
    endloop
  endfacet
  facet normal -1 0 0
    outer loop
      vertex -1 24.2457 16.1078
      vertex -1 25.5 18
      vertex -1 24.2583 16.0706
    endloop
  endfacet
  facet normal -1 0 0
    outer loop
      vertex -1 24.2315 16.1444
      vertex -1 25.5 18
      vertex -1 24.2457 16.1078
    endloop
  endfacet
  facet normal -1 0 0
    outer loop
      vertex -1 24.2157 16.1804
      vertex -1 25.5 18
      vertex -1 24.2315 16.1444
    endloop
  endfacet
  facet normal -1 0 0
    outer loop
      vertex -1 24.1983 16.2156
      vertex -1 25.5 18
      vertex -1 24.2157 16.1804
    endloop
  endfacet
  facet normal -1 0 0
    outer loop
      vertex -1 24.1794 16.25
      vertex -1 25.5 18
      vertex -1 24.1983 16.2156
    endloop
  endfacet
  facet normal -1 0 0
    outer loop
      vertex -1 24.1591 16.2836
      vertex -1 25.5 18
      vertex -1 24.1794 16.25
    endloop
  endfacet
  facet normal -1 0 0
    outer loop
      vertex -1 24.1372 16.3162
      vertex -1 25.5 18
      vertex -1 24.1591 16.2836
    endloop
  endfacet
  facet normal -1 0 0
    outer loop
      vertex -1 24.114 16.3479
      vertex -1 25.5 18
      vertex -1 24.1372 16.3162
    endloop
  endfacet
  facet normal -1 0 0
    outer loop
      vertex -1 24.0894 16.3785
      vertex -1 25.5 18
      vertex -1 24.114 16.3479
    endloop
  endfacet
  facet normal -1 0 0
    outer loop
      vertex -1 24.0635 16.408
      vertex -1 25.5 18
      vertex -1 24.0894 16.3785
    endloop
  endfacet
  facet normal -1 0 0
    outer loop
      vertex -1 24.0364 16.4364
      vertex -1 25.5 18
      vertex -1 24.0635 16.408
    endloop
  endfacet
  facet normal -1 0 0
    outer loop
      vertex -1 24.008 16.4635
      vertex -1 25.5 18
      vertex -1 24.0364 16.4364
    endloop
  endfacet
  facet normal -1 0 0
    outer loop
      vertex -1 23.9785 16.4894
      vertex -1 25.5 18
      vertex -1 24.008 16.4635
    endloop
  endfacet
  facet normal -1 0 0
    outer loop
      vertex -1 23.9479 16.514
      vertex -1 25.5 18
      vertex -1 23.9785 16.4894
    endloop
  endfacet
  facet normal -1 0 0
    outer loop
      vertex -1 23.9162 16.5372
      vertex -1 25.5 18
      vertex -1 23.9479 16.514
    endloop
  endfacet
  facet normal -1 0 0
    outer loop
      vertex -1 23.8836 16.5591
      vertex -1 25.5 18
      vertex -1 23.9162 16.5372
    endloop
  endfacet
  facet normal -1 0 0
    outer loop
      vertex -1 23.85 16.5794
      vertex -1 25.5 18
      vertex -1 23.8836 16.5591
    endloop
  endfacet
  facet normal -1 0 0
    outer loop
      vertex -1 23.8156 16.5983
      vertex -1 25.5 18
      vertex -1 23.85 16.5794
    endloop
  endfacet
  facet normal -1 0 0
    outer loop
      vertex -1 23.7804 16.6157
      vertex -1 25.5 18
      vertex -1 23.8156 16.5983
    endloop
  endfacet
  facet normal -1 0 0
    outer loop
      vertex -1 23.7444 16.6315
      vertex -1 25.5 18
      vertex -1 23.7804 16.6157
    endloop
  endfacet
  facet normal -1 0 0
    outer loop
      vertex -1 23.7078 16.6457
      vertex -1 25.5 18
      vertex -1 23.7444 16.6315
    endloop
  endfacet
  facet normal -1 0 0
    outer loop
      vertex -1 23.6706 16.6583
      vertex -1 25.5 18
      vertex -1 23.7078 16.6457
    endloop
  endfacet
  facet normal -1 0 0
    outer loop
      vertex -1 23.6329 16.6693
      vertex -1 25.5 18
      vertex -1 23.6706 16.6583
    endloop
  endfacet
  facet normal -1 0 0
    outer loop
      vertex -1 23.5948 16.6787
      vertex -1 25.5 18
      vertex -1 23.6329 16.6693
    endloop
  endfacet
  facet normal -1 0 0
    outer loop
      vertex -1 23.5563 16.6863
      vertex -1 25.5 18
      vertex -1 23.5948 16.6787
    endloop
  endfacet
  facet normal -1 0 0
    outer loop
      vertex -1 23.5175 16.6923
      vertex -1 25.5 18
      vertex -1 23.5563 16.6863
    endloop
  endfacet
  facet normal -1 0 0
    outer loop
      vertex -1 23.4784 16.6966
      vertex -1 25.5 18
      vertex -1 23.5175 16.6923
    endloop
  endfacet
  facet normal -1 0 0
    outer loop
      vertex -1 23.4393 16.6991
      vertex -1 25.5 18
      vertex -1 23.4784 16.6966
    endloop
  endfacet
  facet normal -1 0 0
    outer loop
      vertex -1 21.5 18
      vertex -1 23.4393 16.6991
      vertex -1 23.4 16.7
    endloop
  endfacet
  facet normal -1 0 0
    outer loop
      vertex -1 21.5 18
      vertex -1 23.4 16.7
      vertex -1 23.3607 16.6991
    endloop
  endfacet
  facet normal -1 0 0
    outer loop
      vertex -1 21.5 18
      vertex -1 23.3607 16.6991
      vertex -1 23.3216 16.6966
    endloop
  endfacet
  facet normal -1 0 0
    outer loop
      vertex -1 21.5 18
      vertex -1 23.3216 16.6966
      vertex -1 23.2825 16.6923
    endloop
  endfacet
  facet normal -1 0 0
    outer loop
      vertex -1 21.5 18
      vertex -1 23.2825 16.6923
      vertex -1 23.2437 16.6863
    endloop
  endfacet
  facet normal -1 0 0
    outer loop
      vertex -1 21.5 18
      vertex -1 23.2437 16.6863
      vertex -1 23.2052 16.6787
    endloop
  endfacet
  facet normal -1 0 0
    outer loop
      vertex -1 21.5 18
      vertex -1 23.2052 16.6787
      vertex -1 23.1671 16.6693
    endloop
  endfacet
  facet normal -1 0 0
    outer loop
      vertex -1 21.5 18
      vertex -1 23.1671 16.6693
      vertex -1 23.1294 16.6583
    endloop
  endfacet
  facet normal -1 0 0
    outer loop
      vertex -1 21.5 18
      vertex -1 23.1294 16.6583
      vertex -1 23.0922 16.6457
    endloop
  endfacet
  facet normal -1 0 0
    outer loop
      vertex -1 21.5 18
      vertex -1 23.0922 16.6457
      vertex -1 23.0556 16.6315
    endloop
  endfacet
  facet normal -1 0 0
    outer loop
      vertex -1 21.5 18
      vertex -1 23.0556 16.6315
      vertex -1 23.0196 16.6157
    endloop
  endfacet
  facet normal -1 0 0
    outer loop
      vertex -1 21.5 18
      vertex -1 23.0196 16.6157
      vertex -1 22.9844 16.5983
    endloop
  endfacet
  facet normal -1 0 0
    outer loop
      vertex -1 21.5 18
      vertex -1 22.9844 16.5983
      vertex -1 22.95 16.5794
    endloop
  endfacet
  facet normal -1 0 0
    outer loop
      vertex -1 22.5009 15.7607
      vertex -1 21.5 18
      vertex -1 22.5 15.8
    endloop
  endfacet
  facet normal -1 0 0
    outer loop
      vertex -1 22.5 15.8
      vertex -1 21.5 18
      vertex -1 22.5009 15.8393
    endloop
  endfacet
  facet normal -1 0 0
    outer loop
      vertex -1 23.4393 16.6991
      vertex -1 21.5 18
      vertex -1 25.5 18
    endloop
  endfacet
  facet normal -1 0 0
    outer loop
      vertex -1 22.9164 16.5591
      vertex -1 21.5 18
      vertex -1 22.95 16.5794
    endloop
  endfacet
  facet normal -1 0 0
    outer loop
      vertex -1 22.8838 16.5372
      vertex -1 21.5 18
      vertex -1 22.9164 16.5591
    endloop
  endfacet
  facet normal -1 0 0
    outer loop
      vertex -1 22.8521 16.514
      vertex -1 21.5 18
      vertex -1 22.8838 16.5372
    endloop
  endfacet
  facet normal -1 0 0
    outer loop
      vertex -1 22.8215 16.4894
      vertex -1 21.5 18
      vertex -1 22.8521 16.514
    endloop
  endfacet
  facet normal -1 0 0
    outer loop
      vertex -1 22.792 16.4635
      vertex -1 21.5 18
      vertex -1 22.8215 16.4894
    endloop
  endfacet
  facet normal -1 0 0
    outer loop
      vertex -1 22.7636 16.4364
      vertex -1 21.5 18
      vertex -1 22.792 16.4635
    endloop
  endfacet
  facet normal -1 0 0
    outer loop
      vertex -1 22.7365 16.408
      vertex -1 21.5 18
      vertex -1 22.7636 16.4364
    endloop
  endfacet
  facet normal -1 0 0
    outer loop
      vertex -1 22.7106 16.3785
      vertex -1 21.5 18
      vertex -1 22.7365 16.408
    endloop
  endfacet
  facet normal -1 0 0
    outer loop
      vertex -1 22.686 16.3479
      vertex -1 21.5 18
      vertex -1 22.7106 16.3785
    endloop
  endfacet
  facet normal -1 0 0
    outer loop
      vertex -1 22.6628 16.3162
      vertex -1 21.5 18
      vertex -1 22.686 16.3479
    endloop
  endfacet
  facet normal -1 0 0
    outer loop
      vertex -1 22.6409 16.2836
      vertex -1 21.5 18
      vertex -1 22.6628 16.3162
    endloop
  endfacet
  facet normal -1 0 0
    outer loop
      vertex -1 22.6206 16.25
      vertex -1 21.5 18
      vertex -1 22.6409 16.2836
    endloop
  endfacet
  facet normal -1 0 0
    outer loop
      vertex -1 22.6017 16.2156
      vertex -1 21.5 18
      vertex -1 22.6206 16.25
    endloop
  endfacet
  facet normal -1 0 0
    outer loop
      vertex -1 22.5843 16.1804
      vertex -1 21.5 18
      vertex -1 22.6017 16.2156
    endloop
  endfacet
  facet normal -1 0 0
    outer loop
      vertex -1 22.5685 16.1444
      vertex -1 21.5 18
      vertex -1 22.5843 16.1804
    endloop
  endfacet
  facet normal -1 0 0
    outer loop
      vertex -1 22.5543 16.1078
      vertex -1 21.5 18
      vertex -1 22.5685 16.1444
    endloop
  endfacet
  facet normal -1 0 0
    outer loop
      vertex -1 22.5417 16.0706
      vertex -1 21.5 18
      vertex -1 22.5543 16.1078
    endloop
  endfacet
  facet normal -1 0 0
    outer loop
      vertex -1 22.5307 16.0329
      vertex -1 21.5 18
      vertex -1 22.5417 16.0706
    endloop
  endfacet
  facet normal -1 0 0
    outer loop
      vertex -1 22.5213 15.9948
      vertex -1 21.5 18
      vertex -1 22.5307 16.0329
    endloop
  endfacet
  facet normal -1 0 0
    outer loop
      vertex -1 22.5137 15.9563
      vertex -1 21.5 18
      vertex -1 22.5213 15.9948
    endloop
  endfacet
  facet normal -1 0 0
    outer loop
      vertex -1 22.5077 15.9175
      vertex -1 21.5 18
      vertex -1 22.5137 15.9563
    endloop
  endfacet
  facet normal -1 0 0
    outer loop
      vertex -1 22.5034 15.8784
      vertex -1 21.5 18
      vertex -1 22.5077 15.9175
    endloop
  endfacet
  facet normal -1 0 0
    outer loop
      vertex -1 22.5009 15.8393
      vertex -1 21.5 18
      vertex -1 22.5034 15.8784
    endloop
  endfacet
  facet normal -1 0 0
    outer loop
      vertex -1 2.99914 15.8393
      vertex -1 4 18
      vertex -1 3 15.8
    endloop
  endfacet
  facet normal -1 0 0
    outer loop
      vertex -1 2.99657 15.8784
      vertex -1 4 18
      vertex -1 2.99914 15.8393
    endloop
  endfacet
  facet normal -1 0 0
    outer loop
      vertex -1 2.9923 15.9175
      vertex -1 4 18
      vertex -1 2.99657 15.8784
    endloop
  endfacet
  facet normal -1 0 0
    outer loop
      vertex -1 2.98633 15.9563
      vertex -1 4 18
      vertex -1 2.9923 15.9175
    endloop
  endfacet
  facet normal -1 0 0
    outer loop
      vertex -1 2.97867 15.9948
      vertex -1 4 18
      vertex -1 2.98633 15.9563
    endloop
  endfacet
  facet normal -1 0 0
    outer loop
      vertex -1 2.96933 16.0329
      vertex -1 4 18
      vertex -1 2.97867 15.9948
    endloop
  endfacet
  facet normal -1 0 0
    outer loop
      vertex -1 2.95834 16.0706
      vertex -1 4 18
      vertex -1 2.96933 16.0329
    endloop
  endfacet
  facet normal -1 0 0
    outer loop
      vertex -1 2.94572 16.1078
      vertex -1 4 18
      vertex -1 2.95834 16.0706
    endloop
  endfacet
  facet normal -1 0 0
    outer loop
      vertex -1 2.93149 16.1444
      vertex -1 4 18
      vertex -1 2.94572 16.1078
    endloop
  endfacet
  facet normal -1 0 0
    outer loop
      vertex -1 2.91568 16.1804
      vertex -1 4 18
      vertex -1 2.93149 16.1444
    endloop
  endfacet
  facet normal -1 0 0
    outer loop
      vertex -1 2.89831 16.2156
      vertex -1 4 18
      vertex -1 2.91568 16.1804
    endloop
  endfacet
  facet normal -1 0 0
    outer loop
      vertex -1 2.87942 16.25
      vertex -1 4 18
      vertex -1 2.89831 16.2156
    endloop
  endfacet
  facet normal -1 0 0
    outer loop
      vertex -1 2.85905 16.2836
      vertex -1 4 18
      vertex -1 2.87942 16.25
    endloop
  endfacet
  facet normal -1 0 0
    outer loop
      vertex -1 2.83724 16.3162
      vertex -1 4 18
      vertex -1 2.85905 16.2836
    endloop
  endfacet
  facet normal -1 0 0
    outer loop
      vertex -1 2.81402 16.3479
      vertex -1 4 18
      vertex -1 2.83724 16.3162
    endloop
  endfacet
  facet normal -1 0 0
    outer loop
      vertex -1 2.78944 16.3785
      vertex -1 4 18
      vertex -1 2.81402 16.3479
    endloop
  endfacet
  facet normal -1 0 0
    outer loop
      vertex -1 2.76355 16.408
      vertex -1 4 18
      vertex -1 2.78944 16.3785
    endloop
  endfacet
  facet normal -1 0 0
    outer loop
      vertex -1 2.7364 16.4364
      vertex -1 4 18
      vertex -1 2.76355 16.408
    endloop
  endfacet
  facet normal -1 0 0
    outer loop
      vertex -1 2.70803 16.4635
      vertex -1 4 18
      vertex -1 2.7364 16.4364
    endloop
  endfacet
  facet normal -1 0 0
    outer loop
      vertex -1 2.67851 16.4894
      vertex -1 4 18
      vertex -1 2.70803 16.4635
    endloop
  endfacet
  facet normal -1 0 0
    outer loop
      vertex -1 2.64788 16.514
      vertex -1 4 18
      vertex -1 2.67851 16.4894
    endloop
  endfacet
  facet normal -1 0 0
    outer loop
      vertex -1 2.61622 16.5372
      vertex -1 4 18
      vertex -1 2.64788 16.514
    endloop
  endfacet
  facet normal -1 0 0
    outer loop
      vertex -1 2.58357 16.5591
      vertex -1 4 18
      vertex -1 2.61622 16.5372
    endloop
  endfacet
  facet normal -1 0 0
    outer loop
      vertex -1 2.55 16.5794
      vertex -1 4 18
      vertex -1 2.58357 16.5591
    endloop
  endfacet
  facet normal -1 0 0
    outer loop
      vertex -1 2.51557 16.5983
      vertex -1 4 18
      vertex -1 2.55 16.5794
    endloop
  endfacet
  facet normal -1 0 0
    outer loop
      vertex -1 2.48036 16.6157
      vertex -1 4 18
      vertex -1 2.51557 16.5983
    endloop
  endfacet
  facet normal -1 0 0
    outer loop
      vertex -1 2.44441 16.6315
      vertex -1 4 18
      vertex -1 2.48036 16.6157
    endloop
  endfacet
  facet normal -1 0 0
    outer loop
      vertex -1 2.40782 16.6457
      vertex -1 4 18
      vertex -1 2.44441 16.6315
    endloop
  endfacet
  facet normal -1 0 0
    outer loop
      vertex -1 2.37064 16.6583
      vertex -1 4 18
      vertex -1 2.40782 16.6457
    endloop
  endfacet
  facet normal -1 0 0
    outer loop
      vertex -1 2.33294 16.6693
      vertex -1 4 18
      vertex -1 2.37064 16.6583
    endloop
  endfacet
  facet normal -1 0 0
    outer loop
      vertex -1 2.2948 16.6787
      vertex -1 4 18
      vertex -1 2.33294 16.6693
    endloop
  endfacet
  facet normal -1 0 0
    outer loop
      vertex -1 2.25628 16.6863
      vertex -1 4 18
      vertex -1 2.2948 16.6787
    endloop
  endfacet
  facet normal -1 0 0
    outer loop
      vertex -1 2.21747 16.6923
      vertex -1 4 18
      vertex -1 2.25628 16.6863
    endloop
  endfacet
  facet normal -1 0 0
    outer loop
      vertex -1 2.17844 16.6966
      vertex -1 4 18
      vertex -1 2.21747 16.6923
    endloop
  endfacet
  facet normal -1 0 0
    outer loop
      vertex -1 2.13926 16.6991
      vertex -1 4 18
      vertex -1 2.17844 16.6966
    endloop
  endfacet
  facet normal -1 0 0
    outer loop
      vertex -1 2.1 16.7
      vertex -1 4 18
      vertex -1 2.13926 16.6991
    endloop
  endfacet
  facet normal -1 0 0
    outer loop
      vertex -1 2.06074 16.6991
      vertex -1 4 18
      vertex -1 2.1 16.7
    endloop
  endfacet
  facet normal -1 0 0
    outer loop
      vertex -1 0 18
      vertex -1 2.06074 16.6991
      vertex -1 2.02156 16.6966
    endloop
  endfacet
  facet normal -1 0 0
    outer loop
      vertex -1 0 18
      vertex -1 2.02156 16.6966
      vertex -1 1.98253 16.6923
    endloop
  endfacet
  facet normal -1 0 0
    outer loop
      vertex -1 0 18
      vertex -1 1.98253 16.6923
      vertex -1 1.94372 16.6863
    endloop
  endfacet
  facet normal -1 0 0
    outer loop
      vertex -1 0 18
      vertex -1 1.94372 16.6863
      vertex -1 1.9052 16.6787
    endloop
  endfacet
  facet normal -1 0 0
    outer loop
      vertex -1 0 18
      vertex -1 1.9052 16.6787
      vertex -1 1.86706 16.6693
    endloop
  endfacet
  facet normal -1 0 0
    outer loop
      vertex -1 0 18
      vertex -1 1.86706 16.6693
      vertex -1 1.82936 16.6583
    endloop
  endfacet
  facet normal -1 0 0
    outer loop
      vertex -1 0 18
      vertex -1 1.82936 16.6583
      vertex -1 1.79218 16.6457
    endloop
  endfacet
  facet normal -1 0 0
    outer loop
      vertex -1 0 18
      vertex -1 1.79218 16.6457
      vertex -1 1.75558 16.6315
    endloop
  endfacet
  facet normal -1 0 0
    outer loop
      vertex -1 0 18
      vertex -1 1.75558 16.6315
      vertex -1 1.71964 16.6157
    endloop
  endfacet
  facet normal -1 0 0
    outer loop
      vertex -1 0 18
      vertex -1 1.71964 16.6157
      vertex -1 1.68443 16.5983
    endloop
  endfacet
  facet normal -1 0 0
    outer loop
      vertex -1 0 18
      vertex -1 1.68443 16.5983
      vertex -1 1.65 16.5794
    endloop
  endfacet
  facet normal -1 0 0
    outer loop
      vertex -1 1.20086 15.7607
      vertex -1 0 18
      vertex -1 1.2 15.8
    endloop
  endfacet
  facet normal -1 0 0
    outer loop
      vertex -1 1.2 15.8
      vertex -1 0 18
      vertex -1 1.20086 15.8393
    endloop
  endfacet
  facet normal -1 0 0
    outer loop
      vertex -1 2.06074 16.6991
      vertex -1 0 18
      vertex -1 4 18
    endloop
  endfacet
  facet normal -1 0 0
    outer loop
      vertex -1 1.61643 16.5591
      vertex -1 0 18
      vertex -1 1.65 16.5794
    endloop
  endfacet
  facet normal -1 0 0
    outer loop
      vertex -1 1.58378 16.5372
      vertex -1 0 18
      vertex -1 1.61643 16.5591
    endloop
  endfacet
  facet normal -1 0 0
    outer loop
      vertex -1 1.55211 16.514
      vertex -1 0 18
      vertex -1 1.58378 16.5372
    endloop
  endfacet
  facet normal -1 0 0
    outer loop
      vertex -1 1.52149 16.4894
      vertex -1 0 18
      vertex -1 1.55211 16.514
    endloop
  endfacet
  facet normal -1 0 0
    outer loop
      vertex -1 1.49197 16.4635
      vertex -1 0 18
      vertex -1 1.52149 16.4894
    endloop
  endfacet
  facet normal -1 0 0
    outer loop
      vertex -1 1.4636 16.4364
      vertex -1 0 18
      vertex -1 1.49197 16.4635
    endloop
  endfacet
  facet normal -1 0 0
    outer loop
      vertex -1 1.43645 16.408
      vertex -1 0 18
      vertex -1 1.4636 16.4364
    endloop
  endfacet
  facet normal -1 0 0
    outer loop
      vertex -1 1.41056 16.3785
      vertex -1 0 18
      vertex -1 1.43645 16.408
    endloop
  endfacet
  facet normal -1 0 0
    outer loop
      vertex -1 1.38598 16.3479
      vertex -1 0 18
      vertex -1 1.41056 16.3785
    endloop
  endfacet
  facet normal -1 0 0
    outer loop
      vertex -1 1.36276 16.3162
      vertex -1 0 18
      vertex -1 1.38598 16.3479
    endloop
  endfacet
  facet normal -1 0 0
    outer loop
      vertex -1 1.34095 16.2836
      vertex -1 0 18
      vertex -1 1.36276 16.3162
    endloop
  endfacet
  facet normal -1 0 0
    outer loop
      vertex -1 1.32058 16.25
      vertex -1 0 18
      vertex -1 1.34095 16.2836
    endloop
  endfacet
  facet normal -1 0 0
    outer loop
      vertex -1 1.30169 16.2156
      vertex -1 0 18
      vertex -1 1.32058 16.25
    endloop
  endfacet
  facet normal -1 0 0
    outer loop
      vertex -1 1.28432 16.1804
      vertex -1 0 18
      vertex -1 1.30169 16.2156
    endloop
  endfacet
  facet normal -1 0 0
    outer loop
      vertex -1 1.26851 16.1444
      vertex -1 0 18
      vertex -1 1.28432 16.1804
    endloop
  endfacet
  facet normal -1 0 0
    outer loop
      vertex -1 1.25428 16.1078
      vertex -1 0 18
      vertex -1 1.26851 16.1444
    endloop
  endfacet
  facet normal -1 0 0
    outer loop
      vertex -1 1.24165 16.0706
      vertex -1 0 18
      vertex -1 1.25428 16.1078
    endloop
  endfacet
  facet normal -1 0 0
    outer loop
      vertex -1 1.23067 16.0329
      vertex -1 0 18
      vertex -1 1.24165 16.0706
    endloop
  endfacet
  facet normal -1 0 0
    outer loop
      vertex -1 1.22133 15.9948
      vertex -1 0 18
      vertex -1 1.23067 16.0329
    endloop
  endfacet
  facet normal -1 0 0
    outer loop
      vertex -1 1.21367 15.9563
      vertex -1 0 18
      vertex -1 1.22133 15.9948
    endloop
  endfacet
  facet normal -1 0 0
    outer loop
      vertex -1 1.2077 15.9175
      vertex -1 0 18
      vertex -1 1.21367 15.9563
    endloop
  endfacet
  facet normal -1 0 0
    outer loop
      vertex -1 1.20342 15.8784
      vertex -1 0 18
      vertex -1 1.2077 15.9175
    endloop
  endfacet
  facet normal -1 0 0
    outer loop
      vertex -1 1.20086 15.8393
      vertex -1 0 18
      vertex -1 1.20342 15.8784
    endloop
  endfacet
  facet normal 0 1 -0
    outer loop
      vertex 1 25.5 4
      vertex -1 25.5 18
      vertex 1 25.5 18
    endloop
  endfacet
  facet normal 0 1 0
    outer loop
      vertex -1 25.5 18
      vertex 1 25.5 4
      vertex -1 25.5 4
    endloop
  endfacet
  facet normal 0 -1 0
    outer loop
      vertex -1 0 0
      vertex 1 0 18
      vertex -1 0 18
    endloop
  endfacet
  facet normal 0 -1 -0
    outer loop
      vertex 1 0 18
      vertex -1 0 0
      vertex 1 0 0
    endloop
  endfacet
  facet normal -0 0 1
    outer loop
      vertex -1 4 18
      vertex 1 0 18
      vertex 1 4 18
    endloop
  endfacet
  facet normal 0 0 1
    outer loop
      vertex 1 0 18
      vertex -1 4 18
      vertex -1 0 18
    endloop
  endfacet
  facet normal 0 1 -0
    outer loop
      vertex 1 4 4
      vertex -1 4 18
      vertex 1 4 18
    endloop
  endfacet
  facet normal 0 1 0
    outer loop
      vertex -1 4 18
      vertex 1 4 4
      vertex -1 4 4
    endloop
  endfacet
  facet normal -0 0 1
    outer loop
      vertex -1 25.5 18
      vertex 1 21.5 18
      vertex 1 25.5 18
    endloop
  endfacet
  facet normal 0 0 1
    outer loop
      vertex 1 21.5 18
      vertex -1 25.5 18
      vertex -1 21.5 18
    endloop
  endfacet
  facet normal 0 -1 0
    outer loop
      vertex -1 21.5 4
      vertex 1 21.5 18
      vertex -1 21.5 18
    endloop
  endfacet
  facet normal 0 -1 -0
    outer loop
      vertex 1 21.5 18
      vertex -1 21.5 4
      vertex 1 21.5 4
    endloop
  endfacet
  facet normal -0 0.361709 0.932291
    outer loop
      vertex -1 1.79218 14.9543
      vertex 1 1.75558 14.9685
      vertex 1 1.79218 14.9543
    endloop
  endfacet
  facet normal 0 0.361709 0.932291
    outer loop
      vertex 1 1.75558 14.9685
      vertex -1 1.79218 14.9543
      vertex -1 1.75558 14.9685
    endloop
  endfacet
  facet normal -0 0.517454 0.855711
    outer loop
      vertex -1 1.65 15.0206
      vertex 1 1.61643 15.0409
      vertex 1 1.65 15.0206
    endloop
  endfacet
  facet normal 0 0.517454 0.855711
    outer loop
      vertex 1 1.61643 15.0409
      vertex -1 1.65 15.0206
      vertex -1 1.61643 15.0409
    endloop
  endfacet
  facet normal 0 -0.690736 -0.723107
    outer loop
      vertex -1 2.70803 16.4635
      vertex 1 2.7364 16.4364
      vertex 1 2.70803 16.4635
    endloop
  endfacet
  facet normal -0 -0.690736 -0.723107
    outer loop
      vertex 1 2.7364 16.4364
      vertex -1 2.70803 16.4635
      vertex -1 2.7364 16.4364
    endloop
  endfacet
  facet normal -0 0.402448 0.915443
    outer loop
      vertex -1 1.75558 14.9685
      vertex 1 1.71964 14.9843
      vertex 1 1.75558 14.9685
    endloop
  endfacet
  facet normal 0 0.402448 0.915443
    outer loop
      vertex 1 1.71964 14.9843
      vertex -1 1.75558 14.9685
      vertex -1 1.71964 14.9843
    endloop
  endfacet
  facet normal -0 0.193569 0.981087
    outer loop
      vertex -1 1.94372 14.9137
      vertex 1 1.9052 14.9213
      vertex 1 1.94372 14.9137
    endloop
  endfacet
  facet normal 0 0.193569 0.981087
    outer loop
      vertex 1 1.9052 14.9213
      vertex -1 1.94372 14.9137
      vertex -1 1.9052 14.9213
    endloop
  endfacet
  facet normal 0 0.481205 -0.876608
    outer loop
      vertex -1 1.65 16.5794
      vertex 1 1.68443 16.5983
      vertex 1 1.65 16.5794
    endloop
  endfacet
  facet normal 0 0.481205 -0.876608
    outer loop
      vertex 1 1.68443 16.5983
      vertex -1 1.65 16.5794
      vertex -1 1.68443 16.5983
    endloop
  endfacet
  facet normal 0 -0.0229181 0.999737
    outer loop
      vertex -1 2.13926 14.9009
      vertex 1 2.1 14.9
      vertex 1 2.13926 14.9009
    endloop
  endfacet
  facet normal 0 -0.0229181 0.999737
    outer loop
      vertex 1 2.1 14.9
      vertex -1 2.13926 14.9009
      vertex -1 2.1 14.9
    endloop
  endfacet
  facet normal 0 -0.2393 0.970946
    outer loop
      vertex -1 2.33294 14.9307
      vertex 1 2.2948 14.9213
      vertex 1 2.33294 14.9307
    endloop
  endfacet
  facet normal 0 -0.2393 0.970946
    outer loop
      vertex 1 2.2948 14.9213
      vertex -1 2.33294 14.9307
      vertex -1 2.2948 14.9213
    endloop
  endfacet
  facet normal 0 -0.517454 -0.855711
    outer loop
      vertex -1 2.55 16.5794
      vertex 1 2.58357 16.5591
      vertex 1 2.55 16.5794
    endloop
  endfacet
  facet normal -0 -0.517454 -0.855711
    outer loop
      vertex 1 2.58357 16.5591
      vertex -1 2.55 16.5794
      vertex -1 2.58357 16.5591
    endloop
  endfacet
  facet normal 0 -0.999761 0.0218777
    outer loop
      vertex -1 2.99914 15.7607
      vertex 1 3 15.8
      vertex -1 3 15.8
    endloop
  endfacet
  facet normal 0 -0.999761 0.0218777
    outer loop
      vertex 1 3 15.8
      vertex -1 2.99914 15.7607
      vertex 1 2.99914 15.7607
    endloop
  endfacet
  facet normal -0 0.109509 0.993986
    outer loop
      vertex -1 2.02156 14.9034
      vertex 1 1.98253 14.9077
      vertex 1 2.02156 14.9034
    endloop
  endfacet
  facet normal 0 0.109509 0.993986
    outer loop
      vertex 1 1.98253 14.9077
      vertex -1 2.02156 14.9034
      vertex -1 1.98253 14.9077
    endloop
  endfacet
  facet normal 0 -0.320962 0.947092
    outer loop
      vertex -1 2.40782 14.9543
      vertex 1 2.37064 14.9417
      vertex 1 2.40782 14.9543
    endloop
  endfacet
  facet normal 0 -0.320962 0.947092
    outer loop
      vertex 1 2.37064 14.9417
      vertex -1 2.40782 14.9543
      vertex -1 2.37064 14.9417
    endloop
  endfacet
  facet normal 0 0.722835 0.69102
    outer loop
      vertex 1 1.4636 15.1636
      vertex -1 1.43645 15.192
      vertex 1 1.43645 15.192
    endloop
  endfacet
  facet normal 0 0.722835 0.69102
    outer loop
      vertex -1 1.43645 15.192
      vertex 1 1.4636 15.1636
      vertex -1 1.4636 15.1636
    endloop
  endfacet
  facet normal 0 -0.896759 -0.44252
    outer loop
      vertex -1 2.91568 16.1804
      vertex 1 2.89831 16.2156
      vertex -1 2.89831 16.2156
    endloop
  endfacet
  facet normal 0 -0.896759 -0.44252
    outer loop
      vertex 1 2.89831 16.2156
      vertex -1 2.91568 16.1804
      vertex 1 2.91568 16.1804
    endloop
  endfacet
  facet normal 0 -0.806729 0.590922
    outer loop
      vertex -1 2.81402 15.2521
      vertex 1 2.83724 15.2838
      vertex -1 2.83724 15.2838
    endloop
  endfacet
  facet normal 0 -0.806729 0.590922
    outer loop
      vertex 1 2.83724 15.2838
      vertex -1 2.81402 15.2521
      vertex 1 2.81402 15.2521
    endloop
  endfacet
  facet normal 0 0.994062 -0.108813
    outer loop
      vertex 1 1.20342 15.8784
      vertex -1 1.2077 15.9175
      vertex 1 1.2077 15.9175
    endloop
  endfacet
  facet normal 0 0.994062 -0.108813
    outer loop
      vertex -1 1.2077 15.9175
      vertex 1 1.20342 15.8784
      vertex -1 1.20342 15.8784
    endloop
  endfacet
  facet normal 0 0.980776 0.195136
    outer loop
      vertex 1 1.22133 15.6052
      vertex -1 1.21367 15.6437
      vertex 1 1.21367 15.6437
    endloop
  endfacet
  facet normal 0 0.980776 0.195136
    outer loop
      vertex -1 1.21367 15.6437
      vertex 1 1.22133 15.6052
      vertex -1 1.22133 15.6052
    endloop
  endfacet
  facet normal 0 0.320962 -0.947092
    outer loop
      vertex -1 1.79218 16.6457
      vertex 1 1.82936 16.6583
      vertex 1 1.79218 16.6457
    endloop
  endfacet
  facet normal 0 0.320962 -0.947092
    outer loop
      vertex 1 1.82936 16.6583
      vertex -1 1.79218 16.6457
      vertex -1 1.82936 16.6583
    endloop
  endfacet
  facet normal 0 -0.806729 -0.590922
    outer loop
      vertex -1 2.83724 16.3162
      vertex 1 2.81402 16.3479
      vertex -1 2.81402 16.3479
    endloop
  endfacet
  facet normal 0 -0.806729 -0.590922
    outer loop
      vertex 1 2.81402 16.3479
      vertex -1 2.83724 16.3162
      vertex 1 2.83724 16.3162
    endloop
  endfacet
  facet normal 0 0.876539 -0.481332
    outer loop
      vertex 1 1.30169 16.2156
      vertex -1 1.32058 16.25
      vertex 1 1.32058 16.25
    endloop
  endfacet
  facet normal 0 0.876539 -0.481332
    outer loop
      vertex -1 1.32058 16.25
      vertex 1 1.30169 16.2156
      vertex -1 1.30169 16.2156
    endloop
  endfacet
  facet normal 0 0.999761 0.0218777
    outer loop
      vertex 1 1.20086 15.7607
      vertex -1 1.2 15.8
      vertex 1 1.2 15.8
    endloop
  endfacet
  facet normal 0 0.999761 0.0218777
    outer loop
      vertex -1 1.2 15.8
      vertex 1 1.20086 15.7607
      vertex -1 1.20086 15.7607
    endloop
  endfacet
  facet normal 0 -0.980776 -0.195136
    outer loop
      vertex -1 2.98633 15.9563
      vertex 1 2.97867 15.9948
      vertex -1 2.97867 15.9948
    endloop
  endfacet
  facet normal 0 -0.980776 -0.195136
    outer loop
      vertex 1 2.97867 15.9948
      vertex -1 2.98633 15.9563
      vertex 1 2.98633 15.9563
    endloop
  endfacet
  facet normal 0 -0.980776 0.195136
    outer loop
      vertex -1 2.97867 15.6052
      vertex 1 2.98633 15.6437
      vertex -1 2.98633 15.6437
    endloop
  endfacet
  facet normal 0 -0.980776 0.195136
    outer loop
      vertex 1 2.98633 15.6437
      vertex -1 2.97867 15.6052
      vertex 1 2.97867 15.6052
    endloop
  endfacet
  facet normal 0 0.109509 -0.993986
    outer loop
      vertex -1 1.98253 16.6923
      vertex 1 2.02156 16.6966
      vertex 1 1.98253 16.6923
    endloop
  endfacet
  facet normal 0 0.109509 -0.993986
    outer loop
      vertex 1 2.02156 16.6966
      vertex -1 1.98253 16.6923
      vertex -1 2.02156 16.6966
    endloop
  endfacet
  facet normal 0 0.590955 -0.806705
    outer loop
      vertex -1 1.55211 16.514
      vertex 1 1.58378 16.5372
      vertex 1 1.55211 16.514
    endloop
  endfacet
  facet normal 0 0.590955 -0.806705
    outer loop
      vertex 1 1.58378 16.5372
      vertex -1 1.55211 16.514
      vertex -1 1.58378 16.5372
    endloop
  endfacet
  facet normal 0 -0.876539 0.481332
    outer loop
      vertex -1 2.87942 15.35
      vertex 1 2.89831 15.3844
      vertex -1 2.89831 15.3844
    endloop
  endfacet
  facet normal 0 -0.876539 0.481332
    outer loop
      vertex 1 2.89831 15.3844
      vertex -1 2.87942 15.35
      vertex 1 2.87942 15.35
    endloop
  endfacet
  facet normal -0 0.658071 0.752956
    outer loop
      vertex -1 1.52149 15.1106
      vertex 1 1.49197 15.1364
      vertex 1 1.52149 15.1106
    endloop
  endfacet
  facet normal 0 0.658071 0.752956
    outer loop
      vertex 1 1.49197 15.1364
      vertex -1 1.52149 15.1106
      vertex -1 1.49197 15.1364
    endloop
  endfacet
  facet normal 0 -0.152784 -0.98826
    outer loop
      vertex -1 2.21747 16.6923
      vertex 1 2.25628 16.6863
      vertex 1 2.21747 16.6923
    endloop
  endfacet
  facet normal -0 -0.152784 -0.98826
    outer loop
      vertex 1 2.25628 16.6863
      vertex -1 2.21747 16.6923
      vertex -1 2.25628 16.6863
    endloop
  endfacet
  facet normal 0 -0.193569 0.981087
    outer loop
      vertex -1 2.2948 14.9213
      vertex 1 2.25628 14.9137
      vertex 1 2.2948 14.9213
    endloop
  endfacet
  facet normal 0 -0.193569 0.981087
    outer loop
      vertex 1 2.25628 14.9137
      vertex -1 2.2948 14.9213
      vertex -1 2.25628 14.9137
    endloop
  endfacet
  facet normal 0 -0.751597 -0.659622
    outer loop
      vertex -1 2.78944 16.3785
      vertex 1 2.76355 16.408
      vertex -1 2.76355 16.408
    endloop
  endfacet
  facet normal 0 -0.751597 -0.659622
    outer loop
      vertex 1 2.76355 16.408
      vertex -1 2.78944 16.3785
      vertex 1 2.78944 16.3785
    endloop
  endfacet
  facet normal 0 -0.443033 0.896505
    outer loop
      vertex -1 2.51557 15.0017
      vertex 1 2.48036 14.9843
      vertex 1 2.51557 15.0017
    endloop
  endfacet
  facet normal 0 -0.443033 0.896505
    outer loop
      vertex 1 2.48036 14.9843
      vertex -1 2.51557 15.0017
      vertex -1 2.48036 14.9843
    endloop
  endfacet
  facet normal 0 -0.988369 0.152076
    outer loop
      vertex -1 2.98633 15.6437
      vertex 1 2.9923 15.6825
      vertex -1 2.9923 15.6825
    endloop
  endfacet
  facet normal 0 -0.988369 0.152076
    outer loop
      vertex 1 2.9923 15.6825
      vertex -1 2.98633 15.6437
      vertex 1 2.98633 15.6437
    endloop
  endfacet
  facet normal 0 0.443033 -0.896505
    outer loop
      vertex -1 1.68443 16.5983
      vertex 1 1.71964 16.6157
      vertex 1 1.68443 16.5983
    endloop
  endfacet
  facet normal 0 0.443033 -0.896505
    outer loop
      vertex 1 1.71964 16.6157
      vertex -1 1.68443 16.5983
      vertex -1 1.71964 16.6157
    endloop
  endfacet
  facet normal 0 0.915596 -0.402099
    outer loop
      vertex 1 1.26851 16.1444
      vertex -1 1.28432 16.1804
      vertex 1 1.28432 16.1804
    endloop
  endfacet
  facet normal 0 0.915596 -0.402099
    outer loop
      vertex -1 1.28432 16.1804
      vertex 1 1.26851 16.1444
      vertex -1 1.26851 16.1444
    endloop
  endfacet
  facet normal 0 0.831147 -0.556053
    outer loop
      vertex 1 1.34095 16.2836
      vertex -1 1.36276 16.3162
      vertex 1 1.36276 16.3162
    endloop
  endfacet
  facet normal 0 0.831147 -0.556053
    outer loop
      vertex -1 1.36276 16.3162
      vertex 1 1.34095 16.2836
      vertex -1 1.34095 16.2836
    endloop
  endfacet
  facet normal 0 0.806729 0.590922
    outer loop
      vertex 1 1.38598 15.2521
      vertex -1 1.36276 15.2838
      vertex 1 1.36276 15.2838
    endloop
  endfacet
  facet normal 0 0.806729 0.590922
    outer loop
      vertex -1 1.36276 15.2838
      vertex 1 1.38598 15.2521
      vertex -1 1.38598 15.2521
    endloop
  endfacet
  facet normal 0 0.971242 0.238094
    outer loop
      vertex 1 1.23067 15.5671
      vertex -1 1.22133 15.6052
      vertex 1 1.22133 15.6052
    endloop
  endfacet
  facet normal 0 0.971242 0.238094
    outer loop
      vertex -1 1.22133 15.6052
      vertex 1 1.23067 15.5671
      vertex -1 1.23067 15.5671
    endloop
  endfacet
  facet normal 0 0.402448 -0.915443
    outer loop
      vertex -1 1.71964 16.6157
      vertex 1 1.75558 16.6315
      vertex 1 1.71964 16.6157
    endloop
  endfacet
  facet normal 0 0.402448 -0.915443
    outer loop
      vertex 1 1.75558 16.6315
      vertex -1 1.71964 16.6157
      vertex -1 1.75558 16.6315
    endloop
  endfacet
  facet normal 0 -0.517454 0.855711
    outer loop
      vertex -1 2.58357 15.0409
      vertex 1 2.55 15.0206
      vertex 1 2.58357 15.0409
    endloop
  endfacet
  facet normal 0 -0.517454 0.855711
    outer loop
      vertex 1 2.55 15.0206
      vertex -1 2.58357 15.0409
      vertex -1 2.55 15.0206
    endloop
  endfacet
  facet normal 0 -0.751597 0.659622
    outer loop
      vertex -1 2.76355 15.192
      vertex 1 2.78944 15.2215
      vertex -1 2.78944 15.2215
    endloop
  endfacet
  facet normal 0 -0.751597 0.659622
    outer loop
      vertex 1 2.78944 15.2215
      vertex -1 2.76355 15.192
      vertex 1 2.76355 15.192
    endloop
  endfacet
  facet normal 0 0.361709 -0.932291
    outer loop
      vertex -1 1.75558 16.6315
      vertex 1 1.79218 16.6457
      vertex 1 1.75558 16.6315
    endloop
  endfacet
  facet normal 0 0.361709 -0.932291
    outer loop
      vertex 1 1.79218 16.6457
      vertex -1 1.75558 16.6315
      vertex -1 1.79218 16.6457
    endloop
  endfacet
  facet normal 0 0.0636786 -0.99797
    outer loop
      vertex -1 2.02156 16.6966
      vertex 1 2.06074 16.6991
      vertex 1 2.02156 16.6966
    endloop
  endfacet
  facet normal 0 0.0636786 -0.99797
    outer loop
      vertex 1 2.06074 16.6991
      vertex -1 2.02156 16.6966
      vertex -1 2.06074 16.6991
    endloop
  endfacet
  facet normal 0 0.960108 0.279628
    outer loop
      vertex 1 1.24165 15.5294
      vertex -1 1.23067 15.5671
      vertex 1 1.23067 15.5671
    endloop
  endfacet
  facet normal 0 0.960108 0.279628
    outer loop
      vertex -1 1.23067 15.5671
      vertex 1 1.24165 15.5294
      vertex -1 1.24165 15.5294
    endloop
  endfacet
  facet normal 0 -0.0636786 0.99797
    outer loop
      vertex -1 2.17844 14.9034
      vertex 1 2.13926 14.9009
      vertex 1 2.17844 14.9034
    endloop
  endfacet
  facet normal 0 -0.0636786 0.99797
    outer loop
      vertex 1 2.13926 14.9009
      vertex -1 2.17844 14.9034
      vertex -1 2.13926 14.9009
    endloop
  endfacet
  facet normal 0 -0.779624 -0.626247
    outer loop
      vertex -1 2.81402 16.3479
      vertex 1 2.78944 16.3785
      vertex -1 2.78944 16.3785
    endloop
  endfacet
  facet normal 0 -0.779624 -0.626247
    outer loop
      vertex 1 2.78944 16.3785
      vertex -1 2.81402 16.3479
      vertex 1 2.81402 16.3479
    endloop
  endfacet
  facet normal 0 -0.109509 -0.993986
    outer loop
      vertex -1 2.17844 16.6966
      vertex 1 2.21747 16.6923
      vertex 1 2.17844 16.6966
    endloop
  endfacet
  facet normal -0 -0.109509 -0.993986
    outer loop
      vertex 1 2.21747 16.6923
      vertex -1 2.17844 16.6966
      vertex -1 2.21747 16.6923
    endloop
  endfacet
  facet normal 0 0.896759 -0.44252
    outer loop
      vertex 1 1.28432 16.1804
      vertex -1 1.30169 16.2156
      vertex 1 1.30169 16.2156
    endloop
  endfacet
  facet normal 0 0.896759 -0.44252
    outer loop
      vertex -1 1.30169 16.2156
      vertex 1 1.28432 16.1804
      vertex -1 1.28432 16.1804
    endloop
  endfacet
  facet normal 0 -0.626184 -0.779675
    outer loop
      vertex -1 2.64788 16.514
      vertex 1 2.67851 16.4894
      vertex 1 2.64788 16.514
    endloop
  endfacet
  facet normal -0 -0.626184 -0.779675
    outer loop
      vertex 1 2.67851 16.4894
      vertex -1 2.64788 16.514
      vertex -1 2.67851 16.4894
    endloop
  endfacet
  facet normal 0 -0.896759 0.44252
    outer loop
      vertex -1 2.89831 15.3844
      vertex 1 2.91568 15.4196
      vertex -1 2.91568 15.4196
    endloop
  endfacet
  facet normal 0 -0.896759 0.44252
    outer loop
      vertex 1 2.91568 15.4196
      vertex -1 2.89831 15.3844
      vertex 1 2.89831 15.3844
    endloop
  endfacet
  facet normal 0 -0.320962 -0.947092
    outer loop
      vertex -1 2.37064 16.6583
      vertex 1 2.40782 16.6457
      vertex 1 2.37064 16.6583
    endloop
  endfacet
  facet normal -0 -0.320962 -0.947092
    outer loop
      vertex 1 2.40782 16.6457
      vertex -1 2.37064 16.6583
      vertex -1 2.40782 16.6457
    endloop
  endfacet
  facet normal -0 0.0229181 0.999737
    outer loop
      vertex -1 2.1 14.9
      vertex 1 2.06074 14.9009
      vertex 1 2.1 14.9
    endloop
  endfacet
  facet normal 0 0.0229181 0.999737
    outer loop
      vertex 1 2.06074 14.9009
      vertex -1 2.1 14.9
      vertex -1 2.06074 14.9009
    endloop
  endfacet
  facet normal 0 0.722835 -0.69102
    outer loop
      vertex 1 1.43645 16.408
      vertex -1 1.4636 16.4364
      vertex 1 1.4636 16.4364
    endloop
  endfacet
  facet normal 0 0.722835 -0.69102
    outer loop
      vertex -1 1.4636 16.4364
      vertex 1 1.43645 16.408
      vertex -1 1.43645 16.408
    endloop
  endfacet
  facet normal 0 0.932033 0.362373
    outer loop
      vertex 1 1.26851 15.4556
      vertex -1 1.25428 15.4922
      vertex 1 1.25428 15.4922
    endloop
  endfacet
  facet normal 0 0.932033 0.362373
    outer loop
      vertex -1 1.25428 15.4922
      vertex 1 1.26851 15.4556
      vertex -1 1.26851 15.4556
    endloop
  endfacet
  facet normal 0 -0.855126 0.51842
    outer loop
      vertex -1 2.85905 15.3164
      vertex 1 2.87942 15.35
      vertex -1 2.87942 15.35
    endloop
  endfacet
  facet normal 0 -0.855126 0.51842
    outer loop
      vertex 1 2.87942 15.35
      vertex -1 2.85905 15.3164
      vertex 1 2.85905 15.3164
    endloop
  endfacet
  facet normal -0 0.0636786 0.99797
    outer loop
      vertex -1 2.06074 14.9009
      vertex 1 2.02156 14.9034
      vertex 1 2.06074 14.9009
    endloop
  endfacet
  facet normal 0 0.0636786 0.99797
    outer loop
      vertex 1 2.02156 14.9034
      vertex -1 2.06074 14.9009
      vertex -1 2.02156 14.9034
    endloop
  endfacet
  facet normal 0 0.932033 -0.362373
    outer loop
      vertex 1 1.25428 16.1078
      vertex -1 1.26851 16.1444
      vertex 1 1.26851 16.1444
    endloop
  endfacet
  facet normal 0 0.932033 -0.362373
    outer loop
      vertex -1 1.26851 16.1444
      vertex 1 1.25428 16.1078
      vertex -1 1.25428 16.1078
    endloop
  endfacet
  facet normal 0 -0.94699 -0.321264
    outer loop
      vertex -1 2.95834 16.0706
      vertex 1 2.94572 16.1078
      vertex -1 2.94572 16.1078
    endloop
  endfacet
  facet normal 0 -0.94699 -0.321264
    outer loop
      vertex 1 2.94572 16.1078
      vertex -1 2.95834 16.0706
      vertex 1 2.95834 16.0706
    endloop
  endfacet
  facet normal 0 -0.591076 -0.806616
    outer loop
      vertex -1 2.61622 16.5372
      vertex 1 2.64788 16.514
      vertex 1 2.61622 16.5372
    endloop
  endfacet
  facet normal -0 -0.591076 -0.806616
    outer loop
      vertex 1 2.64788 16.514
      vertex -1 2.61622 16.5372
      vertex -1 2.64788 16.514
    endloop
  endfacet
  facet normal 0 0.751597 0.659622
    outer loop
      vertex 1 1.43645 15.192
      vertex -1 1.41056 15.2215
      vertex 1 1.41056 15.2215
    endloop
  endfacet
  facet normal 0 0.751597 0.659622
    outer loop
      vertex -1 1.41056 15.2215
      vertex 1 1.43645 15.192
      vertex -1 1.43645 15.192
    endloop
  endfacet
  facet normal 0 -0.659514 -0.751693
    outer loop
      vertex -1 2.67851 16.4894
      vertex 1 2.70803 16.4635
      vertex 1 2.67851 16.4894
    endloop
  endfacet
  facet normal -0 -0.659514 -0.751693
    outer loop
      vertex 1 2.70803 16.4635
      vertex -1 2.67851 16.4894
      vertex -1 2.70803 16.4635
    endloop
  endfacet
  facet normal 0 -0.722835 0.69102
    outer loop
      vertex -1 2.7364 15.1636
      vertex 1 2.76355 15.192
      vertex -1 2.76355 15.192
    endloop
  endfacet
  facet normal 0 -0.722835 0.69102
    outer loop
      vertex 1 2.76355 15.192
      vertex -1 2.7364 15.1636
      vertex 1 2.7364 15.1636
    endloop
  endfacet
  facet normal 0 0.193569 -0.981087
    outer loop
      vertex -1 1.9052 16.6787
      vertex 1 1.94372 16.6863
      vertex 1 1.9052 16.6787
    endloop
  endfacet
  facet normal 0 0.193569 -0.981087
    outer loop
      vertex 1 1.94372 16.6863
      vertex -1 1.9052 16.6787
      vertex -1 1.94372 16.6863
    endloop
  endfacet
  facet normal 0 -0.831147 -0.556053
    outer loop
      vertex -1 2.85905 16.2836
      vertex 1 2.83724 16.3162
      vertex -1 2.83724 16.3162
    endloop
  endfacet
  facet normal 0 -0.831147 -0.556053
    outer loop
      vertex 1 2.83724 16.3162
      vertex -1 2.85905 16.2836
      vertex 1 2.85905 16.2836
    endloop
  endfacet
  facet normal 0 0.626308 -0.779576
    outer loop
      vertex -1 1.52149 16.4894
      vertex 1 1.55211 16.514
      vertex 1 1.52149 16.4894
    endloop
  endfacet
  facet normal 0 0.626308 -0.779576
    outer loop
      vertex 1 1.55211 16.514
      vertex -1 1.52149 16.4894
      vertex -1 1.55211 16.514
    endloop
  endfacet
  facet normal 0 -0.557046 0.830482
    outer loop
      vertex -1 2.61622 15.0628
      vertex 1 2.58357 15.0409
      vertex 1 2.61622 15.0628
    endloop
  endfacet
  facet normal 0 -0.557046 0.830482
    outer loop
      vertex 1 2.58357 15.0409
      vertex -1 2.61622 15.0628
      vertex -1 2.58357 15.0409
    endloop
  endfacet
  facet normal 0 -0.988369 -0.152076
    outer loop
      vertex -1 2.9923 15.9175
      vertex 1 2.98633 15.9563
      vertex -1 2.98633 15.9563
    endloop
  endfacet
  facet normal 0 -0.988369 -0.152076
    outer loop
      vertex 1 2.98633 15.9563
      vertex -1 2.9923 15.9175
      vertex 1 2.9923 15.9175
    endloop
  endfacet
  facet normal 0 0.152784 -0.98826
    outer loop
      vertex -1 1.94372 16.6863
      vertex 1 1.98253 16.6923
      vertex 1 1.94372 16.6863
    endloop
  endfacet
  facet normal 0 0.152784 -0.98826
    outer loop
      vertex 1 1.98253 16.6923
      vertex -1 1.94372 16.6863
      vertex -1 1.98253 16.6923
    endloop
  endfacet
  facet normal 0 0.915596 0.402099
    outer loop
      vertex 1 1.28432 15.4196
      vertex -1 1.26851 15.4556
      vertex 1 1.26851 15.4556
    endloop
  endfacet
  facet normal 0 0.915596 0.402099
    outer loop
      vertex -1 1.26851 15.4556
      vertex 1 1.28432 15.4196
      vertex -1 1.28432 15.4196
    endloop
  endfacet
  facet normal -0 0.692066 0.721835
    outer loop
      vertex -1 1.49197 15.1364
      vertex 1 1.4636 15.1636
      vertex 1 1.49197 15.1364
    endloop
  endfacet
  facet normal 0 0.692066 0.721835
    outer loop
      vertex 1 1.4636 15.1636
      vertex -1 1.49197 15.1364
      vertex -1 1.4636 15.1636
    endloop
  endfacet
  facet normal -0 0.280098 0.959971
    outer loop
      vertex -1 1.86706 14.9307
      vertex 1 1.82936 14.9417
      vertex 1 1.86706 14.9307
    endloop
  endfacet
  facet normal 0 0.280098 0.959971
    outer loop
      vertex 1 1.82936 14.9417
      vertex -1 1.86706 14.9307
      vertex -1 1.82936 14.9417
    endloop
  endfacet
  facet normal 0 0.988369 0.152076
    outer loop
      vertex 1 1.21367 15.6437
      vertex -1 1.2077 15.6825
      vertex 1 1.2077 15.6825
    endloop
  endfacet
  facet normal 0 0.988369 0.152076
    outer loop
      vertex -1 1.2077 15.6825
      vertex 1 1.21367 15.6437
      vertex -1 1.21367 15.6437
    endloop
  endfacet
  facet normal -0 0.481205 0.876608
    outer loop
      vertex -1 1.68443 15.0017
      vertex 1 1.65 15.0206
      vertex 1 1.68443 15.0017
    endloop
  endfacet
  facet normal 0 0.481205 0.876608
    outer loop
      vertex 1 1.65 15.0206
      vertex -1 1.68443 15.0017
      vertex -1 1.65 15.0206
    endloop
  endfacet
  facet normal 0 0.997864 -0.0653333
    outer loop
      vertex 1 1.20086 15.8393
      vertex -1 1.20342 15.8784
      vertex 1 1.20342 15.8784
    endloop
  endfacet
  facet normal 0 0.997864 -0.0653333
    outer loop
      vertex -1 1.20342 15.8784
      vertex 1 1.20086 15.8393
      vertex -1 1.20086 15.8393
    endloop
  endfacet
  facet normal 0 -0.932033 -0.362373
    outer loop
      vertex -1 2.94572 16.1078
      vertex 1 2.93149 16.1444
      vertex -1 2.93149 16.1444
    endloop
  endfacet
  facet normal 0 -0.932033 -0.362373
    outer loop
      vertex 1 2.93149 16.1444
      vertex -1 2.94572 16.1078
      vertex 1 2.94572 16.1078
    endloop
  endfacet
  facet normal 0 -0.915596 0.402099
    outer loop
      vertex -1 2.91568 15.4196
      vertex 1 2.93149 15.4556
      vertex -1 2.93149 15.4556
    endloop
  endfacet
  facet normal 0 -0.915596 0.402099
    outer loop
      vertex 1 2.93149 15.4556
      vertex -1 2.91568 15.4196
      vertex 1 2.91568 15.4196
    endloop
  endfacet
  facet normal 0 -0.971242 -0.238094
    outer loop
      vertex -1 2.97867 15.9948
      vertex 1 2.96933 16.0329
      vertex -1 2.96933 16.0329
    endloop
  endfacet
  facet normal 0 -0.971242 -0.238094
    outer loop
      vertex 1 2.96933 16.0329
      vertex -1 2.97867 15.9948
      vertex 1 2.97867 15.9948
    endloop
  endfacet
  facet normal 0 -0.997847 -0.0655874
    outer loop
      vertex -1 2.99914 15.8393
      vertex 1 2.99657 15.8784
      vertex -1 2.99657 15.8784
    endloop
  endfacet
  facet normal 0 -0.997847 -0.0655874
    outer loop
      vertex 1 2.99657 15.8784
      vertex -1 2.99914 15.8393
      vertex 1 2.99914 15.8393
    endloop
  endfacet
  facet normal 0 -0.481205 0.876608
    outer loop
      vertex -1 2.55 15.0206
      vertex 1 2.51557 15.0017
      vertex 1 2.55 15.0206
    endloop
  endfacet
  facet normal 0 -0.481205 0.876608
    outer loop
      vertex 1 2.51557 15.0017
      vertex -1 2.55 15.0206
      vertex -1 2.51557 15.0017
    endloop
  endfacet
  facet normal 0 0.779624 -0.626247
    outer loop
      vertex 1 1.38598 16.3479
      vertex -1 1.41056 16.3785
      vertex 1 1.41056 16.3785
    endloop
  endfacet
  facet normal 0 0.779624 -0.626247
    outer loop
      vertex -1 1.41056 16.3785
      vertex 1 1.38598 16.3479
      vertex -1 1.38598 16.3479
    endloop
  endfacet
  facet normal -0 0.443033 0.896505
    outer loop
      vertex -1 1.71964 14.9843
      vertex 1 1.68443 15.0017
      vertex 1 1.71964 14.9843
    endloop
  endfacet
  facet normal 0 0.443033 0.896505
    outer loop
      vertex 1 1.68443 15.0017
      vertex -1 1.71964 14.9843
      vertex -1 1.68443 15.0017
    endloop
  endfacet
  facet normal 0 0.2393 -0.970946
    outer loop
      vertex -1 1.86706 16.6693
      vertex 1 1.9052 16.6787
      vertex 1 1.86706 16.6693
    endloop
  endfacet
  facet normal 0 0.2393 -0.970946
    outer loop
      vertex 1 1.9052 16.6787
      vertex -1 1.86706 16.6693
      vertex -1 1.9052 16.6787
    endloop
  endfacet
  facet normal 0 -0.280098 0.959971
    outer loop
      vertex -1 2.37064 14.9417
      vertex 1 2.33294 14.9307
      vertex 1 2.37064 14.9417
    endloop
  endfacet
  facet normal 0 -0.280098 0.959971
    outer loop
      vertex 1 2.33294 14.9307
      vertex -1 2.37064 14.9417
      vertex -1 2.33294 14.9307
    endloop
  endfacet
  facet normal 0 -0.831147 0.556053
    outer loop
      vertex -1 2.83724 15.2838
      vertex 1 2.85905 15.3164
      vertex -1 2.85905 15.3164
    endloop
  endfacet
  facet normal 0 -0.831147 0.556053
    outer loop
      vertex 1 2.85905 15.3164
      vertex -1 2.83724 15.2838
      vertex 1 2.83724 15.2838
    endloop
  endfacet
  facet normal 0 -0.96004 0.279863
    outer loop
      vertex -1 2.95834 15.5294
      vertex 1 2.96933 15.5671
      vertex -1 2.96933 15.5671
    endloop
  endfacet
  facet normal 0 -0.96004 0.279863
    outer loop
      vertex 1 2.96933 15.5671
      vertex -1 2.95834 15.5294
      vertex 1 2.95834 15.5294
    endloop
  endfacet
  facet normal 0 -0.855126 -0.51842
    outer loop
      vertex -1 2.87942 16.25
      vertex 1 2.85905 16.2836
      vertex -1 2.85905 16.2836
    endloop
  endfacet
  facet normal 0 -0.855126 -0.51842
    outer loop
      vertex 1 2.85905 16.2836
      vertex -1 2.87942 16.25
      vertex 1 2.87942 16.25
    endloop
  endfacet
  facet normal 0 0.946912 0.321492
    outer loop
      vertex 1 1.25428 15.4922
      vertex -1 1.24165 15.5294
      vertex 1 1.24165 15.5294
    endloop
  endfacet
  facet normal 0 0.946912 0.321492
    outer loop
      vertex -1 1.24165 15.5294
      vertex 1 1.25428 15.4922
      vertex -1 1.25428 15.4922
    endloop
  endfacet
  facet normal 0 -0.280098 -0.959971
    outer loop
      vertex -1 2.33294 16.6693
      vertex 1 2.37064 16.6583
      vertex 1 2.33294 16.6693
    endloop
  endfacet
  facet normal -0 -0.280098 -0.959971
    outer loop
      vertex 1 2.37064 16.6583
      vertex -1 2.33294 16.6693
      vertex -1 2.37064 16.6583
    endloop
  endfacet
  facet normal 0 -0.99409 -0.108562
    outer loop
      vertex -1 2.99657 15.8784
      vertex 1 2.9923 15.9175
      vertex -1 2.9923 15.9175
    endloop
  endfacet
  facet normal 0 -0.99409 -0.108562
    outer loop
      vertex 1 2.9923 15.9175
      vertex -1 2.99657 15.8784
      vertex 1 2.99657 15.8784
    endloop
  endfacet
  facet normal 0 -0.193569 -0.981087
    outer loop
      vertex -1 2.25628 16.6863
      vertex 1 2.2948 16.6787
      vertex 1 2.25628 16.6863
    endloop
  endfacet
  facet normal -0 -0.193569 -0.981087
    outer loop
      vertex 1 2.2948 16.6787
      vertex -1 2.25628 16.6863
      vertex -1 2.2948 16.6787
    endloop
  endfacet
  facet normal 0 -0.932033 0.362373
    outer loop
      vertex -1 2.93149 15.4556
      vertex 1 2.94572 15.4922
      vertex -1 2.94572 15.4922
    endloop
  endfacet
  facet normal 0 -0.932033 0.362373
    outer loop
      vertex 1 2.94572 15.4922
      vertex -1 2.93149 15.4556
      vertex 1 2.93149 15.4556
    endloop
  endfacet
  facet normal 0 -0.779624 0.626247
    outer loop
      vertex -1 2.78944 15.2215
      vertex 1 2.81402 15.2521
      vertex -1 2.81402 15.2521
    endloop
  endfacet
  facet normal 0 -0.779624 0.626247
    outer loop
      vertex 1 2.81402 15.2521
      vertex -1 2.78944 15.2215
      vertex 1 2.78944 15.2215
    endloop
  endfacet
  facet normal 0 0.690736 -0.723107
    outer loop
      vertex -1 1.4636 16.4364
      vertex 1 1.49197 16.4635
      vertex 1 1.4636 16.4364
    endloop
  endfacet
  facet normal 0 0.690736 -0.723107
    outer loop
      vertex 1 1.49197 16.4635
      vertex -1 1.4636 16.4364
      vertex -1 1.49197 16.4635
    endloop
  endfacet
  facet normal 0 -0.722835 -0.69102
    outer loop
      vertex -1 2.76355 16.408
      vertex 1 2.7364 16.4364
      vertex -1 2.7364 16.4364
    endloop
  endfacet
  facet normal 0 -0.722835 -0.69102
    outer loop
      vertex 1 2.7364 16.4364
      vertex -1 2.76355 16.408
      vertex 1 2.76355 16.408
    endloop
  endfacet
  facet normal 0 0.896759 0.44252
    outer loop
      vertex 1 1.30169 15.3844
      vertex -1 1.28432 15.4196
      vertex 1 1.28432 15.4196
    endloop
  endfacet
  facet normal 0 0.896759 0.44252
    outer loop
      vertex -1 1.28432 15.4196
      vertex 1 1.30169 15.3844
      vertex -1 1.30169 15.3844
    endloop
  endfacet
  facet normal -0 0.590955 0.806705
    outer loop
      vertex -1 1.58378 15.0628
      vertex 1 1.55211 15.086
      vertex 1 1.58378 15.0628
    endloop
  endfacet
  facet normal 0 0.590955 0.806705
    outer loop
      vertex 1 1.55211 15.086
      vertex -1 1.58378 15.0628
      vertex -1 1.55211 15.086
    endloop
  endfacet
  facet normal 0 0.971242 -0.238094
    outer loop
      vertex 1 1.22133 15.9948
      vertex -1 1.23067 16.0329
      vertex 1 1.23067 16.0329
    endloop
  endfacet
  facet normal 0 0.971242 -0.238094
    outer loop
      vertex -1 1.23067 16.0329
      vertex 1 1.22133 15.9948
      vertex -1 1.22133 15.9948
    endloop
  endfacet
  facet normal 0 -0.999761 -0.0218777
    outer loop
      vertex -1 3 15.8
      vertex 1 2.99914 15.8393
      vertex -1 2.99914 15.8393
    endloop
  endfacet
  facet normal 0 -0.999761 -0.0218777
    outer loop
      vertex 1 2.99914 15.8393
      vertex -1 3 15.8
      vertex 1 3 15.8
    endloop
  endfacet
  facet normal 0 0.751597 -0.659622
    outer loop
      vertex 1 1.41056 16.3785
      vertex -1 1.43645 16.408
      vertex 1 1.43645 16.408
    endloop
  endfacet
  facet normal 0 0.751597 -0.659622
    outer loop
      vertex -1 1.43645 16.408
      vertex 1 1.41056 16.3785
      vertex -1 1.41056 16.3785
    endloop
  endfacet
  facet normal -0 0.2393 0.970946
    outer loop
      vertex -1 1.9052 14.9213
      vertex 1 1.86706 14.9307
      vertex 1 1.9052 14.9213
    endloop
  endfacet
  facet normal 0 0.2393 0.970946
    outer loop
      vertex 1 1.86706 14.9307
      vertex -1 1.9052 14.9213
      vertex -1 1.86706 14.9307
    endloop
  endfacet
  facet normal 0 -0.152784 0.98826
    outer loop
      vertex -1 2.25628 14.9137
      vertex 1 2.21747 14.9077
      vertex 1 2.25628 14.9137
    endloop
  endfacet
  facet normal 0 -0.152784 0.98826
    outer loop
      vertex 1 2.21747 14.9077
      vertex -1 2.25628 14.9137
      vertex -1 2.21747 14.9077
    endloop
  endfacet
  facet normal 0 -0.658071 0.752956
    outer loop
      vertex -1 2.70803 15.1364
      vertex 1 2.67851 15.1106
      vertex 1 2.70803 15.1364
    endloop
  endfacet
  facet normal 0 -0.658071 0.752956
    outer loop
      vertex 1 2.67851 15.1106
      vertex -1 2.70803 15.1364
      vertex -1 2.67851 15.1106
    endloop
  endfacet
  facet normal 0 0.999761 -0.0218777
    outer loop
      vertex 1 1.2 15.8
      vertex -1 1.20086 15.8393
      vertex 1 1.20086 15.8393
    endloop
  endfacet
  facet normal 0 0.999761 -0.0218777
    outer loop
      vertex -1 1.20086 15.8393
      vertex 1 1.2 15.8
      vertex -1 1.2 15.8
    endloop
  endfacet
  facet normal 0 0.831147 0.556053
    outer loop
      vertex 1 1.36276 15.2838
      vertex -1 1.34095 15.3164
      vertex 1 1.34095 15.3164
    endloop
  endfacet
  facet normal 0 0.831147 0.556053
    outer loop
      vertex -1 1.34095 15.3164
      vertex 1 1.36276 15.2838
      vertex -1 1.36276 15.2838
    endloop
  endfacet
  facet normal 0 -0.94699 0.321264
    outer loop
      vertex -1 2.94572 15.4922
      vertex 1 2.95834 15.5294
      vertex -1 2.95834 15.5294
    endloop
  endfacet
  facet normal 0 -0.94699 0.321264
    outer loop
      vertex 1 2.95834 15.5294
      vertex -1 2.94572 15.4922
      vertex 1 2.94572 15.4922
    endloop
  endfacet
  facet normal 0 -0.402355 0.915484
    outer loop
      vertex -1 2.48036 14.9843
      vertex 1 2.44441 14.9685
      vertex 1 2.48036 14.9843
    endloop
  endfacet
  facet normal 0 -0.402355 0.915484
    outer loop
      vertex 1 2.44441 14.9685
      vertex -1 2.48036 14.9843
      vertex -1 2.44441 14.9685
    endloop
  endfacet
  facet normal 0 -0.361795 0.932258
    outer loop
      vertex -1 2.44441 14.9685
      vertex 1 2.40782 14.9543
      vertex 1 2.44441 14.9685
    endloop
  endfacet
  facet normal 0 -0.361795 0.932258
    outer loop
      vertex 1 2.40782 14.9543
      vertex -1 2.44441 14.9685
      vertex -1 2.40782 14.9543
    endloop
  endfacet
  facet normal 0 -0.997847 0.0655874
    outer loop
      vertex -1 2.99657 15.7216
      vertex 1 2.99914 15.7607
      vertex -1 2.99914 15.7607
    endloop
  endfacet
  facet normal 0 -0.997847 0.0655874
    outer loop
      vertex 1 2.99914 15.7607
      vertex -1 2.99657 15.7216
      vertex 1 2.99657 15.7216
    endloop
  endfacet
  facet normal 0 0.659514 -0.751693
    outer loop
      vertex -1 1.49197 16.4635
      vertex 1 1.52149 16.4894
      vertex 1 1.49197 16.4635
    endloop
  endfacet
  facet normal 0 0.659514 -0.751693
    outer loop
      vertex 1 1.52149 16.4894
      vertex -1 1.49197 16.4635
      vertex -1 1.52149 16.4894
    endloop
  endfacet
  facet normal 0 0.855126 -0.51842
    outer loop
      vertex 1 1.32058 16.25
      vertex -1 1.34095 16.2836
      vertex 1 1.34095 16.2836
    endloop
  endfacet
  facet normal 0 0.855126 -0.51842
    outer loop
      vertex -1 1.34095 16.2836
      vertex 1 1.32058 16.25
      vertex -1 1.32058 16.25
    endloop
  endfacet
  facet normal 0 -0.591076 0.806616
    outer loop
      vertex -1 2.64788 15.086
      vertex 1 2.61622 15.0628
      vertex 1 2.64788 15.086
    endloop
  endfacet
  facet normal 0 -0.591076 0.806616
    outer loop
      vertex 1 2.61622 15.0628
      vertex -1 2.64788 15.086
      vertex -1 2.61622 15.0628
    endloop
  endfacet
  facet normal -0 0.626308 0.779576
    outer loop
      vertex -1 1.55211 15.086
      vertex 1 1.52149 15.1106
      vertex 1 1.55211 15.086
    endloop
  endfacet
  facet normal 0 0.626308 0.779576
    outer loop
      vertex 1 1.52149 15.1106
      vertex -1 1.55211 15.086
      vertex -1 1.52149 15.1106
    endloop
  endfacet
  facet normal 0 0.0229181 -0.999737
    outer loop
      vertex -1 2.06074 16.6991
      vertex 1 2.1 16.7
      vertex 1 2.06074 16.6991
    endloop
  endfacet
  facet normal 0 0.0229181 -0.999737
    outer loop
      vertex 1 2.1 16.7
      vertex -1 2.06074 16.6991
      vertex -1 2.1 16.7
    endloop
  endfacet
  facet normal 0 -0.361795 -0.932258
    outer loop
      vertex -1 2.40782 16.6457
      vertex 1 2.44441 16.6315
      vertex 1 2.40782 16.6457
    endloop
  endfacet
  facet normal -0 -0.361795 -0.932258
    outer loop
      vertex 1 2.44441 16.6315
      vertex -1 2.40782 16.6457
      vertex -1 2.44441 16.6315
    endloop
  endfacet
  facet normal -0 0.557046 0.830482
    outer loop
      vertex -1 1.61643 15.0409
      vertex 1 1.58378 15.0628
      vertex 1 1.61643 15.0409
    endloop
  endfacet
  facet normal 0 0.557046 0.830482
    outer loop
      vertex 1 1.58378 15.0628
      vertex -1 1.61643 15.0409
      vertex -1 1.58378 15.0628
    endloop
  endfacet
  facet normal 0 0.960108 -0.279628
    outer loop
      vertex 1 1.23067 16.0329
      vertex -1 1.24165 16.0706
      vertex 1 1.24165 16.0706
    endloop
  endfacet
  facet normal 0 0.960108 -0.279628
    outer loop
      vertex -1 1.24165 16.0706
      vertex 1 1.23067 16.0329
      vertex -1 1.23067 16.0329
    endloop
  endfacet
  facet normal 0 0.876539 0.481332
    outer loop
      vertex 1 1.32058 15.35
      vertex -1 1.30169 15.3844
      vertex 1 1.30169 15.3844
    endloop
  endfacet
  facet normal 0 0.876539 0.481332
    outer loop
      vertex -1 1.30169 15.3844
      vertex 1 1.32058 15.35
      vertex -1 1.32058 15.35
    endloop
  endfacet
  facet normal 0 0.806729 -0.590922
    outer loop
      vertex 1 1.36276 16.3162
      vertex -1 1.38598 16.3479
      vertex 1 1.38598 16.3479
    endloop
  endfacet
  facet normal 0 0.806729 -0.590922
    outer loop
      vertex -1 1.38598 16.3479
      vertex 1 1.36276 16.3162
      vertex -1 1.36276 16.3162
    endloop
  endfacet
  facet normal 0 -0.876539 -0.481332
    outer loop
      vertex -1 2.89831 16.2156
      vertex 1 2.87942 16.25
      vertex -1 2.87942 16.25
    endloop
  endfacet
  facet normal 0 -0.876539 -0.481332
    outer loop
      vertex 1 2.87942 16.25
      vertex -1 2.89831 16.2156
      vertex 1 2.89831 16.2156
    endloop
  endfacet
  facet normal 0 0.997864 0.0653333
    outer loop
      vertex 1 1.20342 15.7216
      vertex -1 1.20086 15.7607
      vertex 1 1.20086 15.7607
    endloop
  endfacet
  facet normal 0 0.997864 0.0653333
    outer loop
      vertex -1 1.20086 15.7607
      vertex 1 1.20342 15.7216
      vertex -1 1.20342 15.7216
    endloop
  endfacet
  facet normal 0 0.994062 0.108813
    outer loop
      vertex 1 1.2077 15.6825
      vertex -1 1.20342 15.7216
      vertex 1 1.20342 15.7216
    endloop
  endfacet
  facet normal 0 0.994062 0.108813
    outer loop
      vertex -1 1.20342 15.7216
      vertex 1 1.2077 15.6825
      vertex -1 1.2077 15.6825
    endloop
  endfacet
  facet normal 0 0.855126 0.51842
    outer loop
      vertex 1 1.34095 15.3164
      vertex -1 1.32058 15.35
      vertex 1 1.32058 15.35
    endloop
  endfacet
  facet normal 0 0.855126 0.51842
    outer loop
      vertex -1 1.32058 15.35
      vertex 1 1.34095 15.3164
      vertex -1 1.34095 15.3164
    endloop
  endfacet
  facet normal 0 -0.99409 0.108562
    outer loop
      vertex -1 2.9923 15.6825
      vertex 1 2.99657 15.7216
      vertex -1 2.99657 15.7216
    endloop
  endfacet
  facet normal 0 -0.99409 0.108562
    outer loop
      vertex 1 2.99657 15.7216
      vertex -1 2.9923 15.6825
      vertex 1 2.9923 15.6825
    endloop
  endfacet
  facet normal 0 -0.626184 0.779675
    outer loop
      vertex -1 2.67851 15.1106
      vertex 1 2.64788 15.086
      vertex 1 2.67851 15.1106
    endloop
  endfacet
  facet normal 0 -0.626184 0.779675
    outer loop
      vertex 1 2.64788 15.086
      vertex -1 2.67851 15.1106
      vertex -1 2.64788 15.086
    endloop
  endfacet
  facet normal 0 0.779624 0.626247
    outer loop
      vertex 1 1.41056 15.2215
      vertex -1 1.38598 15.2521
      vertex 1 1.38598 15.2521
    endloop
  endfacet
  facet normal 0 0.779624 0.626247
    outer loop
      vertex -1 1.38598 15.2521
      vertex 1 1.41056 15.2215
      vertex -1 1.41056 15.2215
    endloop
  endfacet
  facet normal 0 -0.109509 0.993986
    outer loop
      vertex -1 2.21747 14.9077
      vertex 1 2.17844 14.9034
      vertex 1 2.21747 14.9077
    endloop
  endfacet
  facet normal 0 -0.109509 0.993986
    outer loop
      vertex 1 2.17844 14.9034
      vertex -1 2.21747 14.9077
      vertex -1 2.17844 14.9034
    endloop
  endfacet
  facet normal 0 -0.0229181 -0.999737
    outer loop
      vertex -1 2.1 16.7
      vertex 1 2.13926 16.6991
      vertex 1 2.1 16.7
    endloop
  endfacet
  facet normal -0 -0.0229181 -0.999737
    outer loop
      vertex 1 2.13926 16.6991
      vertex -1 2.1 16.7
      vertex -1 2.13926 16.6991
    endloop
  endfacet
  facet normal 0 -0.481205 -0.876608
    outer loop
      vertex -1 2.51557 16.5983
      vertex 1 2.55 16.5794
      vertex 1 2.51557 16.5983
    endloop
  endfacet
  facet normal -0 -0.481205 -0.876608
    outer loop
      vertex 1 2.55 16.5794
      vertex -1 2.51557 16.5983
      vertex -1 2.55 16.5794
    endloop
  endfacet
  facet normal -0 0.320962 0.947092
    outer loop
      vertex -1 1.82936 14.9417
      vertex 1 1.79218 14.9543
      vertex 1 1.82936 14.9417
    endloop
  endfacet
  facet normal 0 0.320962 0.947092
    outer loop
      vertex 1 1.79218 14.9543
      vertex -1 1.82936 14.9417
      vertex -1 1.79218 14.9543
    endloop
  endfacet
  facet normal 0 -0.0636786 -0.99797
    outer loop
      vertex -1 2.13926 16.6991
      vertex 1 2.17844 16.6966
      vertex 1 2.13926 16.6991
    endloop
  endfacet
  facet normal -0 -0.0636786 -0.99797
    outer loop
      vertex 1 2.17844 16.6966
      vertex -1 2.13926 16.6991
      vertex -1 2.17844 16.6966
    endloop
  endfacet
  facet normal 0 -0.443033 -0.896505
    outer loop
      vertex -1 2.48036 16.6157
      vertex 1 2.51557 16.5983
      vertex 1 2.48036 16.6157
    endloop
  endfacet
  facet normal -0 -0.443033 -0.896505
    outer loop
      vertex 1 2.51557 16.5983
      vertex -1 2.48036 16.6157
      vertex -1 2.51557 16.5983
    endloop
  endfacet
  facet normal 0 -0.96004 -0.279863
    outer loop
      vertex -1 2.96933 16.0329
      vertex 1 2.95834 16.0706
      vertex -1 2.95834 16.0706
    endloop
  endfacet
  facet normal 0 -0.96004 -0.279863
    outer loop
      vertex 1 2.95834 16.0706
      vertex -1 2.96933 16.0329
      vertex 1 2.96933 16.0329
    endloop
  endfacet
  facet normal 0 -0.971242 0.238094
    outer loop
      vertex -1 2.96933 15.5671
      vertex 1 2.97867 15.6052
      vertex -1 2.97867 15.6052
    endloop
  endfacet
  facet normal 0 -0.971242 0.238094
    outer loop
      vertex 1 2.97867 15.6052
      vertex -1 2.96933 15.5671
      vertex 1 2.96933 15.5671
    endloop
  endfacet
  facet normal -0 0.152784 0.98826
    outer loop
      vertex -1 1.98253 14.9077
      vertex 1 1.94372 14.9137
      vertex 1 1.98253 14.9077
    endloop
  endfacet
  facet normal 0 0.152784 0.98826
    outer loop
      vertex 1 1.94372 14.9137
      vertex -1 1.98253 14.9077
      vertex -1 1.94372 14.9137
    endloop
  endfacet
  facet normal 0 -0.2393 -0.970946
    outer loop
      vertex -1 2.2948 16.6787
      vertex 1 2.33294 16.6693
      vertex 1 2.2948 16.6787
    endloop
  endfacet
  facet normal -0 -0.2393 -0.970946
    outer loop
      vertex 1 2.33294 16.6693
      vertex -1 2.2948 16.6787
      vertex -1 2.33294 16.6693
    endloop
  endfacet
  facet normal 0 -0.557046 -0.830482
    outer loop
      vertex -1 2.58357 16.5591
      vertex 1 2.61622 16.5372
      vertex 1 2.58357 16.5591
    endloop
  endfacet
  facet normal -0 -0.557046 -0.830482
    outer loop
      vertex 1 2.61622 16.5372
      vertex -1 2.58357 16.5591
      vertex -1 2.61622 16.5372
    endloop
  endfacet
  facet normal 0 0.557046 -0.830482
    outer loop
      vertex -1 1.58378 16.5372
      vertex 1 1.61643 16.5591
      vertex 1 1.58378 16.5372
    endloop
  endfacet
  facet normal 0 0.557046 -0.830482
    outer loop
      vertex 1 1.61643 16.5591
      vertex -1 1.58378 16.5372
      vertex -1 1.61643 16.5591
    endloop
  endfacet
  facet normal 0 -0.402355 -0.915484
    outer loop
      vertex -1 2.44441 16.6315
      vertex 1 2.48036 16.6157
      vertex 1 2.44441 16.6315
    endloop
  endfacet
  facet normal -0 -0.402355 -0.915484
    outer loop
      vertex 1 2.48036 16.6157
      vertex -1 2.44441 16.6315
      vertex -1 2.48036 16.6157
    endloop
  endfacet
  facet normal 0 0.280098 -0.959971
    outer loop
      vertex -1 1.82936 16.6583
      vertex 1 1.86706 16.6693
      vertex 1 1.82936 16.6583
    endloop
  endfacet
  facet normal 0 0.280098 -0.959971
    outer loop
      vertex 1 1.86706 16.6693
      vertex -1 1.82936 16.6583
      vertex -1 1.86706 16.6693
    endloop
  endfacet
  facet normal 0 -0.692066 0.721835
    outer loop
      vertex -1 2.7364 15.1636
      vertex 1 2.70803 15.1364
      vertex 1 2.7364 15.1636
    endloop
  endfacet
  facet normal 0 -0.692066 0.721835
    outer loop
      vertex 1 2.70803 15.1364
      vertex -1 2.7364 15.1636
      vertex -1 2.70803 15.1364
    endloop
  endfacet
  facet normal 0 0.980776 -0.195136
    outer loop
      vertex 1 1.21367 15.9563
      vertex -1 1.22133 15.9948
      vertex 1 1.22133 15.9948
    endloop
  endfacet
  facet normal 0 0.980776 -0.195136
    outer loop
      vertex -1 1.22133 15.9948
      vertex 1 1.21367 15.9563
      vertex -1 1.21367 15.9563
    endloop
  endfacet
  facet normal 0 0.946912 -0.321492
    outer loop
      vertex 1 1.24165 16.0706
      vertex -1 1.25428 16.1078
      vertex 1 1.25428 16.1078
    endloop
  endfacet
  facet normal 0 0.946912 -0.321492
    outer loop
      vertex -1 1.25428 16.1078
      vertex 1 1.24165 16.0706
      vertex -1 1.24165 16.0706
    endloop
  endfacet
  facet normal 0 -0.915596 -0.402099
    outer loop
      vertex -1 2.93149 16.1444
      vertex 1 2.91568 16.1804
      vertex -1 2.91568 16.1804
    endloop
  endfacet
  facet normal 0 -0.915596 -0.402099
    outer loop
      vertex 1 2.91568 16.1804
      vertex -1 2.93149 16.1444
      vertex 1 2.93149 16.1444
    endloop
  endfacet
  facet normal 0 0.988369 -0.152076
    outer loop
      vertex 1 1.2077 15.9175
      vertex -1 1.21367 15.9563
      vertex 1 1.21367 15.9563
    endloop
  endfacet
  facet normal 0 0.988369 -0.152076
    outer loop
      vertex -1 1.21367 15.9563
      vertex 1 1.2077 15.9175
      vertex -1 1.2077 15.9175
    endloop
  endfacet
  facet normal 0 0.517454 -0.855711
    outer loop
      vertex -1 1.61643 16.5591
      vertex 1 1.65 16.5794
      vertex 1 1.61643 16.5591
    endloop
  endfacet
  facet normal 0 0.517454 -0.855711
    outer loop
      vertex 1 1.65 16.5794
      vertex -1 1.61643 16.5591
      vertex -1 1.65 16.5794
    endloop
  endfacet
  facet normal 0 0.690355 -0.723471
    outer loop
      vertex -1 22.7636 16.4364
      vertex 1 22.792 16.4635
      vertex 1 22.7636 16.4364
    endloop
  endfacet
  facet normal 0 0.690355 -0.723471
    outer loop
      vertex 1 22.792 16.4635
      vertex -1 22.7636 16.4364
      vertex -1 22.792 16.4635
    endloop
  endfacet
  facet normal 0 0.947145 -0.320807
    outer loop
      vertex 1 22.5417 16.0706
      vertex -1 22.5543 16.1078
      vertex 1 22.5543 16.1078
    endloop
  endfacet
  facet normal 0 0.947145 -0.320807
    outer loop
      vertex -1 22.5543 16.1078
      vertex 1 22.5417 16.0706
      vertex -1 22.5417 16.0706
    endloop
  endfacet
  facet normal 0 -0.401886 0.91569
    outer loop
      vertex -1 23.7804 14.9843
      vertex 1 23.7444 14.9685
      vertex 1 23.7804 14.9843
    endloop
  endfacet
  facet normal 0 -0.401886 0.91569
    outer loop
      vertex 1 23.7444 14.9685
      vertex -1 23.7804 14.9843
      vertex -1 23.7444 14.9685
    endloop
  endfacet
  facet normal 0 0.723471 -0.690355
    outer loop
      vertex 1 22.7365 16.408
      vertex -1 22.7636 16.4364
      vertex 1 22.7636 16.4364
    endloop
  endfacet
  facet normal 0 0.723471 -0.690355
    outer loop
      vertex -1 22.7636 16.4364
      vertex 1 22.7365 16.408
      vertex -1 22.7365 16.408
    endloop
  endfacet
  facet normal 0 -0.557635 0.830086
    outer loop
      vertex -1 23.9162 15.0628
      vertex 1 23.8836 15.0409
      vertex 1 23.9162 15.0628
    endloop
  endfacet
  facet normal 0 -0.557635 0.830086
    outer loop
      vertex 1 23.8836 15.0409
      vertex -1 23.9162 15.0628
      vertex -1 23.8836 15.0409
    endloop
  endfacet
  facet normal 0 -0.994007 -0.109315
    outer loop
      vertex -1 24.2966 15.8784
      vertex 1 24.2923 15.9175
      vertex -1 24.2923 15.9175
    endloop
  endfacet
  facet normal 0 -0.994007 -0.109315
    outer loop
      vertex 1 24.2923 15.9175
      vertex -1 24.2966 15.8784
      vertex 1 24.2966 15.8784
    endloop
  endfacet
  facet normal 0 -0.91569 0.401886
    outer loop
      vertex -1 24.2157 15.4196
      vertex 1 24.2315 15.4556
      vertex -1 24.2315 15.4556
    endloop
  endfacet
  facet normal 0 -0.91569 0.401886
    outer loop
      vertex 1 24.2315 15.4556
      vertex -1 24.2157 15.4196
      vertex 1 24.2157 15.4196
    endloop
  endfacet
  facet normal -0 0.557635 0.830086
    outer loop
      vertex -1 22.9164 15.0409
      vertex 1 22.8838 15.0628
      vertex 1 22.9164 15.0409
    endloop
  endfacet
  facet normal 0 0.557635 0.830086
    outer loop
      vertex 1 22.8838 15.0628
      vertex -1 22.9164 15.0409
      vertex -1 22.8838 15.0628
    endloop
  endfacet
  facet normal 0 0.876431 0.481527
    outer loop
      vertex 1 22.6206 15.35
      vertex -1 22.6017 15.3844
      vertex 1 22.6017 15.3844
    endloop
  endfacet
  facet normal 0 0.876431 0.481527
    outer loop
      vertex -1 22.6017 15.3844
      vertex 1 22.6206 15.35
      vertex -1 22.6206 15.35
    endloop
  endfacet
  facet normal 0 -0.0638083 0.997962
    outer loop
      vertex -1 23.4784 14.9034
      vertex 1 23.4393 14.9009
      vertex 1 23.4784 14.9034
    endloop
  endfacet
  facet normal 0 -0.0638083 0.997962
    outer loop
      vertex 1 23.4393 14.9009
      vertex -1 23.4784 14.9034
      vertex -1 23.4393 14.9009
    endloop
  endfacet
  facet normal 0 0.239537 -0.970887
    outer loop
      vertex -1 23.1671 16.6693
      vertex 1 23.2052 16.6787
      vertex 1 23.1671 16.6693
    endloop
  endfacet
  facet normal 0 0.239537 -0.970887
    outer loop
      vertex 1 23.2052 16.6787
      vertex -1 23.1671 16.6693
      vertex -1 23.2052 16.6787
    endloop
  endfacet
  facet normal 0 -0.947145 -0.320807
    outer loop
      vertex -1 24.2583 16.0706
      vertex 1 24.2457 16.1078
      vertex -1 24.2457 16.1078
    endloop
  endfacet
  facet normal 0 -0.947145 -0.320807
    outer loop
      vertex 1 24.2457 16.1078
      vertex -1 24.2583 16.0706
      vertex 1 24.2583 16.0706
    endloop
  endfacet
  facet normal 0 0.999738 -0.0228948
    outer loop
      vertex 1 22.5 15.8
      vertex -1 22.5009 15.8393
      vertex 1 22.5009 15.8393
    endloop
  endfacet
  facet normal 0 0.999738 -0.0228948
    outer loop
      vertex -1 22.5009 15.8393
      vertex 1 22.5 15.8
      vertex -1 22.5 15.8
    endloop
  endfacet
  facet normal -0 0.193665 0.981068
    outer loop
      vertex -1 23.2437 14.9137
      vertex 1 23.2052 14.9213
      vertex 1 23.2437 14.9137
    endloop
  endfacet
  facet normal 0 0.193665 0.981068
    outer loop
      vertex 1 23.2052 14.9213
      vertex -1 23.2437 14.9137
      vertex -1 23.2052 14.9213
    endloop
  endfacet
  facet normal 0 -0.193665 0.981068
    outer loop
      vertex -1 23.5948 14.9213
      vertex 1 23.5563 14.9137
      vertex 1 23.5948 14.9213
    endloop
  endfacet
  facet normal 0 -0.193665 0.981068
    outer loop
      vertex 1 23.5563 14.9137
      vertex -1 23.5948 14.9213
      vertex -1 23.5563 14.9137
    endloop
  endfacet
  facet normal 0 -0.239537 -0.970887
    outer loop
      vertex -1 23.5948 16.6787
      vertex 1 23.6329 16.6693
      vertex 1 23.5948 16.6787
    endloop
  endfacet
  facet normal -0 -0.239537 -0.970887
    outer loop
      vertex 1 23.6329 16.6693
      vertex -1 23.5948 16.6787
      vertex -1 23.6329 16.6693
    endloop
  endfacet
  facet normal 0 0.997962 0.0638083
    outer loop
      vertex 1 22.5034 15.7216
      vertex -1 22.5009 15.7607
      vertex 1 22.5009 15.7607
    endloop
  endfacet
  facet normal 0 0.997962 0.0638083
    outer loop
      vertex -1 22.5009 15.7607
      vertex 1 22.5034 15.7216
      vertex -1 22.5034 15.7216
    endloop
  endfacet
  facet normal 0 -0.997962 -0.0638083
    outer loop
      vertex -1 24.2991 15.8393
      vertex 1 24.2966 15.8784
      vertex -1 24.2966 15.8784
    endloop
  endfacet
  facet normal 0 -0.997962 -0.0638083
    outer loop
      vertex 1 24.2966 15.8784
      vertex -1 24.2991 15.8393
      vertex 1 24.2991 15.8393
    endloop
  endfacet
  facet normal 0 -0.723471 0.690355
    outer loop
      vertex -1 24.0364 15.1636
      vertex 1 24.0635 15.192
      vertex -1 24.0635 15.192
    endloop
  endfacet
  facet normal 0 -0.723471 0.690355
    outer loop
      vertex 1 24.0635 15.192
      vertex -1 24.0364 15.1636
      vertex 1 24.0364 15.1636
    endloop
  endfacet
  facet normal 0 -0.751471 -0.659766
    outer loop
      vertex -1 24.0894 16.3785
      vertex 1 24.0635 16.408
      vertex -1 24.0635 16.408
    endloop
  endfacet
  facet normal 0 -0.751471 -0.659766
    outer loop
      vertex 1 24.0635 16.408
      vertex -1 24.0894 16.3785
      vertex 1 24.0894 16.3785
    endloop
  endfacet
  facet normal 0 -0.970887 -0.239537
    outer loop
      vertex -1 24.2787 15.9948
      vertex 1 24.2693 16.0329
      vertex -1 24.2693 16.0329
    endloop
  endfacet
  facet normal 0 -0.970887 -0.239537
    outer loop
      vertex 1 24.2693 16.0329
      vertex -1 24.2787 15.9948
      vertex 1 24.2787 15.9948
    endloop
  endfacet
  facet normal 0 0.932291 -0.361709
    outer loop
      vertex 1 22.5543 16.1078
      vertex -1 22.5685 16.1444
      vertex 1 22.5685 16.1444
    endloop
  endfacet
  facet normal 0 0.932291 -0.361709
    outer loop
      vertex -1 22.5685 16.1444
      vertex 1 22.5543 16.1078
      vertex -1 22.5543 16.1078
    endloop
  endfacet
  facet normal 0 0.0638083 -0.997962
    outer loop
      vertex -1 23.3216 16.6966
      vertex 1 23.3607 16.6991
      vertex 1 23.3216 16.6966
    endloop
  endfacet
  facet normal 0 0.0638083 -0.997962
    outer loop
      vertex 1 23.3607 16.6991
      vertex -1 23.3216 16.6966
      vertex -1 23.3607 16.6991
    endloop
  endfacet
  facet normal 0 0.970887 0.239537
    outer loop
      vertex 1 22.5307 15.5671
      vertex -1 22.5213 15.6052
      vertex 1 22.5213 15.6052
    endloop
  endfacet
  facet normal 0 0.970887 0.239537
    outer loop
      vertex -1 22.5213 15.6052
      vertex 1 22.5307 15.5671
      vertex -1 22.5307 15.5671
    endloop
  endfacet
  facet normal 0 -0.932291 0.361709
    outer loop
      vertex -1 24.2315 15.4556
      vertex 1 24.2457 15.4922
      vertex -1 24.2457 15.4922
    endloop
  endfacet
  facet normal 0 -0.932291 0.361709
    outer loop
      vertex 1 24.2457 15.4922
      vertex -1 24.2315 15.4556
      vertex 1 24.2315 15.4556
    endloop
  endfacet
  facet normal -0 0.691684 0.7222
    outer loop
      vertex -1 22.792 15.1364
      vertex 1 22.7636 15.1636
      vertex 1 22.792 15.1364
    endloop
  endfacet
  facet normal 0 0.691684 0.7222
    outer loop
      vertex 1 22.7636 15.1636
      vertex -1 22.792 15.1364
      vertex -1 22.7636 15.1636
    endloop
  endfacet
  facet normal 0 -0.751471 0.659766
    outer loop
      vertex -1 24.0635 15.192
      vertex 1 24.0894 15.2215
      vertex -1 24.0894 15.2215
    endloop
  endfacet
  facet normal 0 -0.751471 0.659766
    outer loop
      vertex 1 24.0894 15.2215
      vertex -1 24.0635 15.192
      vertex 1 24.0635 15.192
    endloop
  endfacet
  facet normal 0 -0.280098 0.959971
    outer loop
      vertex -1 23.6706 14.9417
      vertex 1 23.6329 14.9307
      vertex 1 23.6706 14.9417
    endloop
  endfacet
  facet normal 0 -0.280098 0.959971
    outer loop
      vertex 1 23.6329 14.9307
      vertex -1 23.6706 14.9417
      vertex -1 23.6329 14.9307
    endloop
  endfacet
  facet normal 0 -0.443134 -0.896455
    outer loop
      vertex -1 23.7804 16.6157
      vertex 1 23.8156 16.5983
      vertex 1 23.7804 16.6157
    endloop
  endfacet
  facet normal -0 -0.443134 -0.896455
    outer loop
      vertex 1 23.8156 16.5983
      vertex -1 23.7804 16.6157
      vertex -1 23.8156 16.5983
    endloop
  endfacet
  facet normal 0 -0.970887 0.239537
    outer loop
      vertex -1 24.2693 15.5671
      vertex 1 24.2787 15.6052
      vertex -1 24.2787 15.6052
    endloop
  endfacet
  facet normal 0 -0.970887 0.239537
    outer loop
      vertex 1 24.2787 15.6052
      vertex -1 24.2693 15.5671
      vertex 1 24.2693 15.5671
    endloop
  endfacet
  facet normal 0 -0.401886 -0.91569
    outer loop
      vertex -1 23.7444 16.6315
      vertex 1 23.7804 16.6157
      vertex 1 23.7444 16.6315
    endloop
  endfacet
  facet normal -0 -0.401886 -0.91569
    outer loop
      vertex 1 23.7804 16.6157
      vertex -1 23.7444 16.6315
      vertex -1 23.7804 16.6157
    endloop
  endfacet
  facet normal 0 -0.0228948 0.999738
    outer loop
      vertex -1 23.4393 14.9009
      vertex 1 23.4 14.9
      vertex 1 23.4393 14.9009
    endloop
  endfacet
  facet normal 0 -0.0228948 0.999738
    outer loop
      vertex 1 23.4 14.9
      vertex -1 23.4393 14.9009
      vertex -1 23.4 14.9
    endloop
  endfacet
  facet normal 0 0.443134 -0.896455
    outer loop
      vertex -1 22.9844 16.5983
      vertex 1 23.0196 16.6157
      vertex 1 22.9844 16.5983
    endloop
  endfacet
  facet normal 0 0.443134 -0.896455
    outer loop
      vertex 1 23.0196 16.6157
      vertex -1 22.9844 16.5983
      vertex -1 23.0196 16.6157
    endloop
  endfacet
  facet normal 0 0.994007 0.109315
    outer loop
      vertex 1 22.5077 15.6825
      vertex -1 22.5034 15.7216
      vertex 1 22.5034 15.7216
    endloop
  endfacet
  facet normal 0 0.994007 0.109315
    outer loop
      vertex -1 22.5034 15.7216
      vertex 1 22.5077 15.6825
      vertex -1 22.5077 15.6825
    endloop
  endfacet
  facet normal 0 -0.855916 0.517116
    outer loop
      vertex -1 24.1591 15.3164
      vertex 1 24.1794 15.35
      vertex -1 24.1794 15.35
    endloop
  endfacet
  facet normal 0 -0.855916 0.517116
    outer loop
      vertex 1 24.1794 15.35
      vertex -1 24.1591 15.3164
      vertex 1 24.1591 15.3164
    endloop
  endfacet
  facet normal 0 0.481527 -0.876431
    outer loop
      vertex -1 22.95 16.5794
      vertex 1 22.9844 16.5983
      vertex 1 22.95 16.5794
    endloop
  endfacet
  facet normal 0 0.481527 -0.876431
    outer loop
      vertex 1 22.9844 16.5983
      vertex -1 22.95 16.5794
      vertex -1 22.9844 16.5983
    endloop
  endfacet
  facet normal -0 0.0638083 0.997962
    outer loop
      vertex -1 23.3607 14.9009
      vertex 1 23.3216 14.9034
      vertex 1 23.3607 14.9009
    endloop
  endfacet
  facet normal 0 0.0638083 0.997962
    outer loop
      vertex 1 23.3216 14.9034
      vertex -1 23.3607 14.9009
      vertex -1 23.3216 14.9034
    endloop
  endfacet
  facet normal 0 0.981068 0.193665
    outer loop
      vertex 1 22.5213 15.6052
      vertex -1 22.5137 15.6437
      vertex 1 22.5137 15.6437
    endloop
  endfacet
  facet normal 0 0.981068 0.193665
    outer loop
      vertex -1 22.5137 15.6437
      vertex 1 22.5213 15.6052
      vertex -1 22.5213 15.6052
    endloop
  endfacet
  facet normal -0 0.590591 0.806971
    outer loop
      vertex -1 22.8838 15.0628
      vertex 1 22.8521 15.086
      vertex 1 22.8838 15.0628
    endloop
  endfacet
  facet normal 0 0.590591 0.806971
    outer loop
      vertex 1 22.8521 15.086
      vertex -1 22.8838 15.0628
      vertex -1 22.8521 15.086
    endloop
  endfacet
  facet normal -0 0.152823 0.988254
    outer loop
      vertex -1 23.2825 14.9077
      vertex 1 23.2437 14.9137
      vertex 1 23.2825 14.9077
    endloop
  endfacet
  facet normal 0 0.152823 0.988254
    outer loop
      vertex 1 23.2437 14.9137
      vertex -1 23.2825 14.9077
      vertex -1 23.2437 14.9137
    endloop
  endfacet
  facet normal 0 -0.590591 -0.806971
    outer loop
      vertex -1 23.9162 16.5372
      vertex 1 23.9479 16.514
      vertex 1 23.9162 16.5372
    endloop
  endfacet
  facet normal -0 -0.590591 -0.806971
    outer loop
      vertex 1 23.9479 16.514
      vertex -1 23.9162 16.5372
      vertex -1 23.9479 16.514
    endloop
  endfacet
  facet normal 0 -0.361709 -0.932291
    outer loop
      vertex -1 23.7078 16.6457
      vertex 1 23.7444 16.6315
      vertex 1 23.7078 16.6457
    endloop
  endfacet
  facet normal -0 -0.361709 -0.932291
    outer loop
      vertex 1 23.7444 16.6315
      vertex -1 23.7078 16.6457
      vertex -1 23.7444 16.6315
    endloop
  endfacet
  facet normal 0 -0.855916 -0.517116
    outer loop
      vertex -1 24.1794 16.25
      vertex 1 24.1591 16.2836
      vertex -1 24.1591 16.2836
    endloop
  endfacet
  facet normal 0 -0.855916 -0.517116
    outer loop
      vertex 1 24.1591 16.2836
      vertex -1 24.1794 16.25
      vertex 1 24.1794 16.25
    endloop
  endfacet
  facet normal -0 0.443134 0.896455
    outer loop
      vertex -1 23.0196 14.9843
      vertex 1 22.9844 15.0017
      vertex 1 23.0196 14.9843
    endloop
  endfacet
  facet normal 0 0.443134 0.896455
    outer loop
      vertex 1 22.9844 15.0017
      vertex -1 23.0196 14.9843
      vertex -1 22.9844 15.0017
    endloop
  endfacet
  facet normal 0 0.988254 0.152823
    outer loop
      vertex 1 22.5137 15.6437
      vertex -1 22.5077 15.6825
      vertex 1 22.5077 15.6825
    endloop
  endfacet
  facet normal 0 0.988254 0.152823
    outer loop
      vertex -1 22.5077 15.6825
      vertex 1 22.5137 15.6437
      vertex -1 22.5137 15.6437
    endloop
  endfacet
  facet normal 0 -0.691684 0.7222
    outer loop
      vertex -1 24.0364 15.1636
      vertex 1 24.008 15.1364
      vertex 1 24.0364 15.1636
    endloop
  endfacet
  facet normal 0 -0.691684 0.7222
    outer loop
      vertex 1 24.008 15.1364
      vertex -1 24.0364 15.1636
      vertex -1 24.008 15.1364
    endloop
  endfacet
  facet normal -0 0.280098 0.959971
    outer loop
      vertex -1 23.1671 14.9307
      vertex 1 23.1294 14.9417
      vertex 1 23.1671 14.9307
    endloop
  endfacet
  facet normal 0 0.280098 0.959971
    outer loop
      vertex 1 23.1294 14.9417
      vertex -1 23.1671 14.9307
      vertex -1 23.1294 14.9417
    endloop
  endfacet
  facet normal 0 -0.830086 0.557635
    outer loop
      vertex -1 24.1372 15.2838
      vertex 1 24.1591 15.3164
      vertex -1 24.1591 15.3164
    endloop
  endfacet
  facet normal 0 -0.830086 0.557635
    outer loop
      vertex 1 24.1591 15.3164
      vertex -1 24.1372 15.2838
      vertex 1 24.1372 15.2838
    endloop
  endfacet
  facet normal 0 0.896455 -0.443134
    outer loop
      vertex 1 22.5843 16.1804
      vertex -1 22.6017 16.2156
      vertex 1 22.6017 16.2156
    endloop
  endfacet
  facet normal 0 0.896455 -0.443134
    outer loop
      vertex -1 22.6017 16.2156
      vertex 1 22.5843 16.1804
      vertex -1 22.5843 16.1804
    endloop
  endfacet
  facet normal 0 -0.999738 -0.0228948
    outer loop
      vertex -1 24.3 15.8
      vertex 1 24.2991 15.8393
      vertex -1 24.2991 15.8393
    endloop
  endfacet
  facet normal 0 -0.999738 -0.0228948
    outer loop
      vertex 1 24.2991 15.8393
      vertex -1 24.3 15.8
      vertex 1 24.3 15.8
    endloop
  endfacet
  facet normal 0 -0.988254 -0.152823
    outer loop
      vertex -1 24.2923 15.9175
      vertex 1 24.2863 15.9563
      vertex -1 24.2863 15.9563
    endloop
  endfacet
  facet normal 0 -0.988254 -0.152823
    outer loop
      vertex 1 24.2863 15.9563
      vertex -1 24.2923 15.9175
      vertex 1 24.2923 15.9175
    endloop
  endfacet
  facet normal 0 0.806971 0.590591
    outer loop
      vertex 1 22.686 15.2521
      vertex -1 22.6628 15.2838
      vertex 1 22.6628 15.2838
    endloop
  endfacet
  facet normal 0 0.806971 0.590591
    outer loop
      vertex -1 22.6628 15.2838
      vertex 1 22.686 15.2521
      vertex -1 22.686 15.2521
    endloop
  endfacet
  facet normal 0 0.779376 -0.626557
    outer loop
      vertex 1 22.686 16.3479
      vertex -1 22.7106 16.3785
      vertex 1 22.7106 16.3785
    endloop
  endfacet
  facet normal 0 0.779376 -0.626557
    outer loop
      vertex -1 22.7106 16.3785
      vertex 1 22.686 16.3479
      vertex -1 22.686 16.3479
    endloop
  endfacet
  facet normal 0 0.932291 0.361709
    outer loop
      vertex 1 22.5685 15.4556
      vertex -1 22.5543 15.4922
      vertex 1 22.5543 15.4922
    endloop
  endfacet
  facet normal 0 0.932291 0.361709
    outer loop
      vertex -1 22.5543 15.4922
      vertex 1 22.5685 15.4556
      vertex -1 22.5685 15.4556
    endloop
  endfacet
  facet normal 0 0.91569 0.401886
    outer loop
      vertex 1 22.5843 15.4196
      vertex -1 22.5685 15.4556
      vertex 1 22.5685 15.4556
    endloop
  endfacet
  facet normal 0 0.91569 0.401886
    outer loop
      vertex -1 22.5685 15.4556
      vertex 1 22.5843 15.4196
      vertex -1 22.5843 15.4196
    endloop
  endfacet
  facet normal 0 0.109315 -0.994007
    outer loop
      vertex -1 23.2825 16.6923
      vertex 1 23.3216 16.6966
      vertex 1 23.2825 16.6923
    endloop
  endfacet
  facet normal 0 0.109315 -0.994007
    outer loop
      vertex 1 23.3216 16.6966
      vertex -1 23.2825 16.6923
      vertex -1 23.3216 16.6966
    endloop
  endfacet
  facet normal 0 0.988254 -0.152823
    outer loop
      vertex 1 22.5077 15.9175
      vertex -1 22.5137 15.9563
      vertex 1 22.5137 15.9563
    endloop
  endfacet
  facet normal 0 0.988254 -0.152823
    outer loop
      vertex -1 22.5137 15.9563
      vertex 1 22.5077 15.9175
      vertex -1 22.5077 15.9175
    endloop
  endfacet
  facet normal 0 -0.947145 0.320807
    outer loop
      vertex -1 24.2457 15.4922
      vertex 1 24.2583 15.5294
      vertex -1 24.2583 15.5294
    endloop
  endfacet
  facet normal 0 -0.947145 0.320807
    outer loop
      vertex 1 24.2583 15.5294
      vertex -1 24.2457 15.4922
      vertex 1 24.2457 15.4922
    endloop
  endfacet
  facet normal 0 -0.830086 -0.557635
    outer loop
      vertex -1 24.1591 16.2836
      vertex 1 24.1372 16.3162
      vertex -1 24.1372 16.3162
    endloop
  endfacet
  facet normal 0 -0.830086 -0.557635
    outer loop
      vertex 1 24.1372 16.3162
      vertex -1 24.1591 16.2836
      vertex 1 24.1591 16.2836
    endloop
  endfacet
  facet normal 0 -0.517116 0.855916
    outer loop
      vertex -1 23.8836 15.0409
      vertex 1 23.85 15.0206
      vertex 1 23.8836 15.0409
    endloop
  endfacet
  facet normal 0 -0.517116 0.855916
    outer loop
      vertex 1 23.85 15.0206
      vertex -1 23.8836 15.0409
      vertex -1 23.85 15.0206
    endloop
  endfacet
  facet normal 0 -0.999738 0.0228948
    outer loop
      vertex -1 24.2991 15.7607
      vertex 1 24.3 15.8
      vertex -1 24.3 15.8
    endloop
  endfacet
  facet normal 0 -0.999738 0.0228948
    outer loop
      vertex 1 24.3 15.8
      vertex -1 24.2991 15.7607
      vertex 1 24.2991 15.7607
    endloop
  endfacet
  facet normal 0 -0.320807 -0.947145
    outer loop
      vertex -1 23.6706 16.6583
      vertex 1 23.7078 16.6457
      vertex 1 23.6706 16.6583
    endloop
  endfacet
  facet normal -0 -0.320807 -0.947145
    outer loop
      vertex 1 23.7078 16.6457
      vertex -1 23.6706 16.6583
      vertex -1 23.7078 16.6457
    endloop
  endfacet
  facet normal -0 0.0228948 0.999738
    outer loop
      vertex -1 23.4 14.9
      vertex 1 23.3607 14.9009
      vertex 1 23.4 14.9
    endloop
  endfacet
  facet normal 0 0.0228948 0.999738
    outer loop
      vertex 1 23.3607 14.9009
      vertex -1 23.4 14.9
      vertex -1 23.3607 14.9009
    endloop
  endfacet
  facet normal 0 -0.320807 0.947145
    outer loop
      vertex -1 23.7078 14.9543
      vertex 1 23.6706 14.9417
      vertex 1 23.7078 14.9543
    endloop
  endfacet
  facet normal 0 -0.320807 0.947145
    outer loop
      vertex 1 23.6706 14.9417
      vertex -1 23.7078 14.9543
      vertex -1 23.6706 14.9417
    endloop
  endfacet
  facet normal 0 0.876431 -0.481527
    outer loop
      vertex 1 22.6017 16.2156
      vertex -1 22.6206 16.25
      vertex 1 22.6206 16.25
    endloop
  endfacet
  facet normal 0 0.876431 -0.481527
    outer loop
      vertex -1 22.6206 16.25
      vertex 1 22.6017 16.2156
      vertex -1 22.6017 16.2156
    endloop
  endfacet
  facet normal -0 0.658324 0.752735
    outer loop
      vertex -1 22.8215 15.1106
      vertex 1 22.792 15.1364
      vertex 1 22.8215 15.1106
    endloop
  endfacet
  facet normal 0 0.658324 0.752735
    outer loop
      vertex 1 22.792 15.1364
      vertex -1 22.8215 15.1106
      vertex -1 22.792 15.1364
    endloop
  endfacet
  facet normal 0 0.997962 -0.0638083
    outer loop
      vertex 1 22.5009 15.8393
      vertex -1 22.5034 15.8784
      vertex 1 22.5034 15.8784
    endloop
  endfacet
  facet normal 0 0.997962 -0.0638083
    outer loop
      vertex -1 22.5034 15.8784
      vertex 1 22.5009 15.8393
      vertex -1 22.5009 15.8393
    endloop
  endfacet
  facet normal 0 -0.361709 0.932291
    outer loop
      vertex -1 23.7444 14.9685
      vertex 1 23.7078 14.9543
      vertex 1 23.7444 14.9685
    endloop
  endfacet
  facet normal 0 -0.361709 0.932291
    outer loop
      vertex 1 23.7078 14.9543
      vertex -1 23.7444 14.9685
      vertex -1 23.7078 14.9543
    endloop
  endfacet
  facet normal 0 0.626557 -0.779376
    outer loop
      vertex -1 22.8215 16.4894
      vertex 1 22.8521 16.514
      vertex 1 22.8215 16.4894
    endloop
  endfacet
  facet normal 0 0.626557 -0.779376
    outer loop
      vertex 1 22.8521 16.514
      vertex -1 22.8215 16.4894
      vertex -1 22.8521 16.514
    endloop
  endfacet
  facet normal 0 -0.239537 0.970887
    outer loop
      vertex -1 23.6329 14.9307
      vertex 1 23.5948 14.9213
      vertex 1 23.6329 14.9307
    endloop
  endfacet
  facet normal 0 -0.239537 0.970887
    outer loop
      vertex 1 23.5948 14.9213
      vertex -1 23.6329 14.9307
      vertex -1 23.5948 14.9213
    endloop
  endfacet
  facet normal 0 -0.481527 -0.876431
    outer loop
      vertex -1 23.8156 16.5983
      vertex 1 23.85 16.5794
      vertex 1 23.8156 16.5983
    endloop
  endfacet
  facet normal -0 -0.481527 -0.876431
    outer loop
      vertex 1 23.85 16.5794
      vertex -1 23.8156 16.5983
      vertex -1 23.85 16.5794
    endloop
  endfacet
  facet normal 0 -0.481527 0.876431
    outer loop
      vertex -1 23.85 15.0206
      vertex 1 23.8156 15.0017
      vertex 1 23.85 15.0206
    endloop
  endfacet
  facet normal 0 -0.481527 0.876431
    outer loop
      vertex 1 23.8156 15.0017
      vertex -1 23.85 15.0206
      vertex -1 23.8156 15.0017
    endloop
  endfacet
  facet normal 0 -0.443134 0.896455
    outer loop
      vertex -1 23.8156 15.0017
      vertex 1 23.7804 14.9843
      vertex 1 23.8156 15.0017
    endloop
  endfacet
  facet normal 0 -0.443134 0.896455
    outer loop
      vertex 1 23.7804 14.9843
      vertex -1 23.8156 15.0017
      vertex -1 23.7804 14.9843
    endloop
  endfacet
  facet normal 0 -0.109315 0.994007
    outer loop
      vertex -1 23.5175 14.9077
      vertex 1 23.4784 14.9034
      vertex 1 23.5175 14.9077
    endloop
  endfacet
  facet normal 0 -0.109315 0.994007
    outer loop
      vertex 1 23.4784 14.9034
      vertex -1 23.5175 14.9077
      vertex -1 23.4784 14.9034
    endloop
  endfacet
  facet normal 0 0.855916 0.517116
    outer loop
      vertex 1 22.6409 15.3164
      vertex -1 22.6206 15.35
      vertex 1 22.6206 15.35
    endloop
  endfacet
  facet normal 0 0.855916 0.517116
    outer loop
      vertex -1 22.6206 15.35
      vertex 1 22.6409 15.3164
      vertex -1 22.6409 15.3164
    endloop
  endfacet
  facet normal 0 0.779376 0.626557
    outer loop
      vertex 1 22.7106 15.2215
      vertex -1 22.686 15.2521
      vertex 1 22.686 15.2521
    endloop
  endfacet
  facet normal 0 0.779376 0.626557
    outer loop
      vertex -1 22.686 15.2521
      vertex 1 22.7106 15.2215
      vertex -1 22.7106 15.2215
    endloop
  endfacet
  facet normal 0 0.659766 -0.751471
    outer loop
      vertex -1 22.792 16.4635
      vertex 1 22.8215 16.4894
      vertex 1 22.792 16.4635
    endloop
  endfacet
  facet normal 0 0.659766 -0.751471
    outer loop
      vertex 1 22.8215 16.4894
      vertex -1 22.792 16.4635
      vertex -1 22.8215 16.4894
    endloop
  endfacet
  facet normal 0 0.361709 -0.932291
    outer loop
      vertex -1 23.0556 16.6315
      vertex 1 23.0922 16.6457
      vertex 1 23.0556 16.6315
    endloop
  endfacet
  facet normal 0 0.361709 -0.932291
    outer loop
      vertex 1 23.0922 16.6457
      vertex -1 23.0556 16.6315
      vertex -1 23.0922 16.6457
    endloop
  endfacet
  facet normal 0 0.557635 -0.830086
    outer loop
      vertex -1 22.8838 16.5372
      vertex 1 22.9164 16.5591
      vertex 1 22.8838 16.5372
    endloop
  endfacet
  facet normal 0 0.557635 -0.830086
    outer loop
      vertex 1 22.9164 16.5591
      vertex -1 22.8838 16.5372
      vertex -1 22.9164 16.5591
    endloop
  endfacet
  facet normal 0 -0.152823 -0.988254
    outer loop
      vertex -1 23.5175 16.6923
      vertex 1 23.5563 16.6863
      vertex 1 23.5175 16.6923
    endloop
  endfacet
  facet normal -0 -0.152823 -0.988254
    outer loop
      vertex 1 23.5563 16.6863
      vertex -1 23.5175 16.6923
      vertex -1 23.5563 16.6863
    endloop
  endfacet
  facet normal 0 -0.280098 -0.959971
    outer loop
      vertex -1 23.6329 16.6693
      vertex 1 23.6706 16.6583
      vertex 1 23.6329 16.6693
    endloop
  endfacet
  facet normal -0 -0.280098 -0.959971
    outer loop
      vertex 1 23.6706 16.6583
      vertex -1 23.6329 16.6693
      vertex -1 23.6706 16.6583
    endloop
  endfacet
  facet normal 0 -0.0638083 -0.997962
    outer loop
      vertex -1 23.4393 16.6991
      vertex 1 23.4784 16.6966
      vertex 1 23.4393 16.6991
    endloop
  endfacet
  facet normal -0 -0.0638083 -0.997962
    outer loop
      vertex 1 23.4784 16.6966
      vertex -1 23.4393 16.6991
      vertex -1 23.4784 16.6966
    endloop
  endfacet
  facet normal 0 -0.876431 -0.481527
    outer loop
      vertex -1 24.1983 16.2156
      vertex 1 24.1794 16.25
      vertex -1 24.1794 16.25
    endloop
  endfacet
  facet normal 0 -0.876431 -0.481527
    outer loop
      vertex 1 24.1794 16.25
      vertex -1 24.1983 16.2156
      vertex 1 24.1983 16.2156
    endloop
  endfacet
  facet normal 0 -0.723471 -0.690355
    outer loop
      vertex -1 24.0635 16.408
      vertex 1 24.0364 16.4364
      vertex -1 24.0364 16.4364
    endloop
  endfacet
  facet normal 0 -0.723471 -0.690355
    outer loop
      vertex 1 24.0364 16.4364
      vertex -1 24.0635 16.408
      vertex 1 24.0635 16.408
    endloop
  endfacet
  facet normal 0 -0.806971 0.590591
    outer loop
      vertex -1 24.114 15.2521
      vertex 1 24.1372 15.2838
      vertex -1 24.1372 15.2838
    endloop
  endfacet
  facet normal 0 -0.806971 0.590591
    outer loop
      vertex 1 24.1372 15.2838
      vertex -1 24.114 15.2521
      vertex 1 24.114 15.2521
    endloop
  endfacet
  facet normal 0 0.959971 -0.280098
    outer loop
      vertex 1 22.5307 16.0329
      vertex -1 22.5417 16.0706
      vertex 1 22.5417 16.0706
    endloop
  endfacet
  facet normal 0 0.959971 -0.280098
    outer loop
      vertex -1 22.5417 16.0706
      vertex 1 22.5307 16.0329
      vertex -1 22.5307 16.0329
    endloop
  endfacet
  facet normal 0 0.0228948 -0.999738
    outer loop
      vertex -1 23.3607 16.6991
      vertex 1 23.4 16.7
      vertex 1 23.3607 16.6991
    endloop
  endfacet
  facet normal 0 0.0228948 -0.999738
    outer loop
      vertex 1 23.4 16.7
      vertex -1 23.3607 16.6991
      vertex -1 23.4 16.7
    endloop
  endfacet
  facet normal 0 -0.690355 -0.723471
    outer loop
      vertex -1 24.008 16.4635
      vertex 1 24.0364 16.4364
      vertex 1 24.008 16.4635
    endloop
  endfacet
  facet normal -0 -0.690355 -0.723471
    outer loop
      vertex 1 24.0364 16.4364
      vertex -1 24.008 16.4635
      vertex -1 24.0364 16.4364
    endloop
  endfacet
  facet normal 0 -0.152823 0.988254
    outer loop
      vertex -1 23.5563 14.9137
      vertex 1 23.5175 14.9077
      vertex 1 23.5563 14.9137
    endloop
  endfacet
  facet normal 0 -0.152823 0.988254
    outer loop
      vertex 1 23.5175 14.9077
      vertex -1 23.5563 14.9137
      vertex -1 23.5175 14.9077
    endloop
  endfacet
  facet normal 0 -0.997962 0.0638083
    outer loop
      vertex -1 24.2966 15.7216
      vertex 1 24.2991 15.7607
      vertex -1 24.2991 15.7607
    endloop
  endfacet
  facet normal 0 -0.997962 0.0638083
    outer loop
      vertex 1 24.2991 15.7607
      vertex -1 24.2966 15.7216
      vertex 1 24.2966 15.7216
    endloop
  endfacet
  facet normal 0 -0.994007 0.109315
    outer loop
      vertex -1 24.2923 15.6825
      vertex 1 24.2966 15.7216
      vertex -1 24.2966 15.7216
    endloop
  endfacet
  facet normal 0 -0.994007 0.109315
    outer loop
      vertex 1 24.2966 15.7216
      vertex -1 24.2923 15.6825
      vertex 1 24.2923 15.6825
    endloop
  endfacet
  facet normal 0 -0.981068 -0.193665
    outer loop
      vertex -1 24.2863 15.9563
      vertex 1 24.2787 15.9948
      vertex -1 24.2787 15.9948
    endloop
  endfacet
  facet normal 0 -0.981068 -0.193665
    outer loop
      vertex 1 24.2787 15.9948
      vertex -1 24.2863 15.9563
      vertex 1 24.2863 15.9563
    endloop
  endfacet
  facet normal 0 -0.932291 -0.361709
    outer loop
      vertex -1 24.2457 16.1078
      vertex 1 24.2315 16.1444
      vertex -1 24.2315 16.1444
    endloop
  endfacet
  facet normal 0 -0.932291 -0.361709
    outer loop
      vertex 1 24.2315 16.1444
      vertex -1 24.2457 16.1078
      vertex 1 24.2457 16.1078
    endloop
  endfacet
  facet normal 0 -0.590591 0.806971
    outer loop
      vertex -1 23.9479 15.086
      vertex 1 23.9162 15.0628
      vertex 1 23.9479 15.086
    endloop
  endfacet
  facet normal 0 -0.590591 0.806971
    outer loop
      vertex 1 23.9162 15.0628
      vertex -1 23.9479 15.086
      vertex -1 23.9162 15.0628
    endloop
  endfacet
  facet normal 0 -0.959971 0.280098
    outer loop
      vertex -1 24.2583 15.5294
      vertex 1 24.2693 15.5671
      vertex -1 24.2693 15.5671
    endloop
  endfacet
  facet normal 0 -0.959971 0.280098
    outer loop
      vertex 1 24.2693 15.5671
      vertex -1 24.2583 15.5294
      vertex 1 24.2583 15.5294
    endloop
  endfacet
  facet normal 0 0.981068 -0.193665
    outer loop
      vertex 1 22.5137 15.9563
      vertex -1 22.5213 15.9948
      vertex 1 22.5213 15.9948
    endloop
  endfacet
  facet normal 0 0.981068 -0.193665
    outer loop
      vertex -1 22.5213 15.9948
      vertex 1 22.5137 15.9563
      vertex -1 22.5137 15.9563
    endloop
  endfacet
  facet normal -0 0.320807 0.947145
    outer loop
      vertex -1 23.1294 14.9417
      vertex 1 23.0922 14.9543
      vertex 1 23.1294 14.9417
    endloop
  endfacet
  facet normal 0 0.320807 0.947145
    outer loop
      vertex 1 23.0922 14.9543
      vertex -1 23.1294 14.9417
      vertex -1 23.0922 14.9543
    endloop
  endfacet
  facet normal 0 0.855916 -0.517116
    outer loop
      vertex 1 22.6206 16.25
      vertex -1 22.6409 16.2836
      vertex 1 22.6409 16.2836
    endloop
  endfacet
  facet normal 0 0.855916 -0.517116
    outer loop
      vertex -1 22.6409 16.2836
      vertex 1 22.6206 16.25
      vertex -1 22.6206 16.25
    endloop
  endfacet
  facet normal 0 -0.981068 0.193665
    outer loop
      vertex -1 24.2787 15.6052
      vertex 1 24.2863 15.6437
      vertex -1 24.2863 15.6437
    endloop
  endfacet
  facet normal 0 -0.981068 0.193665
    outer loop
      vertex 1 24.2863 15.6437
      vertex -1 24.2787 15.6052
      vertex 1 24.2787 15.6052
    endloop
  endfacet
  facet normal 0 0.896455 0.443134
    outer loop
      vertex 1 22.6017 15.3844
      vertex -1 22.5843 15.4196
      vertex 1 22.5843 15.4196
    endloop
  endfacet
  facet normal 0 0.896455 0.443134
    outer loop
      vertex -1 22.5843 15.4196
      vertex 1 22.6017 15.3844
      vertex -1 22.6017 15.3844
    endloop
  endfacet
  facet normal 0 0.999738 0.0228948
    outer loop
      vertex 1 22.5009 15.7607
      vertex -1 22.5 15.8
      vertex 1 22.5 15.8
    endloop
  endfacet
  facet normal 0 0.999738 0.0228948
    outer loop
      vertex -1 22.5 15.8
      vertex 1 22.5009 15.7607
      vertex -1 22.5009 15.7607
    endloop
  endfacet
  facet normal 0 0.830086 0.557635
    outer loop
      vertex 1 22.6628 15.2838
      vertex -1 22.6409 15.3164
      vertex 1 22.6409 15.3164
    endloop
  endfacet
  facet normal 0 0.830086 0.557635
    outer loop
      vertex -1 22.6409 15.3164
      vertex 1 22.6628 15.2838
      vertex -1 22.6628 15.2838
    endloop
  endfacet
  facet normal 0 -0.626557 -0.779376
    outer loop
      vertex -1 23.9479 16.514
      vertex 1 23.9785 16.4894
      vertex 1 23.9479 16.514
    endloop
  endfacet
  facet normal -0 -0.626557 -0.779376
    outer loop
      vertex 1 23.9785 16.4894
      vertex -1 23.9479 16.514
      vertex -1 23.9785 16.4894
    endloop
  endfacet
  facet normal 0 0.193665 -0.981068
    outer loop
      vertex -1 23.2052 16.6787
      vertex 1 23.2437 16.6863
      vertex 1 23.2052 16.6787
    endloop
  endfacet
  facet normal 0 0.193665 -0.981068
    outer loop
      vertex 1 23.2437 16.6863
      vertex -1 23.2052 16.6787
      vertex -1 23.2437 16.6863
    endloop
  endfacet
  facet normal 0 -0.876431 0.481527
    outer loop
      vertex -1 24.1794 15.35
      vertex 1 24.1983 15.3844
      vertex -1 24.1983 15.3844
    endloop
  endfacet
  facet normal 0 -0.876431 0.481527
    outer loop
      vertex 1 24.1983 15.3844
      vertex -1 24.1794 15.35
      vertex 1 24.1794 15.35
    endloop
  endfacet
  facet normal 0 -0.896455 0.443134
    outer loop
      vertex -1 24.1983 15.3844
      vertex 1 24.2157 15.4196
      vertex -1 24.2157 15.4196
    endloop
  endfacet
  facet normal 0 -0.896455 0.443134
    outer loop
      vertex 1 24.2157 15.4196
      vertex -1 24.1983 15.3844
      vertex 1 24.1983 15.3844
    endloop
  endfacet
  facet normal 0 0.320807 -0.947145
    outer loop
      vertex -1 23.0922 16.6457
      vertex 1 23.1294 16.6583
      vertex 1 23.0922 16.6457
    endloop
  endfacet
  facet normal 0 0.320807 -0.947145
    outer loop
      vertex 1 23.1294 16.6583
      vertex -1 23.0922 16.6457
      vertex -1 23.1294 16.6583
    endloop
  endfacet
  facet normal 0 0.401886 -0.91569
    outer loop
      vertex -1 23.0196 16.6157
      vertex 1 23.0556 16.6315
      vertex 1 23.0196 16.6157
    endloop
  endfacet
  facet normal 0 0.401886 -0.91569
    outer loop
      vertex 1 23.0556 16.6315
      vertex -1 23.0196 16.6157
      vertex -1 23.0556 16.6315
    endloop
  endfacet
  facet normal 0 -0.779376 0.626557
    outer loop
      vertex -1 24.0894 15.2215
      vertex 1 24.114 15.2521
      vertex -1 24.114 15.2521
    endloop
  endfacet
  facet normal 0 -0.779376 0.626557
    outer loop
      vertex 1 24.114 15.2521
      vertex -1 24.0894 15.2215
      vertex 1 24.0894 15.2215
    endloop
  endfacet
  facet normal 0 0.994007 -0.109315
    outer loop
      vertex 1 22.5034 15.8784
      vertex -1 22.5077 15.9175
      vertex 1 22.5077 15.9175
    endloop
  endfacet
  facet normal 0 0.994007 -0.109315
    outer loop
      vertex -1 22.5077 15.9175
      vertex 1 22.5034 15.8784
      vertex -1 22.5034 15.8784
    endloop
  endfacet
  facet normal 0 -0.659766 -0.751471
    outer loop
      vertex -1 23.9785 16.4894
      vertex 1 24.008 16.4635
      vertex 1 23.9785 16.4894
    endloop
  endfacet
  facet normal -0 -0.659766 -0.751471
    outer loop
      vertex 1 24.008 16.4635
      vertex -1 23.9785 16.4894
      vertex -1 24.008 16.4635
    endloop
  endfacet
  facet normal 0 -0.109315 -0.994007
    outer loop
      vertex -1 23.4784 16.6966
      vertex 1 23.5175 16.6923
      vertex 1 23.4784 16.6966
    endloop
  endfacet
  facet normal -0 -0.109315 -0.994007
    outer loop
      vertex 1 23.5175 16.6923
      vertex -1 23.4784 16.6966
      vertex -1 23.5175 16.6923
    endloop
  endfacet
  facet normal 0 0.970887 -0.239537
    outer loop
      vertex 1 22.5213 15.9948
      vertex -1 22.5307 16.0329
      vertex 1 22.5307 16.0329
    endloop
  endfacet
  facet normal 0 0.970887 -0.239537
    outer loop
      vertex -1 22.5307 16.0329
      vertex 1 22.5213 15.9948
      vertex -1 22.5213 15.9948
    endloop
  endfacet
  facet normal 0 -0.557635 -0.830086
    outer loop
      vertex -1 23.8836 16.5591
      vertex 1 23.9162 16.5372
      vertex 1 23.8836 16.5591
    endloop
  endfacet
  facet normal -0 -0.557635 -0.830086
    outer loop
      vertex 1 23.9162 16.5372
      vertex -1 23.8836 16.5591
      vertex -1 23.9162 16.5372
    endloop
  endfacet
  facet normal 0 0.723471 0.690355
    outer loop
      vertex 1 22.7636 15.1636
      vertex -1 22.7365 15.192
      vertex 1 22.7365 15.192
    endloop
  endfacet
  facet normal 0 0.723471 0.690355
    outer loop
      vertex -1 22.7365 15.192
      vertex 1 22.7636 15.1636
      vertex -1 22.7636 15.1636
    endloop
  endfacet
  facet normal -0 0.239537 0.970887
    outer loop
      vertex -1 23.2052 14.9213
      vertex 1 23.1671 14.9307
      vertex 1 23.2052 14.9213
    endloop
  endfacet
  facet normal 0 0.239537 0.970887
    outer loop
      vertex 1 23.1671 14.9307
      vertex -1 23.2052 14.9213
      vertex -1 23.1671 14.9307
    endloop
  endfacet
  facet normal 0 -0.626557 0.779376
    outer loop
      vertex -1 23.9785 15.1106
      vertex 1 23.9479 15.086
      vertex 1 23.9785 15.1106
    endloop
  endfacet
  facet normal 0 -0.626557 0.779376
    outer loop
      vertex 1 23.9479 15.086
      vertex -1 23.9785 15.1106
      vertex -1 23.9479 15.086
    endloop
  endfacet
  facet normal 0 -0.779376 -0.626557
    outer loop
      vertex -1 24.114 16.3479
      vertex 1 24.0894 16.3785
      vertex -1 24.0894 16.3785
    endloop
  endfacet
  facet normal 0 -0.779376 -0.626557
    outer loop
      vertex 1 24.0894 16.3785
      vertex -1 24.114 16.3479
      vertex 1 24.114 16.3479
    endloop
  endfacet
  facet normal 0 -0.193665 -0.981068
    outer loop
      vertex -1 23.5563 16.6863
      vertex 1 23.5948 16.6787
      vertex 1 23.5563 16.6863
    endloop
  endfacet
  facet normal -0 -0.193665 -0.981068
    outer loop
      vertex 1 23.5948 16.6787
      vertex -1 23.5563 16.6863
      vertex -1 23.5948 16.6787
    endloop
  endfacet
  facet normal 0 -0.988254 0.152823
    outer loop
      vertex -1 24.2863 15.6437
      vertex 1 24.2923 15.6825
      vertex -1 24.2923 15.6825
    endloop
  endfacet
  facet normal 0 -0.988254 0.152823
    outer loop
      vertex 1 24.2923 15.6825
      vertex -1 24.2863 15.6437
      vertex 1 24.2863 15.6437
    endloop
  endfacet
  facet normal 0 -0.0228948 -0.999738
    outer loop
      vertex -1 23.4 16.7
      vertex 1 23.4393 16.6991
      vertex 1 23.4 16.7
    endloop
  endfacet
  facet normal -0 -0.0228948 -0.999738
    outer loop
      vertex 1 23.4393 16.6991
      vertex -1 23.4 16.7
      vertex -1 23.4393 16.6991
    endloop
  endfacet
  facet normal -0 0.517116 0.855916
    outer loop
      vertex -1 22.95 15.0206
      vertex 1 22.9164 15.0409
      vertex 1 22.95 15.0206
    endloop
  endfacet
  facet normal 0 0.517116 0.855916
    outer loop
      vertex 1 22.9164 15.0409
      vertex -1 22.95 15.0206
      vertex -1 22.9164 15.0409
    endloop
  endfacet
  facet normal 0 0.152823 -0.988254
    outer loop
      vertex -1 23.2437 16.6863
      vertex 1 23.2825 16.6923
      vertex 1 23.2437 16.6863
    endloop
  endfacet
  facet normal 0 0.152823 -0.988254
    outer loop
      vertex 1 23.2825 16.6923
      vertex -1 23.2437 16.6863
      vertex -1 23.2825 16.6923
    endloop
  endfacet
  facet normal -0 0.626557 0.779376
    outer loop
      vertex -1 22.8521 15.086
      vertex 1 22.8215 15.1106
      vertex 1 22.8521 15.086
    endloop
  endfacet
  facet normal 0 0.626557 0.779376
    outer loop
      vertex 1 22.8215 15.1106
      vertex -1 22.8521 15.086
      vertex -1 22.8215 15.1106
    endloop
  endfacet
  facet normal -0 0.481527 0.876431
    outer loop
      vertex -1 22.9844 15.0017
      vertex 1 22.95 15.0206
      vertex 1 22.9844 15.0017
    endloop
  endfacet
  facet normal 0 0.481527 0.876431
    outer loop
      vertex 1 22.95 15.0206
      vertex -1 22.9844 15.0017
      vertex -1 22.95 15.0206
    endloop
  endfacet
  facet normal 0 -0.806971 -0.590591
    outer loop
      vertex -1 24.1372 16.3162
      vertex 1 24.114 16.3479
      vertex -1 24.114 16.3479
    endloop
  endfacet
  facet normal 0 -0.806971 -0.590591
    outer loop
      vertex 1 24.114 16.3479
      vertex -1 24.1372 16.3162
      vertex 1 24.1372 16.3162
    endloop
  endfacet
  facet normal 0 -0.959971 -0.280098
    outer loop
      vertex -1 24.2693 16.0329
      vertex 1 24.2583 16.0706
      vertex -1 24.2583 16.0706
    endloop
  endfacet
  facet normal 0 -0.959971 -0.280098
    outer loop
      vertex 1 24.2583 16.0706
      vertex -1 24.2693 16.0329
      vertex 1 24.2693 16.0329
    endloop
  endfacet
  facet normal -0 0.109315 0.994007
    outer loop
      vertex -1 23.3216 14.9034
      vertex 1 23.2825 14.9077
      vertex 1 23.3216 14.9034
    endloop
  endfacet
  facet normal 0 0.109315 0.994007
    outer loop
      vertex 1 23.2825 14.9077
      vertex -1 23.3216 14.9034
      vertex -1 23.2825 14.9077
    endloop
  endfacet
  facet normal 0 0.91569 -0.401886
    outer loop
      vertex 1 22.5685 16.1444
      vertex -1 22.5843 16.1804
      vertex 1 22.5843 16.1804
    endloop
  endfacet
  facet normal 0 0.91569 -0.401886
    outer loop
      vertex -1 22.5843 16.1804
      vertex 1 22.5685 16.1444
      vertex -1 22.5685 16.1444
    endloop
  endfacet
  facet normal 0 0.751471 0.659766
    outer loop
      vertex 1 22.7365 15.192
      vertex -1 22.7106 15.2215
      vertex 1 22.7106 15.2215
    endloop
  endfacet
  facet normal 0 0.751471 0.659766
    outer loop
      vertex -1 22.7106 15.2215
      vertex 1 22.7365 15.192
      vertex -1 22.7365 15.192
    endloop
  endfacet
  facet normal -0 0.401886 0.91569
    outer loop
      vertex -1 23.0556 14.9685
      vertex 1 23.0196 14.9843
      vertex 1 23.0556 14.9685
    endloop
  endfacet
  facet normal 0 0.401886 0.91569
    outer loop
      vertex 1 23.0196 14.9843
      vertex -1 23.0556 14.9685
      vertex -1 23.0196 14.9843
    endloop
  endfacet
  facet normal -0 0.361709 0.932291
    outer loop
      vertex -1 23.0922 14.9543
      vertex 1 23.0556 14.9685
      vertex 1 23.0922 14.9543
    endloop
  endfacet
  facet normal 0 0.361709 0.932291
    outer loop
      vertex 1 23.0556 14.9685
      vertex -1 23.0922 14.9543
      vertex -1 23.0556 14.9685
    endloop
  endfacet
  facet normal 0 0.751471 -0.659766
    outer loop
      vertex 1 22.7106 16.3785
      vertex -1 22.7365 16.408
      vertex 1 22.7365 16.408
    endloop
  endfacet
  facet normal 0 0.751471 -0.659766
    outer loop
      vertex -1 22.7365 16.408
      vertex 1 22.7106 16.3785
      vertex -1 22.7106 16.3785
    endloop
  endfacet
  facet normal 0 0.517116 -0.855916
    outer loop
      vertex -1 22.9164 16.5591
      vertex 1 22.95 16.5794
      vertex 1 22.9164 16.5591
    endloop
  endfacet
  facet normal 0 0.517116 -0.855916
    outer loop
      vertex 1 22.95 16.5794
      vertex -1 22.9164 16.5591
      vertex -1 22.95 16.5794
    endloop
  endfacet
  facet normal 0 0.280098 -0.959971
    outer loop
      vertex -1 23.1294 16.6583
      vertex 1 23.1671 16.6693
      vertex 1 23.1294 16.6583
    endloop
  endfacet
  facet normal 0 0.280098 -0.959971
    outer loop
      vertex 1 23.1671 16.6693
      vertex -1 23.1294 16.6583
      vertex -1 23.1671 16.6693
    endloop
  endfacet
  facet normal 0 0.590591 -0.806971
    outer loop
      vertex -1 22.8521 16.514
      vertex 1 22.8838 16.5372
      vertex 1 22.8521 16.514
    endloop
  endfacet
  facet normal 0 0.590591 -0.806971
    outer loop
      vertex 1 22.8838 16.5372
      vertex -1 22.8521 16.514
      vertex -1 22.8838 16.5372
    endloop
  endfacet
  facet normal 0 -0.896455 -0.443134
    outer loop
      vertex -1 24.2157 16.1804
      vertex 1 24.1983 16.2156
      vertex -1 24.1983 16.2156
    endloop
  endfacet
  facet normal 0 -0.896455 -0.443134
    outer loop
      vertex 1 24.1983 16.2156
      vertex -1 24.2157 16.1804
      vertex 1 24.2157 16.1804
    endloop
  endfacet
  facet normal 0 0.830086 -0.557635
    outer loop
      vertex 1 22.6409 16.2836
      vertex -1 22.6628 16.3162
      vertex 1 22.6628 16.3162
    endloop
  endfacet
  facet normal 0 0.830086 -0.557635
    outer loop
      vertex -1 22.6628 16.3162
      vertex 1 22.6409 16.2836
      vertex -1 22.6409 16.2836
    endloop
  endfacet
  facet normal 0 -0.91569 -0.401886
    outer loop
      vertex -1 24.2315 16.1444
      vertex 1 24.2157 16.1804
      vertex -1 24.2157 16.1804
    endloop
  endfacet
  facet normal 0 -0.91569 -0.401886
    outer loop
      vertex 1 24.2157 16.1804
      vertex -1 24.2315 16.1444
      vertex 1 24.2315 16.1444
    endloop
  endfacet
  facet normal 0 0.806971 -0.590591
    outer loop
      vertex 1 22.6628 16.3162
      vertex -1 22.686 16.3479
      vertex 1 22.686 16.3479
    endloop
  endfacet
  facet normal 0 0.806971 -0.590591
    outer loop
      vertex -1 22.686 16.3479
      vertex 1 22.6628 16.3162
      vertex -1 22.6628 16.3162
    endloop
  endfacet
  facet normal 0 0.947145 0.320807
    outer loop
      vertex 1 22.5543 15.4922
      vertex -1 22.5417 15.5294
      vertex 1 22.5417 15.5294
    endloop
  endfacet
  facet normal 0 0.947145 0.320807
    outer loop
      vertex -1 22.5417 15.5294
      vertex 1 22.5543 15.4922
      vertex -1 22.5543 15.4922
    endloop
  endfacet
  facet normal 0 0.959971 0.280098
    outer loop
      vertex 1 22.5417 15.5294
      vertex -1 22.5307 15.5671
      vertex 1 22.5307 15.5671
    endloop
  endfacet
  facet normal 0 0.959971 0.280098
    outer loop
      vertex -1 22.5307 15.5671
      vertex 1 22.5417 15.5294
      vertex -1 22.5417 15.5294
    endloop
  endfacet
  facet normal 0 -0.517116 -0.855916
    outer loop
      vertex -1 23.85 16.5794
      vertex 1 23.8836 16.5591
      vertex 1 23.85 16.5794
    endloop
  endfacet
  facet normal -0 -0.517116 -0.855916
    outer loop
      vertex 1 23.8836 16.5591
      vertex -1 23.85 16.5794
      vertex -1 23.8836 16.5591
    endloop
  endfacet
  facet normal 0 -0.658324 0.752735
    outer loop
      vertex -1 24.008 15.1364
      vertex 1 23.9785 15.1106
      vertex 1 24.008 15.1364
    endloop
  endfacet
  facet normal 0 -0.658324 0.752735
    outer loop
      vertex 1 23.9785 15.1106
      vertex -1 24.008 15.1364
      vertex -1 23.9785 15.1106
    endloop
  endfacet
  facet normal -0 0 1
    outer loop
      vertex -1 31 4
      vertex 1 25.5 4
      vertex 1 31 4
    endloop
  endfacet
  facet normal 0 0 1
    outer loop
      vertex 1 25.5 4
      vertex -1 31 4
      vertex -1 25.5 4
    endloop
  endfacet
  facet normal 0 1 -0
    outer loop
      vertex 1 31 3
      vertex -1 31 4
      vertex 1 31 4
    endloop
  endfacet
  facet normal 0 1 0
    outer loop
      vertex -1 31 4
      vertex 1 31 3
      vertex -1 31 3
    endloop
  endfacet
  facet normal 0 1 -0
    outer loop
      vertex 1 31 0
      vertex -1 31 1
      vertex 1 31 1
    endloop
  endfacet
  facet normal 0 1 0
    outer loop
      vertex -1 31 1
      vertex 1 31 0
      vertex -1 31 0
    endloop
  endfacet
  facet normal 0 0 -1
    outer loop
      vertex -1 29 1
      vertex -2.5 29 1
      vertex -1 31 1
    endloop
  endfacet
  facet normal 0 0 -1
    outer loop
      vertex 2.5 29 1
      vertex 1 29 1
      vertex 2.5 31 1
    endloop
  endfacet
  facet normal 0 0 -1
    outer loop
      vertex 3.46344 33.627 1
      vertex 3.67271 33.9 1
      vertex 3.56383 33.7525 1
    endloop
  endfacet
  facet normal 0 0 -1
    outer loop
      vertex 3.44444 33.6042 1
      vertex 3.67271 33.9 1
      vertex 3.46344 33.627 1
    endloop
  endfacet
  facet normal 0 0 -1
    outer loop
      vertex 1 31 1
      vertex 2.5 31 1
      vertex 1 29 1
    endloop
  endfacet
  facet normal 0 0 -1
    outer loop
      vertex 2.5 31 1
      vertex 1 31 1
      vertex 3.44444 33.6042 1
    endloop
  endfacet
  facet normal 0 0 -1
    outer loop
      vertex -3.44443 33.6042 1
      vertex 3.44444 33.6042 1
      vertex 1 31 1
    endloop
  endfacet
  facet normal 0 0 -1
    outer loop
      vertex -3.44443 33.6042 1
      vertex 1 31 1
      vertex -1 31 1
    endloop
  endfacet
  facet normal 0 0 -1
    outer loop
      vertex -2.5 31 1
      vertex -1 31 1
      vertex -2.5 29 1
    endloop
  endfacet
  facet normal 0 0 -1
    outer loop
      vertex -3.44443 33.6042 1
      vertex -1 31 1
      vertex -2.5 31 1
    endloop
  endfacet
  facet normal 0 0 -1
    outer loop
      vertex 3.44444 33.6042 1
      vertex -3.44443 33.6042 1
      vertex 3.67271 33.9 1
    endloop
  endfacet
  facet normal 0 0 -1
    outer loop
      vertex -3.56382 33.7525 1
      vertex 3.67271 33.9 1
      vertex -3.44443 33.6042 1
    endloop
  endfacet
  facet normal -0 0 -1
    outer loop
      vertex 3.67271 33.9 1
      vertex -3.56382 33.7525 1
      vertex -3.6727 33.9 1
    endloop
  endfacet
  facet normal 0 0 1
    outer loop
      vertex 3.67271 33.9 3
      vertex 3.46344 33.627 3
      vertex 3.56383 33.7525 3
    endloop
  endfacet
  facet normal 0 0 1
    outer loop
      vertex 3.67271 33.9 3
      vertex 3.44444 33.6042 3
      vertex 3.46344 33.627 3
    endloop
  endfacet
  facet normal 0 0 1
    outer loop
      vertex 2.5 31 3
      vertex 1 31 3
      vertex 2.5 29 3
    endloop
  endfacet
  facet normal 0 0 1
    outer loop
      vertex 3.44444 33.6042 3
      vertex 1 31 3
      vertex 2.5 31 3
    endloop
  endfacet
  facet normal 0 0 1
    outer loop
      vertex -3.44443 33.6042 3
      vertex 3.44444 33.6042 3
      vertex 3.67271 33.9 3
    endloop
  endfacet
  facet normal 0 0 1
    outer loop
      vertex 3.44444 33.6042 3
      vertex -3.44443 33.6042 3
      vertex 1 31 3
    endloop
  endfacet
  facet normal 0 0 1
    outer loop
      vertex -1 31 3
      vertex -2.5 31 3
      vertex -1 29 3
    endloop
  endfacet
  facet normal 0 0 1
    outer loop
      vertex 1 31 3
      vertex -3.44443 33.6042 3
      vertex -1 31 3
    endloop
  endfacet
  facet normal 0 0 1
    outer loop
      vertex -1 31 3
      vertex -3.44443 33.6042 3
      vertex -2.5 31 3
    endloop
  endfacet
  facet normal 0 0 1
    outer loop
      vertex 3.67271 33.9 3
      vertex -3.56382 33.7525 3
      vertex -3.44443 33.6042 3
    endloop
  endfacet
  facet normal 0 -0 1
    outer loop
      vertex -3.56382 33.7525 3
      vertex 3.67271 33.9 3
      vertex -3.6727 33.9 3
    endloop
  endfacet
  facet normal 0 0 1
    outer loop
      vertex 2.5 29 3
      vertex 1 31 3
      vertex 1 29 3
    endloop
  endfacet
  facet normal 0 0 1
    outer loop
      vertex -1 29 3
      vertex -2.5 31 3
      vertex -2.5 29 3
    endloop
  endfacet
  facet normal 0.999765 -0 0.021693
    outer loop
      vertex -8.94165 34 2.00004
      vertex -8.94004 36.4 1.92584
      vertex -8.94165 36.4 2.00004
    endloop
  endfacet
  facet normal 0.999765 0 0.021693
    outer loop
      vertex -8.94004 36.4 1.92584
      vertex -8.94165 34 2.00004
      vertex -8.94004 34 1.92584
    endloop
  endfacet
  facet normal 0.997859 -0 0.065409
    outer loop
      vertex -8.94004 34 1.92584
      vertex -8.93519 36.4 1.85185
      vertex -8.94004 36.4 1.92584
    endloop
  endfacet
  facet normal 0.997859 0 0.065409
    outer loop
      vertex -8.93519 36.4 1.85185
      vertex -8.94004 34 1.92584
      vertex -8.93519 34 1.85185
    endloop
  endfacet
  facet normal 0.994045 -0 0.108966
    outer loop
      vertex -8.93519 34 1.85185
      vertex -8.92711 36.4 1.77814
      vertex -8.93519 36.4 1.85185
    endloop
  endfacet
  facet normal 0.994045 0 0.108966
    outer loop
      vertex -8.92711 36.4 1.77814
      vertex -8.93519 34 1.85185
      vertex -8.92711 34 1.77814
    endloop
  endfacet
  facet normal 0.988365 -0 0.152098
    outer loop
      vertex -8.92711 34 1.77814
      vertex -8.91583 36.4 1.70484
      vertex -8.92711 36.4 1.77814
    endloop
  endfacet
  facet normal 0.988365 0 0.152098
    outer loop
      vertex -8.91583 36.4 1.70484
      vertex -8.92711 34 1.77814
      vertex -8.91583 34 1.70484
    endloop
  endfacet
  facet normal 0.980808 -0 0.194976
    outer loop
      vertex -8.91583 34 1.70484
      vertex -8.90136 36.4 1.63205
      vertex -8.91583 36.4 1.70484
    endloop
  endfacet
  facet normal 0.980808 0 0.194976
    outer loop
      vertex -8.90136 36.4 1.63205
      vertex -8.91583 34 1.70484
      vertex -8.90136 34 1.63205
    endloop
  endfacet
  facet normal 0.971313 -0 0.237804
    outer loop
      vertex -8.90136 34 1.63205
      vertex -8.88373 36.4 1.56004
      vertex -8.90136 36.4 1.63205
    endloop
  endfacet
  facet normal 0.971313 0 0.237804
    outer loop
      vertex -8.88373 36.4 1.56004
      vertex -8.90136 34 1.63205
      vertex -8.88373 34 1.56004
    endloop
  endfacet
  facet normal 0.960024 -0 0.279917
    outer loop
      vertex -8.88373 34 1.56004
      vertex -8.86297 36.4 1.48884
      vertex -8.88373 36.4 1.56004
    endloop
  endfacet
  facet normal 0.960024 0 0.279917
    outer loop
      vertex -8.86297 36.4 1.48884
      vertex -8.88373 34 1.56004
      vertex -8.86297 34 1.48884
    endloop
  endfacet
  facet normal 0.947013 -0 0.321195
    outer loop
      vertex -8.86297 34 1.48884
      vertex -8.83913 36.4 1.41855
      vertex -8.86297 36.4 1.48884
    endloop
  endfacet
  facet normal 0.947013 0 0.321195
    outer loop
      vertex -8.83913 36.4 1.41855
      vertex -8.86297 34 1.48884
      vertex -8.83913 34 1.41855
    endloop
  endfacet
  facet normal 0.931987 -0 0.362492
    outer loop
      vertex -8.83913 34 1.41855
      vertex -8.81225 36.4 1.34944
      vertex -8.83913 36.4 1.41855
    endloop
  endfacet
  facet normal 0.931987 0 0.362492
    outer loop
      vertex -8.81225 36.4 1.34944
      vertex -8.83913 34 1.41855
      vertex -8.81225 34 1.34944
    endloop
  endfacet
  facet normal 0.915323 -0 0.402721
    outer loop
      vertex -8.81225 34 1.34944
      vertex -8.78238 36.4 1.28155
      vertex -8.81225 36.4 1.34944
    endloop
  endfacet
  facet normal 0.915323 0 0.402721
    outer loop
      vertex -8.78238 36.4 1.28155
      vertex -8.81225 34 1.34944
      vertex -8.78238 34 1.28155
    endloop
  endfacet
  facet normal 0.896814 -0 0.442407
    outer loop
      vertex -8.78238 34 1.28155
      vertex -8.74957 36.4 1.21504
      vertex -8.78238 36.4 1.28155
    endloop
  endfacet
  facet normal 0.896814 0 0.442407
    outer loop
      vertex -8.74957 36.4 1.21504
      vertex -8.78238 34 1.28155
      vertex -8.74957 34 1.21504
    endloop
  endfacet
  facet normal 0.876671 -0 0.48109
    outer loop
      vertex -8.74957 34 1.21504
      vertex -8.7139 36.4 1.15004
      vertex -8.74957 36.4 1.21504
    endloop
  endfacet
  facet normal 0.876671 0 0.48109
    outer loop
      vertex -8.7139 36.4 1.15004
      vertex -8.74957 34 1.21504
      vertex -8.7139 34 1.15004
    endloop
  endfacet
  facet normal 0.855227 -0 0.518254
    outer loop
      vertex -8.7139 34 1.15004
      vertex -8.67542 36.4 1.08654
      vertex -8.7139 36.4 1.15004
    endloop
  endfacet
  facet normal 0.855227 0 0.518254
    outer loop
      vertex -8.67542 36.4 1.08654
      vertex -8.7139 34 1.15004
      vertex -8.67542 34 1.08654
    endloop
  endfacet
  facet normal 0.831157 -0 0.556038
    outer loop
      vertex -8.67542 34 1.08654
      vertex -8.63421 36.4 1.02494
      vertex -8.67542 36.4 1.08654
    endloop
  endfacet
  facet normal 0.831157 0 0.556038
    outer loop
      vertex -8.63421 36.4 1.02494
      vertex -8.67542 34 1.08654
      vertex -8.63421 34 1.02494
    endloop
  endfacet
  facet normal 0.806426 -0 0.591334
    outer loop
      vertex -8.63421 34 1.02494
      vertex -8.59036 36.4 0.96514
      vertex -8.63421 36.4 1.02494
    endloop
  endfacet
  facet normal 0.806426 0 0.591334
    outer loop
      vertex -8.59036 36.4 0.96514
      vertex -8.63421 34 1.02494
      vertex -8.59036 34 0.96514
    endloop
  endfacet
  facet normal -0.806426 0 0.591334
    outer loop
      vertex -5.89295 34 0.96514
      vertex -5.8491 36.4 1.02494
      vertex -5.89295 36.4 0.96514
    endloop
  endfacet
  facet normal -0.806426 0 0.591334
    outer loop
      vertex -5.8491 36.4 1.02494
      vertex -5.89295 34 0.96514
      vertex -5.8491 34 1.02494
    endloop
  endfacet
  facet normal -0.831157 0 0.556038
    outer loop
      vertex -5.8491 34 1.02494
      vertex -5.80789 36.4 1.08654
      vertex -5.8491 36.4 1.02494
    endloop
  endfacet
  facet normal -0.831157 0 0.556038
    outer loop
      vertex -5.80789 36.4 1.08654
      vertex -5.8491 34 1.02494
      vertex -5.80789 34 1.08654
    endloop
  endfacet
  facet normal -0.855227 0 0.518254
    outer loop
      vertex -5.80789 34 1.08654
      vertex -5.76941 36.4 1.15004
      vertex -5.80789 36.4 1.08654
    endloop
  endfacet
  facet normal -0.855227 0 0.518254
    outer loop
      vertex -5.76941 36.4 1.15004
      vertex -5.80789 34 1.08654
      vertex -5.76941 34 1.15004
    endloop
  endfacet
  facet normal -0.876671 0 0.48109
    outer loop
      vertex -5.76941 34 1.15004
      vertex -5.73374 36.4 1.21504
      vertex -5.76941 36.4 1.15004
    endloop
  endfacet
  facet normal -0.876671 0 0.48109
    outer loop
      vertex -5.73374 36.4 1.21504
      vertex -5.76941 34 1.15004
      vertex -5.73374 34 1.21504
    endloop
  endfacet
  facet normal -0.896814 0 0.442407
    outer loop
      vertex -5.73374 34 1.21504
      vertex -5.70093 36.4 1.28155
      vertex -5.73374 36.4 1.21504
    endloop
  endfacet
  facet normal -0.896814 0 0.442407
    outer loop
      vertex -5.70093 36.4 1.28155
      vertex -5.73374 34 1.21504
      vertex -5.70093 34 1.28155
    endloop
  endfacet
  facet normal -0.915323 0 0.402721
    outer loop
      vertex -5.70093 34 1.28155
      vertex -5.67106 36.4 1.34944
      vertex -5.70093 36.4 1.28155
    endloop
  endfacet
  facet normal -0.915323 0 0.402721
    outer loop
      vertex -5.67106 36.4 1.34944
      vertex -5.70093 34 1.28155
      vertex -5.67106 34 1.34944
    endloop
  endfacet
  facet normal -0.931987 0 0.362492
    outer loop
      vertex -5.67106 34 1.34944
      vertex -5.64418 36.4 1.41855
      vertex -5.67106 36.4 1.34944
    endloop
  endfacet
  facet normal -0.931987 0 0.362492
    outer loop
      vertex -5.64418 36.4 1.41855
      vertex -5.67106 34 1.34944
      vertex -5.64418 34 1.41855
    endloop
  endfacet
  facet normal -0.947013 0 0.321195
    outer loop
      vertex -5.64418 34 1.41855
      vertex -5.62034 36.4 1.48884
      vertex -5.64418 36.4 1.41855
    endloop
  endfacet
  facet normal -0.947013 0 0.321195
    outer loop
      vertex -5.62034 36.4 1.48884
      vertex -5.64418 34 1.41855
      vertex -5.62034 34 1.48884
    endloop
  endfacet
  facet normal -0.960024 0 0.279917
    outer loop
      vertex -5.62034 34 1.48884
      vertex -5.59958 36.4 1.56004
      vertex -5.62034 36.4 1.48884
    endloop
  endfacet
  facet normal -0.960024 0 0.279917
    outer loop
      vertex -5.59958 36.4 1.56004
      vertex -5.62034 34 1.48884
      vertex -5.59958 34 1.56004
    endloop
  endfacet
  facet normal -0.971313 0 0.237804
    outer loop
      vertex -5.59958 34 1.56004
      vertex -5.58195 36.4 1.63205
      vertex -5.59958 36.4 1.56004
    endloop
  endfacet
  facet normal -0.971313 0 0.237804
    outer loop
      vertex -5.58195 36.4 1.63205
      vertex -5.59958 34 1.56004
      vertex -5.58195 34 1.63205
    endloop
  endfacet
  facet normal -0.980808 0 0.194976
    outer loop
      vertex -5.58195 34 1.63205
      vertex -5.56748 36.4 1.70484
      vertex -5.58195 36.4 1.63205
    endloop
  endfacet
  facet normal -0.980808 0 0.194976
    outer loop
      vertex -5.56748 36.4 1.70484
      vertex -5.58195 34 1.63205
      vertex -5.56748 34 1.70484
    endloop
  endfacet
  facet normal -0.988365 0 0.152098
    outer loop
      vertex -5.56748 34 1.70484
      vertex -5.5562 36.4 1.77814
      vertex -5.56748 36.4 1.70484
    endloop
  endfacet
  facet normal -0.988365 0 0.152098
    outer loop
      vertex -5.5562 36.4 1.77814
      vertex -5.56748 34 1.70484
      vertex -5.5562 34 1.77814
    endloop
  endfacet
  facet normal -0.994045 0 0.108966
    outer loop
      vertex -5.5562 34 1.77814
      vertex -5.54812 36.4 1.85185
      vertex -5.5562 36.4 1.77814
    endloop
  endfacet
  facet normal -0.994045 0 0.108966
    outer loop
      vertex -5.54812 36.4 1.85185
      vertex -5.5562 34 1.77814
      vertex -5.54812 34 1.85185
    endloop
  endfacet
  facet normal -0.997859 0 0.065409
    outer loop
      vertex -5.54812 34 1.85185
      vertex -5.54327 36.4 1.92584
      vertex -5.54812 36.4 1.85185
    endloop
  endfacet
  facet normal -0.997859 0 0.065409
    outer loop
      vertex -5.54327 36.4 1.92584
      vertex -5.54812 34 1.85185
      vertex -5.54327 34 1.92584
    endloop
  endfacet
  facet normal -0.999762 0 0.0218277
    outer loop
      vertex -5.54327 34 1.92584
      vertex -5.54165 36.4 2.00004
      vertex -5.54327 36.4 1.92584
    endloop
  endfacet
  facet normal -0.999762 0 0.0218277
    outer loop
      vertex -5.54165 36.4 2.00004
      vertex -5.54327 34 1.92584
      vertex -5.54165 34 2.00004
    endloop
  endfacet
  facet normal -0.999761 0 -0.0218571
    outer loop
      vertex -5.54165 34 2.00004
      vertex -5.54327 36.4 2.07414
      vertex -5.54165 36.4 2.00004
    endloop
  endfacet
  facet normal -0.999761 -0 -0.0218571
    outer loop
      vertex -5.54327 36.4 2.07414
      vertex -5.54165 34 2.00004
      vertex -5.54327 34 2.07414
    endloop
  endfacet
  facet normal -0.997859 0 -0.0654002
    outer loop
      vertex -5.54327 34 2.07414
      vertex -5.54812 36.4 2.14814
      vertex -5.54327 36.4 2.07414
    endloop
  endfacet
  facet normal -0.997859 -0 -0.0654002
    outer loop
      vertex -5.54812 36.4 2.14814
      vertex -5.54327 34 2.07414
      vertex -5.54812 34 2.14814
    endloop
  endfacet
  facet normal -0.99406 0 -0.108835
    outer loop
      vertex -5.54812 34 2.14814
      vertex -5.5562 36.4 2.22194
      vertex -5.54812 36.4 2.14814
    endloop
  endfacet
  facet normal -0.99406 -0 -0.108835
    outer loop
      vertex -5.5562 36.4 2.22194
      vertex -5.54812 34 2.14814
      vertex -5.5562 34 2.22194
    endloop
  endfacet
  facet normal -0.988365 0 -0.152098
    outer loop
      vertex -5.5562 34 2.22194
      vertex -5.56748 36.4 2.29524
      vertex -5.5562 36.4 2.22194
    endloop
  endfacet
  facet normal -0.988365 -0 -0.152098
    outer loop
      vertex -5.56748 36.4 2.29524
      vertex -5.5562 34 2.22194
      vertex -5.56748 34 2.29524
    endloop
  endfacet
  facet normal -0.980762 0 -0.195208
    outer loop
      vertex -5.56748 34 2.29524
      vertex -5.58195 36.4 2.36794
      vertex -5.56748 36.4 2.29524
    endloop
  endfacet
  facet normal -0.980762 -0 -0.195208
    outer loop
      vertex -5.58195 36.4 2.36794
      vertex -5.56748 34 2.29524
      vertex -5.58195 34 2.36794
    endloop
  endfacet
  facet normal -0.971382 0 -0.237524
    outer loop
      vertex -5.58195 34 2.36794
      vertex -5.59958 36.4 2.44004
      vertex -5.58195 36.4 2.36794
    endloop
  endfacet
  facet normal -0.971382 -0 -0.237524
    outer loop
      vertex -5.59958 36.4 2.44004
      vertex -5.58195 34 2.36794
      vertex -5.59958 34 2.44004
    endloop
  endfacet
  facet normal -0.960024 0 -0.279917
    outer loop
      vertex -5.59958 34 2.44004
      vertex -5.62034 36.4 2.51124
      vertex -5.59958 36.4 2.44004
    endloop
  endfacet
  facet normal -0.960024 -0 -0.279917
    outer loop
      vertex -5.62034 36.4 2.51124
      vertex -5.59958 34 2.44004
      vertex -5.62034 34 2.51124
    endloop
  endfacet
  facet normal -0.946888 0 -0.321564
    outer loop
      vertex -5.62034 34 2.51124
      vertex -5.64418 36.4 2.58144
      vertex -5.62034 36.4 2.51124
    endloop
  endfacet
  facet normal -0.946888 -0 -0.321564
    outer loop
      vertex -5.64418 36.4 2.58144
      vertex -5.62034 34 2.51124
      vertex -5.64418 34 2.58144
    endloop
  endfacet
  facet normal -0.931969 0 -0.362537
    outer loop
      vertex -5.64418 34 2.58144
      vertex -5.67106 36.4 2.65054
      vertex -5.64418 36.4 2.58144
    endloop
  endfacet
  facet normal -0.931969 -0 -0.362537
    outer loop
      vertex -5.67106 36.4 2.65054
      vertex -5.64418 34 2.58144
      vertex -5.67106 34 2.65054
    endloop
  endfacet
  facet normal -0.915345 0 -0.402671
    outer loop
      vertex -5.67106 34 2.65054
      vertex -5.70093 36.4 2.71844
      vertex -5.67106 36.4 2.65054
    endloop
  endfacet
  facet normal -0.915345 -0 -0.402671
    outer loop
      vertex -5.70093 36.4 2.71844
      vertex -5.67106 34 2.65054
      vertex -5.70093 34 2.71844
    endloop
  endfacet
  facet normal -0.896788 0 -0.44246
    outer loop
      vertex -5.70093 34 2.71844
      vertex -5.73374 36.4 2.78494
      vertex -5.70093 36.4 2.71844
    endloop
  endfacet
  facet normal -0.896788 -0 -0.44246
    outer loop
      vertex -5.73374 36.4 2.78494
      vertex -5.70093 34 2.71844
      vertex -5.73374 34 2.78494
    endloop
  endfacet
  facet normal -0.876983 0 -0.480522
    outer loop
      vertex -5.73374 34 2.78494
      vertex -5.76941 36.4 2.85004
      vertex -5.73374 36.4 2.78494
    endloop
  endfacet
  facet normal -0.876983 -0 -0.480522
    outer loop
      vertex -5.76941 36.4 2.85004
      vertex -5.73374 34 2.78494
      vertex -5.76941 34 2.85004
    endloop
  endfacet
  facet normal -0.854864 0 -0.518851
    outer loop
      vertex -5.76941 34 2.85004
      vertex -5.80789 36.4 2.91344
      vertex -5.76941 36.4 2.85004
    endloop
  endfacet
  facet normal -0.854864 -0 -0.518851
    outer loop
      vertex -5.80789 36.4 2.91344
      vertex -5.76941 34 2.85004
      vertex -5.80789 34 2.91344
    endloop
  endfacet
  facet normal -0.831157 0 -0.556038
    outer loop
      vertex -5.80789 34 2.91344
      vertex -5.8491 36.4 2.97504
      vertex -5.80789 36.4 2.91344
    endloop
  endfacet
  facet normal -0.831157 -0 -0.556038
    outer loop
      vertex -5.8491 36.4 2.97504
      vertex -5.80789 34 2.91344
      vertex -5.8491 34 2.97504
    endloop
  endfacet
  facet normal -0.806897 0 -0.590692
    outer loop
      vertex -5.8491 34 2.97504
      vertex -5.89295 36.4 3.03494
      vertex -5.8491 36.4 2.97504
    endloop
  endfacet
  facet normal -0.806897 -0 -0.590692
    outer loop
      vertex -5.89295 36.4 3.03494
      vertex -5.8491 34 2.97504
      vertex -5.89295 34 3.03494
    endloop
  endfacet
  facet normal 0.806897 0 -0.590692
    outer loop
      vertex -8.59036 34 3.03494
      vertex -8.63421 36.4 2.97504
      vertex -8.59036 36.4 3.03494
    endloop
  endfacet
  facet normal 0.806897 0 -0.590692
    outer loop
      vertex -8.63421 36.4 2.97504
      vertex -8.59036 34 3.03494
      vertex -8.63421 34 2.97504
    endloop
  endfacet
  facet normal 0.831157 0 -0.556038
    outer loop
      vertex -8.63421 34 2.97504
      vertex -8.67542 36.4 2.91344
      vertex -8.63421 36.4 2.97504
    endloop
  endfacet
  facet normal 0.831157 0 -0.556038
    outer loop
      vertex -8.67542 36.4 2.91344
      vertex -8.63421 34 2.97504
      vertex -8.67542 34 2.91344
    endloop
  endfacet
  facet normal 0.854864 0 -0.518851
    outer loop
      vertex -8.67542 34 2.91344
      vertex -8.7139 36.4 2.85004
      vertex -8.67542 36.4 2.91344
    endloop
  endfacet
  facet normal 0.854864 0 -0.518851
    outer loop
      vertex -8.7139 36.4 2.85004
      vertex -8.67542 34 2.91344
      vertex -8.7139 34 2.85004
    endloop
  endfacet
  facet normal 0.876983 0 -0.480522
    outer loop
      vertex -8.7139 34 2.85004
      vertex -8.74957 36.4 2.78494
      vertex -8.7139 36.4 2.85004
    endloop
  endfacet
  facet normal 0.876983 0 -0.480522
    outer loop
      vertex -8.74957 36.4 2.78494
      vertex -8.7139 34 2.85004
      vertex -8.74957 34 2.78494
    endloop
  endfacet
  facet normal 0.896788 0 -0.44246
    outer loop
      vertex -8.74957 34 2.78494
      vertex -8.78238 36.4 2.71844
      vertex -8.74957 36.4 2.78494
    endloop
  endfacet
  facet normal 0.896788 0 -0.44246
    outer loop
      vertex -8.78238 36.4 2.71844
      vertex -8.74957 34 2.78494
      vertex -8.78238 34 2.71844
    endloop
  endfacet
  facet normal 0.915345 0 -0.402671
    outer loop
      vertex -8.78238 34 2.71844
      vertex -8.81225 36.4 2.65054
      vertex -8.78238 36.4 2.71844
    endloop
  endfacet
  facet normal 0.915345 0 -0.402671
    outer loop
      vertex -8.81225 36.4 2.65054
      vertex -8.78238 34 2.71844
      vertex -8.81225 34 2.65054
    endloop
  endfacet
  facet normal 0.931969 0 -0.362537
    outer loop
      vertex -8.81225 34 2.65054
      vertex -8.83913 36.4 2.58144
      vertex -8.81225 36.4 2.65054
    endloop
  endfacet
  facet normal 0.931969 0 -0.362537
    outer loop
      vertex -8.83913 36.4 2.58144
      vertex -8.81225 34 2.65054
      vertex -8.83913 34 2.58144
    endloop
  endfacet
  facet normal 0.946888 0 -0.321564
    outer loop
      vertex -8.83913 34 2.58144
      vertex -8.86297 36.4 2.51124
      vertex -8.83913 36.4 2.58144
    endloop
  endfacet
  facet normal 0.946888 0 -0.321564
    outer loop
      vertex -8.86297 36.4 2.51124
      vertex -8.83913 34 2.58144
      vertex -8.86297 34 2.51124
    endloop
  endfacet
  facet normal 0.960024 0 -0.279917
    outer loop
      vertex -8.86297 34 2.51124
      vertex -8.88373 36.4 2.44004
      vertex -8.86297 36.4 2.51124
    endloop
  endfacet
  facet normal 0.960024 0 -0.279917
    outer loop
      vertex -8.88373 36.4 2.44004
      vertex -8.86297 34 2.51124
      vertex -8.88373 34 2.44004
    endloop
  endfacet
  facet normal 0.971382 0 -0.237524
    outer loop
      vertex -8.88373 34 2.44004
      vertex -8.90136 36.4 2.36794
      vertex -8.88373 36.4 2.44004
    endloop
  endfacet
  facet normal 0.971382 0 -0.237524
    outer loop
      vertex -8.90136 36.4 2.36794
      vertex -8.88373 34 2.44004
      vertex -8.90136 34 2.36794
    endloop
  endfacet
  facet normal 0.980762 0 -0.195208
    outer loop
      vertex -8.90136 34 2.36794
      vertex -8.91583 36.4 2.29524
      vertex -8.90136 36.4 2.36794
    endloop
  endfacet
  facet normal 0.980762 0 -0.195208
    outer loop
      vertex -8.91583 36.4 2.29524
      vertex -8.90136 34 2.36794
      vertex -8.91583 34 2.29524
    endloop
  endfacet
  facet normal 0.988365 0 -0.152098
    outer loop
      vertex -8.91583 34 2.29524
      vertex -8.92711 36.4 2.22194
      vertex -8.91583 36.4 2.29524
    endloop
  endfacet
  facet normal 0.988365 0 -0.152098
    outer loop
      vertex -8.92711 36.4 2.22194
      vertex -8.91583 34 2.29524
      vertex -8.92711 34 2.22194
    endloop
  endfacet
  facet normal 0.99406 0 -0.108835
    outer loop
      vertex -8.92711 34 2.22194
      vertex -8.93519 36.4 2.14814
      vertex -8.92711 36.4 2.22194
    endloop
  endfacet
  facet normal 0.99406 0 -0.108835
    outer loop
      vertex -8.93519 36.4 2.14814
      vertex -8.92711 34 2.22194
      vertex -8.93519 34 2.14814
    endloop
  endfacet
  facet normal 0.997859 0 -0.0654002
    outer loop
      vertex -8.93519 34 2.14814
      vertex -8.94004 36.4 2.07414
      vertex -8.93519 36.4 2.14814
    endloop
  endfacet
  facet normal 0.997859 0 -0.0654002
    outer loop
      vertex -8.94004 36.4 2.07414
      vertex -8.93519 34 2.14814
      vertex -8.94004 34 2.07414
    endloop
  endfacet
  facet normal 0.999764 0 -0.0217223
    outer loop
      vertex -8.94004 34 2.07414
      vertex -8.94165 36.4 2.00004
      vertex -8.94004 36.4 2.07414
    endloop
  endfacet
  facet normal 0.999764 0 -0.0217223
    outer loop
      vertex -8.94165 36.4 2.00004
      vertex -8.94004 34 2.07414
      vertex -8.94165 34 2.00004
    endloop
  endfacet
  facet normal -1 0 0
    outer loop
      vertex -10.7417 34 -0.99996
      vertex -10.7417 36.4 5.00004
      vertex -10.7417 36.4 -0.99996
    endloop
  endfacet
  facet normal -1 -0 0
    outer loop
      vertex -10.7417 36.4 5.00004
      vertex -10.7417 34 -0.99996
      vertex -10.7417 34 5.00004
    endloop
  endfacet
  facet normal 0 -1 0
    outer loop
      vertex -10.7417 34 5.00004
      vertex -7.24166 34 3.70004
      vertex -3.74166 34 5.00004
    endloop
  endfacet
  facet normal 0 -1 0
    outer loop
      vertex -10.7417 34 5.00004
      vertex -7.31581 34 3.69834
      vertex -7.24166 34 3.70004
    endloop
  endfacet
  facet normal 0 -1 0
    outer loop
      vertex -10.7417 34 5.00004
      vertex -7.38982 34 3.69354
      vertex -7.31581 34 3.69834
    endloop
  endfacet
  facet normal 0 -1 0
    outer loop
      vertex -10.7417 34 5.00004
      vertex -7.46355 34 3.68544
      vertex -7.38982 34 3.69354
    endloop
  endfacet
  facet normal 0 -1 0
    outer loop
      vertex -10.7417 34 5.00004
      vertex -7.53686 34 3.67414
      vertex -7.46355 34 3.68544
    endloop
  endfacet
  facet normal 0 -1 0
    outer loop
      vertex -10.7417 34 5.00004
      vertex -7.6096 34 3.65974
      vertex -7.53686 34 3.67414
    endloop
  endfacet
  facet normal 0 -1 0
    outer loop
      vertex -10.7417 34 5.00004
      vertex -7.68165 34 3.64204
      vertex -7.6096 34 3.65974
    endloop
  endfacet
  facet normal 0 -1 0
    outer loop
      vertex -10.7417 34 5.00004
      vertex -7.75285 34 3.62134
      vertex -7.68165 34 3.64204
    endloop
  endfacet
  facet normal 0 -1 0
    outer loop
      vertex -10.7417 34 5.00004
      vertex -7.82309 34 3.59744
      vertex -7.75285 34 3.62134
    endloop
  endfacet
  facet normal 0 -1 0
    outer loop
      vertex -10.7417 34 5.00004
      vertex -7.89222 34 3.57064
      vertex -7.82309 34 3.59744
    endloop
  endfacet
  facet normal 0 -1 0
    outer loop
      vertex -10.7417 34 5.00004
      vertex -7.96011 34 3.54074
      vertex -7.89222 34 3.57064
    endloop
  endfacet
  facet normal 0 -1 0
    outer loop
      vertex -10.7417 34 5.00004
      vertex -8.02663 34 3.50794
      vertex -7.96011 34 3.54074
    endloop
  endfacet
  facet normal 0 -1 0
    outer loop
      vertex -10.7417 34 5.00004
      vertex -8.09165 34 3.47224
      vertex -8.02663 34 3.50794
    endloop
  endfacet
  facet normal 0 -1 0
    outer loop
      vertex -10.7417 34 5.00004
      vertex -8.15506 34 3.43374
      vertex -8.09165 34 3.47224
    endloop
  endfacet
  facet normal 0 -1 0
    outer loop
      vertex -10.7417 34 5.00004
      vertex -8.21673 34 3.39254
      vertex -8.15506 34 3.43374
    endloop
  endfacet
  facet normal 0 -1 0
    outer loop
      vertex -10.7417 34 5.00004
      vertex -8.27655 34 3.34874
      vertex -8.21673 34 3.39254
    endloop
  endfacet
  facet normal 0 -1 0
    outer loop
      vertex -10.7417 34 5.00004
      vertex -8.33439 34 3.30224
      vertex -8.27655 34 3.34874
    endloop
  endfacet
  facet normal 0 -1 0
    outer loop
      vertex -10.7417 34 5.00004
      vertex -8.39016 34 3.25334
      vertex -8.33439 34 3.30224
    endloop
  endfacet
  facet normal 0 -1 0
    outer loop
      vertex -10.7417 34 5.00004
      vertex -8.44374 34 3.20204
      vertex -8.39016 34 3.25334
    endloop
  endfacet
  facet normal 0 -1 0
    outer loop
      vertex -10.7417 34 5.00004
      vertex -8.49503 34 3.14854
      vertex -8.44374 34 3.20204
    endloop
  endfacet
  facet normal 0 -1 0
    outer loop
      vertex -10.7417 34 5.00004
      vertex -8.54393 34 3.09274
      vertex -8.49503 34 3.14854
    endloop
  endfacet
  facet normal 0 -1 0
    outer loop
      vertex -10.7417 34 5.00004
      vertex -8.59036 34 3.03494
      vertex -8.54393 34 3.09274
    endloop
  endfacet
  facet normal 0 -1 0
    outer loop
      vertex -10.7417 34 5.00004
      vertex -8.63421 34 2.97504
      vertex -8.59036 34 3.03494
    endloop
  endfacet
  facet normal 0 -1 0
    outer loop
      vertex -10.7417 34 5.00004
      vertex -8.67542 34 2.91344
      vertex -8.63421 34 2.97504
    endloop
  endfacet
  facet normal 0 -1 0
    outer loop
      vertex -10.7417 34 5.00004
      vertex -8.7139 34 2.85004
      vertex -8.67542 34 2.91344
    endloop
  endfacet
  facet normal 0 -1 0
    outer loop
      vertex -10.7417 34 5.00004
      vertex -8.74957 34 2.78494
      vertex -8.7139 34 2.85004
    endloop
  endfacet
  facet normal 0 -1 0
    outer loop
      vertex -10.7417 34 5.00004
      vertex -8.78238 34 2.71844
      vertex -8.74957 34 2.78494
    endloop
  endfacet
  facet normal 0 -1 0
    outer loop
      vertex -10.7417 34 5.00004
      vertex -8.81225 34 2.65054
      vertex -8.78238 34 2.71844
    endloop
  endfacet
  facet normal 0 -1 0
    outer loop
      vertex -10.7417 34 5.00004
      vertex -8.83913 34 2.58144
      vertex -8.81225 34 2.65054
    endloop
  endfacet
  facet normal 0 -1 0
    outer loop
      vertex -10.7417 34 5.00004
      vertex -8.86297 34 2.51124
      vertex -8.83913 34 2.58144
    endloop
  endfacet
  facet normal 0 -1 0
    outer loop
      vertex -10.7417 34 5.00004
      vertex -8.88373 34 2.44004
      vertex -8.86297 34 2.51124
    endloop
  endfacet
  facet normal 0 -1 0
    outer loop
      vertex -10.7417 34 5.00004
      vertex -8.90136 34 2.36794
      vertex -8.88373 34 2.44004
    endloop
  endfacet
  facet normal 0 -1 0
    outer loop
      vertex -10.7417 34 5.00004
      vertex -8.91583 34 2.29524
      vertex -8.90136 34 2.36794
    endloop
  endfacet
  facet normal 0 -1 0
    outer loop
      vertex -10.7417 34 5.00004
      vertex -8.92711 34 2.22194
      vertex -8.91583 34 2.29524
    endloop
  endfacet
  facet normal 0 -1 0
    outer loop
      vertex -10.7417 34 5.00004
      vertex -8.93519 34 2.14814
      vertex -8.92711 34 2.22194
    endloop
  endfacet
  facet normal 0 -1 0
    outer loop
      vertex -10.7417 34 5.00004
      vertex -8.94004 34 2.07414
      vertex -8.93519 34 2.14814
    endloop
  endfacet
  facet normal 0 -1 0
    outer loop
      vertex -10.7417 34 5.00004
      vertex -8.94165 34 2.00004
      vertex -8.94004 34 2.07414
    endloop
  endfacet
  facet normal 0 -1 0
    outer loop
      vertex -10.7417 34 -0.99996
      vertex -8.94165 34 2.00004
      vertex -10.7417 34 5.00004
    endloop
  endfacet
  facet normal 0 -1 -0
    outer loop
      vertex -8.94165 34 2.00004
      vertex -10.7417 34 -0.99996
      vertex -8.94004 34 1.92584
    endloop
  endfacet
  facet normal 0 -1 -0
    outer loop
      vertex -8.94004 34 1.92584
      vertex -10.7417 34 -0.99996
      vertex -8.93519 34 1.85185
    endloop
  endfacet
  facet normal 0 -1 -0
    outer loop
      vertex -8.93519 34 1.85185
      vertex -10.7417 34 -0.99996
      vertex -8.92711 34 1.77814
    endloop
  endfacet
  facet normal 0 -1 -0
    outer loop
      vertex -8.92711 34 1.77814
      vertex -10.7417 34 -0.99996
      vertex -8.91583 34 1.70484
    endloop
  endfacet
  facet normal 0 -1 -0
    outer loop
      vertex -8.91583 34 1.70484
      vertex -10.7417 34 -0.99996
      vertex -8.90136 34 1.63205
    endloop
  endfacet
  facet normal 0 -1 -0
    outer loop
      vertex -8.90136 34 1.63205
      vertex -10.7417 34 -0.99996
      vertex -8.88373 34 1.56004
    endloop
  endfacet
  facet normal 0 -1 -0
    outer loop
      vertex -8.88373 34 1.56004
      vertex -10.7417 34 -0.99996
      vertex -8.86297 34 1.48884
    endloop
  endfacet
  facet normal 0 -1 -0
    outer loop
      vertex -8.86297 34 1.48884
      vertex -10.7417 34 -0.99996
      vertex -8.83913 34 1.41855
    endloop
  endfacet
  facet normal 0 -1 -0
    outer loop
      vertex -8.83913 34 1.41855
      vertex -10.7417 34 -0.99996
      vertex -8.81225 34 1.34944
    endloop
  endfacet
  facet normal 0 -1 -0
    outer loop
      vertex -8.81225 34 1.34944
      vertex -10.7417 34 -0.99996
      vertex -8.78238 34 1.28155
    endloop
  endfacet
  facet normal 0 -1 -0
    outer loop
      vertex -7.31581 34 0.301641
      vertex -10.7417 34 -0.99996
      vertex -7.24166 34 0.30004
    endloop
  endfacet
  facet normal 0 -1 -0
    outer loop
      vertex -7.38982 34 0.30644
      vertex -10.7417 34 -0.99996
      vertex -7.31581 34 0.301641
    endloop
  endfacet
  facet normal 0 -1 -0
    outer loop
      vertex -7.46355 34 0.314541
      vertex -10.7417 34 -0.99996
      vertex -7.38982 34 0.30644
    endloop
  endfacet
  facet normal 0 -1 -0
    outer loop
      vertex -7.53686 34 0.325841
      vertex -10.7417 34 -0.99996
      vertex -7.46355 34 0.314541
    endloop
  endfacet
  facet normal 0 -1 -0
    outer loop
      vertex -7.6096 34 0.340341
      vertex -10.7417 34 -0.99996
      vertex -7.53686 34 0.325841
    endloop
  endfacet
  facet normal 0 -1 -0
    outer loop
      vertex -7.68165 34 0.357941
      vertex -10.7417 34 -0.99996
      vertex -7.6096 34 0.340341
    endloop
  endfacet
  facet normal 0 -1 -0
    outer loop
      vertex -7.75285 34 0.37864
      vertex -10.7417 34 -0.99996
      vertex -7.68165 34 0.357941
    endloop
  endfacet
  facet normal 0 -1 -0
    outer loop
      vertex -7.82309 34 0.40254
      vertex -10.7417 34 -0.99996
      vertex -7.75285 34 0.37864
    endloop
  endfacet
  facet normal 0 -1 -0
    outer loop
      vertex -7.89222 34 0.42944
      vertex -10.7417 34 -0.99996
      vertex -7.82309 34 0.40254
    endloop
  endfacet
  facet normal 0 -1 -0
    outer loop
      vertex -7.96011 34 0.459241
      vertex -10.7417 34 -0.99996
      vertex -7.89222 34 0.42944
    endloop
  endfacet
  facet normal 0 -1 -0
    outer loop
      vertex -8.02663 34 0.492041
      vertex -10.7417 34 -0.99996
      vertex -7.96011 34 0.459241
    endloop
  endfacet
  facet normal 0 -1 -0
    outer loop
      vertex -8.09165 34 0.52774
      vertex -10.7417 34 -0.99996
      vertex -8.02663 34 0.492041
    endloop
  endfacet
  facet normal 0 -1 -0
    outer loop
      vertex -8.15506 34 0.56624
      vertex -10.7417 34 -0.99996
      vertex -8.09165 34 0.52774
    endloop
  endfacet
  facet normal 0 -1 -0
    outer loop
      vertex -8.21673 34 0.607441
      vertex -10.7417 34 -0.99996
      vertex -8.15506 34 0.56624
    endloop
  endfacet
  facet normal 0 -1 -0
    outer loop
      vertex -8.27655 34 0.65134
      vertex -10.7417 34 -0.99996
      vertex -8.21673 34 0.607441
    endloop
  endfacet
  facet normal 0 -1 -0
    outer loop
      vertex -8.33439 34 0.697741
      vertex -10.7417 34 -0.99996
      vertex -8.27655 34 0.65134
    endloop
  endfacet
  facet normal 0 -1 -0
    outer loop
      vertex -8.39016 34 0.74664
      vertex -10.7417 34 -0.99996
      vertex -8.33439 34 0.697741
    endloop
  endfacet
  facet normal 0 -1 -0
    outer loop
      vertex -8.44374 34 0.79794
      vertex -10.7417 34 -0.99996
      vertex -8.39016 34 0.74664
    endloop
  endfacet
  facet normal 0 -1 -0
    outer loop
      vertex -8.49503 34 0.851541
      vertex -10.7417 34 -0.99996
      vertex -8.44374 34 0.79794
    endloop
  endfacet
  facet normal 0 -1 -0
    outer loop
      vertex -8.54393 34 0.907241
      vertex -10.7417 34 -0.99996
      vertex -8.49503 34 0.851541
    endloop
  endfacet
  facet normal 0 -1 -0
    outer loop
      vertex -8.59036 34 0.96514
      vertex -10.7417 34 -0.99996
      vertex -8.54393 34 0.907241
    endloop
  endfacet
  facet normal 0 -1 -0
    outer loop
      vertex -8.63421 34 1.02494
      vertex -10.7417 34 -0.99996
      vertex -8.59036 34 0.96514
    endloop
  endfacet
  facet normal 0 -1 -0
    outer loop
      vertex -8.67542 34 1.08654
      vertex -10.7417 34 -0.99996
      vertex -8.63421 34 1.02494
    endloop
  endfacet
  facet normal 0 -1 -0
    outer loop
      vertex -8.7139 34 1.15004
      vertex -10.7417 34 -0.99996
      vertex -8.67542 34 1.08654
    endloop
  endfacet
  facet normal 0 -1 -0
    outer loop
      vertex -8.74957 34 1.21504
      vertex -10.7417 34 -0.99996
      vertex -8.7139 34 1.15004
    endloop
  endfacet
  facet normal 0 -1 -0
    outer loop
      vertex -8.78238 34 1.28155
      vertex -10.7417 34 -0.99996
      vertex -8.74957 34 1.21504
    endloop
  endfacet
  facet normal 0 -1 0
    outer loop
      vertex -7.1675 34 3.69834
      vertex -3.74166 34 5.00004
      vertex -7.24166 34 3.70004
    endloop
  endfacet
  facet normal 0 -1 0
    outer loop
      vertex -7.09349 34 3.69354
      vertex -3.74166 34 5.00004
      vertex -7.1675 34 3.69834
    endloop
  endfacet
  facet normal 0 -1 0
    outer loop
      vertex -7.01976 34 3.68544
      vertex -3.74166 34 5.00004
      vertex -7.09349 34 3.69354
    endloop
  endfacet
  facet normal 0 -1 0
    outer loop
      vertex -6.94645 34 3.67414
      vertex -3.74166 34 5.00004
      vertex -7.01976 34 3.68544
    endloop
  endfacet
  facet normal 0 -1 0
    outer loop
      vertex -6.87371 34 3.65974
      vertex -3.74166 34 5.00004
      vertex -6.94645 34 3.67414
    endloop
  endfacet
  facet normal 0 -1 0
    outer loop
      vertex -6.80166 34 3.64204
      vertex -3.74166 34 5.00004
      vertex -6.87371 34 3.65974
    endloop
  endfacet
  facet normal 0 -1 0
    outer loop
      vertex -6.73046 34 3.62134
      vertex -3.74166 34 5.00004
      vertex -6.80166 34 3.64204
    endloop
  endfacet
  facet normal 0 -1 0
    outer loop
      vertex -6.66022 34 3.59744
      vertex -3.74166 34 5.00004
      vertex -6.73046 34 3.62134
    endloop
  endfacet
  facet normal 0 -1 0
    outer loop
      vertex -6.59109 34 3.57064
      vertex -3.74166 34 5.00004
      vertex -6.66022 34 3.59744
    endloop
  endfacet
  facet normal 0 -1 0
    outer loop
      vertex -6.5232 34 3.54074
      vertex -3.74166 34 5.00004
      vertex -6.59109 34 3.57064
    endloop
  endfacet
  facet normal 0 -1 0
    outer loop
      vertex -6.45668 34 3.50794
      vertex -3.74166 34 5.00004
      vertex -6.5232 34 3.54074
    endloop
  endfacet
  facet normal 0 -1 0
    outer loop
      vertex -6.39165 34 3.47224
      vertex -3.74166 34 5.00004
      vertex -6.45668 34 3.50794
    endloop
  endfacet
  facet normal 0 -1 0
    outer loop
      vertex -6.32825 34 3.43374
      vertex -3.74166 34 5.00004
      vertex -6.39165 34 3.47224
    endloop
  endfacet
  facet normal 0 -1 0
    outer loop
      vertex -6.26658 34 3.39254
      vertex -3.74166 34 5.00004
      vertex -6.32825 34 3.43374
    endloop
  endfacet
  facet normal 0 -1 0
    outer loop
      vertex -6.20676 34 3.34874
      vertex -3.74166 34 5.00004
      vertex -6.26658 34 3.39254
    endloop
  endfacet
  facet normal 0 -1 0
    outer loop
      vertex -6.14892 34 3.30224
      vertex -3.74166 34 5.00004
      vertex -6.20676 34 3.34874
    endloop
  endfacet
  facet normal 0 -1 0
    outer loop
      vertex -6.09315 34 3.25334
      vertex -3.74166 34 5.00004
      vertex -6.14892 34 3.30224
    endloop
  endfacet
  facet normal 0 -1 0
    outer loop
      vertex -6.03957 34 3.20204
      vertex -3.74166 34 5.00004
      vertex -6.09315 34 3.25334
    endloop
  endfacet
  facet normal 0 -1 0
    outer loop
      vertex -5.98828 34 3.14854
      vertex -3.74166 34 5.00004
      vertex -6.03957 34 3.20204
    endloop
  endfacet
  facet normal 0 -1 0
    outer loop
      vertex -5.93938 34 3.09274
      vertex -3.74166 34 5.00004
      vertex -5.98828 34 3.14854
    endloop
  endfacet
  facet normal 0 -1 0
    outer loop
      vertex -5.89295 34 3.03494
      vertex -3.74166 34 5.00004
      vertex -5.93938 34 3.09274
    endloop
  endfacet
  facet normal 0 -1 0
    outer loop
      vertex -5.8491 34 2.97504
      vertex -3.74166 34 5.00004
      vertex -5.89295 34 3.03494
    endloop
  endfacet
  facet normal 0 -1 0
    outer loop
      vertex -5.80789 34 2.91344
      vertex -3.74166 34 5.00004
      vertex -5.8491 34 2.97504
    endloop
  endfacet
  facet normal 0 -1 0
    outer loop
      vertex -5.76941 34 2.85004
      vertex -3.74166 34 5.00004
      vertex -5.80789 34 2.91344
    endloop
  endfacet
  facet normal 0 -1 0
    outer loop
      vertex -5.73374 34 2.78494
      vertex -3.74166 34 5.00004
      vertex -5.76941 34 2.85004
    endloop
  endfacet
  facet normal 0 -1 0
    outer loop
      vertex -5.70093 34 2.71844
      vertex -3.74166 34 5.00004
      vertex -5.73374 34 2.78494
    endloop
  endfacet
  facet normal 0 -1 0
    outer loop
      vertex -5.67106 34 2.65054
      vertex -3.74166 34 5.00004
      vertex -5.70093 34 2.71844
    endloop
  endfacet
  facet normal 0 -1 0
    outer loop
      vertex -5.64418 34 2.58144
      vertex -3.74166 34 5.00004
      vertex -5.67106 34 2.65054
    endloop
  endfacet
  facet normal 0 -1 0
    outer loop
      vertex -5.62034 34 2.51124
      vertex -3.74166 34 5.00004
      vertex -5.64418 34 2.58144
    endloop
  endfacet
  facet normal 0 -1 0
    outer loop
      vertex -5.59958 34 2.44004
      vertex -3.74166 34 5.00004
      vertex -5.62034 34 2.51124
    endloop
  endfacet
  facet normal 0 -1 0
    outer loop
      vertex -5.58195 34 2.36794
      vertex -3.74166 34 5.00004
      vertex -5.59958 34 2.44004
    endloop
  endfacet
  facet normal 0 -1 0
    outer loop
      vertex -5.56748 34 2.29524
      vertex -3.74166 34 5.00004
      vertex -5.58195 34 2.36794
    endloop
  endfacet
  facet normal 0 -1 0
    outer loop
      vertex -5.5562 34 2.22194
      vertex -3.74166 34 5.00004
      vertex -5.56748 34 2.29524
    endloop
  endfacet
  facet normal 0 -1 0
    outer loop
      vertex -5.54812 34 2.14814
      vertex -3.74166 34 5.00004
      vertex -5.5562 34 2.22194
    endloop
  endfacet
  facet normal 0 -1 0
    outer loop
      vertex -5.54327 34 2.07414
      vertex -3.74166 34 5.00004
      vertex -5.54812 34 2.14814
    endloop
  endfacet
  facet normal 0 -1 0
    outer loop
      vertex -5.54165 34 2.00004
      vertex -3.74166 34 5.00004
      vertex -5.54327 34 2.07414
    endloop
  endfacet
  facet normal 0 -1 0
    outer loop
      vertex -3.74166 34 -0.99996
      vertex -5.54165 34 2.00004
      vertex -5.54327 34 1.92584
    endloop
  endfacet
  facet normal 0 -1 0
    outer loop
      vertex -3.74166 34 -0.99996
      vertex -5.54327 34 1.92584
      vertex -5.54812 34 1.85185
    endloop
  endfacet
  facet normal 0 -1 0
    outer loop
      vertex -3.74166 34 -0.99996
      vertex -5.54812 34 1.85185
      vertex -5.5562 34 1.77814
    endloop
  endfacet
  facet normal 0 -1 0
    outer loop
      vertex -3.74166 34 -0.99996
      vertex -5.5562 34 1.77814
      vertex -5.56748 34 1.70484
    endloop
  endfacet
  facet normal 0 -1 0
    outer loop
      vertex -3.74166 34 -0.99996
      vertex -5.56748 34 1.70484
      vertex -5.58195 34 1.63205
    endloop
  endfacet
  facet normal 0 -1 0
    outer loop
      vertex -3.74166 34 -0.99996
      vertex -5.58195 34 1.63205
      vertex -5.59958 34 1.56004
    endloop
  endfacet
  facet normal 0 -1 0
    outer loop
      vertex -3.74166 34 -0.99996
      vertex -5.59958 34 1.56004
      vertex -5.62034 34 1.48884
    endloop
  endfacet
  facet normal 0 -1 0
    outer loop
      vertex -3.74166 34 -0.99996
      vertex -5.62034 34 1.48884
      vertex -5.64418 34 1.41855
    endloop
  endfacet
  facet normal 0 -1 0
    outer loop
      vertex -3.74166 34 -0.99996
      vertex -5.64418 34 1.41855
      vertex -5.67106 34 1.34944
    endloop
  endfacet
  facet normal 0 -1 0
    outer loop
      vertex -3.74166 34 -0.99996
      vertex -5.67106 34 1.34944
      vertex -5.70093 34 1.28155
    endloop
  endfacet
  facet normal 0 -1 0
    outer loop
      vertex -3.74166 34 -0.99996
      vertex -5.70093 34 1.28155
      vertex -5.73374 34 1.21504
    endloop
  endfacet
  facet normal 0 -1 0
    outer loop
      vertex -3.74166 34 -0.99996
      vertex -7.24166 34 0.30004
      vertex -10.7417 34 -0.99996
    endloop
  endfacet
  facet normal 0 -1 0
    outer loop
      vertex -7.24166 34 0.30004
      vertex -3.74166 34 -0.99996
      vertex -7.1675 34 0.301641
    endloop
  endfacet
  facet normal 0 -1 0
    outer loop
      vertex -7.1675 34 0.301641
      vertex -3.74166 34 -0.99996
      vertex -7.09349 34 0.30644
    endloop
  endfacet
  facet normal 0 -1 0
    outer loop
      vertex -7.09349 34 0.30644
      vertex -3.74166 34 -0.99996
      vertex -7.01976 34 0.314541
    endloop
  endfacet
  facet normal 0 -1 0
    outer loop
      vertex -7.01976 34 0.314541
      vertex -3.74166 34 -0.99996
      vertex -6.94645 34 0.325841
    endloop
  endfacet
  facet normal 0 -1 0
    outer loop
      vertex -6.94645 34 0.325841
      vertex -3.74166 34 -0.99996
      vertex -6.87371 34 0.340341
    endloop
  endfacet
  facet normal 0 -1 0
    outer loop
      vertex -6.87371 34 0.340341
      vertex -3.74166 34 -0.99996
      vertex -6.80166 34 0.357941
    endloop
  endfacet
  facet normal 0 -1 0
    outer loop
      vertex -6.80166 34 0.357941
      vertex -3.74166 34 -0.99996
      vertex -6.73046 34 0.37864
    endloop
  endfacet
  facet normal 0 -1 0
    outer loop
      vertex -5.54165 34 2.00004
      vertex -3.74166 34 -0.99996
      vertex -3.74166 34 5.00004
    endloop
  endfacet
  facet normal 0 -1 0
    outer loop
      vertex -5.76941 34 1.15004
      vertex -3.74166 34 -0.99996
      vertex -5.73374 34 1.21504
    endloop
  endfacet
  facet normal 0 -1 0
    outer loop
      vertex -5.80789 34 1.08654
      vertex -3.74166 34 -0.99996
      vertex -5.76941 34 1.15004
    endloop
  endfacet
  facet normal 0 -1 0
    outer loop
      vertex -5.8491 34 1.02494
      vertex -3.74166 34 -0.99996
      vertex -5.80789 34 1.08654
    endloop
  endfacet
  facet normal 0 -1 0
    outer loop
      vertex -5.89295 34 0.96514
      vertex -3.74166 34 -0.99996
      vertex -5.8491 34 1.02494
    endloop
  endfacet
  facet normal 0 -1 0
    outer loop
      vertex -5.93938 34 0.907241
      vertex -3.74166 34 -0.99996
      vertex -5.89295 34 0.96514
    endloop
  endfacet
  facet normal 0 -1 0
    outer loop
      vertex -5.98828 34 0.851541
      vertex -3.74166 34 -0.99996
      vertex -5.93938 34 0.907241
    endloop
  endfacet
  facet normal 0 -1 0
    outer loop
      vertex -6.03957 34 0.79794
      vertex -3.74166 34 -0.99996
      vertex -5.98828 34 0.851541
    endloop
  endfacet
  facet normal 0 -1 0
    outer loop
      vertex -6.09315 34 0.74664
      vertex -3.74166 34 -0.99996
      vertex -6.03957 34 0.79794
    endloop
  endfacet
  facet normal 0 -1 0
    outer loop
      vertex -6.14892 34 0.697741
      vertex -3.74166 34 -0.99996
      vertex -6.09315 34 0.74664
    endloop
  endfacet
  facet normal 0 -1 0
    outer loop
      vertex -6.20676 34 0.65134
      vertex -3.74166 34 -0.99996
      vertex -6.14892 34 0.697741
    endloop
  endfacet
  facet normal 0 -1 0
    outer loop
      vertex -6.26658 34 0.607441
      vertex -3.74166 34 -0.99996
      vertex -6.20676 34 0.65134
    endloop
  endfacet
  facet normal 0 -1 0
    outer loop
      vertex -6.32825 34 0.56624
      vertex -3.74166 34 -0.99996
      vertex -6.26658 34 0.607441
    endloop
  endfacet
  facet normal 0 -1 0
    outer loop
      vertex -6.39165 34 0.52774
      vertex -3.74166 34 -0.99996
      vertex -6.32825 34 0.56624
    endloop
  endfacet
  facet normal 0 -1 0
    outer loop
      vertex -6.45668 34 0.492041
      vertex -3.74166 34 -0.99996
      vertex -6.39165 34 0.52774
    endloop
  endfacet
  facet normal 0 -1 0
    outer loop
      vertex -6.5232 34 0.459241
      vertex -3.74166 34 -0.99996
      vertex -6.45668 34 0.492041
    endloop
  endfacet
  facet normal 0 -1 0
    outer loop
      vertex -6.59109 34 0.42944
      vertex -3.74166 34 -0.99996
      vertex -6.5232 34 0.459241
    endloop
  endfacet
  facet normal 0 -1 0
    outer loop
      vertex -6.66022 34 0.40254
      vertex -3.74166 34 -0.99996
      vertex -6.59109 34 0.42944
    endloop
  endfacet
  facet normal 0 -1 0
    outer loop
      vertex -6.73046 34 0.37864
      vertex -3.74166 34 -0.99996
      vertex -6.66022 34 0.40254
    endloop
  endfacet
  facet normal -0.824327 -0.566114 0
    outer loop
      vertex -3.67683 33.9056 -1.49996
      vertex -3.74166 34 5.00004
      vertex -3.74166 34 -0.99996
    endloop
  endfacet
  facet normal -0.824327 -0.566114 0
    outer loop
      vertex -3.74166 34 5.00004
      vertex -3.67683 33.9056 -1.49996
      vertex -3.67683 33.9056 5.50004
    endloop
  endfacet
  facet normal -0.804546 -0.593891 0
    outer loop
      vertex -3.56382 33.7525 1
      vertex -3.6727 33.9 3
      vertex -3.6727 33.9 1
    endloop
  endfacet
  facet normal -0.804546 -0.593891 0
    outer loop
      vertex -3.6727 33.9 3
      vertex -3.56382 33.7525 1
      vertex -3.56382 33.7525 3
    endloop
  endfacet
  facet normal -0.804803 -0.593542 -0
    outer loop
      vertex -3.6727 33.9 1
      vertex -3.67683 33.9056 -1.49996
      vertex -3.6727 33.9 -1.49996
    endloop
  endfacet
  facet normal -0.804803 -0.593542 0
    outer loop
      vertex -3.67683 33.9056 -1.49996
      vertex -3.6727 33.9 1
      vertex -3.67683 33.9056 5.50004
    endloop
  endfacet
  facet normal -0.804803 -0.593542 -0
    outer loop
      vertex -3.6727 33.9 3
      vertex -3.67683 33.9056 5.50004
      vertex -3.6727 33.9 1
    endloop
  endfacet
  facet normal -0.804803 -0.593542 0
    outer loop
      vertex -3.67683 33.9056 5.50004
      vertex -3.6727 33.9 3
      vertex -3.6727 33.9 5.50004
    endloop
  endfacet
  facet normal -0.778943 -0.627094 0
    outer loop
      vertex -3.44443 33.6042 1
      vertex -3.56382 33.7525 3
      vertex -3.56382 33.7525 1
    endloop
  endfacet
  facet normal -0.778943 -0.627094 0
    outer loop
      vertex -3.56382 33.7525 3
      vertex -3.44443 33.6042 1
      vertex -3.44443 33.6042 3
    endloop
  endfacet
  facet normal 0.780899 -0.624657 0
    outer loop
      vertex 3.46344 33.627 3
      vertex 3.56383 33.7525 1
      vertex 3.56383 33.7525 3
    endloop
  endfacet
  facet normal 0.780899 -0.624657 0
    outer loop
      vertex 3.56383 33.7525 1
      vertex 3.46344 33.627 3
      vertex 3.46344 33.627 1
    endloop
  endfacet
  facet normal 0.768221 -0.640184 0
    outer loop
      vertex 3.44444 33.6042 3
      vertex 3.46344 33.627 1
      vertex 3.46344 33.627 3
    endloop
  endfacet
  facet normal 0.768221 -0.640184 0
    outer loop
      vertex 3.46344 33.627 1
      vertex 3.44444 33.6042 3
      vertex 3.44444 33.6042 1
    endloop
  endfacet
  facet normal 0.804803 -0.593542 0
    outer loop
      vertex 3.67271 33.9 3
      vertex 3.67684 33.9056 3.50004
      vertex 3.67271 33.9 3.50004
    endloop
  endfacet
  facet normal 0.804803 -0.593542 0
    outer loop
      vertex 3.67684 33.9056 3.50004
      vertex 3.67271 33.9 3
      vertex 3.67684 33.9056 0.50004
    endloop
  endfacet
  facet normal 0.804803 -0.593542 0
    outer loop
      vertex 3.67271 33.9 1
      vertex 3.67684 33.9056 0.50004
      vertex 3.67271 33.9 3
    endloop
  endfacet
  facet normal 0.804803 -0.593542 0
    outer loop
      vertex 3.67684 33.9056 0.50004
      vertex 3.67271 33.9 1
      vertex 3.67271 33.9 0.50004
    endloop
  endfacet
  facet normal 0.804546 -0.593891 0
    outer loop
      vertex 3.56383 33.7525 3
      vertex 3.67271 33.9 1
      vertex 3.67271 33.9 3
    endloop
  endfacet
  facet normal 0.804546 -0.593891 0
    outer loop
      vertex 3.67271 33.9 1
      vertex 3.56383 33.7525 3
      vertex 3.56383 33.7525 1
    endloop
  endfacet
  facet normal 0.82922 -0.558923 0
    outer loop
      vertex 3.67684 33.9056 3.50004
      vertex 3.78327 34.0635 0.50004
      vertex 3.78327 34.0635 3.50004
    endloop
  endfacet
  facet normal 0.82922 -0.558923 0
    outer loop
      vertex 3.78327 34.0635 0.50004
      vertex 3.67684 33.9056 3.50004
      vertex 3.67684 33.9056 0.50004
    endloop
  endfacet
  facet normal 0.851878 -0.52374 0
    outer loop
      vertex 3.78327 34.0635 3.50004
      vertex 3.88293 34.2256 0.50004
      vertex 3.88293 34.2256 3.50004
    endloop
  endfacet
  facet normal 0.851878 -0.52374 0
    outer loop
      vertex 3.88293 34.2256 0.50004
      vertex 3.78327 34.0635 3.50004
      vertex 3.78327 34.0635 0.50004
    endloop
  endfacet
  facet normal 0.940088 -0.340933 0
    outer loop
      vertex 2.5 31 3
      vertex 3.44444 33.6042 1
      vertex 3.44444 33.6042 3
    endloop
  endfacet
  facet normal 0.940088 -0.340933 0
    outer loop
      vertex 3.44444 33.6042 1
      vertex 2.5 31 3
      vertex 2.5 31 1
    endloop
  endfacet
  facet normal -0.296927 0.9549 0
    outer loop
      vertex 0.79449 34.1296 -1.49996
      vertex 0.69158 34.0976 5.50004
      vertex 0.79449 34.1296 5.50004
    endloop
  endfacet
  facet normal -0.296927 0.9549 0
    outer loop
      vertex 0.69158 34.0976 5.50004
      vertex 0.79449 34.1296 -1.49996
      vertex 0.69158 34.0976 -1.49996
    endloop
  endfacet
  facet normal -0.256023 0.966671 0
    outer loop
      vertex 0.69158 34.0976 -1.49996
      vertex 0.58737 34.07 5.50004
      vertex 0.69158 34.0976 5.50004
    endloop
  endfacet
  facet normal -0.256023 0.966671 0
    outer loop
      vertex 0.58737 34.07 5.50004
      vertex 0.69158 34.0976 -1.49996
      vertex 0.58737 34.07 -1.49996
    endloop
  endfacet
  facet normal -0.213393 0.976967 0
    outer loop
      vertex 0.58737 34.07 -1.49996
      vertex 0.48207 34.047 5.50004
      vertex 0.58737 34.07 5.50004
    endloop
  endfacet
  facet normal -0.213393 0.976967 0
    outer loop
      vertex 0.48207 34.047 5.50004
      vertex 0.58737 34.07 -1.49996
      vertex 0.48207 34.047 -1.49996
    endloop
  endfacet
  facet normal -0.171629 0.985162 0
    outer loop
      vertex 0.48207 34.047 -1.49996
      vertex 0.375879 34.0285 5.50004
      vertex 0.48207 34.047 5.50004
    endloop
  endfacet
  facet normal -0.171629 0.985162 0
    outer loop
      vertex 0.375879 34.0285 5.50004
      vertex 0.48207 34.047 -1.49996
      vertex 0.375879 34.0285 -1.49996
    endloop
  endfacet
  facet normal -0.128956 0.99165 0
    outer loop
      vertex 0.375879 34.0285 -1.49996
      vertex 0.26899 34.0146 5.50004
      vertex 0.375879 34.0285 5.50004
    endloop
  endfacet
  facet normal -0.128956 0.99165 0
    outer loop
      vertex 0.26899 34.0146 5.50004
      vertex 0.375879 34.0285 -1.49996
      vertex 0.26899 34.0146 -1.49996
    endloop
  endfacet
  facet normal -0.0862694 0.996272 0
    outer loop
      vertex 0.26899 34.0146 -1.49996
      vertex 0.16159 34.0053 5.50004
      vertex 0.26899 34.0146 5.50004
    endloop
  endfacet
  facet normal -0.0862694 0.996272 0
    outer loop
      vertex 0.16159 34.0053 5.50004
      vertex 0.26899 34.0146 -1.49996
      vertex 0.16159 34.0053 -1.49996
    endloop
  endfacet
  facet normal -0.0436022 0.999049 0
    outer loop
      vertex 0.16159 34.0053 -1.49996
      vertex 0.0538998 34.0006 5.50004
      vertex 0.16159 34.0053 5.50004
    endloop
  endfacet
  facet normal -0.0436022 0.999049 0
    outer loop
      vertex 0.0538998 34.0006 5.50004
      vertex 0.16159 34.0053 -1.49996
      vertex 0.0538998 34.0006 -1.49996
    endloop
  endfacet
  facet normal 0 1 -0
    outer loop
      vertex 0.0538998 34.0006 -1.49996
      vertex -0.0538902 34.0006 5.50004
      vertex 0.0538998 34.0006 5.50004
    endloop
  endfacet
  facet normal 0 1 0
    outer loop
      vertex -0.0538902 34.0006 5.50004
      vertex 0.0538998 34.0006 -1.49996
      vertex -0.0538902 34.0006 -1.49996
    endloop
  endfacet
  facet normal 0.0435979 0.999049 -0
    outer loop
      vertex -0.0538902 34.0006 -1.49996
      vertex -0.161591 34.0053 5.50004
      vertex -0.0538902 34.0006 5.50004
    endloop
  endfacet
  facet normal 0.0435979 0.999049 0
    outer loop
      vertex -0.161591 34.0053 5.50004
      vertex -0.0538902 34.0006 -1.49996
      vertex -0.161591 34.0053 -1.49996
    endloop
  endfacet
  facet normal 0.0862781 0.996271 -0
    outer loop
      vertex -0.161591 34.0053 -1.49996
      vertex -0.26898 34.0146 5.50004
      vertex -0.161591 34.0053 5.50004
    endloop
  endfacet
  facet normal 0.0862781 0.996271 0
    outer loop
      vertex -0.26898 34.0146 5.50004
      vertex -0.161591 34.0053 -1.49996
      vertex -0.26898 34.0146 -1.49996
    endloop
  endfacet
  facet normal 0.128953 0.991651 -0
    outer loop
      vertex -0.26898 34.0146 -1.49996
      vertex -0.375871 34.0285 5.50004
      vertex -0.26898 34.0146 5.50004
    endloop
  endfacet
  facet normal 0.128953 0.991651 0
    outer loop
      vertex -0.375871 34.0285 5.50004
      vertex -0.26898 34.0146 -1.49996
      vertex -0.375871 34.0285 -1.49996
    endloop
  endfacet
  facet normal 0.171615 0.985164 -0
    outer loop
      vertex -0.375871 34.0285 -1.49996
      vertex -0.482071 34.047 5.50004
      vertex -0.375871 34.0285 5.50004
    endloop
  endfacet
  facet normal 0.171615 0.985164 0
    outer loop
      vertex -0.482071 34.047 5.50004
      vertex -0.375871 34.0285 -1.49996
      vertex -0.482071 34.047 -1.49996
    endloop
  endfacet
  facet normal 0.213393 0.976967 -0
    outer loop
      vertex -0.482071 34.047 -1.49996
      vertex -0.587371 34.07 5.50004
      vertex -0.482071 34.047 5.50004
    endloop
  endfacet
  facet normal 0.213393 0.976967 0
    outer loop
      vertex -0.587371 34.07 5.50004
      vertex -0.482071 34.047 -1.49996
      vertex -0.587371 34.07 -1.49996
    endloop
  endfacet
  facet normal 0.256048 0.966664 -0
    outer loop
      vertex -0.587371 34.07 -1.49996
      vertex -0.69157 34.0976 5.50004
      vertex -0.587371 34.07 5.50004
    endloop
  endfacet
  facet normal 0.256048 0.966664 0
    outer loop
      vertex -0.69157 34.0976 5.50004
      vertex -0.587371 34.07 -1.49996
      vertex -0.69157 34.0976 -1.49996
    endloop
  endfacet
  facet normal 0.296898 0.954909 -0
    outer loop
      vertex -0.69157 34.0976 -1.49996
      vertex -0.794491 34.1296 5.50004
      vertex -0.69157 34.0976 5.50004
    endloop
  endfacet
  facet normal 0.296898 0.954909 0
    outer loop
      vertex -0.794491 34.1296 5.50004
      vertex -0.69157 34.0976 -1.49996
      vertex -0.794491 34.1296 -1.49996
    endloop
  endfacet
  facet normal -0.940089 -0.340929 0
    outer loop
      vertex -2.5 31 1
      vertex -3.44443 33.6042 3
      vertex -3.44443 33.6042 1
    endloop
  endfacet
  facet normal -0.940089 -0.340929 0
    outer loop
      vertex -3.44443 33.6042 3
      vertex -2.5 31 1
      vertex -2.5 31 3
    endloop
  endfacet
  facet normal 0.63616 -0.771557 0
    outer loop
      vertex 3.73939 33.9 3.50004
      vertex 3.76207 33.9187 5.50004
      vertex 3.73939 33.9 5.50004
    endloop
  endfacet
  facet normal 0.63616 -0.771557 0
    outer loop
      vertex 3.76207 33.9187 5.50004
      vertex 3.73939 33.9 3.50004
      vertex 3.76207 33.9187 3.50004
    endloop
  endfacet
  facet normal 0.6038 -0.797136 0
    outer loop
      vertex 3.76207 33.9187 3.50004
      vertex 3.82874 33.9692 5.50004
      vertex 3.76207 33.9187 5.50004
    endloop
  endfacet
  facet normal 0.6038 -0.797136 0
    outer loop
      vertex 3.82874 33.9692 5.50004
      vertex 3.76207 33.9187 3.50004
      vertex 3.82874 33.9692 3.50004
    endloop
  endfacet
  facet normal 0.570161 -0.821533 0
    outer loop
      vertex 3.82874 33.9692 3.50004
      vertex 3.89747 34.0169 5.50004
      vertex 3.82874 33.9692 5.50004
    endloop
  endfacet
  facet normal 0.570161 -0.821533 0
    outer loop
      vertex 3.89747 34.0169 5.50004
      vertex 3.82874 33.9692 3.50004
      vertex 3.89747 34.0169 3.50004
    endloop
  endfacet
  facet normal 0.534668 -0.845062 0
    outer loop
      vertex 3.89747 34.0169 3.50004
      vertex 3.96812 34.0616 5.50004
      vertex 3.89747 34.0169 5.50004
    endloop
  endfacet
  facet normal 0.534668 -0.845062 0
    outer loop
      vertex 3.96812 34.0616 5.50004
      vertex 3.89747 34.0169 3.50004
      vertex 3.96812 34.0616 3.50004
    endloop
  endfacet
  facet normal 0.499636 -0.866235 0
    outer loop
      vertex 3.96812 34.0616 3.50004
      vertex 4.04059 34.1034 5.50004
      vertex 3.96812 34.0616 5.50004
    endloop
  endfacet
  facet normal 0.499636 -0.866235 0
    outer loop
      vertex 4.04059 34.1034 5.50004
      vertex 3.96812 34.0616 3.50004
      vertex 4.04059 34.1034 3.50004
    endloop
  endfacet
  facet normal 0.46264 -0.886546 0
    outer loop
      vertex 4.04059 34.1034 3.50004
      vertex 4.11475 34.1421 5.50004
      vertex 4.04059 34.1034 5.50004
    endloop
  endfacet
  facet normal 0.46264 -0.886546 0
    outer loop
      vertex 4.11475 34.1421 5.50004
      vertex 4.04059 34.1034 3.50004
      vertex 4.11475 34.1421 3.50004
    endloop
  endfacet
  facet normal 0.425567 -0.904927 0
    outer loop
      vertex 4.11475 34.1421 3.50004
      vertex 4.19045 34.1777 5.50004
      vertex 4.11475 34.1421 5.50004
    endloop
  endfacet
  facet normal 0.425567 -0.904927 0
    outer loop
      vertex 4.19045 34.1777 5.50004
      vertex 4.11475 34.1421 3.50004
      vertex 4.19045 34.1777 3.50004
    endloop
  endfacet
  facet normal 0.386271 -0.922386 0
    outer loop
      vertex 4.19045 34.1777 3.50004
      vertex 4.26758 34.21 5.50004
      vertex 4.19045 34.1777 5.50004
    endloop
  endfacet
  facet normal 0.386271 -0.922386 0
    outer loop
      vertex 4.26758 34.21 5.50004
      vertex 4.19045 34.1777 3.50004
      vertex 4.26758 34.21 3.50004
    endloop
  endfacet
  facet normal 0.347937 -0.937518 0
    outer loop
      vertex 4.26758 34.21 3.50004
      vertex 4.34599 34.2391 5.50004
      vertex 4.26758 34.21 5.50004
    endloop
  endfacet
  facet normal 0.347937 -0.937518 0
    outer loop
      vertex 4.34599 34.2391 5.50004
      vertex 4.26758 34.21 3.50004
      vertex 4.34599 34.2391 3.50004
    endloop
  endfacet
  facet normal 0.30847 -0.951234 0
    outer loop
      vertex 4.34599 34.2391 3.50004
      vertex 4.42555 34.2649 5.50004
      vertex 4.34599 34.2391 5.50004
    endloop
  endfacet
  facet normal 0.30847 -0.951234 0
    outer loop
      vertex 4.42555 34.2649 5.50004
      vertex 4.34599 34.2391 3.50004
      vertex 4.42555 34.2649 3.50004
    endloop
  endfacet
  facet normal 0.268969 -0.963149 0
    outer loop
      vertex 4.42555 34.2649 3.50004
      vertex 4.50612 34.2874 5.50004
      vertex 4.42555 34.2649 5.50004
    endloop
  endfacet
  facet normal 0.268969 -0.963149 0
    outer loop
      vertex 4.50612 34.2874 5.50004
      vertex 4.42555 34.2649 3.50004
      vertex 4.50612 34.2874 3.50004
    endloop
  endfacet
  facet normal 0.228333 -0.973583 0
    outer loop
      vertex 4.50612 34.2874 3.50004
      vertex 4.58756 34.3065 5.50004
      vertex 4.50612 34.2874 5.50004
    endloop
  endfacet
  facet normal 0.228333 -0.973583 0
    outer loop
      vertex 4.58756 34.3065 5.50004
      vertex 4.50612 34.2874 3.50004
      vertex 4.58756 34.3065 3.50004
    endloop
  endfacet
  facet normal 0.186541 -0.982447 0
    outer loop
      vertex 4.58756 34.3065 3.50004
      vertex 4.66972 34.3221 5.50004
      vertex 4.58756 34.3065 5.50004
    endloop
  endfacet
  facet normal 0.186541 -0.982447 0
    outer loop
      vertex 4.66972 34.3221 5.50004
      vertex 4.58756 34.3065 3.50004
      vertex 4.66972 34.3221 3.50004
    endloop
  endfacet
  facet normal 0.145855 -0.989306 0
    outer loop
      vertex 4.66972 34.3221 3.50004
      vertex 4.75247 34.3343 5.50004
      vertex 4.66972 34.3221 5.50004
    endloop
  endfacet
  facet normal 0.145855 -0.989306 0
    outer loop
      vertex 4.75247 34.3343 5.50004
      vertex 4.66972 34.3221 3.50004
      vertex 4.75247 34.3343 3.50004
    endloop
  endfacet
  facet normal 0.104025 -0.994575 0
    outer loop
      vertex 4.75247 34.3343 3.50004
      vertex 4.83565 34.343 5.50004
      vertex 4.75247 34.3343 5.50004
    endloop
  endfacet
  facet normal 0.104025 -0.994575 0
    outer loop
      vertex 4.83565 34.343 5.50004
      vertex 4.75247 34.3343 3.50004
      vertex 4.83565 34.343 3.50004
    endloop
  endfacet
  facet normal 0.0633607 -0.997991 0
    outer loop
      vertex 4.83565 34.343 3.50004
      vertex 4.91913 34.3483 5.50004
      vertex 4.83565 34.343 5.50004
    endloop
  endfacet
  facet normal 0.0633607 -0.997991 0
    outer loop
      vertex 4.91913 34.3483 5.50004
      vertex 4.83565 34.343 3.50004
      vertex 4.91913 34.3483 3.50004
    endloop
  endfacet
  facet normal 0.0203259 -0.999793 0
    outer loop
      vertex 4.91913 34.3483 3.50004
      vertex 5.00275 34.35 5.50004
      vertex 4.91913 34.3483 5.50004
    endloop
  endfacet
  facet normal 0.0203259 -0.999793 0
    outer loop
      vertex 5.00275 34.35 5.50004
      vertex 4.91913 34.3483 3.50004
      vertex 5.00275 34.35 3.50004
    endloop
  endfacet
  facet normal 0.63616 -0.771557 0
    outer loop
      vertex 3.73939 33.9 -1.49996
      vertex 3.76207 33.9187 0.50004
      vertex 3.73939 33.9 0.50004
    endloop
  endfacet
  facet normal 0.63616 -0.771557 0
    outer loop
      vertex 3.76207 33.9187 0.50004
      vertex 3.73939 33.9 -1.49996
      vertex 3.76207 33.9187 -1.49996
    endloop
  endfacet
  facet normal 0.6038 -0.797136 0
    outer loop
      vertex 3.76207 33.9187 -1.49996
      vertex 3.82874 33.9692 0.50004
      vertex 3.76207 33.9187 0.50004
    endloop
  endfacet
  facet normal 0.6038 -0.797136 0
    outer loop
      vertex 3.82874 33.9692 0.50004
      vertex 3.76207 33.9187 -1.49996
      vertex 3.82874 33.9692 -1.49996
    endloop
  endfacet
  facet normal 0.570161 -0.821533 0
    outer loop
      vertex 3.82874 33.9692 -1.49996
      vertex 3.89747 34.0169 0.50004
      vertex 3.82874 33.9692 0.50004
    endloop
  endfacet
  facet normal 0.570161 -0.821533 0
    outer loop
      vertex 3.89747 34.0169 0.50004
      vertex 3.82874 33.9692 -1.49996
      vertex 3.89747 34.0169 -1.49996
    endloop
  endfacet
  facet normal 0.534668 -0.845062 0
    outer loop
      vertex 3.89747 34.0169 -1.49996
      vertex 3.96812 34.0616 0.50004
      vertex 3.89747 34.0169 0.50004
    endloop
  endfacet
  facet normal 0.534668 -0.845062 0
    outer loop
      vertex 3.96812 34.0616 0.50004
      vertex 3.89747 34.0169 -1.49996
      vertex 3.96812 34.0616 -1.49996
    endloop
  endfacet
  facet normal 0.499636 -0.866235 0
    outer loop
      vertex 3.96812 34.0616 -1.49996
      vertex 4.04059 34.1034 0.50004
      vertex 3.96812 34.0616 0.50004
    endloop
  endfacet
  facet normal 0.499636 -0.866235 0
    outer loop
      vertex 4.04059 34.1034 0.50004
      vertex 3.96812 34.0616 -1.49996
      vertex 4.04059 34.1034 -1.49996
    endloop
  endfacet
  facet normal 0.46264 -0.886546 0
    outer loop
      vertex 4.04059 34.1034 -1.49996
      vertex 4.11475 34.1421 0.50004
      vertex 4.04059 34.1034 0.50004
    endloop
  endfacet
  facet normal 0.46264 -0.886546 0
    outer loop
      vertex 4.11475 34.1421 0.50004
      vertex 4.04059 34.1034 -1.49996
      vertex 4.11475 34.1421 -1.49996
    endloop
  endfacet
  facet normal 0.425567 -0.904927 0
    outer loop
      vertex 4.11475 34.1421 -1.49996
      vertex 4.19045 34.1777 0.50004
      vertex 4.11475 34.1421 0.50004
    endloop
  endfacet
  facet normal 0.425567 -0.904927 0
    outer loop
      vertex 4.19045 34.1777 0.50004
      vertex 4.11475 34.1421 -1.49996
      vertex 4.19045 34.1777 -1.49996
    endloop
  endfacet
  facet normal 0.386271 -0.922386 0
    outer loop
      vertex 4.19045 34.1777 -1.49996
      vertex 4.26758 34.21 0.50004
      vertex 4.19045 34.1777 0.50004
    endloop
  endfacet
  facet normal 0.386271 -0.922386 0
    outer loop
      vertex 4.26758 34.21 0.50004
      vertex 4.19045 34.1777 -1.49996
      vertex 4.26758 34.21 -1.49996
    endloop
  endfacet
  facet normal 0.347937 -0.937518 0
    outer loop
      vertex 4.26758 34.21 -1.49996
      vertex 4.34599 34.2391 0.50004
      vertex 4.26758 34.21 0.50004
    endloop
  endfacet
  facet normal 0.347937 -0.937518 0
    outer loop
      vertex 4.34599 34.2391 0.50004
      vertex 4.26758 34.21 -1.49996
      vertex 4.34599 34.2391 -1.49996
    endloop
  endfacet
  facet normal 0.30847 -0.951234 0
    outer loop
      vertex 4.34599 34.2391 -1.49996
      vertex 4.42555 34.2649 0.50004
      vertex 4.34599 34.2391 0.50004
    endloop
  endfacet
  facet normal 0.30847 -0.951234 0
    outer loop
      vertex 4.42555 34.2649 0.50004
      vertex 4.34599 34.2391 -1.49996
      vertex 4.42555 34.2649 -1.49996
    endloop
  endfacet
  facet normal 0.268969 -0.963149 0
    outer loop
      vertex 4.42555 34.2649 -1.49996
      vertex 4.50612 34.2874 0.50004
      vertex 4.42555 34.2649 0.50004
    endloop
  endfacet
  facet normal 0.268969 -0.963149 0
    outer loop
      vertex 4.50612 34.2874 0.50004
      vertex 4.42555 34.2649 -1.49996
      vertex 4.50612 34.2874 -1.49996
    endloop
  endfacet
  facet normal 0.228333 -0.973583 0
    outer loop
      vertex 4.50612 34.2874 -1.49996
      vertex 4.58756 34.3065 0.50004
      vertex 4.50612 34.2874 0.50004
    endloop
  endfacet
  facet normal 0.228333 -0.973583 0
    outer loop
      vertex 4.58756 34.3065 0.50004
      vertex 4.50612 34.2874 -1.49996
      vertex 4.58756 34.3065 -1.49996
    endloop
  endfacet
  facet normal 0.186541 -0.982447 0
    outer loop
      vertex 4.58756 34.3065 -1.49996
      vertex 4.66972 34.3221 0.50004
      vertex 4.58756 34.3065 0.50004
    endloop
  endfacet
  facet normal 0.186541 -0.982447 0
    outer loop
      vertex 4.66972 34.3221 0.50004
      vertex 4.58756 34.3065 -1.49996
      vertex 4.66972 34.3221 -1.49996
    endloop
  endfacet
  facet normal 0.145855 -0.989306 0
    outer loop
      vertex 4.66972 34.3221 -1.49996
      vertex 4.75247 34.3343 0.50004
      vertex 4.66972 34.3221 0.50004
    endloop
  endfacet
  facet normal 0.145855 -0.989306 0
    outer loop
      vertex 4.75247 34.3343 0.50004
      vertex 4.66972 34.3221 -1.49996
      vertex 4.75247 34.3343 -1.49996
    endloop
  endfacet
  facet normal 0.104025 -0.994575 0
    outer loop
      vertex 4.75247 34.3343 -1.49996
      vertex 4.83565 34.343 0.50004
      vertex 4.75247 34.3343 0.50004
    endloop
  endfacet
  facet normal 0.104025 -0.994575 0
    outer loop
      vertex 4.83565 34.343 0.50004
      vertex 4.75247 34.3343 -1.49996
      vertex 4.83565 34.343 -1.49996
    endloop
  endfacet
  facet normal 0.0633607 -0.997991 0
    outer loop
      vertex 4.83565 34.343 -1.49996
      vertex 4.91913 34.3483 0.50004
      vertex 4.83565 34.343 0.50004
    endloop
  endfacet
  facet normal 0.0633607 -0.997991 0
    outer loop
      vertex 4.91913 34.3483 0.50004
      vertex 4.83565 34.343 -1.49996
      vertex 4.91913 34.3483 -1.49996
    endloop
  endfacet
  facet normal 0.0203259 -0.999793 0
    outer loop
      vertex 4.91913 34.3483 -1.49996
      vertex 5.00275 34.35 0.50004
      vertex 4.91913 34.3483 0.50004
    endloop
  endfacet
  facet normal 0.0203259 -0.999793 0
    outer loop
      vertex 5.00275 34.35 0.50004
      vertex 4.91913 34.3483 -1.49996
      vertex 5.00275 34.35 -1.49996
    endloop
  endfacet
  facet normal 0 -1 0
    outer loop
      vertex 5.00275 34.35 3.50004
      vertex 6.75 34.35 5.50004
      vertex 5.00275 34.35 5.50004
    endloop
  endfacet
  facet normal 0 -1 -0
    outer loop
      vertex 6.75 34.35 5.50004
      vertex 5.00275 34.35 3.50004
      vertex 6.75 34.35 3.50004
    endloop
  endfacet
  facet normal 0 0 -1
    outer loop
      vertex 7.89891 36.4499 3.50004
      vertex 8.8998 36.4714 3.50004
      vertex 8.8965 36.3784 3.50004
    endloop
  endfacet
  facet normal 0 0 -1
    outer loop
      vertex 8.8998 36.4714 3.50004
      vertex 7.9 36.5 3.50004
      vertex 8.899 36.5644 3.50004
    endloop
  endfacet
  facet normal 0 0 -1
    outer loop
      vertex 7.89563 36.3998 3.50004
      vertex 8.8965 36.3784 3.50004
      vertex 8.8893 36.2857 3.50004
    endloop
  endfacet
  facet normal 0 0 -1
    outer loop
      vertex 7.89891 36.5502 3.50004
      vertex 8.899 36.5644 3.50004
      vertex 7.9 36.5 3.50004
    endloop
  endfacet
  facet normal 0 0 -1
    outer loop
      vertex 7.89016 36.3499 3.50004
      vertex 8.8893 36.2857 3.50004
      vertex 8.878 36.1934 3.50004
    endloop
  endfacet
  facet normal -0 0 -1
    outer loop
      vertex 8.899 36.5644 3.50004
      vertex 7.89891 36.5502 3.50004
      vertex 8.8942 36.6573 3.50004
    endloop
  endfacet
  facet normal 0 0 -1
    outer loop
      vertex 7.88253 36.3003 3.50004
      vertex 8.878 36.1934 3.50004
      vertex 8.8627 36.1016 3.50004
    endloop
  endfacet
  facet normal 0 0 -1
    outer loop
      vertex 7.89563 36.6003 3.50004
      vertex 8.8942 36.6573 3.50004
      vertex 7.89891 36.5502 3.50004
    endloop
  endfacet
  facet normal 0 0 -1
    outer loop
      vertex 7.87274 36.2511 3.50004
      vertex 8.8627 36.1016 3.50004
      vertex 8.8435 36.0106 3.50004
    endloop
  endfacet
  facet normal -0 0 -1
    outer loop
      vertex 8.8942 36.6573 3.50004
      vertex 7.89563 36.6003 3.50004
      vertex 8.8854 36.7499 3.50004
    endloop
  endfacet
  facet normal 0 0 -1
    outer loop
      vertex 7.86082 36.2024 3.50004
      vertex 8.8435 36.0106 3.50004
      vertex 8.8204 35.9205 3.50004
    endloop
  endfacet
  facet normal 0 0 -1
    outer loop
      vertex 7.89016 36.6501 3.50004
      vertex 8.8854 36.7499 3.50004
      vertex 7.89563 36.6003 3.50004
    endloop
  endfacet
  facet normal 0 0 -1
    outer loop
      vertex 7.84678 36.1542 3.50004
      vertex 8.8204 35.9205 3.50004
      vertex 8.7934 35.8315 3.50004
    endloop
  endfacet
  facet normal -0 0 -1
    outer loop
      vertex 8.8854 36.7499 3.50004
      vertex 7.89016 36.6501 3.50004
      vertex 8.8726 36.842 3.50004
    endloop
  endfacet
  facet normal 0 0 -1
    outer loop
      vertex 7.83065 36.1067 3.50004
      vertex 8.7934 35.8315 3.50004
      vertex 8.7626 35.7438 3.50004
    endloop
  endfacet
  facet normal 0 0 -1
    outer loop
      vertex 7.88253 36.6997 3.50004
      vertex 8.8726 36.842 3.50004
      vertex 7.89016 36.6501 3.50004
    endloop
  endfacet
  facet normal 0 0 -1
    outer loop
      vertex 7.81246 36.06 3.50004
      vertex 8.7626 35.7438 3.50004
      vertex 8.728 35.6574 3.50004
    endloop
  endfacet
  facet normal -0 0 -1
    outer loop
      vertex 8.8726 36.842 3.50004
      vertex 7.88253 36.6997 3.50004
      vertex 8.8558 36.9335 3.50004
    endloop
  endfacet
  facet normal 0 0 -1
    outer loop
      vertex 7.79226 36.014 3.50004
      vertex 8.728 35.6574 3.50004
      vertex 8.6897 35.5727 3.50004
    endloop
  endfacet
  facet normal 0 0 -1
    outer loop
      vertex 7.87274 36.7489 3.50004
      vertex 8.8558 36.9335 3.50004
      vertex 7.88253 36.6997 3.50004
    endloop
  endfacet
  facet normal 0 0 -1
    outer loop
      vertex 7.77006 35.969 3.50004
      vertex 8.6897 35.5727 3.50004
      vertex 8.6478 35.4897 3.50004
    endloop
  endfacet
  facet normal -0 0 -1
    outer loop
      vertex 8.8558 36.9335 3.50004
      vertex 7.87274 36.7489 3.50004
      vertex 8.8351 37.0241 3.50004
    endloop
  endfacet
  facet normal 0 0 -1
    outer loop
      vertex 7.74593 35.925 3.50004
      vertex 8.6478 35.4897 3.50004
      vertex 8.6023 35.4085 3.50004
    endloop
  endfacet
  facet normal 0 0 -1
    outer loop
      vertex 7.86082 36.7977 3.50004
      vertex 8.8351 37.0241 3.50004
      vertex 7.87274 36.7489 3.50004
    endloop
  endfacet
  facet normal 0 0 -1
    outer loop
      vertex 7.7199 35.8821 3.50004
      vertex 8.6023 35.4085 3.50004
      vertex 8.5534 35.3294 3.50004
    endloop
  endfacet
  facet normal -0 0 -1
    outer loop
      vertex 8.8351 37.0241 3.50004
      vertex 7.86082 36.7977 3.50004
      vertex 8.8105 37.1138 3.50004
    endloop
  endfacet
  facet normal 0 0 -1
    outer loop
      vertex 7.69203 35.8404 3.50004
      vertex 8.5534 35.3294 3.50004
      vertex 8.5011 35.2525 3.50004
    endloop
  endfacet
  facet normal 0 0 -1
    outer loop
      vertex 7.84678 36.8459 3.50004
      vertex 8.8105 37.1138 3.50004
      vertex 7.86082 36.7977 3.50004
    endloop
  endfacet
  facet normal 0 0 -1
    outer loop
      vertex 7.66236 35.8 3.50004
      vertex 8.5011 35.2525 3.50004
      vertex 8.4455 35.178 3.50004
    endloop
  endfacet
  facet normal -0 0 -1
    outer loop
      vertex 8.8105 37.1138 3.50004
      vertex 7.84678 36.8459 3.50004
      vertex 8.782 37.2024 3.50004
    endloop
  endfacet
  facet normal 0 0 -1
    outer loop
      vertex 7.63095 35.7608 3.50004
      vertex 8.4455 35.178 3.50004
      vertex 8.3867 35.1059 3.50004
    endloop
  endfacet
  facet normal 0 0 -1
    outer loop
      vertex 7.83065 36.8934 3.50004
      vertex 8.782 37.2024 3.50004
      vertex 7.84678 36.8459 3.50004
    endloop
  endfacet
  facet normal 0 0 -1
    outer loop
      vertex 7.59787 35.7231 3.50004
      vertex 8.3867 35.1059 3.50004
      vertex 8.3249 35.0364 3.50004
    endloop
  endfacet
  facet normal -0 0 -1
    outer loop
      vertex 8.782 37.2024 3.50004
      vertex 7.83065 36.8934 3.50004
      vertex 8.7498 37.2896 3.50004
    endloop
  endfacet
  facet normal 0 0 -1
    outer loop
      vertex 7.56318 35.6869 3.50004
      vertex 8.3249 35.0364 3.50004
      vertex 8.2601 34.9697 3.50004
    endloop
  endfacet
  facet normal 0 0 -1
    outer loop
      vertex 7.81246 36.9401 3.50004
      vertex 8.7498 37.2896 3.50004
      vertex 7.83065 36.8934 3.50004
    endloop
  endfacet
  facet normal 0 0 -1
    outer loop
      vertex 7.52693 35.6522 3.50004
      vertex 8.2601 34.9697 3.50004
      vertex 8.1925 34.9058 3.50004
    endloop
  endfacet
  facet normal -0 0 -1
    outer loop
      vertex 8.7498 37.2896 3.50004
      vertex 7.81246 36.9401 3.50004
      vertex 8.7137 37.3753 3.50004
    endloop
  endfacet
  facet normal 0 0 -1
    outer loop
      vertex 7.48921 35.6191 3.50004
      vertex 8.1925 34.9058 3.50004
      vertex 8.1222 34.8449 3.50004
    endloop
  endfacet
  facet normal 0 0 -1
    outer loop
      vertex 7.79226 36.9861 3.50004
      vertex 8.7137 37.3753 3.50004
      vertex 7.81246 36.9401 3.50004
    endloop
  endfacet
  facet normal 0 0 -1
    outer loop
      vertex 7.45008 35.5877 3.50004
      vertex 8.1222 34.8449 3.50004
      vertex 8.0493 34.7871 3.50004
    endloop
  endfacet
  facet normal -0 0 -1
    outer loop
      vertex 8.7137 37.3753 3.50004
      vertex 7.79226 36.9861 3.50004
      vertex 8.674 37.4595 3.50004
    endloop
  endfacet
  facet normal 0 0 -1
    outer loop
      vertex 7.40961 35.558 3.50004
      vertex 8.0493 34.7871 3.50004
      vertex 7.97404 34.7325 3.50004
    endloop
  endfacet
  facet normal 0 0 -1
    outer loop
      vertex 7.77006 37.0311 3.50004
      vertex 8.674 37.4595 3.50004
      vertex 7.79226 36.9861 3.50004
    endloop
  endfacet
  facet normal -0 0 -1
    outer loop
      vertex 8.674 37.4595 3.50004
      vertex 7.77006 37.0311 3.50004
      vertex 8.6308 37.5418 3.50004
    endloop
  endfacet
  facet normal -0 0 -1
    outer loop
      vertex 8.8998 36.4714 3.50004
      vertex 7.89891 36.4499 3.50004
      vertex 7.9 36.5 3.50004
    endloop
  endfacet
  facet normal 0 0 -1
    outer loop
      vertex 7.3679 35.5301 3.50004
      vertex 7.97404 34.7325 3.50004
      vertex 7.89645 34.6812 3.50004
    endloop
  endfacet
  facet normal 0 0 -1
    outer loop
      vertex 8.8965 36.3784 3.50004
      vertex 7.89563 36.3998 3.50004
      vertex 7.89891 36.4499 3.50004
    endloop
  endfacet
  facet normal 0 0 -1
    outer loop
      vertex 8.8893 36.2857 3.50004
      vertex 7.89016 36.3499 3.50004
      vertex 7.89563 36.3998 3.50004
    endloop
  endfacet
  facet normal 0 0 -1
    outer loop
      vertex 8.878 36.1934 3.50004
      vertex 7.88253 36.3003 3.50004
      vertex 7.89016 36.3499 3.50004
    endloop
  endfacet
  facet normal 0 0 -1
    outer loop
      vertex 8.8627 36.1016 3.50004
      vertex 7.87274 36.2511 3.50004
      vertex 7.88253 36.3003 3.50004
    endloop
  endfacet
  facet normal 0 0 -1
    outer loop
      vertex 8.8435 36.0106 3.50004
      vertex 7.86082 36.2024 3.50004
      vertex 7.87274 36.2511 3.50004
    endloop
  endfacet
  facet normal 0 0 -1
    outer loop
      vertex 8.8204 35.9205 3.50004
      vertex 7.84678 36.1542 3.50004
      vertex 7.86082 36.2024 3.50004
    endloop
  endfacet
  facet normal 0 0 -1
    outer loop
      vertex 8.7934 35.8315 3.50004
      vertex 7.83065 36.1067 3.50004
      vertex 7.84678 36.1542 3.50004
    endloop
  endfacet
  facet normal 0 0 -1
    outer loop
      vertex 7.325 35.5041 3.50004
      vertex 7.89645 34.6812 3.50004
      vertex 7.81672 34.6333 3.50004
    endloop
  endfacet
  facet normal 0 0 -1
    outer loop
      vertex 8.7626 35.7438 3.50004
      vertex 7.81246 36.06 3.50004
      vertex 7.83065 36.1067 3.50004
    endloop
  endfacet
  facet normal 0 0 -1
    outer loop
      vertex 8.728 35.6574 3.50004
      vertex 7.79226 36.014 3.50004
      vertex 7.81246 36.06 3.50004
    endloop
  endfacet
  facet normal 0 0 -1
    outer loop
      vertex 8.6897 35.5727 3.50004
      vertex 7.77006 35.969 3.50004
      vertex 7.79226 36.014 3.50004
    endloop
  endfacet
  facet normal 0 0 -1
    outer loop
      vertex 8.6478 35.4897 3.50004
      vertex 7.74593 35.925 3.50004
      vertex 7.77006 35.969 3.50004
    endloop
  endfacet
  facet normal 0 0 -1
    outer loop
      vertex 7.28101 35.48 3.50004
      vertex 7.81672 34.6333 3.50004
      vertex 7.73498 34.5889 3.50004
    endloop
  endfacet
  facet normal 0 0 -1
    outer loop
      vertex 8.6023 35.4085 3.50004
      vertex 7.7199 35.8821 3.50004
      vertex 7.74593 35.925 3.50004
    endloop
  endfacet
  facet normal 0 0 -1
    outer loop
      vertex 8.5534 35.3294 3.50004
      vertex 7.69203 35.8404 3.50004
      vertex 7.7199 35.8821 3.50004
    endloop
  endfacet
  facet normal 0 0 -1
    outer loop
      vertex 8.5011 35.2525 3.50004
      vertex 7.66236 35.8 3.50004
      vertex 7.69203 35.8404 3.50004
    endloop
  endfacet
  facet normal 0 0 -1
    outer loop
      vertex 7.23601 35.4578 3.50004
      vertex 7.73498 34.5889 3.50004
      vertex 7.65141 34.5481 3.50004
    endloop
  endfacet
  facet normal 0 0 -1
    outer loop
      vertex 8.4455 35.178 3.50004
      vertex 7.63095 35.7608 3.50004
      vertex 7.66236 35.8 3.50004
    endloop
  endfacet
  facet normal 0 0 -1
    outer loop
      vertex 8.3867 35.1059 3.50004
      vertex 7.59787 35.7231 3.50004
      vertex 7.63095 35.7608 3.50004
    endloop
  endfacet
  facet normal 0 0 -1
    outer loop
      vertex 7.19009 35.4376 3.50004
      vertex 7.65141 34.5481 3.50004
      vertex 7.56615 34.511 3.50004
    endloop
  endfacet
  facet normal 0 0 -1
    outer loop
      vertex 8.3249 35.0364 3.50004
      vertex 7.56318 35.6869 3.50004
      vertex 7.59787 35.7231 3.50004
    endloop
  endfacet
  facet normal 0 0 -1
    outer loop
      vertex 8.2601 34.9697 3.50004
      vertex 7.52693 35.6522 3.50004
      vertex 7.56318 35.6869 3.50004
    endloop
  endfacet
  facet normal 0 0 -1
    outer loop
      vertex 8.1925 34.9058 3.50004
      vertex 7.48921 35.6191 3.50004
      vertex 7.52693 35.6522 3.50004
    endloop
  endfacet
  facet normal 0 0 -1
    outer loop
      vertex 7.14333 35.4194 3.50004
      vertex 7.56615 34.511 3.50004
      vertex 7.47936 34.4775 3.50004
    endloop
  endfacet
  facet normal 0 0 -1
    outer loop
      vertex 8.1222 34.8449 3.50004
      vertex 7.45008 35.5877 3.50004
      vertex 7.48921 35.6191 3.50004
    endloop
  endfacet
  facet normal 0 0 -1
    outer loop
      vertex 8.0493 34.7871 3.50004
      vertex 7.40961 35.558 3.50004
      vertex 7.45008 35.5877 3.50004
    endloop
  endfacet
  facet normal 0 0 -1
    outer loop
      vertex 7.14333 35.4194 3.50004
      vertex 7.47936 34.4775 3.50004
      vertex 7.3912 34.4479 3.50004
    endloop
  endfacet
  facet normal 0 0 -1
    outer loop
      vertex 7.97404 34.7325 3.50004
      vertex 7.3679 35.5301 3.50004
      vertex 7.40961 35.558 3.50004
    endloop
  endfacet
  facet normal 0 0 -1
    outer loop
      vertex 7.89645 34.6812 3.50004
      vertex 7.325 35.5041 3.50004
      vertex 7.3679 35.5301 3.50004
    endloop
  endfacet
  facet normal 0 0 -1
    outer loop
      vertex 7.09581 35.4033 3.50004
      vertex 7.3912 34.4479 3.50004
      vertex 7.30185 34.4221 3.50004
    endloop
  endfacet
  facet normal 0 0 -1
    outer loop
      vertex 7.81672 34.6333 3.50004
      vertex 7.28101 35.48 3.50004
      vertex 7.325 35.5041 3.50004
    endloop
  endfacet
  facet normal 0 0 -1
    outer loop
      vertex 7.73498 34.5889 3.50004
      vertex 7.23601 35.4578 3.50004
      vertex 7.28101 35.48 3.50004
    endloop
  endfacet
  facet normal 0 0 -1
    outer loop
      vertex 7.04764 35.3892 3.50004
      vertex 7.30185 34.4221 3.50004
      vertex 7.21146 34.4001 3.50004
    endloop
  endfacet
  facet normal 0 0 -1
    outer loop
      vertex 7.65141 34.5481 3.50004
      vertex 7.19009 35.4376 3.50004
      vertex 7.23601 35.4578 3.50004
    endloop
  endfacet
  facet normal 0 0 -1
    outer loop
      vertex 7.56615 34.511 3.50004
      vertex 7.14333 35.4194 3.50004
      vertex 7.19009 35.4376 3.50004
    endloop
  endfacet
  facet normal 0 0 -1
    outer loop
      vertex 6.99891 35.3773 3.50004
      vertex 7.21146 34.4001 3.50004
      vertex 7.12021 34.3822 3.50004
    endloop
  endfacet
  facet normal 0 0 -1
    outer loop
      vertex 7.3912 34.4479 3.50004
      vertex 7.09581 35.4033 3.50004
      vertex 7.14333 35.4194 3.50004
    endloop
  endfacet
  facet normal 0 0 -1
    outer loop
      vertex 7.30185 34.4221 3.50004
      vertex 7.04764 35.3892 3.50004
      vertex 7.09581 35.4033 3.50004
    endloop
  endfacet
  facet normal 0 0 -1
    outer loop
      vertex 6.9497 35.3675 3.50004
      vertex 7.12021 34.3822 3.50004
      vertex 7.02827 34.3681 3.50004
    endloop
  endfacet
  facet normal 0 0 -1
    outer loop
      vertex 7.21146 34.4001 3.50004
      vertex 6.99891 35.3773 3.50004
      vertex 7.04764 35.3892 3.50004
    endloop
  endfacet
  facet normal 0 0 -1
    outer loop
      vertex 7.12021 34.3822 3.50004
      vertex 6.9497 35.3675 3.50004
      vertex 6.99891 35.3773 3.50004
    endloop
  endfacet
  facet normal 0 0 -1
    outer loop
      vertex 6.90011 35.3599 3.50004
      vertex 7.02827 34.3681 3.50004
      vertex 6.9358 34.3581 3.50004
    endloop
  endfacet
  facet normal 0 0 -1
    outer loop
      vertex 7.02827 34.3681 3.50004
      vertex 6.90011 35.3599 3.50004
      vertex 6.9497 35.3675 3.50004
    endloop
  endfacet
  facet normal 0 0 -1
    outer loop
      vertex 6.9358 34.3581 3.50004
      vertex 6.85023 35.3544 3.50004
      vertex 6.90011 35.3599 3.50004
    endloop
  endfacet
  facet normal 0 0 -1
    outer loop
      vertex 6.84299 34.3521 3.50004
      vertex 6.85023 35.3544 3.50004
      vertex 6.9358 34.3581 3.50004
    endloop
  endfacet
  facet normal 0 0 -1
    outer loop
      vertex 6.84299 34.3521 3.50004
      vertex 6.80016 35.3511 3.50004
      vertex 6.85023 35.3544 3.50004
    endloop
  endfacet
  facet normal 0 0 -1
    outer loop
      vertex 6.75 34.35 3.50004
      vertex 6.80016 35.3511 3.50004
      vertex 6.84299 34.3521 3.50004
    endloop
  endfacet
  facet normal 0 0 -1
    outer loop
      vertex 6.75 34.35 3.50004
      vertex 6.75 35.35 3.50004
      vertex 6.80016 35.3511 3.50004
    endloop
  endfacet
  facet normal 0 0 -1
    outer loop
      vertex 6.75 34.35 3.50004
      vertex 6.69984 35.3511 3.50004
      vertex 6.75 35.35 3.50004
    endloop
  endfacet
  facet normal 0 0 -1
    outer loop
      vertex 6.75 34.35 3.50004
      vertex 6.64977 35.3544 3.50004
      vertex 6.69984 35.3511 3.50004
    endloop
  endfacet
  facet normal 0 0 -1
    outer loop
      vertex 6.75 34.35 3.50004
      vertex 6.5999 35.3599 3.50004
      vertex 6.64977 35.3544 3.50004
    endloop
  endfacet
  facet normal 0 0 -1
    outer loop
      vertex 6.75 34.35 3.50004
      vertex 6.55031 35.3675 3.50004
      vertex 6.5999 35.3599 3.50004
    endloop
  endfacet
  facet normal 0 0 -1
    outer loop
      vertex 6.75 34.35 3.50004
      vertex 6.5011 35.3773 3.50004
      vertex 6.55031 35.3675 3.50004
    endloop
  endfacet
  facet normal 0 0 -1
    outer loop
      vertex 6.75 34.35 3.50004
      vertex 6.45236 35.3892 3.50004
      vertex 6.5011 35.3773 3.50004
    endloop
  endfacet
  facet normal 0 0 -1
    outer loop
      vertex 6.75 34.35 3.50004
      vertex 6.40419 35.4033 3.50004
      vertex 6.45236 35.3892 3.50004
    endloop
  endfacet
  facet normal 0 0 -1
    outer loop
      vertex 6.75 34.35 3.50004
      vertex 6.35668 35.4194 3.50004
      vertex 6.40419 35.4033 3.50004
    endloop
  endfacet
  facet normal 0 0 -1
    outer loop
      vertex 6.75 34.35 3.50004
      vertex 6.30992 35.4376 3.50004
      vertex 6.35668 35.4194 3.50004
    endloop
  endfacet
  facet normal 0 0 -1
    outer loop
      vertex 6.75 34.35 3.50004
      vertex 6.26399 35.4578 3.50004
      vertex 6.30992 35.4376 3.50004
    endloop
  endfacet
  facet normal 0 0 -1
    outer loop
      vertex 5.00275 34.35 3.50004
      vertex 6.26399 35.4578 3.50004
      vertex 6.75 34.35 3.50004
    endloop
  endfacet
  facet normal -0 0 -1
    outer loop
      vertex 6.26399 35.4578 3.50004
      vertex 5.00275 34.35 3.50004
      vertex 6.21899 35.48 3.50004
    endloop
  endfacet
  facet normal -0 0 -1
    outer loop
      vertex 6.21899 35.48 3.50004
      vertex 5.00275 34.35 3.50004
      vertex 6.175 35.5041 3.50004
    endloop
  endfacet
  facet normal -0 0 -1
    outer loop
      vertex 6.175 35.5041 3.50004
      vertex 5.00275 34.35 3.50004
      vertex 6.13211 35.5301 3.50004
    endloop
  endfacet
  facet normal -0 0 -1
    outer loop
      vertex 6.13211 35.5301 3.50004
      vertex 5.00275 34.35 3.50004
      vertex 6.09039 35.558 3.50004
    endloop
  endfacet
  facet normal -0 0 -1
    outer loop
      vertex 6.09039 35.558 3.50004
      vertex 5.00275 34.35 3.50004
      vertex 6.04993 35.5877 3.50004
    endloop
  endfacet
  facet normal -0 0 -1
    outer loop
      vertex 6.04993 35.5877 3.50004
      vertex 5.00275 34.35 3.50004
      vertex 6.0108 35.6191 3.50004
    endloop
  endfacet
  facet normal -0 0 -1
    outer loop
      vertex 6.0108 35.6191 3.50004
      vertex 5.00275 34.35 3.50004
      vertex 5.97307 35.6522 3.50004
    endloop
  endfacet
  facet normal -0 0 -1
    outer loop
      vertex 5.97307 35.6522 3.50004
      vertex 5.00275 34.35 3.50004
      vertex 5.93683 35.6869 3.50004
    endloop
  endfacet
  facet normal -0 0 -1
    outer loop
      vertex 5.93683 35.6869 3.50004
      vertex 5.00275 34.35 3.50004
      vertex 5.90213 35.7231 3.50004
    endloop
  endfacet
  facet normal -0 0 -1
    outer loop
      vertex 5.90213 35.7231 3.50004
      vertex 5.00275 34.35 3.50004
      vertex 5.86905 35.7608 3.50004
    endloop
  endfacet
  facet normal 0 0 -1
    outer loop
      vertex 4.37763 35.4577 3.50004
      vertex 5.86905 35.7608 3.50004
      vertex 5.00275 34.35 3.50004
    endloop
  endfacet
  facet normal -0 0 -1
    outer loop
      vertex 5.86905 35.7608 3.50004
      vertex 4.37763 35.4577 3.50004
      vertex 5.83765 35.8 3.50004
    endloop
  endfacet
  facet normal 0 0 -1
    outer loop
      vertex 6.09039 37.4421 3.50004
      vertex 5.49679 38.247 3.50004
      vertex 5.57352 38.2996 3.50004
    endloop
  endfacet
  facet normal 0 0 -1
    outer loop
      vertex 4.60001 36.493 3.50004
      vertex 5.6 36.5 3.50004
      vertex 5.6011 36.4499 3.50004
    endloop
  endfacet
  facet normal 0 0 -1
    outer loop
      vertex 5.6011 36.5502 3.50004
      vertex 5.42241 38.1912 3.50004
      vertex 5.49679 38.247 3.50004
    endloop
  endfacet
  facet normal 0 0 -1
    outer loop
      vertex 4.60233 36.4 3.50004
      vertex 5.6011 36.4499 3.50004
      vertex 5.60438 36.3998 3.50004
    endloop
  endfacet
  facet normal 0 0 -1
    outer loop
      vertex 5.6011 36.5502 3.50004
      vertex 5.35051 38.1322 3.50004
      vertex 5.42241 38.1912 3.50004
    endloop
  endfacet
  facet normal 0 0 -1
    outer loop
      vertex 4.60233 36.4 3.50004
      vertex 5.60438 36.3998 3.50004
      vertex 5.60984 36.3499 3.50004
    endloop
  endfacet
  facet normal 0 0 -1
    outer loop
      vertex 5.6011 36.5502 3.50004
      vertex 5.28123 38.0701 3.50004
      vertex 5.35051 38.1322 3.50004
    endloop
  endfacet
  facet normal 0 0 -1
    outer loop
      vertex 4.60233 36.4 3.50004
      vertex 5.60984 36.3499 3.50004
      vertex 5.61747 36.3003 3.50004
    endloop
  endfacet
  facet normal 0 0 -1
    outer loop
      vertex 5.6011 36.5502 3.50004
      vertex 5.2147 38.0051 3.50004
      vertex 5.28123 38.0701 3.50004
    endloop
  endfacet
  facet normal 0 0 -1
    outer loop
      vertex 4.60233 36.4 3.50004
      vertex 5.61747 36.3003 3.50004
      vertex 5.62726 36.2511 3.50004
    endloop
  endfacet
  facet normal 0 0 -1
    outer loop
      vertex 5.6011 36.5502 3.50004
      vertex 5.15104 37.9373 3.50004
      vertex 5.2147 38.0051 3.50004
    endloop
  endfacet
  facet normal 0 0 -1
    outer loop
      vertex 4.60233 36.4 3.50004
      vertex 5.62726 36.2511 3.50004
      vertex 5.63919 36.2024 3.50004
    endloop
  endfacet
  facet normal 0 0 -1
    outer loop
      vertex 5.6011 36.5502 3.50004
      vertex 5.09037 37.8668 3.50004
      vertex 5.15104 37.9373 3.50004
    endloop
  endfacet
  facet normal 0 0 -1
    outer loop
      vertex 4.47435 36.0202 3.50004
      vertex 5.63919 36.2024 3.50004
      vertex 5.65323 36.1542 3.50004
    endloop
  endfacet
  facet normal 0 0 -1
    outer loop
      vertex 5.6011 36.5502 3.50004
      vertex 5.03281 37.7938 3.50004
      vertex 5.09037 37.8668 3.50004
    endloop
  endfacet
  facet normal 0 0 -1
    outer loop
      vertex 4.47435 36.0202 3.50004
      vertex 5.65323 36.1542 3.50004
      vertex 5.66936 36.1067 3.50004
    endloop
  endfacet
  facet normal -0 0 -1
    outer loop
      vertex 5.83765 35.8 3.50004
      vertex 4.37763 35.4577 3.50004
      vertex 5.80798 35.8404 3.50004
    endloop
  endfacet
  facet normal 0 -0 -1
    outer loop
      vertex 4.41779 35.6438 3.50004
      vertex 5.80798 35.8404 3.50004
      vertex 4.37763 35.4577 3.50004
    endloop
  endfacet
  facet normal -0 0 -1
    outer loop
      vertex 5.80798 35.8404 3.50004
      vertex 4.41779 35.6438 3.50004
      vertex 5.7801 35.8821 3.50004
    endloop
  endfacet
  facet normal -0 0 -1
    outer loop
      vertex 5.7801 35.8821 3.50004
      vertex 4.41779 35.6438 3.50004
      vertex 5.75407 35.925 3.50004
    endloop
  endfacet
  facet normal -0 0 -1
    outer loop
      vertex 5.75407 35.925 3.50004
      vertex 4.41779 35.6438 3.50004
      vertex 5.72994 35.969 3.50004
    endloop
  endfacet
  facet normal 0 -0 -1
    outer loop
      vertex 4.45005 35.8314 3.50004
      vertex 5.72994 35.969 3.50004
      vertex 4.41779 35.6438 3.50004
    endloop
  endfacet
  facet normal -0 0 -1
    outer loop
      vertex 5.72994 35.969 3.50004
      vertex 4.45005 35.8314 3.50004
      vertex 5.70775 36.014 3.50004
    endloop
  endfacet
  facet normal -0 0 -1
    outer loop
      vertex 5.6011 36.4499 3.50004
      vertex 4.60233 36.4 3.50004
      vertex 4.60001 36.493 3.50004
    endloop
  endfacet
  facet normal 0 0 -1
    outer loop
      vertex 5.6011 36.5502 3.50004
      vertex 4.97847 37.7183 3.50004
      vertex 5.03281 37.7938 3.50004
    endloop
  endfacet
  facet normal 0 0 -1
    outer loop
      vertex 4.32963 35.2735 3.50004
      vertex 5.00275 34.35 3.50004
      vertex 4.91913 34.3483 3.50004
    endloop
  endfacet
  facet normal 0 0 -1
    outer loop
      vertex 5.6011 36.5502 3.50004
      vertex 4.92744 37.6405 3.50004
      vertex 4.97847 37.7183 3.50004
    endloop
  endfacet
  facet normal 0 0 -1
    outer loop
      vertex 5.6011 36.5502 3.50004
      vertex 4.87981 37.5606 3.50004
      vertex 4.92744 37.6405 3.50004
    endloop
  endfacet
  facet normal 0 0 -1
    outer loop
      vertex 4.27389 35.0915 3.50004
      vertex 4.91913 34.3483 3.50004
      vertex 4.83565 34.343 3.50004
    endloop
  endfacet
  facet normal 0 0 -1
    outer loop
      vertex 5.6011 36.5502 3.50004
      vertex 4.83569 37.4788 3.50004
      vertex 4.87981 37.5606 3.50004
    endloop
  endfacet
  facet normal 0 0 -1
    outer loop
      vertex 5.6011 36.5502 3.50004
      vertex 4.79515 37.3951 3.50004
      vertex 4.83569 37.4788 3.50004
    endloop
  endfacet
  facet normal 0 0 -1
    outer loop
      vertex 4.27389 35.0915 3.50004
      vertex 4.83565 34.343 3.50004
      vertex 4.75247 34.3343 3.50004
    endloop
  endfacet
  facet normal 0 0 -1
    outer loop
      vertex 5.6011 36.5502 3.50004
      vertex 4.75828 37.3097 3.50004
      vertex 4.79515 37.3951 3.50004
    endloop
  endfacet
  facet normal 0 0 -1
    outer loop
      vertex 5.6011 36.5502 3.50004
      vertex 4.72512 37.2228 3.50004
      vertex 4.75828 37.3097 3.50004
    endloop
  endfacet
  facet normal 0 0 -1
    outer loop
      vertex 5.6011 36.5502 3.50004
      vertex 4.69576 37.1345 3.50004
      vertex 4.72512 37.2228 3.50004
    endloop
  endfacet
  facet normal 0 0 -1
    outer loop
      vertex 4.2105 34.912 3.50004
      vertex 4.75247 34.3343 3.50004
      vertex 4.66972 34.3221 3.50004
    endloop
  endfacet
  facet normal 0 0 -1
    outer loop
      vertex 5.6011 36.5502 3.50004
      vertex 4.67024 37.0451 3.50004
      vertex 4.69576 37.1345 3.50004
    endloop
  endfacet
  facet normal 0 0 -1
    outer loop
      vertex 5.6011 36.5502 3.50004
      vertex 4.64861 36.9546 3.50004
      vertex 4.67024 37.0451 3.50004
    endloop
  endfacet
  facet normal 0 0 -1
    outer loop
      vertex 5.6011 36.5502 3.50004
      vertex 4.63092 36.8633 3.50004
      vertex 4.64861 36.9546 3.50004
    endloop
  endfacet
  facet normal 0 0 -1
    outer loop
      vertex 5.6011 36.5502 3.50004
      vertex 4.61719 36.7713 3.50004
      vertex 4.63092 36.8633 3.50004
    endloop
  endfacet
  facet normal 0 0 -1
    outer loop
      vertex 5.6011 36.5502 3.50004
      vertex 4.60745 36.6788 3.50004
      vertex 4.61719 36.7713 3.50004
    endloop
  endfacet
  facet normal 0 0 -1
    outer loop
      vertex 4.2105 34.912 3.50004
      vertex 4.66972 34.3221 3.50004
      vertex 4.58756 34.3065 3.50004
    endloop
  endfacet
  facet normal 0 0 -1
    outer loop
      vertex 4.13957 34.7354 3.50004
      vertex 4.58756 34.3065 3.50004
      vertex 4.50612 34.2874 3.50004
    endloop
  endfacet
  facet normal -0 0 -1
    outer loop
      vertex 5.68754 36.06 3.50004
      vertex 4.47435 36.0202 3.50004
      vertex 5.66936 36.1067 3.50004
    endloop
  endfacet
  facet normal -0 0 -1
    outer loop
      vertex 4.60233 36.4 3.50004
      vertex 4.49064 36.2099 3.50004
      vertex 4.49889 36.4 3.50004
    endloop
  endfacet
  facet normal 0 0 -1
    outer loop
      vertex 4.60233 36.4 3.50004
      vertex 4.47435 36.0202 3.50004
      vertex 4.49064 36.2099 3.50004
    endloop
  endfacet
  facet normal -0 0 -1
    outer loop
      vertex 5.63919 36.2024 3.50004
      vertex 4.47435 36.0202 3.50004
      vertex 4.60233 36.4 3.50004
    endloop
  endfacet
  facet normal 0 0 -1
    outer loop
      vertex 4.13957 34.7354 3.50004
      vertex 4.50612 34.2874 3.50004
      vertex 4.42555 34.2649 3.50004
    endloop
  endfacet
  facet normal 0 -0 -1
    outer loop
      vertex 4.47435 36.0202 3.50004
      vertex 5.68754 36.06 3.50004
      vertex 4.45005 35.8314 3.50004
    endloop
  endfacet
  facet normal -0 0 -1
    outer loop
      vertex 5.70775 36.014 3.50004
      vertex 4.45005 35.8314 3.50004
      vertex 5.68754 36.06 3.50004
    endloop
  endfacet
  facet normal 0 0 -1
    outer loop
      vertex 4.06124 34.5619 3.50004
      vertex 4.42555 34.2649 3.50004
      vertex 4.34599 34.2391 3.50004
    endloop
  endfacet
  facet normal 0 0 -1
    outer loop
      vertex 5.00275 34.35 3.50004
      vertex 4.32963 35.2735 3.50004
      vertex 4.37763 35.4577 3.50004
    endloop
  endfacet
  facet normal 0 0 -1
    outer loop
      vertex 4.91913 34.3483 3.50004
      vertex 4.27389 35.0915 3.50004
      vertex 4.32963 35.2735 3.50004
    endloop
  endfacet
  facet normal 0 0 -1
    outer loop
      vertex 4.06124 34.5619 3.50004
      vertex 4.34599 34.2391 3.50004
      vertex 4.26758 34.21 3.50004
    endloop
  endfacet
  facet normal 0 0 -1
    outer loop
      vertex 4.75247 34.3343 3.50004
      vertex 4.2105 34.912 3.50004
      vertex 4.27389 35.0915 3.50004
    endloop
  endfacet
  facet normal 0 0 -1
    outer loop
      vertex 3.97564 34.3919 3.50004
      vertex 4.26758 34.21 3.50004
      vertex 4.19045 34.1777 3.50004
    endloop
  endfacet
  facet normal 0 0 -1
    outer loop
      vertex 4.58756 34.3065 3.50004
      vertex 4.13957 34.7354 3.50004
      vertex 4.2105 34.912 3.50004
    endloop
  endfacet
  facet normal 0 0 -1
    outer loop
      vertex 3.97564 34.3919 3.50004
      vertex 4.19045 34.1777 3.50004
      vertex 4.11475 34.1421 3.50004
    endloop
  endfacet
  facet normal 0 0 -1
    outer loop
      vertex 4.42555 34.2649 3.50004
      vertex 4.06124 34.5619 3.50004
      vertex 4.13957 34.7354 3.50004
    endloop
  endfacet
  facet normal 0 0 -1
    outer loop
      vertex 3.88293 34.2256 3.50004
      vertex 4.11475 34.1421 3.50004
      vertex 4.04059 34.1034 3.50004
    endloop
  endfacet
  facet normal 0 0 -1
    outer loop
      vertex 4.26758 34.21 3.50004
      vertex 3.97564 34.3919 3.50004
      vertex 4.06124 34.5619 3.50004
    endloop
  endfacet
  facet normal 0 0 -1
    outer loop
      vertex 3.88293 34.2256 3.50004
      vertex 4.04059 34.1034 3.50004
      vertex 3.96812 34.0616 3.50004
    endloop
  endfacet
  facet normal 0 0 -1
    outer loop
      vertex 3.88293 34.2256 3.50004
      vertex 3.96812 34.0616 3.50004
      vertex 3.89747 34.0169 3.50004
    endloop
  endfacet
  facet normal 0 0 -1
    outer loop
      vertex 4.11475 34.1421 3.50004
      vertex 3.88293 34.2256 3.50004
      vertex 3.97564 34.3919 3.50004
    endloop
  endfacet
  facet normal 0 0 -1
    outer loop
      vertex 3.78327 34.0635 3.50004
      vertex 3.89747 34.0169 3.50004
      vertex 3.82874 33.9692 3.50004
    endloop
  endfacet
  facet normal 0 0 -1
    outer loop
      vertex 3.89747 34.0169 3.50004
      vertex 3.78327 34.0635 3.50004
      vertex 3.88293 34.2256 3.50004
    endloop
  endfacet
  facet normal 0 0 -1
    outer loop
      vertex 3.76207 33.9187 3.50004
      vertex 3.78327 34.0635 3.50004
      vertex 3.82874 33.9692 3.50004
    endloop
  endfacet
  facet normal 0 0 -1
    outer loop
      vertex 3.67684 33.9056 3.50004
      vertex 3.76207 33.9187 3.50004
      vertex 3.73939 33.9 3.50004
    endloop
  endfacet
  facet normal -0 0 -1
    outer loop
      vertex 3.76207 33.9187 3.50004
      vertex 3.67684 33.9056 3.50004
      vertex 3.78327 34.0635 3.50004
    endloop
  endfacet
  facet normal 0 -0 -1
    outer loop
      vertex 3.67684 33.9056 3.50004
      vertex 3.73939 33.9 3.50004
      vertex 3.67271 33.9 3.50004
    endloop
  endfacet
  facet normal 0 0 -1
    outer loop
      vertex 7.74593 37.075 3.50004
      vertex 8.6308 37.5418 3.50004
      vertex 7.77006 37.0311 3.50004
    endloop
  endfacet
  facet normal -0 0 -1
    outer loop
      vertex 8.6308 37.5418 3.50004
      vertex 7.74593 37.075 3.50004
      vertex 8.5839 37.6221 3.50004
    endloop
  endfacet
  facet normal 0 0 -1
    outer loop
      vertex 7.7199 37.1179 3.50004
      vertex 8.5839 37.6221 3.50004
      vertex 7.74593 37.075 3.50004
    endloop
  endfacet
  facet normal -0 0 -1
    outer loop
      vertex 8.5839 37.6221 3.50004
      vertex 7.7199 37.1179 3.50004
      vertex 8.5337 37.7004 3.50004
    endloop
  endfacet
  facet normal 0 0 -1
    outer loop
      vertex 7.69203 37.1597 3.50004
      vertex 8.5337 37.7004 3.50004
      vertex 7.7199 37.1179 3.50004
    endloop
  endfacet
  facet normal -0 0 -1
    outer loop
      vertex 8.5337 37.7004 3.50004
      vertex 7.69203 37.1597 3.50004
      vertex 8.4801 37.7764 3.50004
    endloop
  endfacet
  facet normal 0 0 -1
    outer loop
      vertex 7.66236 37.2001 3.50004
      vertex 8.4801 37.7764 3.50004
      vertex 7.69203 37.1597 3.50004
    endloop
  endfacet
  facet normal -0 0 -1
    outer loop
      vertex 8.4801 37.7764 3.50004
      vertex 7.66236 37.2001 3.50004
      vertex 8.4233 37.8501 3.50004
    endloop
  endfacet
  facet normal 0 0 -1
    outer loop
      vertex 7.63095 37.2392 3.50004
      vertex 8.4233 37.8501 3.50004
      vertex 7.66236 37.2001 3.50004
    endloop
  endfacet
  facet normal -0 0 -1
    outer loop
      vertex 8.4233 37.8501 3.50004
      vertex 7.63095 37.2392 3.50004
      vertex 8.3633 37.9212 3.50004
    endloop
  endfacet
  facet normal 0 0 -1
    outer loop
      vertex 7.59787 37.277 3.50004
      vertex 8.3633 37.9212 3.50004
      vertex 7.63095 37.2392 3.50004
    endloop
  endfacet
  facet normal -0 0 -1
    outer loop
      vertex 8.3633 37.9212 3.50004
      vertex 7.59787 37.277 3.50004
      vertex 8.3004 37.9896 3.50004
    endloop
  endfacet
  facet normal 0 0 -1
    outer loop
      vertex 7.56318 37.3132 3.50004
      vertex 8.3004 37.9896 3.50004
      vertex 7.59787 37.277 3.50004
    endloop
  endfacet
  facet normal -0 0 -1
    outer loop
      vertex 8.3004 37.9896 3.50004
      vertex 7.56318 37.3132 3.50004
      vertex 8.2345 38.0553 3.50004
    endloop
  endfacet
  facet normal 0 0 -1
    outer loop
      vertex 7.52693 37.3479 3.50004
      vertex 8.2345 38.0553 3.50004
      vertex 7.56318 37.3132 3.50004
    endloop
  endfacet
  facet normal -0 0 -1
    outer loop
      vertex 8.2345 38.0553 3.50004
      vertex 7.52693 37.3479 3.50004
      vertex 8.1658 38.118 3.50004
    endloop
  endfacet
  facet normal 0 0 -1
    outer loop
      vertex 7.48921 37.381 3.50004
      vertex 8.1658 38.118 3.50004
      vertex 7.52693 37.3479 3.50004
    endloop
  endfacet
  facet normal -0 0 -1
    outer loop
      vertex 8.1658 38.118 3.50004
      vertex 7.48921 37.381 3.50004
      vertex 8.0945 38.1777 3.50004
    endloop
  endfacet
  facet normal 0 0 -1
    outer loop
      vertex 7.45008 37.4124 3.50004
      vertex 8.0945 38.1777 3.50004
      vertex 7.48921 37.381 3.50004
    endloop
  endfacet
  facet normal -0 0 -1
    outer loop
      vertex 8.0945 38.1777 3.50004
      vertex 7.45008 37.4124 3.50004
      vertex 8.0207 38.2343 3.50004
    endloop
  endfacet
  facet normal 0 0 -1
    outer loop
      vertex 7.40961 37.4421 3.50004
      vertex 8.0207 38.2343 3.50004
      vertex 7.45008 37.4124 3.50004
    endloop
  endfacet
  facet normal -0 0 -1
    outer loop
      vertex 8.0207 38.2343 3.50004
      vertex 7.40961 37.4421 3.50004
      vertex 7.94454 38.2877 3.50004
    endloop
  endfacet
  facet normal 0 0 -1
    outer loop
      vertex 7.3679 37.4699 3.50004
      vertex 7.94454 38.2877 3.50004
      vertex 7.40961 37.4421 3.50004
    endloop
  endfacet
  facet normal -0 0 -1
    outer loop
      vertex 7.94454 38.2877 3.50004
      vertex 7.3679 37.4699 3.50004
      vertex 7.86611 38.3377 3.50004
    endloop
  endfacet
  facet normal 0 0 -1
    outer loop
      vertex 7.325 37.496 3.50004
      vertex 7.86611 38.3377 3.50004
      vertex 7.3679 37.4699 3.50004
    endloop
  endfacet
  facet normal -0 0 -1
    outer loop
      vertex 7.86611 38.3377 3.50004
      vertex 7.325 37.496 3.50004
      vertex 7.78559 38.3842 3.50004
    endloop
  endfacet
  facet normal 0 0 -1
    outer loop
      vertex 7.28101 37.5201 3.50004
      vertex 7.78559 38.3842 3.50004
      vertex 7.325 37.496 3.50004
    endloop
  endfacet
  facet normal -0 0 -1
    outer loop
      vertex 7.78559 38.3842 3.50004
      vertex 7.28101 37.5201 3.50004
      vertex 7.70313 38.4272 3.50004
    endloop
  endfacet
  facet normal 0 0 -1
    outer loop
      vertex 7.23601 37.5423 3.50004
      vertex 7.70313 38.4272 3.50004
      vertex 7.28101 37.5201 3.50004
    endloop
  endfacet
  facet normal -0 0 -1
    outer loop
      vertex 7.70313 38.4272 3.50004
      vertex 7.23601 37.5423 3.50004
      vertex 7.61889 38.4666 3.50004
    endloop
  endfacet
  facet normal 0 0 -1
    outer loop
      vertex 7.19009 37.5625 3.50004
      vertex 7.61889 38.4666 3.50004
      vertex 7.23601 37.5423 3.50004
    endloop
  endfacet
  facet normal -0 0 -1
    outer loop
      vertex 7.61889 38.4666 3.50004
      vertex 7.19009 37.5625 3.50004
      vertex 7.53302 38.5024 3.50004
    endloop
  endfacet
  facet normal 0 0 -1
    outer loop
      vertex 7.14333 37.5807 3.50004
      vertex 7.53302 38.5024 3.50004
      vertex 7.19009 37.5625 3.50004
    endloop
  endfacet
  facet normal -0 0 -1
    outer loop
      vertex 7.53302 38.5024 3.50004
      vertex 7.14333 37.5807 3.50004
      vertex 7.44569 38.5344 3.50004
    endloop
  endfacet
  facet normal 0 0 -1
    outer loop
      vertex 7.09581 37.5968 3.50004
      vertex 7.44569 38.5344 3.50004
      vertex 7.14333 37.5807 3.50004
    endloop
  endfacet
  facet normal -0 0 -1
    outer loop
      vertex 7.44569 38.5344 3.50004
      vertex 7.09581 37.5968 3.50004
      vertex 7.35705 38.5626 3.50004
    endloop
  endfacet
  facet normal 0 0 -1
    outer loop
      vertex 7.04764 37.6108 3.50004
      vertex 7.35705 38.5626 3.50004
      vertex 7.09581 37.5968 3.50004
    endloop
  endfacet
  facet normal -0 0 -1
    outer loop
      vertex 7.35705 38.5626 3.50004
      vertex 7.04764 37.6108 3.50004
      vertex 7.26728 38.5869 3.50004
    endloop
  endfacet
  facet normal 0 0 -1
    outer loop
      vertex 6.99891 37.6228 3.50004
      vertex 7.26728 38.5869 3.50004
      vertex 7.04764 37.6108 3.50004
    endloop
  endfacet
  facet normal -0 0 -1
    outer loop
      vertex 7.26728 38.5869 3.50004
      vertex 6.99891 37.6228 3.50004
      vertex 7.17654 38.6073 3.50004
    endloop
  endfacet
  facet normal 0 0 -1
    outer loop
      vertex 6.9497 37.6326 3.50004
      vertex 7.17654 38.6073 3.50004
      vertex 6.99891 37.6228 3.50004
    endloop
  endfacet
  facet normal -0 0 -1
    outer loop
      vertex 7.17654 38.6073 3.50004
      vertex 6.9497 37.6326 3.50004
      vertex 7.08501 38.6238 3.50004
    endloop
  endfacet
  facet normal 0 0 -1
    outer loop
      vertex 6.90011 37.6402 3.50004
      vertex 7.08501 38.6238 3.50004
      vertex 6.9497 37.6326 3.50004
    endloop
  endfacet
  facet normal -0 0 -1
    outer loop
      vertex 7.08501 38.6238 3.50004
      vertex 6.90011 37.6402 3.50004
      vertex 6.99284 38.6363 3.50004
    endloop
  endfacet
  facet normal 0 0 -1
    outer loop
      vertex 6.85023 37.6457 3.50004
      vertex 6.99284 38.6363 3.50004
      vertex 6.90011 37.6402 3.50004
    endloop
  endfacet
  facet normal -0 0 -1
    outer loop
      vertex 6.99284 38.6363 3.50004
      vertex 6.85023 37.6457 3.50004
      vertex 6.90022 38.6448 3.50004
    endloop
  endfacet
  facet normal 0 0 -1
    outer loop
      vertex 6.80016 37.6489 3.50004
      vertex 6.90022 38.6448 3.50004
      vertex 6.85023 37.6457 3.50004
    endloop
  endfacet
  facet normal -0 0 -1
    outer loop
      vertex 6.90022 38.6448 3.50004
      vertex 6.80016 37.6489 3.50004
      vertex 6.80732 38.6493 3.50004
    endloop
  endfacet
  facet normal 0 0 -1
    outer loop
      vertex 6.75 37.65 3.50004
      vertex 6.80732 38.6493 3.50004
      vertex 6.80016 37.6489 3.50004
    endloop
  endfacet
  facet normal 0 0 -1
    outer loop
      vertex 6.75 37.65 3.50004
      vertex 6.71432 38.6497 3.50004
      vertex 6.80732 38.6493 3.50004
    endloop
  endfacet
  facet normal 0 0 -1
    outer loop
      vertex 6.69984 37.6489 3.50004
      vertex 6.71432 38.6497 3.50004
      vertex 6.75 37.65 3.50004
    endloop
  endfacet
  facet normal 0 0 -1
    outer loop
      vertex 6.62138 38.6462 3.50004
      vertex 6.69984 37.6489 3.50004
      vertex 6.64977 37.6457 3.50004
    endloop
  endfacet
  facet normal 0 0 -1
    outer loop
      vertex 6.69984 37.6489 3.50004
      vertex 6.62138 38.6462 3.50004
      vertex 6.71432 38.6497 3.50004
    endloop
  endfacet
  facet normal 0 0 -1
    outer loop
      vertex 6.52868 38.6386 3.50004
      vertex 6.64977 37.6457 3.50004
      vertex 6.5999 37.6402 3.50004
    endloop
  endfacet
  facet normal 0 0 -1
    outer loop
      vertex 6.43639 38.627 3.50004
      vertex 6.5999 37.6402 3.50004
      vertex 6.55031 37.6326 3.50004
    endloop
  endfacet
  facet normal 0 0 -1
    outer loop
      vertex 6.64977 37.6457 3.50004
      vertex 6.52868 38.6386 3.50004
      vertex 6.62138 38.6462 3.50004
    endloop
  endfacet
  facet normal 0 0 -1
    outer loop
      vertex 6.3447 38.6115 3.50004
      vertex 6.55031 37.6326 3.50004
      vertex 6.5011 37.6228 3.50004
    endloop
  endfacet
  facet normal 0 0 -1
    outer loop
      vertex 6.25376 38.592 3.50004
      vertex 6.5011 37.6228 3.50004
      vertex 6.45236 37.6108 3.50004
    endloop
  endfacet
  facet normal 0 0 -1
    outer loop
      vertex 6.5999 37.6402 3.50004
      vertex 6.43639 38.627 3.50004
      vertex 6.52868 38.6386 3.50004
    endloop
  endfacet
  facet normal 0 0 -1
    outer loop
      vertex 6.16374 38.5686 3.50004
      vertex 6.45236 37.6108 3.50004
      vertex 6.40419 37.5968 3.50004
    endloop
  endfacet
  facet normal 0 0 -1
    outer loop
      vertex 6.07483 38.5413 3.50004
      vertex 6.40419 37.5968 3.50004
      vertex 6.35668 37.5807 3.50004
    endloop
  endfacet
  facet normal 0 0 -1
    outer loop
      vertex 6.55031 37.6326 3.50004
      vertex 6.3447 38.6115 3.50004
      vertex 6.43639 38.627 3.50004
    endloop
  endfacet
  facet normal 0 0 -1
    outer loop
      vertex 5.98718 38.5102 3.50004
      vertex 6.35668 37.5807 3.50004
      vertex 6.30992 37.5625 3.50004
    endloop
  endfacet
  facet normal 0 0 -1
    outer loop
      vertex 5.90096 38.4753 3.50004
      vertex 6.30992 37.5625 3.50004
      vertex 6.26399 37.5423 3.50004
    endloop
  endfacet
  facet normal 0 0 -1
    outer loop
      vertex 6.5011 37.6228 3.50004
      vertex 6.25376 38.592 3.50004
      vertex 6.3447 38.6115 3.50004
    endloop
  endfacet
  facet normal 0 0 -1
    outer loop
      vertex 5.81632 38.4367 3.50004
      vertex 6.26399 37.5423 3.50004
      vertex 6.21899 37.5201 3.50004
    endloop
  endfacet
  facet normal 0 0 -1
    outer loop
      vertex 5.73344 38.3945 3.50004
      vertex 6.21899 37.5201 3.50004
      vertex 6.175 37.496 3.50004
    endloop
  endfacet
  facet normal 0 0 -1
    outer loop
      vertex 6.45236 37.6108 3.50004
      vertex 6.16374 38.5686 3.50004
      vertex 6.25376 38.592 3.50004
    endloop
  endfacet
  facet normal 0 0 -1
    outer loop
      vertex 5.65245 38.3488 3.50004
      vertex 6.175 37.496 3.50004
      vertex 6.13211 37.4699 3.50004
    endloop
  endfacet
  facet normal 0 0 -1
    outer loop
      vertex 5.57352 38.2996 3.50004
      vertex 6.13211 37.4699 3.50004
      vertex 6.09039 37.4421 3.50004
    endloop
  endfacet
  facet normal 0 0 -1
    outer loop
      vertex 6.40419 37.5968 3.50004
      vertex 6.07483 38.5413 3.50004
      vertex 6.16374 38.5686 3.50004
    endloop
  endfacet
  facet normal 0 0 -1
    outer loop
      vertex 5.49679 38.247 3.50004
      vertex 6.09039 37.4421 3.50004
      vertex 6.04993 37.4124 3.50004
    endloop
  endfacet
  facet normal 0 0 -1
    outer loop
      vertex 5.49679 38.247 3.50004
      vertex 6.04993 37.4124 3.50004
      vertex 6.0108 37.381 3.50004
    endloop
  endfacet
  facet normal 0 0 -1
    outer loop
      vertex 6.35668 37.5807 3.50004
      vertex 5.98718 38.5102 3.50004
      vertex 6.07483 38.5413 3.50004
    endloop
  endfacet
  facet normal 0 0 -1
    outer loop
      vertex 5.49679 38.247 3.50004
      vertex 6.0108 37.381 3.50004
      vertex 5.97307 37.3479 3.50004
    endloop
  endfacet
  facet normal 0 0 -1
    outer loop
      vertex 5.49679 38.247 3.50004
      vertex 5.97307 37.3479 3.50004
      vertex 5.93683 37.3132 3.50004
    endloop
  endfacet
  facet normal 0 0 -1
    outer loop
      vertex 5.49679 38.247 3.50004
      vertex 5.93683 37.3132 3.50004
      vertex 5.90213 37.277 3.50004
    endloop
  endfacet
  facet normal 0 0 -1
    outer loop
      vertex 6.30992 37.5625 3.50004
      vertex 5.90096 38.4753 3.50004
      vertex 5.98718 38.5102 3.50004
    endloop
  endfacet
  facet normal 0 0 -1
    outer loop
      vertex 5.49679 38.247 3.50004
      vertex 5.90213 37.277 3.50004
      vertex 5.86905 37.2392 3.50004
    endloop
  endfacet
  facet normal 0 0 -1
    outer loop
      vertex 5.49679 38.247 3.50004
      vertex 5.86905 37.2392 3.50004
      vertex 5.83765 37.2001 3.50004
    endloop
  endfacet
  facet normal 0 0 -1
    outer loop
      vertex 6.26399 37.5423 3.50004
      vertex 5.81632 38.4367 3.50004
      vertex 5.90096 38.4753 3.50004
    endloop
  endfacet
  facet normal 0 0 -1
    outer loop
      vertex 5.49679 38.247 3.50004
      vertex 5.83765 37.2001 3.50004
      vertex 5.80798 37.1597 3.50004
    endloop
  endfacet
  facet normal 0 0 -1
    outer loop
      vertex 5.49679 38.247 3.50004
      vertex 5.80798 37.1597 3.50004
      vertex 5.7801 37.1179 3.50004
    endloop
  endfacet
  facet normal 0 0 -1
    outer loop
      vertex 5.49679 38.247 3.50004
      vertex 5.7801 37.1179 3.50004
      vertex 5.75407 37.075 3.50004
    endloop
  endfacet
  facet normal 0 0 -1
    outer loop
      vertex 6.21899 37.5201 3.50004
      vertex 5.73344 38.3945 3.50004
      vertex 5.81632 38.4367 3.50004
    endloop
  endfacet
  facet normal 0 0 -1
    outer loop
      vertex 5.49679 38.247 3.50004
      vertex 5.75407 37.075 3.50004
      vertex 5.72994 37.0311 3.50004
    endloop
  endfacet
  facet normal 0 0 -1
    outer loop
      vertex 5.49679 38.247 3.50004
      vertex 5.72994 37.0311 3.50004
      vertex 5.70775 36.9861 3.50004
    endloop
  endfacet
  facet normal 0 0 -1
    outer loop
      vertex 5.49679 38.247 3.50004
      vertex 5.70775 36.9861 3.50004
      vertex 5.68754 36.9401 3.50004
    endloop
  endfacet
  facet normal 0 0 -1
    outer loop
      vertex 5.49679 38.247 3.50004
      vertex 5.68754 36.9401 3.50004
      vertex 5.66936 36.8934 3.50004
    endloop
  endfacet
  facet normal 0 0 -1
    outer loop
      vertex 5.49679 38.247 3.50004
      vertex 5.66936 36.8934 3.50004
      vertex 5.65323 36.8459 3.50004
    endloop
  endfacet
  facet normal 0 0 -1
    outer loop
      vertex 6.175 37.496 3.50004
      vertex 5.65245 38.3488 3.50004
      vertex 5.73344 38.3945 3.50004
    endloop
  endfacet
  facet normal 0 0 -1
    outer loop
      vertex 5.49679 38.247 3.50004
      vertex 5.65323 36.8459 3.50004
      vertex 5.63919 36.7977 3.50004
    endloop
  endfacet
  facet normal 0 0 -1
    outer loop
      vertex 5.49679 38.247 3.50004
      vertex 5.63919 36.7977 3.50004
      vertex 5.62726 36.7489 3.50004
    endloop
  endfacet
  facet normal 0 0 -1
    outer loop
      vertex 5.49679 38.247 3.50004
      vertex 5.62726 36.7489 3.50004
      vertex 5.61747 36.6997 3.50004
    endloop
  endfacet
  facet normal 0 0 -1
    outer loop
      vertex 5.49679 38.247 3.50004
      vertex 5.61747 36.6997 3.50004
      vertex 5.60984 36.6501 3.50004
    endloop
  endfacet
  facet normal 0 0 -1
    outer loop
      vertex 5.49679 38.247 3.50004
      vertex 5.60984 36.6501 3.50004
      vertex 5.60438 36.6003 3.50004
    endloop
  endfacet
  facet normal 0 0 -1
    outer loop
      vertex 5.49679 38.247 3.50004
      vertex 5.60438 36.6003 3.50004
      vertex 5.6011 36.5502 3.50004
    endloop
  endfacet
  facet normal 0 0 -1
    outer loop
      vertex 6.13211 37.4699 3.50004
      vertex 5.57352 38.2996 3.50004
      vertex 5.65245 38.3488 3.50004
    endloop
  endfacet
  facet normal 0 0 -1
    outer loop
      vertex 4.60172 36.586 3.50004
      vertex 5.6011 36.5502 3.50004
      vertex 5.6 36.5 3.50004
    endloop
  endfacet
  facet normal 0 0 -1
    outer loop
      vertex 5.6011 36.5502 3.50004
      vertex 4.60172 36.586 3.50004
      vertex 4.60745 36.6788 3.50004
    endloop
  endfacet
  facet normal -0 0 -1
    outer loop
      vertex 5.6 36.5 3.50004
      vertex 4.60001 36.493 3.50004
      vertex 4.60172 36.586 3.50004
    endloop
  endfacet
  facet normal -0.999763 0.0217513 0
    outer loop
      vertex 7.89891 36.4499 3.50004
      vertex 7.9 36.5 5.50004
      vertex 7.9 36.5 3.50004
    endloop
  endfacet
  facet normal -0.999763 0.0217513 0
    outer loop
      vertex 7.9 36.5 5.50004
      vertex 7.89891 36.4499 3.50004
      vertex 7.89891 36.4499 5.50004
    endloop
  endfacet
  facet normal -0.997864 0.0653292 0
    outer loop
      vertex 7.89563 36.3998 3.50004
      vertex 7.89891 36.4499 5.50004
      vertex 7.89891 36.4499 3.50004
    endloop
  endfacet
  facet normal -0.997864 0.0653292 0
    outer loop
      vertex 7.89891 36.4499 5.50004
      vertex 7.89563 36.3998 3.50004
      vertex 7.89563 36.3998 5.50004
    endloop
  endfacet
  facet normal -0.994045 0.108967 0
    outer loop
      vertex 7.89016 36.3499 3.50004
      vertex 7.89563 36.3998 5.50004
      vertex 7.89563 36.3998 3.50004
    endloop
  endfacet
  facet normal -0.994045 0.108967 0
    outer loop
      vertex 7.89563 36.3998 5.50004
      vertex 7.89016 36.3499 3.50004
      vertex 7.89016 36.3499 5.50004
    endloop
  endfacet
  facet normal -0.988374 0.152042 0
    outer loop
      vertex 7.88253 36.3003 3.50004
      vertex 7.89016 36.3499 5.50004
      vertex 7.89016 36.3499 3.50004
    endloop
  endfacet
  facet normal -0.988374 0.152042 0
    outer loop
      vertex 7.89016 36.3499 5.50004
      vertex 7.88253 36.3003 3.50004
      vertex 7.88253 36.3003 5.50004
    endloop
  endfacet
  facet normal -0.980772 0.195158 0
    outer loop
      vertex 7.87274 36.2511 3.50004
      vertex 7.88253 36.3003 5.50004
      vertex 7.88253 36.3003 3.50004
    endloop
  endfacet
  facet normal -0.980772 0.195158 0
    outer loop
      vertex 7.88253 36.3003 5.50004
      vertex 7.87274 36.2511 3.50004
      vertex 7.87274 36.2511 5.50004
    endloop
  endfacet
  facet normal -0.971327 0.237746 0
    outer loop
      vertex 7.86082 36.2024 3.50004
      vertex 7.87274 36.2511 5.50004
      vertex 7.87274 36.2511 3.50004
    endloop
  endfacet
  facet normal -0.971327 0.237746 0
    outer loop
      vertex 7.87274 36.2511 5.50004
      vertex 7.86082 36.2024 3.50004
      vertex 7.86082 36.2024 5.50004
    endloop
  endfacet
  facet normal -0.960098 0.279663 0
    outer loop
      vertex 7.84678 36.1542 3.50004
      vertex 7.86082 36.2024 5.50004
      vertex 7.86082 36.2024 3.50004
    endloop
  endfacet
  facet normal -0.960098 0.279663 0
    outer loop
      vertex 7.86082 36.2024 5.50004
      vertex 7.84678 36.1542 3.50004
      vertex 7.84678 36.1542 5.50004
    endloop
  endfacet
  facet normal -0.946894 0.321545 0
    outer loop
      vertex 7.83065 36.1067 3.50004
      vertex 7.84678 36.1542 5.50004
      vertex 7.84678 36.1542 3.50004
    endloop
  endfacet
  facet normal -0.946894 0.321545 0
    outer loop
      vertex 7.84678 36.1542 5.50004
      vertex 7.83065 36.1067 3.50004
      vertex 7.83065 36.1067 5.50004
    endloop
  endfacet
  facet normal -0.93181 0.362947 0
    outer loop
      vertex 7.81246 36.06 3.50004
      vertex 7.83065 36.1067 5.50004
      vertex 7.83065 36.1067 3.50004
    endloop
  endfacet
  facet normal -0.93181 0.362947 0
    outer loop
      vertex 7.83065 36.1067 5.50004
      vertex 7.81246 36.06 3.50004
      vertex 7.81246 36.06 5.50004
    endloop
  endfacet
  facet normal -0.915608 0.402071 0
    outer loop
      vertex 7.79226 36.014 3.50004
      vertex 7.81246 36.06 5.50004
      vertex 7.81246 36.06 3.50004
    endloop
  endfacet
  facet normal -0.915608 0.402071 0
    outer loop
      vertex 7.81246 36.06 5.50004
      vertex 7.79226 36.014 3.50004
      vertex 7.79226 36.014 5.50004
    endloop
  endfacet
  facet normal -0.896806 0.442424 0
    outer loop
      vertex 7.77006 35.969 3.50004
      vertex 7.79226 36.014 5.50004
      vertex 7.79226 36.014 3.50004
    endloop
  endfacet
  facet normal -0.896806 0.442424 0
    outer loop
      vertex 7.79226 36.014 5.50004
      vertex 7.77006 35.969 3.50004
      vertex 7.77006 35.969 5.50004
    endloop
  endfacet
  facet normal -0.876804 0.480847 0
    outer loop
      vertex 7.74593 35.925 3.50004
      vertex 7.77006 35.969 5.50004
      vertex 7.77006 35.969 3.50004
    endloop
  endfacet
  facet normal -0.876804 0.480847 0
    outer loop
      vertex 7.77006 35.969 5.50004
      vertex 7.74593 35.925 3.50004
      vertex 7.74593 35.925 5.50004
    endloop
  endfacet
  facet normal -0.854933 0.518739 0
    outer loop
      vertex 7.7199 35.8821 3.50004
      vertex 7.74593 35.925 5.50004
      vertex 7.74593 35.925 3.50004
    endloop
  endfacet
  facet normal -0.854933 0.518739 0
    outer loop
      vertex 7.74593 35.925 5.50004
      vertex 7.7199 35.8821 3.50004
      vertex 7.7199 35.8821 5.50004
    endloop
  endfacet
  facet normal -0.831406 0.555666 0
    outer loop
      vertex 7.69203 35.8404 3.50004
      vertex 7.7199 35.8821 5.50004
      vertex 7.7199 35.8821 3.50004
    endloop
  endfacet
  facet normal -0.831406 0.555666 0
    outer loop
      vertex 7.7199 35.8821 5.50004
      vertex 7.69203 35.8404 3.50004
      vertex 7.69203 35.8404 5.50004
    endloop
  endfacet
  facet normal -0.805993 0.591926 0
    outer loop
      vertex 7.66236 35.8 3.50004
      vertex 7.69203 35.8404 5.50004
      vertex 7.69203 35.8404 3.50004
    endloop
  endfacet
  facet normal -0.805993 0.591926 0
    outer loop
      vertex 7.69203 35.8404 5.50004
      vertex 7.66236 35.8 3.50004
      vertex 7.66236 35.8 5.50004
    endloop
  endfacet
  facet normal -0.780383 0.625302 0
    outer loop
      vertex 7.63095 35.7608 3.50004
      vertex 7.66236 35.8 5.50004
      vertex 7.66236 35.8 3.50004
    endloop
  endfacet
  facet normal -0.780383 0.625302 0
    outer loop
      vertex 7.66236 35.8 5.50004
      vertex 7.63095 35.7608 3.50004
      vertex 7.63095 35.7608 5.50004
    endloop
  endfacet
  facet normal -0.751662 0.659549 0
    outer loop
      vertex 7.59787 35.7231 3.50004
      vertex 7.63095 35.7608 5.50004
      vertex 7.63095 35.7608 3.50004
    endloop
  endfacet
  facet normal -0.751662 0.659549 0
    outer loop
      vertex 7.63095 35.7608 5.50004
      vertex 7.59787 35.7231 3.50004
      vertex 7.59787 35.7231 5.50004
    endloop
  endfacet
  facet normal -0.722005 0.691888 0
    outer loop
      vertex 7.56318 35.6869 3.50004
      vertex 7.59787 35.7231 5.50004
      vertex 7.59787 35.7231 3.50004
    endloop
  endfacet
  facet normal -0.722005 0.691888 0
    outer loop
      vertex 7.59787 35.7231 5.50004
      vertex 7.56318 35.6869 3.50004
      vertex 7.56318 35.6869 5.50004
    endloop
  endfacet
  facet normal -0.691494 0.722382 0
    outer loop
      vertex 7.56318 35.6869 3.50004
      vertex 7.52693 35.6522 5.50004
      vertex 7.56318 35.6869 5.50004
    endloop
  endfacet
  facet normal -0.691494 0.722382 0
    outer loop
      vertex 7.52693 35.6522 5.50004
      vertex 7.56318 35.6869 3.50004
      vertex 7.52693 35.6522 3.50004
    endloop
  endfacet
  facet normal -0.659576 0.751638 0
    outer loop
      vertex 7.52693 35.6522 3.50004
      vertex 7.48921 35.6191 5.50004
      vertex 7.52693 35.6522 5.50004
    endloop
  endfacet
  facet normal -0.659576 0.751638 0
    outer loop
      vertex 7.48921 35.6191 5.50004
      vertex 7.52693 35.6522 3.50004
      vertex 7.48921 35.6191 3.50004
    endloop
  endfacet
  facet normal -0.625861 0.779935 0
    outer loop
      vertex 7.48921 35.6191 3.50004
      vertex 7.45008 35.5877 5.50004
      vertex 7.48921 35.6191 5.50004
    endloop
  endfacet
  facet normal -0.625861 0.779935 0
    outer loop
      vertex 7.45008 35.5877 5.50004
      vertex 7.48921 35.6191 3.50004
      vertex 7.45008 35.5877 3.50004
    endloop
  endfacet
  facet normal -0.591649 0.806196 0
    outer loop
      vertex 7.45008 35.5877 3.50004
      vertex 7.40961 35.558 5.50004
      vertex 7.45008 35.5877 5.50004
    endloop
  endfacet
  facet normal -0.591649 0.806196 0
    outer loop
      vertex 7.40961 35.558 5.50004
      vertex 7.45008 35.5877 3.50004
      vertex 7.40961 35.558 3.50004
    endloop
  endfacet
  facet normal -0.555987 0.831191 0
    outer loop
      vertex 7.40961 35.558 3.50004
      vertex 7.3679 35.5301 5.50004
      vertex 7.40961 35.558 5.50004
    endloop
  endfacet
  facet normal -0.555987 0.831191 0
    outer loop
      vertex 7.3679 35.5301 5.50004
      vertex 7.40961 35.558 3.50004
      vertex 7.3679 35.5301 3.50004
    endloop
  endfacet
  facet normal -0.518302 0.855198 0
    outer loop
      vertex 7.3679 35.5301 3.50004
      vertex 7.325 35.5041 5.50004
      vertex 7.3679 35.5301 5.50004
    endloop
  endfacet
  facet normal -0.518302 0.855198 0
    outer loop
      vertex 7.325 35.5041 5.50004
      vertex 7.3679 35.5301 3.50004
      vertex 7.325 35.5041 3.50004
    endloop
  endfacet
  facet normal -0.480472 0.87701 0
    outer loop
      vertex 7.325 35.5041 3.50004
      vertex 7.28101 35.48 5.50004
      vertex 7.325 35.5041 5.50004
    endloop
  endfacet
  facet normal -0.480472 0.87701 0
    outer loop
      vertex 7.28101 35.48 5.50004
      vertex 7.325 35.5041 3.50004
      vertex 7.28101 35.48 3.50004
    endloop
  endfacet
  facet normal -0.442424 0.896806 0
    outer loop
      vertex 7.28101 35.48 3.50004
      vertex 7.23601 35.4578 5.50004
      vertex 7.28101 35.48 5.50004
    endloop
  endfacet
  facet normal -0.442424 0.896806 0
    outer loop
      vertex 7.23601 35.4578 5.50004
      vertex 7.28101 35.48 3.50004
      vertex 7.23601 35.4578 3.50004
    endloop
  endfacet
  facet normal -0.402658 0.91535 0
    outer loop
      vertex 7.23601 35.4578 3.50004
      vertex 7.19009 35.4376 5.50004
      vertex 7.23601 35.4578 5.50004
    endloop
  endfacet
  facet normal -0.402658 0.91535 0
    outer loop
      vertex 7.19009 35.4376 5.50004
      vertex 7.23601 35.4578 3.50004
      vertex 7.19009 35.4376 3.50004
    endloop
  endfacet
  facet normal -0.362716 0.9319 0
    outer loop
      vertex 7.19009 35.4376 3.50004
      vertex 7.14333 35.4194 5.50004
      vertex 7.19009 35.4376 5.50004
    endloop
  endfacet
  facet normal -0.362716 0.9319 0
    outer loop
      vertex 7.14333 35.4194 5.50004
      vertex 7.19009 35.4376 3.50004
      vertex 7.14333 35.4194 3.50004
    endloop
  endfacet
  facet normal -0.320888 0.947117 0
    outer loop
      vertex 7.14333 35.4194 3.50004
      vertex 7.09581 35.4033 5.50004
      vertex 7.14333 35.4194 5.50004
    endloop
  endfacet
  facet normal -0.320888 0.947117 0
    outer loop
      vertex 7.09581 35.4033 5.50004
      vertex 7.14333 35.4194 3.50004
      vertex 7.09581 35.4033 3.50004
    endloop
  endfacet
  facet normal -0.280926 0.95973 0
    outer loop
      vertex 7.09581 35.4033 3.50004
      vertex 7.04764 35.3892 5.50004
      vertex 7.09581 35.4033 5.50004
    endloop
  endfacet
  facet normal -0.280926 0.95973 0
    outer loop
      vertex 7.04764 35.3892 5.50004
      vertex 7.09581 35.4033 3.50004
      vertex 7.04764 35.3892 3.50004
    endloop
  endfacet
  facet normal -0.237232 0.971453 0
    outer loop
      vertex 7.04764 35.3892 3.50004
      vertex 6.99891 35.3773 5.50004
      vertex 7.04764 35.3892 5.50004
    endloop
  endfacet
  facet normal -0.237232 0.971453 0
    outer loop
      vertex 6.99891 35.3773 5.50004
      vertex 7.04764 35.3892 3.50004
      vertex 6.99891 35.3773 3.50004
    endloop
  endfacet
  facet normal -0.195311 0.980741 0
    outer loop
      vertex 6.99891 35.3773 3.50004
      vertex 6.9497 35.3675 5.50004
      vertex 6.99891 35.3773 5.50004
    endloop
  endfacet
  facet normal -0.195311 0.980741 0
    outer loop
      vertex 6.9497 35.3675 5.50004
      vertex 6.99891 35.3773 3.50004
      vertex 6.9497 35.3675 3.50004
    endloop
  endfacet
  facet normal -0.151488 0.988459 0
    outer loop
      vertex 6.9497 35.3675 3.50004
      vertex 6.90011 35.3599 5.50004
      vertex 6.9497 35.3675 5.50004
    endloop
  endfacet
  facet normal -0.151488 0.988459 0
    outer loop
      vertex 6.90011 35.3599 5.50004
      vertex 6.9497 35.3675 3.50004
      vertex 6.90011 35.3599 3.50004
    endloop
  endfacet
  facet normal -0.1096 0.993976 0
    outer loop
      vertex 6.90011 35.3599 3.50004
      vertex 6.85023 35.3544 5.50004
      vertex 6.90011 35.3599 5.50004
    endloop
  endfacet
  facet normal -0.1096 0.993976 0
    outer loop
      vertex 6.85023 35.3544 5.50004
      vertex 6.90011 35.3599 3.50004
      vertex 6.85023 35.3544 3.50004
    endloop
  endfacet
  facet normal -0.065765 0.997835 0
    outer loop
      vertex 6.85023 35.3544 3.50004
      vertex 6.80016 35.3511 5.50004
      vertex 6.85023 35.3544 5.50004
    endloop
  endfacet
  facet normal -0.065765 0.997835 0
    outer loop
      vertex 6.80016 35.3511 5.50004
      vertex 6.85023 35.3544 3.50004
      vertex 6.80016 35.3511 3.50004
    endloop
  endfacet
  facet normal -0.0219246 0.99976 0
    outer loop
      vertex 6.80016 35.3511 3.50004
      vertex 6.75 35.35 5.50004
      vertex 6.80016 35.3511 5.50004
    endloop
  endfacet
  facet normal -0.0219246 0.99976 0
    outer loop
      vertex 6.75 35.35 5.50004
      vertex 6.80016 35.3511 3.50004
      vertex 6.75 35.35 3.50004
    endloop
  endfacet
  facet normal 0.0219246 0.99976 -0
    outer loop
      vertex 6.75 35.35 3.50004
      vertex 6.69984 35.3511 5.50004
      vertex 6.75 35.35 5.50004
    endloop
  endfacet
  facet normal 0.0219246 0.99976 0
    outer loop
      vertex 6.69984 35.3511 5.50004
      vertex 6.75 35.35 3.50004
      vertex 6.69984 35.3511 3.50004
    endloop
  endfacet
  facet normal 0.065765 0.997835 -0
    outer loop
      vertex 6.69984 35.3511 3.50004
      vertex 6.64977 35.3544 5.50004
      vertex 6.69984 35.3511 5.50004
    endloop
  endfacet
  facet normal 0.065765 0.997835 0
    outer loop
      vertex 6.64977 35.3544 5.50004
      vertex 6.69984 35.3511 3.50004
      vertex 6.64977 35.3544 3.50004
    endloop
  endfacet
  facet normal 0.109622 0.993973 -0
    outer loop
      vertex 6.64977 35.3544 3.50004
      vertex 6.5999 35.3599 5.50004
      vertex 6.64977 35.3544 5.50004
    endloop
  endfacet
  facet normal 0.109622 0.993973 0
    outer loop
      vertex 6.5999 35.3599 5.50004
      vertex 6.64977 35.3544 3.50004
      vertex 6.5999 35.3599 3.50004
    endloop
  endfacet
  facet normal 0.151488 0.988459 -0
    outer loop
      vertex 6.5999 35.3599 3.50004
      vertex 6.55031 35.3675 5.50004
      vertex 6.5999 35.3599 5.50004
    endloop
  endfacet
  facet normal 0.151488 0.988459 0
    outer loop
      vertex 6.55031 35.3675 5.50004
      vertex 6.5999 35.3599 3.50004
      vertex 6.55031 35.3675 3.50004
    endloop
  endfacet
  facet normal 0.195311 0.980741 -0
    outer loop
      vertex 6.55031 35.3675 3.50004
      vertex 6.5011 35.3773 5.50004
      vertex 6.55031 35.3675 5.50004
    endloop
  endfacet
  facet normal 0.195311 0.980741 0
    outer loop
      vertex 6.5011 35.3773 5.50004
      vertex 6.55031 35.3675 3.50004
      vertex 6.5011 35.3773 3.50004
    endloop
  endfacet
  facet normal 0.237186 0.971464 -0
    outer loop
      vertex 6.5011 35.3773 3.50004
      vertex 6.45236 35.3892 5.50004
      vertex 6.5011 35.3773 5.50004
    endloop
  endfacet
  facet normal 0.237186 0.971464 0
    outer loop
      vertex 6.45236 35.3892 5.50004
      vertex 6.5011 35.3773 3.50004
      vertex 6.45236 35.3892 3.50004
    endloop
  endfacet
  facet normal 0.280926 0.95973 -0
    outer loop
      vertex 6.45236 35.3892 3.50004
      vertex 6.40419 35.4033 5.50004
      vertex 6.45236 35.3892 5.50004
    endloop
  endfacet
  facet normal 0.280926 0.95973 0
    outer loop
      vertex 6.40419 35.4033 5.50004
      vertex 6.45236 35.3892 3.50004
      vertex 6.40419 35.4033 3.50004
    endloop
  endfacet
  facet normal 0.320948 0.947097 -0
    outer loop
      vertex 6.40419 35.4033 3.50004
      vertex 6.35668 35.4194 5.50004
      vertex 6.40419 35.4033 5.50004
    endloop
  endfacet
  facet normal 0.320948 0.947097 0
    outer loop
      vertex 6.35668 35.4194 5.50004
      vertex 6.40419 35.4033 3.50004
      vertex 6.35668 35.4194 3.50004
    endloop
  endfacet
  facet normal 0.362716 0.9319 -0
    outer loop
      vertex 6.35668 35.4194 3.50004
      vertex 6.30992 35.4376 5.50004
      vertex 6.35668 35.4194 5.50004
    endloop
  endfacet
  facet normal 0.362716 0.9319 0
    outer loop
      vertex 6.30992 35.4376 5.50004
      vertex 6.35668 35.4194 3.50004
      vertex 6.30992 35.4376 3.50004
    endloop
  endfacet
  facet normal 0.402585 0.915383 -0
    outer loop
      vertex 6.30992 35.4376 3.50004
      vertex 6.26399 35.4578 5.50004
      vertex 6.30992 35.4376 5.50004
    endloop
  endfacet
  facet normal 0.402585 0.915383 0
    outer loop
      vertex 6.26399 35.4578 5.50004
      vertex 6.30992 35.4376 3.50004
      vertex 6.26399 35.4578 3.50004
    endloop
  endfacet
  facet normal 0.442424 0.896806 -0
    outer loop
      vertex 6.26399 35.4578 3.50004
      vertex 6.21899 35.48 5.50004
      vertex 6.26399 35.4578 5.50004
    endloop
  endfacet
  facet normal 0.442424 0.896806 0
    outer loop
      vertex 6.21899 35.48 5.50004
      vertex 6.26399 35.4578 3.50004
      vertex 6.21899 35.48 3.50004
    endloop
  endfacet
  facet normal 0.480472 0.87701 -0
    outer loop
      vertex 6.21899 35.48 3.50004
      vertex 6.175 35.5041 5.50004
      vertex 6.21899 35.48 5.50004
    endloop
  endfacet
  facet normal 0.480472 0.87701 0
    outer loop
      vertex 6.175 35.5041 5.50004
      vertex 6.21899 35.48 3.50004
      vertex 6.175 35.5041 3.50004
    endloop
  endfacet
  facet normal 0.51839 0.855144 -0
    outer loop
      vertex 6.175 35.5041 3.50004
      vertex 6.13211 35.5301 5.50004
      vertex 6.175 35.5041 5.50004
    endloop
  endfacet
  facet normal 0.51839 0.855144 0
    outer loop
      vertex 6.13211 35.5301 5.50004
      vertex 6.175 35.5041 3.50004
      vertex 6.13211 35.5301 3.50004
    endloop
  endfacet
  facet normal 0.555895 0.831252 -0
    outer loop
      vertex 6.13211 35.5301 3.50004
      vertex 6.09039 35.558 5.50004
      vertex 6.13211 35.5301 5.50004
    endloop
  endfacet
  facet normal 0.555895 0.831252 0
    outer loop
      vertex 6.09039 35.558 5.50004
      vertex 6.13211 35.5301 3.50004
      vertex 6.09039 35.558 3.50004
    endloop
  endfacet
  facet normal 0.591744 0.806126 -0
    outer loop
      vertex 6.09039 35.558 3.50004
      vertex 6.04993 35.5877 5.50004
      vertex 6.09039 35.558 5.50004
    endloop
  endfacet
  facet normal 0.591744 0.806126 0
    outer loop
      vertex 6.04993 35.5877 5.50004
      vertex 6.09039 35.558 3.50004
      vertex 6.04993 35.5877 3.50004
    endloop
  endfacet
  facet normal 0.625861 0.779935 -0
    outer loop
      vertex 6.04993 35.5877 3.50004
      vertex 6.0108 35.6191 5.50004
      vertex 6.04993 35.5877 5.50004
    endloop
  endfacet
  facet normal 0.625861 0.779935 0
    outer loop
      vertex 6.0108 35.6191 5.50004
      vertex 6.04993 35.5877 3.50004
      vertex 6.0108 35.6191 3.50004
    endloop
  endfacet
  facet normal 0.659477 0.751724 -0
    outer loop
      vertex 6.0108 35.6191 3.50004
      vertex 5.97307 35.6522 5.50004
      vertex 6.0108 35.6191 5.50004
    endloop
  endfacet
  facet normal 0.659477 0.751724 0
    outer loop
      vertex 5.97307 35.6522 5.50004
      vertex 6.0108 35.6191 3.50004
      vertex 5.97307 35.6522 3.50004
    endloop
  endfacet
  facet normal 0.691594 0.722287 -0
    outer loop
      vertex 5.97307 35.6522 3.50004
      vertex 5.93683 35.6869 5.50004
      vertex 5.97307 35.6522 5.50004
    endloop
  endfacet
  facet normal 0.691594 0.722287 0
    outer loop
      vertex 5.93683 35.6869 5.50004
      vertex 5.97307 35.6522 3.50004
      vertex 5.93683 35.6869 3.50004
    endloop
  endfacet
  facet normal 0.721905 0.691992 0
    outer loop
      vertex 5.93683 35.6869 5.50004
      vertex 5.90213 35.7231 3.50004
      vertex 5.90213 35.7231 5.50004
    endloop
  endfacet
  facet normal 0.721905 0.691992 0
    outer loop
      vertex 5.90213 35.7231 3.50004
      vertex 5.93683 35.6869 5.50004
      vertex 5.93683 35.6869 3.50004
    endloop
  endfacet
  facet normal 0.751662 0.659549 0
    outer loop
      vertex 5.90213 35.7231 5.50004
      vertex 5.86905 35.7608 3.50004
      vertex 5.86905 35.7608 5.50004
    endloop
  endfacet
  facet normal 0.751662 0.659549 0
    outer loop
      vertex 5.86905 35.7608 3.50004
      vertex 5.90213 35.7231 5.50004
      vertex 5.90213 35.7231 3.50004
    endloop
  endfacet
  facet normal 0.78048 0.625181 0
    outer loop
      vertex 5.86905 35.7608 5.50004
      vertex 5.83765 35.8 3.50004
      vertex 5.83765 35.8 5.50004
    endloop
  endfacet
  facet normal 0.78048 0.625181 0
    outer loop
      vertex 5.83765 35.8 3.50004
      vertex 5.86905 35.7608 5.50004
      vertex 5.86905 35.7608 3.50004
    endloop
  endfacet
  facet normal 0.805993 0.591926 0
    outer loop
      vertex 5.83765 35.8 5.50004
      vertex 5.80798 35.8404 3.50004
      vertex 5.80798 35.8404 5.50004
    endloop
  endfacet
  facet normal 0.805993 0.591926 0
    outer loop
      vertex 5.80798 35.8404 3.50004
      vertex 5.83765 35.8 5.50004
      vertex 5.83765 35.8 3.50004
    endloop
  endfacet
  facet normal 0.831313 0.555804 0
    outer loop
      vertex 5.80798 35.8404 5.50004
      vertex 5.7801 35.8821 3.50004
      vertex 5.7801 35.8821 5.50004
    endloop
  endfacet
  facet normal 0.831313 0.555804 0
    outer loop
      vertex 5.7801 35.8821 3.50004
      vertex 5.80798 35.8404 5.50004
      vertex 5.80798 35.8404 3.50004
    endloop
  endfacet
  facet normal 0.854933 0.518739 0
    outer loop
      vertex 5.7801 35.8821 5.50004
      vertex 5.75407 35.925 3.50004
      vertex 5.75407 35.925 5.50004
    endloop
  endfacet
  facet normal 0.854933 0.518739 0
    outer loop
      vertex 5.75407 35.925 3.50004
      vertex 5.7801 35.8821 5.50004
      vertex 5.7801 35.8821 3.50004
    endloop
  endfacet
  facet normal 0.876804 0.480847 0
    outer loop
      vertex 5.75407 35.925 5.50004
      vertex 5.72994 35.969 3.50004
      vertex 5.72994 35.969 5.50004
    endloop
  endfacet
  facet normal 0.876804 0.480847 0
    outer loop
      vertex 5.72994 35.969 3.50004
      vertex 5.75407 35.925 5.50004
      vertex 5.75407 35.925 3.50004
    endloop
  endfacet
  facet normal 0.896885 0.442264 0
    outer loop
      vertex 5.72994 35.969 5.50004
      vertex 5.70775 36.014 3.50004
      vertex 5.70775 36.014 5.50004
    endloop
  endfacet
  facet normal 0.896885 0.442264 0
    outer loop
      vertex 5.70775 36.014 3.50004
      vertex 5.72994 35.969 5.50004
      vertex 5.72994 35.969 3.50004
    endloop
  endfacet
  facet normal 0.915535 0.402238 0
    outer loop
      vertex 5.70775 36.014 5.50004
      vertex 5.68754 36.06 3.50004
      vertex 5.68754 36.06 5.50004
    endloop
  endfacet
  facet normal 0.915535 0.402238 0
    outer loop
      vertex 5.68754 36.06 3.50004
      vertex 5.70775 36.014 5.50004
      vertex 5.70775 36.014 3.50004
    endloop
  endfacet
  facet normal 0.931877 0.362774 0
    outer loop
      vertex 5.68754 36.06 5.50004
      vertex 5.66936 36.1067 3.50004
      vertex 5.66936 36.1067 5.50004
    endloop
  endfacet
  facet normal 0.931877 0.362774 0
    outer loop
      vertex 5.66936 36.1067 3.50004
      vertex 5.68754 36.06 5.50004
      vertex 5.68754 36.06 3.50004
    endloop
  endfacet
  facet normal 0.946894 0.321545 0
    outer loop
      vertex 5.66936 36.1067 5.50004
      vertex 5.65323 36.1542 3.50004
      vertex 5.65323 36.1542 5.50004
    endloop
  endfacet
  facet normal 0.946894 0.321545 0
    outer loop
      vertex 5.65323 36.1542 3.50004
      vertex 5.66936 36.1067 5.50004
      vertex 5.66936 36.1067 3.50004
    endloop
  endfacet
  facet normal 0.960098 0.279663 0
    outer loop
      vertex 5.65323 36.1542 5.50004
      vertex 5.63919 36.2024 3.50004
      vertex 5.63919 36.2024 5.50004
    endloop
  endfacet
  facet normal 0.960098 0.279663 0
    outer loop
      vertex 5.63919 36.2024 3.50004
      vertex 5.65323 36.1542 5.50004
      vertex 5.65323 36.1542 3.50004
    endloop
  endfacet
  facet normal 0.971281 0.237934 0
    outer loop
      vertex 5.63919 36.2024 5.50004
      vertex 5.62726 36.2511 3.50004
      vertex 5.62726 36.2511 5.50004
    endloop
  endfacet
  facet normal 0.971281 0.237934 0
    outer loop
      vertex 5.62726 36.2511 3.50004
      vertex 5.63919 36.2024 5.50004
      vertex 5.63919 36.2024 3.50004
    endloop
  endfacet
  facet normal 0.980772 0.195158 0
    outer loop
      vertex 5.62726 36.2511 5.50004
      vertex 5.61747 36.3003 3.50004
      vertex 5.61747 36.3003 5.50004
    endloop
  endfacet
  facet normal 0.980772 0.195158 0
    outer loop
      vertex 5.61747 36.3003 3.50004
      vertex 5.62726 36.2511 5.50004
      vertex 5.62726 36.2511 3.50004
    endloop
  endfacet
  facet normal 0.988374 0.152042 0
    outer loop
      vertex 5.61747 36.3003 5.50004
      vertex 5.60984 36.3499 3.50004
      vertex 5.60984 36.3499 5.50004
    endloop
  endfacet
  facet normal 0.988374 0.152042 0
    outer loop
      vertex 5.60984 36.3499 3.50004
      vertex 5.61747 36.3003 5.50004
      vertex 5.61747 36.3003 3.50004
    endloop
  endfacet
  facet normal 0.994067 0.10877 0
    outer loop
      vertex 5.60984 36.3499 5.50004
      vertex 5.60438 36.3998 3.50004
      vertex 5.60438 36.3998 5.50004
    endloop
  endfacet
  facet normal 0.994067 0.10877 0
    outer loop
      vertex 5.60438 36.3998 3.50004
      vertex 5.60984 36.3499 5.50004
      vertex 5.60984 36.3499 3.50004
    endloop
  endfacet
  facet normal 0.997864 0.0653292 0
    outer loop
      vertex 5.60438 36.3998 5.50004
      vertex 5.6011 36.4499 3.50004
      vertex 5.6011 36.4499 5.50004
    endloop
  endfacet
  facet normal 0.997864 0.0653292 0
    outer loop
      vertex 5.6011 36.4499 3.50004
      vertex 5.60438 36.3998 5.50004
      vertex 5.60438 36.3998 3.50004
    endloop
  endfacet
  facet normal 0.999759 0.0219508 0
    outer loop
      vertex 5.6011 36.4499 5.50004
      vertex 5.6 36.5 3.50004
      vertex 5.6 36.5 5.50004
    endloop
  endfacet
  facet normal 0.999759 0.0219508 0
    outer loop
      vertex 5.6 36.5 3.50004
      vertex 5.6011 36.4499 5.50004
      vertex 5.6011 36.4499 3.50004
    endloop
  endfacet
  facet normal 0.99976 -0.0219071 0
    outer loop
      vertex 5.6 36.5 5.50004
      vertex 5.6011 36.5502 3.50004
      vertex 5.6011 36.5502 5.50004
    endloop
  endfacet
  facet normal 0.99976 -0.0219071 0
    outer loop
      vertex 5.6011 36.5502 3.50004
      vertex 5.6 36.5 5.50004
      vertex 5.6 36.5 3.50004
    endloop
  endfacet
  facet normal 0.997864 -0.0653292 0
    outer loop
      vertex 5.6011 36.5502 5.50004
      vertex 5.60438 36.6003 3.50004
      vertex 5.60438 36.6003 5.50004
    endloop
  endfacet
  facet normal 0.997864 -0.0653292 0
    outer loop
      vertex 5.60438 36.6003 3.50004
      vertex 5.6011 36.5502 5.50004
      vertex 5.6011 36.5502 3.50004
    endloop
  endfacet
  facet normal 0.994043 -0.108985 0
    outer loop
      vertex 5.60438 36.6003 5.50004
      vertex 5.60984 36.6501 3.50004
      vertex 5.60984 36.6501 5.50004
    endloop
  endfacet
  facet normal 0.994043 -0.108985 0
    outer loop
      vertex 5.60984 36.6501 3.50004
      vertex 5.60438 36.6003 5.50004
      vertex 5.60438 36.6003 3.50004
    endloop
  endfacet
  facet normal 0.988374 -0.152042 0
    outer loop
      vertex 5.60984 36.6501 5.50004
      vertex 5.61747 36.6997 3.50004
      vertex 5.61747 36.6997 5.50004
    endloop
  endfacet
  facet normal 0.988374 -0.152042 0
    outer loop
      vertex 5.61747 36.6997 3.50004
      vertex 5.60984 36.6501 5.50004
      vertex 5.60984 36.6501 3.50004
    endloop
  endfacet
  facet normal 0.980772 -0.195158 0
    outer loop
      vertex 5.61747 36.6997 5.50004
      vertex 5.62726 36.7489 3.50004
      vertex 5.62726 36.7489 5.50004
    endloop
  endfacet
  facet normal 0.980772 -0.195158 0
    outer loop
      vertex 5.62726 36.7489 3.50004
      vertex 5.61747 36.6997 5.50004
      vertex 5.61747 36.6997 3.50004
    endloop
  endfacet
  facet normal 0.971394 -0.237474 0
    outer loop
      vertex 5.62726 36.7489 5.50004
      vertex 5.63919 36.7977 3.50004
      vertex 5.63919 36.7977 5.50004
    endloop
  endfacet
  facet normal 0.971394 -0.237474 0
    outer loop
      vertex 5.63919 36.7977 3.50004
      vertex 5.62726 36.7489 5.50004
      vertex 5.62726 36.7489 3.50004
    endloop
  endfacet
  facet normal 0.960098 -0.279663 0
    outer loop
      vertex 5.63919 36.7977 5.50004
      vertex 5.65323 36.8459 3.50004
      vertex 5.65323 36.8459 5.50004
    endloop
  endfacet
  facet normal 0.960098 -0.279663 0
    outer loop
      vertex 5.65323 36.8459 3.50004
      vertex 5.63919 36.7977 5.50004
      vertex 5.63919 36.7977 3.50004
    endloop
  endfacet
  facet normal 0.946894 -0.321545 0
    outer loop
      vertex 5.65323 36.8459 5.50004
      vertex 5.66936 36.8934 3.50004
      vertex 5.66936 36.8934 5.50004
    endloop
  endfacet
  facet normal 0.946894 -0.321545 0
    outer loop
      vertex 5.66936 36.8934 3.50004
      vertex 5.65323 36.8459 5.50004
      vertex 5.65323 36.8459 3.50004
    endloop
  endfacet
  facet normal 0.931877 -0.362774 0
    outer loop
      vertex 5.66936 36.8934 5.50004
      vertex 5.68754 36.9401 3.50004
      vertex 5.68754 36.9401 5.50004
    endloop
  endfacet
  facet normal 0.931877 -0.362774 0
    outer loop
      vertex 5.68754 36.9401 3.50004
      vertex 5.66936 36.8934 5.50004
      vertex 5.66936 36.8934 3.50004
    endloop
  endfacet
  facet normal 0.915535 -0.402238 0
    outer loop
      vertex 5.68754 36.9401 5.50004
      vertex 5.70775 36.9861 3.50004
      vertex 5.70775 36.9861 5.50004
    endloop
  endfacet
  facet normal 0.915535 -0.402238 0
    outer loop
      vertex 5.70775 36.9861 3.50004
      vertex 5.68754 36.9401 5.50004
      vertex 5.68754 36.9401 3.50004
    endloop
  endfacet
  facet normal 0.896885 -0.442264 0
    outer loop
      vertex 5.70775 36.9861 5.50004
      vertex 5.72994 37.0311 3.50004
      vertex 5.72994 37.0311 5.50004
    endloop
  endfacet
  facet normal 0.896885 -0.442264 0
    outer loop
      vertex 5.72994 37.0311 3.50004
      vertex 5.70775 36.9861 5.50004
      vertex 5.70775 36.9861 3.50004
    endloop
  endfacet
  facet normal 0.876342 -0.481689 0
    outer loop
      vertex 5.72994 37.0311 5.50004
      vertex 5.75407 37.075 3.50004
      vertex 5.75407 37.075 5.50004
    endloop
  endfacet
  facet normal 0.876342 -0.481689 0
    outer loop
      vertex 5.75407 37.075 3.50004
      vertex 5.72994 37.0311 5.50004
      vertex 5.72994 37.0311 3.50004
    endloop
  endfacet
  facet normal 0.854933 -0.518739 0
    outer loop
      vertex 5.75407 37.075 5.50004
      vertex 5.7801 37.1179 3.50004
      vertex 5.7801 37.1179 5.50004
    endloop
  endfacet
  facet normal 0.854933 -0.518739 0
    outer loop
      vertex 5.7801 37.1179 3.50004
      vertex 5.75407 37.075 5.50004
      vertex 5.75407 37.075 3.50004
    endloop
  endfacet
  facet normal 0.831928 -0.554884 0
    outer loop
      vertex 5.7801 37.1179 5.50004
      vertex 5.80798 37.1597 3.50004
      vertex 5.80798 37.1597 5.50004
    endloop
  endfacet
  facet normal 0.831928 -0.554884 0
    outer loop
      vertex 5.80798 37.1597 3.50004
      vertex 5.7801 37.1179 5.50004
      vertex 5.7801 37.1179 3.50004
    endloop
  endfacet
  facet normal 0.805993 -0.591926 0
    outer loop
      vertex 5.80798 37.1597 5.50004
      vertex 5.83765 37.2001 3.50004
      vertex 5.83765 37.2001 5.50004
    endloop
  endfacet
  facet normal 0.805993 -0.591926 0
    outer loop
      vertex 5.83765 37.2001 3.50004
      vertex 5.80798 37.1597 5.50004
      vertex 5.80798 37.1597 3.50004
    endloop
  endfacet
  facet normal 0.7797 -0.626153 0
    outer loop
      vertex 5.83765 37.2001 5.50004
      vertex 5.86905 37.2392 3.50004
      vertex 5.86905 37.2392 5.50004
    endloop
  endfacet
  facet normal 0.7797 -0.626153 0
    outer loop
      vertex 5.86905 37.2392 3.50004
      vertex 5.83765 37.2001 5.50004
      vertex 5.83765 37.2001 3.50004
    endloop
  endfacet
  facet normal 0.752527 -0.658561 0
    outer loop
      vertex 5.86905 37.2392 5.50004
      vertex 5.90213 37.277 3.50004
      vertex 5.90213 37.277 5.50004
    endloop
  endfacet
  facet normal 0.752527 -0.658561 0
    outer loop
      vertex 5.90213 37.277 3.50004
      vertex 5.86905 37.2392 5.50004
      vertex 5.86905 37.2392 3.50004
    endloop
  endfacet
  facet normal 0.721905 -0.691992 0
    outer loop
      vertex 5.90213 37.277 5.50004
      vertex 5.93683 37.3132 3.50004
      vertex 5.93683 37.3132 5.50004
    endloop
  endfacet
  facet normal 0.721905 -0.691992 0
    outer loop
      vertex 5.93683 37.3132 3.50004
      vertex 5.90213 37.277 5.50004
      vertex 5.90213 37.277 3.50004
    endloop
  endfacet
  facet normal 0.691594 -0.722287 0
    outer loop
      vertex 5.93683 37.3132 3.50004
      vertex 5.97307 37.3479 5.50004
      vertex 5.93683 37.3132 5.50004
    endloop
  endfacet
  facet normal 0.691594 -0.722287 0
    outer loop
      vertex 5.97307 37.3479 5.50004
      vertex 5.93683 37.3132 3.50004
      vertex 5.97307 37.3479 3.50004
    endloop
  endfacet
  facet normal 0.659477 -0.751724 0
    outer loop
      vertex 5.97307 37.3479 3.50004
      vertex 6.0108 37.381 5.50004
      vertex 5.97307 37.3479 5.50004
    endloop
  endfacet
  facet normal 0.659477 -0.751724 0
    outer loop
      vertex 6.0108 37.381 5.50004
      vertex 5.97307 37.3479 3.50004
      vertex 6.0108 37.381 3.50004
    endloop
  endfacet
  facet normal 0.625861 -0.779935 0
    outer loop
      vertex 6.0108 37.381 3.50004
      vertex 6.04993 37.4124 5.50004
      vertex 6.0108 37.381 5.50004
    endloop
  endfacet
  facet normal 0.625861 -0.779935 0
    outer loop
      vertex 6.04993 37.4124 5.50004
      vertex 6.0108 37.381 3.50004
      vertex 6.04993 37.4124 3.50004
    endloop
  endfacet
  facet normal 0.591744 -0.806126 0
    outer loop
      vertex 6.04993 37.4124 3.50004
      vertex 6.09039 37.4421 5.50004
      vertex 6.04993 37.4124 5.50004
    endloop
  endfacet
  facet normal 0.591744 -0.806126 0
    outer loop
      vertex 6.09039 37.4421 5.50004
      vertex 6.04993 37.4124 3.50004
      vertex 6.09039 37.4421 3.50004
    endloop
  endfacet
  facet normal 0.554516 -0.832173 0
    outer loop
      vertex 6.09039 37.4421 3.50004
      vertex 6.13211 37.4699 5.50004
      vertex 6.09039 37.4421 5.50004
    endloop
  endfacet
  facet normal 0.554516 -0.832173 0
    outer loop
      vertex 6.13211 37.4699 5.50004
      vertex 6.09039 37.4421 3.50004
      vertex 6.13211 37.4699 3.50004
    endloop
  endfacet
  facet normal 0.519846 -0.85426 0
    outer loop
      vertex 6.13211 37.4699 3.50004
      vertex 6.175 37.496 5.50004
      vertex 6.13211 37.4699 5.50004
    endloop
  endfacet
  facet normal 0.519846 -0.85426 0
    outer loop
      vertex 6.175 37.496 5.50004
      vertex 6.13211 37.4699 3.50004
      vertex 6.175 37.496 3.50004
    endloop
  endfacet
  facet normal 0.480472 -0.87701 0
    outer loop
      vertex 6.175 37.496 3.50004
      vertex 6.21899 37.5201 5.50004
      vertex 6.175 37.496 5.50004
    endloop
  endfacet
  facet normal 0.480472 -0.87701 0
    outer loop
      vertex 6.21899 37.5201 5.50004
      vertex 6.175 37.496 3.50004
      vertex 6.21899 37.5201 3.50004
    endloop
  endfacet
  facet normal 0.442424 -0.896806 0
    outer loop
      vertex 6.21899 37.5201 3.50004
      vertex 6.26399 37.5423 5.50004
      vertex 6.21899 37.5201 5.50004
    endloop
  endfacet
  facet normal 0.442424 -0.896806 0
    outer loop
      vertex 6.26399 37.5423 5.50004
      vertex 6.21899 37.5201 3.50004
      vertex 6.26399 37.5423 3.50004
    endloop
  endfacet
  facet normal 0.402585 -0.915383 0
    outer loop
      vertex 6.26399 37.5423 3.50004
      vertex 6.30992 37.5625 5.50004
      vertex 6.26399 37.5423 5.50004
    endloop
  endfacet
  facet normal 0.402585 -0.915383 0
    outer loop
      vertex 6.30992 37.5625 5.50004
      vertex 6.26399 37.5423 3.50004
      vertex 6.30992 37.5625 3.50004
    endloop
  endfacet
  facet normal 0.362716 -0.9319 0
    outer loop
      vertex 6.30992 37.5625 3.50004
      vertex 6.35668 37.5807 5.50004
      vertex 6.30992 37.5625 5.50004
    endloop
  endfacet
  facet normal 0.362716 -0.9319 0
    outer loop
      vertex 6.35668 37.5807 5.50004
      vertex 6.30992 37.5625 3.50004
      vertex 6.35668 37.5807 3.50004
    endloop
  endfacet
  facet normal 0.320948 -0.947097 0
    outer loop
      vertex 6.35668 37.5807 3.50004
      vertex 6.40419 37.5968 5.50004
      vertex 6.35668 37.5807 5.50004
    endloop
  endfacet
  facet normal 0.320948 -0.947097 0
    outer loop
      vertex 6.40419 37.5968 5.50004
      vertex 6.35668 37.5807 3.50004
      vertex 6.40419 37.5968 3.50004
    endloop
  endfacet
  facet normal 0.279089 -0.960265 0
    outer loop
      vertex 6.40419 37.5968 3.50004
      vertex 6.45236 37.6108 5.50004
      vertex 6.40419 37.5968 5.50004
    endloop
  endfacet
  facet normal 0.279089 -0.960265 0
    outer loop
      vertex 6.45236 37.6108 5.50004
      vertex 6.40419 37.5968 3.50004
      vertex 6.45236 37.6108 3.50004
    endloop
  endfacet
  facet normal 0.239065 -0.971003 0
    outer loop
      vertex 6.45236 37.6108 3.50004
      vertex 6.5011 37.6228 5.50004
      vertex 6.45236 37.6108 5.50004
    endloop
  endfacet
  facet normal 0.239065 -0.971003 0
    outer loop
      vertex 6.5011 37.6228 5.50004
      vertex 6.45236 37.6108 3.50004
      vertex 6.5011 37.6228 3.50004
    endloop
  endfacet
  facet normal 0.195311 -0.980741 0
    outer loop
      vertex 6.5011 37.6228 3.50004
      vertex 6.55031 37.6326 5.50004
      vertex 6.5011 37.6228 5.50004
    endloop
  endfacet
  facet normal 0.195311 -0.980741 0
    outer loop
      vertex 6.55031 37.6326 5.50004
      vertex 6.5011 37.6228 3.50004
      vertex 6.55031 37.6326 3.50004
    endloop
  endfacet
  facet normal 0.151488 -0.988459 0
    outer loop
      vertex 6.55031 37.6326 3.50004
      vertex 6.5999 37.6402 5.50004
      vertex 6.55031 37.6326 5.50004
    endloop
  endfacet
  facet normal 0.151488 -0.988459 0
    outer loop
      vertex 6.5999 37.6402 5.50004
      vertex 6.55031 37.6326 3.50004
      vertex 6.5999 37.6402 3.50004
    endloop
  endfacet
  facet normal 0.109622 -0.993973 0
    outer loop
      vertex 6.5999 37.6402 3.50004
      vertex 6.64977 37.6457 5.50004
      vertex 6.5999 37.6402 5.50004
    endloop
  endfacet
  facet normal 0.109622 -0.993973 0
    outer loop
      vertex 6.64977 37.6457 5.50004
      vertex 6.5999 37.6402 3.50004
      vertex 6.64977 37.6457 3.50004
    endloop
  endfacet
  facet normal 0.0637804 -0.997964 0
    outer loop
      vertex 6.64977 37.6457 3.50004
      vertex 6.69984 37.6489 5.50004
      vertex 6.64977 37.6457 5.50004
    endloop
  endfacet
  facet normal 0.0637804 -0.997964 0
    outer loop
      vertex 6.69984 37.6489 5.50004
      vertex 6.64977 37.6457 3.50004
      vertex 6.69984 37.6489 3.50004
    endloop
  endfacet
  facet normal 0.0219246 -0.99976 0
    outer loop
      vertex 6.69984 37.6489 3.50004
      vertex 6.75 37.65 5.50004
      vertex 6.69984 37.6489 5.50004
    endloop
  endfacet
  facet normal 0.0219246 -0.99976 0
    outer loop
      vertex 6.75 37.65 5.50004
      vertex 6.69984 37.6489 3.50004
      vertex 6.75 37.65 3.50004
    endloop
  endfacet
  facet normal -0.0219246 -0.99976 0
    outer loop
      vertex 6.75 37.65 3.50004
      vertex 6.80016 37.6489 5.50004
      vertex 6.75 37.65 5.50004
    endloop
  endfacet
  facet normal -0.0219246 -0.99976 -0
    outer loop
      vertex 6.80016 37.6489 5.50004
      vertex 6.75 37.65 3.50004
      vertex 6.80016 37.6489 3.50004
    endloop
  endfacet
  facet normal -0.0637804 -0.997964 0
    outer loop
      vertex 6.80016 37.6489 3.50004
      vertex 6.85023 37.6457 5.50004
      vertex 6.80016 37.6489 5.50004
    endloop
  endfacet
  facet normal -0.0637804 -0.997964 -0
    outer loop
      vertex 6.85023 37.6457 5.50004
      vertex 6.80016 37.6489 3.50004
      vertex 6.85023 37.6457 3.50004
    endloop
  endfacet
  facet normal -0.1096 -0.993976 0
    outer loop
      vertex 6.85023 37.6457 3.50004
      vertex 6.90011 37.6402 5.50004
      vertex 6.85023 37.6457 5.50004
    endloop
  endfacet
  facet normal -0.1096 -0.993976 -0
    outer loop
      vertex 6.90011 37.6402 5.50004
      vertex 6.85023 37.6457 3.50004
      vertex 6.90011 37.6402 3.50004
    endloop
  endfacet
  facet normal -0.151488 -0.988459 0
    outer loop
      vertex 6.90011 37.6402 3.50004
      vertex 6.9497 37.6326 5.50004
      vertex 6.90011 37.6402 5.50004
    endloop
  endfacet
  facet normal -0.151488 -0.988459 -0
    outer loop
      vertex 6.9497 37.6326 5.50004
      vertex 6.90011 37.6402 3.50004
      vertex 6.9497 37.6326 3.50004
    endloop
  endfacet
  facet normal -0.195311 -0.980741 0
    outer loop
      vertex 6.9497 37.6326 3.50004
      vertex 6.99891 37.6228 5.50004
      vertex 6.9497 37.6326 5.50004
    endloop
  endfacet
  facet normal -0.195311 -0.980741 -0
    outer loop
      vertex 6.99891 37.6228 5.50004
      vertex 6.9497 37.6326 3.50004
      vertex 6.99891 37.6228 3.50004
    endloop
  endfacet
  facet normal -0.239112 -0.970992 0
    outer loop
      vertex 6.99891 37.6228 3.50004
      vertex 7.04764 37.6108 5.50004
      vertex 6.99891 37.6228 5.50004
    endloop
  endfacet
  facet normal -0.239112 -0.970992 -0
    outer loop
      vertex 7.04764 37.6108 5.50004
      vertex 6.99891 37.6228 3.50004
      vertex 7.04764 37.6108 3.50004
    endloop
  endfacet
  facet normal -0.279089 -0.960265 0
    outer loop
      vertex 7.04764 37.6108 3.50004
      vertex 7.09581 37.5968 5.50004
      vertex 7.04764 37.6108 5.50004
    endloop
  endfacet
  facet normal -0.279089 -0.960265 -0
    outer loop
      vertex 7.09581 37.5968 5.50004
      vertex 7.04764 37.6108 3.50004
      vertex 7.09581 37.5968 3.50004
    endloop
  endfacet
  facet normal -0.320888 -0.947117 0
    outer loop
      vertex 7.09581 37.5968 3.50004
      vertex 7.14333 37.5807 5.50004
      vertex 7.09581 37.5968 5.50004
    endloop
  endfacet
  facet normal -0.320888 -0.947117 -0
    outer loop
      vertex 7.14333 37.5807 5.50004
      vertex 7.09581 37.5968 3.50004
      vertex 7.14333 37.5807 3.50004
    endloop
  endfacet
  facet normal -0.362716 -0.9319 0
    outer loop
      vertex 7.14333 37.5807 3.50004
      vertex 7.19009 37.5625 5.50004
      vertex 7.14333 37.5807 5.50004
    endloop
  endfacet
  facet normal -0.362716 -0.9319 -0
    outer loop
      vertex 7.19009 37.5625 5.50004
      vertex 7.14333 37.5807 3.50004
      vertex 7.19009 37.5625 3.50004
    endloop
  endfacet
  facet normal -0.402658 -0.91535 0
    outer loop
      vertex 7.19009 37.5625 3.50004
      vertex 7.23601 37.5423 5.50004
      vertex 7.19009 37.5625 5.50004
    endloop
  endfacet
  facet normal -0.402658 -0.91535 -0
    outer loop
      vertex 7.23601 37.5423 5.50004
      vertex 7.19009 37.5625 3.50004
      vertex 7.23601 37.5423 3.50004
    endloop
  endfacet
  facet normal -0.442424 -0.896806 0
    outer loop
      vertex 7.23601 37.5423 3.50004
      vertex 7.28101 37.5201 5.50004
      vertex 7.23601 37.5423 5.50004
    endloop
  endfacet
  facet normal -0.442424 -0.896806 -0
    outer loop
      vertex 7.28101 37.5201 5.50004
      vertex 7.23601 37.5423 3.50004
      vertex 7.28101 37.5201 3.50004
    endloop
  endfacet
  facet normal -0.480472 -0.87701 0
    outer loop
      vertex 7.28101 37.5201 3.50004
      vertex 7.325 37.496 5.50004
      vertex 7.28101 37.5201 5.50004
    endloop
  endfacet
  facet normal -0.480472 -0.87701 -0
    outer loop
      vertex 7.325 37.496 5.50004
      vertex 7.28101 37.5201 3.50004
      vertex 7.325 37.496 3.50004
    endloop
  endfacet
  facet normal -0.519757 -0.854314 0
    outer loop
      vertex 7.325 37.496 3.50004
      vertex 7.3679 37.4699 5.50004
      vertex 7.325 37.496 5.50004
    endloop
  endfacet
  facet normal -0.519757 -0.854314 -0
    outer loop
      vertex 7.3679 37.4699 5.50004
      vertex 7.325 37.496 3.50004
      vertex 7.3679 37.4699 3.50004
    endloop
  endfacet
  facet normal -0.554608 -0.832112 0
    outer loop
      vertex 7.3679 37.4699 3.50004
      vertex 7.40961 37.4421 5.50004
      vertex 7.3679 37.4699 5.50004
    endloop
  endfacet
  facet normal -0.554608 -0.832112 -0
    outer loop
      vertex 7.40961 37.4421 5.50004
      vertex 7.3679 37.4699 3.50004
      vertex 7.40961 37.4421 3.50004
    endloop
  endfacet
  facet normal -0.591649 -0.806196 0
    outer loop
      vertex 7.40961 37.4421 3.50004
      vertex 7.45008 37.4124 5.50004
      vertex 7.40961 37.4421 5.50004
    endloop
  endfacet
  facet normal -0.591649 -0.806196 -0
    outer loop
      vertex 7.45008 37.4124 5.50004
      vertex 7.40961 37.4421 3.50004
      vertex 7.45008 37.4124 3.50004
    endloop
  endfacet
  facet normal -0.625861 -0.779935 0
    outer loop
      vertex 7.45008 37.4124 3.50004
      vertex 7.48921 37.381 5.50004
      vertex 7.45008 37.4124 5.50004
    endloop
  endfacet
  facet normal -0.625861 -0.779935 -0
    outer loop
      vertex 7.48921 37.381 5.50004
      vertex 7.45008 37.4124 3.50004
      vertex 7.48921 37.381 3.50004
    endloop
  endfacet
  facet normal -0.659576 -0.751638 0
    outer loop
      vertex 7.48921 37.381 3.50004
      vertex 7.52693 37.3479 5.50004
      vertex 7.48921 37.381 5.50004
    endloop
  endfacet
  facet normal -0.659576 -0.751638 -0
    outer loop
      vertex 7.52693 37.3479 5.50004
      vertex 7.48921 37.381 3.50004
      vertex 7.52693 37.3479 3.50004
    endloop
  endfacet
  facet normal -0.691494 -0.722382 0
    outer loop
      vertex 7.52693 37.3479 3.50004
      vertex 7.56318 37.3132 5.50004
      vertex 7.52693 37.3479 5.50004
    endloop
  endfacet
  facet normal -0.691494 -0.722382 -0
    outer loop
      vertex 7.56318 37.3132 5.50004
      vertex 7.52693 37.3479 3.50004
      vertex 7.56318 37.3132 3.50004
    endloop
  endfacet
  facet normal -0.722005 -0.691888 0
    outer loop
      vertex 7.59787 37.277 3.50004
      vertex 7.56318 37.3132 5.50004
      vertex 7.56318 37.3132 3.50004
    endloop
  endfacet
  facet normal -0.722005 -0.691888 0
    outer loop
      vertex 7.56318 37.3132 5.50004
      vertex 7.59787 37.277 3.50004
      vertex 7.59787 37.277 5.50004
    endloop
  endfacet
  facet normal -0.752527 -0.658561 0
    outer loop
      vertex 7.63095 37.2392 3.50004
      vertex 7.59787 37.277 5.50004
      vertex 7.59787 37.277 3.50004
    endloop
  endfacet
  facet normal -0.752527 -0.658561 0
    outer loop
      vertex 7.59787 37.277 5.50004
      vertex 7.63095 37.2392 3.50004
      vertex 7.63095 37.2392 5.50004
    endloop
  endfacet
  facet normal -0.779603 -0.626274 0
    outer loop
      vertex 7.66236 37.2001 3.50004
      vertex 7.63095 37.2392 5.50004
      vertex 7.63095 37.2392 3.50004
    endloop
  endfacet
  facet normal -0.779603 -0.626274 0
    outer loop
      vertex 7.63095 37.2392 5.50004
      vertex 7.66236 37.2001 3.50004
      vertex 7.66236 37.2001 5.50004
    endloop
  endfacet
  facet normal -0.805993 -0.591926 0
    outer loop
      vertex 7.69203 37.1597 3.50004
      vertex 7.66236 37.2001 5.50004
      vertex 7.66236 37.2001 3.50004
    endloop
  endfacet
  facet normal -0.805993 -0.591926 0
    outer loop
      vertex 7.66236 37.2001 5.50004
      vertex 7.69203 37.1597 3.50004
      vertex 7.69203 37.1597 5.50004
    endloop
  endfacet
  facet normal -0.83202 -0.554746 0
    outer loop
      vertex 7.7199 37.1179 3.50004
      vertex 7.69203 37.1597 5.50004
      vertex 7.69203 37.1597 3.50004
    endloop
  endfacet
  facet normal -0.83202 -0.554746 0
    outer loop
      vertex 7.69203 37.1597 5.50004
      vertex 7.7199 37.1179 3.50004
      vertex 7.7199 37.1179 5.50004
    endloop
  endfacet
  facet normal -0.854933 -0.518739 0
    outer loop
      vertex 7.74593 37.075 3.50004
      vertex 7.7199 37.1179 5.50004
      vertex 7.7199 37.1179 3.50004
    endloop
  endfacet
  facet normal -0.854933 -0.518739 0
    outer loop
      vertex 7.7199 37.1179 5.50004
      vertex 7.74593 37.075 3.50004
      vertex 7.74593 37.075 5.50004
    endloop
  endfacet
  facet normal -0.876342 -0.481689 0
    outer loop
      vertex 7.77006 37.0311 3.50004
      vertex 7.74593 37.075 5.50004
      vertex 7.74593 37.075 3.50004
    endloop
  endfacet
  facet normal -0.876342 -0.481689 0
    outer loop
      vertex 7.74593 37.075 5.50004
      vertex 7.77006 37.0311 3.50004
      vertex 7.77006 37.0311 5.50004
    endloop
  endfacet
  facet normal -0.896806 -0.442424 0
    outer loop
      vertex 7.79226 36.9861 3.50004
      vertex 7.77006 37.0311 5.50004
      vertex 7.77006 37.0311 3.50004
    endloop
  endfacet
  facet normal -0.896806 -0.442424 0
    outer loop
      vertex 7.77006 37.0311 5.50004
      vertex 7.79226 36.9861 3.50004
      vertex 7.79226 36.9861 5.50004
    endloop
  endfacet
  facet normal -0.915608 -0.402071 0
    outer loop
      vertex 7.81246 36.9401 3.50004
      vertex 7.79226 36.9861 5.50004
      vertex 7.79226 36.9861 3.50004
    endloop
  endfacet
  facet normal -0.915608 -0.402071 0
    outer loop
      vertex 7.79226 36.9861 5.50004
      vertex 7.81246 36.9401 3.50004
      vertex 7.81246 36.9401 5.50004
    endloop
  endfacet
  facet normal -0.93181 -0.362947 0
    outer loop
      vertex 7.83065 36.8934 3.50004
      vertex 7.81246 36.9401 5.50004
      vertex 7.81246 36.9401 3.50004
    endloop
  endfacet
  facet normal -0.93181 -0.362947 0
    outer loop
      vertex 7.81246 36.9401 5.50004
      vertex 7.83065 36.8934 3.50004
      vertex 7.83065 36.8934 5.50004
    endloop
  endfacet
  facet normal -0.946894 -0.321545 0
    outer loop
      vertex 7.84678 36.8459 3.50004
      vertex 7.83065 36.8934 5.50004
      vertex 7.83065 36.8934 3.50004
    endloop
  endfacet
  facet normal -0.946894 -0.321545 0
    outer loop
      vertex 7.83065 36.8934 5.50004
      vertex 7.84678 36.8459 3.50004
      vertex 7.84678 36.8459 5.50004
    endloop
  endfacet
  facet normal -0.960098 -0.279663 0
    outer loop
      vertex 7.86082 36.7977 3.50004
      vertex 7.84678 36.8459 5.50004
      vertex 7.84678 36.8459 3.50004
    endloop
  endfacet
  facet normal -0.960098 -0.279663 0
    outer loop
      vertex 7.84678 36.8459 5.50004
      vertex 7.86082 36.7977 3.50004
      vertex 7.86082 36.7977 5.50004
    endloop
  endfacet
  facet normal -0.97144 -0.237286 0
    outer loop
      vertex 7.87274 36.7489 3.50004
      vertex 7.86082 36.7977 5.50004
      vertex 7.86082 36.7977 3.50004
    endloop
  endfacet
  facet normal -0.97144 -0.237286 0
    outer loop
      vertex 7.86082 36.7977 5.50004
      vertex 7.87274 36.7489 3.50004
      vertex 7.87274 36.7489 5.50004
    endloop
  endfacet
  facet normal -0.980772 -0.195158 0
    outer loop
      vertex 7.88253 36.6997 3.50004
      vertex 7.87274 36.7489 5.50004
      vertex 7.87274 36.7489 3.50004
    endloop
  endfacet
  facet normal -0.980772 -0.195158 0
    outer loop
      vertex 7.87274 36.7489 5.50004
      vertex 7.88253 36.6997 3.50004
      vertex 7.88253 36.6997 5.50004
    endloop
  endfacet
  facet normal -0.988374 -0.152042 0
    outer loop
      vertex 7.89016 36.6501 3.50004
      vertex 7.88253 36.6997 5.50004
      vertex 7.88253 36.6997 3.50004
    endloop
  endfacet
  facet normal -0.988374 -0.152042 0
    outer loop
      vertex 7.88253 36.6997 5.50004
      vertex 7.89016 36.6501 3.50004
      vertex 7.89016 36.6501 5.50004
    endloop
  endfacet
  facet normal -0.994022 -0.109183 0
    outer loop
      vertex 7.89563 36.6003 3.50004
      vertex 7.89016 36.6501 5.50004
      vertex 7.89016 36.6501 3.50004
    endloop
  endfacet
  facet normal -0.994022 -0.109183 0
    outer loop
      vertex 7.89016 36.6501 5.50004
      vertex 7.89563 36.6003 3.50004
      vertex 7.89563 36.6003 5.50004
    endloop
  endfacet
  facet normal -0.997864 -0.0653292 0
    outer loop
      vertex 7.89891 36.5502 3.50004
      vertex 7.89563 36.6003 5.50004
      vertex 7.89563 36.6003 3.50004
    endloop
  endfacet
  facet normal -0.997864 -0.0653292 0
    outer loop
      vertex 7.89563 36.6003 5.50004
      vertex 7.89891 36.5502 3.50004
      vertex 7.89891 36.5502 5.50004
    endloop
  endfacet
  facet normal -0.999764 -0.021708 0
    outer loop
      vertex 7.9 36.5 3.50004
      vertex 7.89891 36.5502 5.50004
      vertex 7.89891 36.5502 3.50004
    endloop
  endfacet
  facet normal -0.999764 -0.021708 0
    outer loop
      vertex 7.89891 36.5502 5.50004
      vertex 7.9 36.5 3.50004
      vertex 7.9 36.5 5.50004
    endloop
  endfacet
  facet normal 0.0225773 -0.999745 0
    outer loop
      vertex 6.75 34.35 3.50004
      vertex 6.84299 34.3521 5.50004
      vertex 6.75 34.35 5.50004
    endloop
  endfacet
  facet normal 0.0225773 -0.999745 0
    outer loop
      vertex 6.84299 34.3521 5.50004
      vertex 6.75 34.35 3.50004
      vertex 6.84299 34.3521 3.50004
    endloop
  endfacet
  facet normal 0.0645135 -0.997917 0
    outer loop
      vertex 6.84299 34.3521 3.50004
      vertex 6.9358 34.3581 5.50004
      vertex 6.84299 34.3521 5.50004
    endloop
  endfacet
  facet normal 0.0645135 -0.997917 0
    outer loop
      vertex 6.9358 34.3581 5.50004
      vertex 6.84299 34.3521 3.50004
      vertex 6.9358 34.3581 3.50004
    endloop
  endfacet
  facet normal 0.107516 -0.994203 0
    outer loop
      vertex 6.9358 34.3581 3.50004
      vertex 7.02827 34.3681 5.50004
      vertex 6.9358 34.3581 5.50004
    endloop
  endfacet
  facet normal 0.107516 -0.994203 0
    outer loop
      vertex 7.02827 34.3681 5.50004
      vertex 6.9358 34.3581 3.50004
      vertex 7.02827 34.3681 3.50004
    endloop
  endfacet
  facet normal 0.151589 -0.988444 0
    outer loop
      vertex 7.02827 34.3681 3.50004
      vertex 7.12021 34.3822 5.50004
      vertex 7.02827 34.3681 5.50004
    endloop
  endfacet
  facet normal 0.151589 -0.988444 0
    outer loop
      vertex 7.12021 34.3822 5.50004
      vertex 7.02827 34.3681 3.50004
      vertex 7.12021 34.3822 3.50004
    endloop
  endfacet
  facet normal 0.192496 -0.981298 0
    outer loop
      vertex 7.12021 34.3822 3.50004
      vertex 7.21146 34.4001 5.50004
      vertex 7.12021 34.3822 5.50004
    endloop
  endfacet
  facet normal 0.192496 -0.981298 0
    outer loop
      vertex 7.21146 34.4001 5.50004
      vertex 7.12021 34.3822 3.50004
      vertex 7.21146 34.4001 3.50004
    endloop
  endfacet
  facet normal 0.236486 -0.971635 0
    outer loop
      vertex 7.21146 34.4001 3.50004
      vertex 7.30185 34.4221 5.50004
      vertex 7.21146 34.4001 5.50004
    endloop
  endfacet
  facet normal 0.236486 -0.971635 0
    outer loop
      vertex 7.30185 34.4221 5.50004
      vertex 7.21146 34.4001 3.50004
      vertex 7.30185 34.4221 3.50004
    endloop
  endfacet
  facet normal 0.277418 -0.960749 0
    outer loop
      vertex 7.30185 34.4221 3.50004
      vertex 7.3912 34.4479 5.50004
      vertex 7.30185 34.4221 5.50004
    endloop
  endfacet
  facet normal 0.277418 -0.960749 0
    outer loop
      vertex 7.3912 34.4479 5.50004
      vertex 7.30185 34.4221 3.50004
      vertex 7.3912 34.4479 3.50004
    endloop
  endfacet
  facet normal 0.318292 -0.947993 0
    outer loop
      vertex 7.3912 34.4479 3.50004
      vertex 7.47936 34.4775 5.50004
      vertex 7.3912 34.4479 5.50004
    endloop
  endfacet
  facet normal 0.318292 -0.947993 0
    outer loop
      vertex 7.47936 34.4775 5.50004
      vertex 7.3912 34.4479 3.50004
      vertex 7.47936 34.4775 3.50004
    endloop
  endfacet
  facet normal 0.360095 -0.932916 0
    outer loop
      vertex 7.47936 34.4775 3.50004
      vertex 7.56615 34.511 5.50004
      vertex 7.47936 34.4775 5.50004
    endloop
  endfacet
  facet normal 0.360095 -0.932916 0
    outer loop
      vertex 7.56615 34.511 5.50004
      vertex 7.47936 34.4775 3.50004
      vertex 7.56615 34.511 3.50004
    endloop
  endfacet
  facet normal 0.399001 -0.91695 0
    outer loop
      vertex 7.56615 34.511 3.50004
      vertex 7.65141 34.5481 5.50004
      vertex 7.56615 34.511 5.50004
    endloop
  endfacet
  facet normal 0.399001 -0.91695 0
    outer loop
      vertex 7.65141 34.5481 5.50004
      vertex 7.56615 34.511 3.50004
      vertex 7.65141 34.5481 3.50004
    endloop
  endfacet
  facet normal 0.43872 -0.898624 0
    outer loop
      vertex 7.65141 34.5481 3.50004
      vertex 7.73498 34.5889 5.50004
      vertex 7.65141 34.5481 5.50004
    endloop
  endfacet
  facet normal 0.43872 -0.898624 0
    outer loop
      vertex 7.73498 34.5889 5.50004
      vertex 7.65141 34.5481 3.50004
      vertex 7.73498 34.5889 3.50004
    endloop
  endfacet
  facet normal 0.477315 -0.878732 0
    outer loop
      vertex 7.73498 34.5889 3.50004
      vertex 7.81672 34.6333 5.50004
      vertex 7.73498 34.5889 5.50004
    endloop
  endfacet
  facet normal 0.477315 -0.878732 0
    outer loop
      vertex 7.81672 34.6333 5.50004
      vertex 7.73498 34.5889 3.50004
      vertex 7.81672 34.6333 3.50004
    endloop
  endfacet
  facet normal 0.514986 -0.857199 0
    outer loop
      vertex 7.81672 34.6333 3.50004
      vertex 7.89645 34.6812 5.50004
      vertex 7.81672 34.6333 5.50004
    endloop
  endfacet
  facet normal 0.514986 -0.857199 0
    outer loop
      vertex 7.89645 34.6812 5.50004
      vertex 7.81672 34.6333 3.50004
      vertex 7.89645 34.6812 3.50004
    endloop
  endfacet
  facet normal 0.551521 -0.834161 0
    outer loop
      vertex 7.89645 34.6812 3.50004
      vertex 7.97404 34.7325 5.50004
      vertex 7.89645 34.6812 5.50004
    endloop
  endfacet
  facet normal 0.551521 -0.834161 0
    outer loop
      vertex 7.97404 34.7325 5.50004
      vertex 7.89645 34.6812 3.50004
      vertex 7.97404 34.7325 3.50004
    endloop
  endfacet
  facet normal 0.587225 -0.809424 0
    outer loop
      vertex 7.97404 34.7325 3.50004
      vertex 8.0493 34.7871 5.50004
      vertex 7.97404 34.7325 5.50004
    endloop
  endfacet
  facet normal 0.587225 -0.809424 0
    outer loop
      vertex 8.0493 34.7871 5.50004
      vertex 7.97404 34.7325 3.50004
      vertex 8.0493 34.7871 3.50004
    endloop
  endfacet
  facet normal 0.621281 -0.783588 0
    outer loop
      vertex 8.0493 34.7871 3.50004
      vertex 8.1222 34.8449 5.50004
      vertex 8.0493 34.7871 5.50004
    endloop
  endfacet
  facet normal 0.621281 -0.783588 0
    outer loop
      vertex 8.1222 34.8449 5.50004
      vertex 8.0493 34.7871 3.50004
      vertex 8.1222 34.8449 3.50004
    endloop
  endfacet
  facet normal 0.654767 -0.755831 0
    outer loop
      vertex 8.1222 34.8449 3.50004
      vertex 8.1925 34.9058 5.50004
      vertex 8.1222 34.8449 5.50004
    endloop
  endfacet
  facet normal 0.654767 -0.755831 0
    outer loop
      vertex 8.1925 34.9058 5.50004
      vertex 8.1222 34.8449 3.50004
      vertex 8.1925 34.9058 3.50004
    endloop
  endfacet
  facet normal 0.686939 -0.726715 0
    outer loop
      vertex 8.1925 34.9058 3.50004
      vertex 8.2601 34.9697 5.50004
      vertex 8.1925 34.9058 5.50004
    endloop
  endfacet
  facet normal 0.686939 -0.726715 0
    outer loop
      vertex 8.2601 34.9697 5.50004
      vertex 8.1925 34.9058 3.50004
      vertex 8.2601 34.9697 3.50004
    endloop
  endfacet
  facet normal 0.717249 -0.696817 0
    outer loop
      vertex 8.2601 34.9697 5.50004
      vertex 8.3249 35.0364 3.50004
      vertex 8.3249 35.0364 5.50004
    endloop
  endfacet
  facet normal 0.717249 -0.696817 0
    outer loop
      vertex 8.3249 35.0364 3.50004
      vertex 8.2601 34.9697 5.50004
      vertex 8.2601 34.9697 3.50004
    endloop
  endfacet
  facet normal 0.747291 -0.664497 0
    outer loop
      vertex 8.3249 35.0364 5.50004
      vertex 8.3867 35.1059 3.50004
      vertex 8.3867 35.1059 5.50004
    endloop
  endfacet
  facet normal 0.747291 -0.664497 0
    outer loop
      vertex 8.3867 35.1059 3.50004
      vertex 8.3249 35.0364 5.50004
      vertex 8.3249 35.0364 3.50004
    endloop
  endfacet
  facet normal 0.774962 -0.632008 0
    outer loop
      vertex 8.3867 35.1059 5.50004
      vertex 8.4455 35.178 3.50004
      vertex 8.4455 35.178 5.50004
    endloop
  endfacet
  facet normal 0.774962 -0.632008 0
    outer loop
      vertex 8.4455 35.178 3.50004
      vertex 8.3867 35.1059 5.50004
      vertex 8.3867 35.1059 3.50004
    endloop
  endfacet
  facet normal 0.801418 -0.598105 0
    outer loop
      vertex 8.4455 35.178 5.50004
      vertex 8.5011 35.2525 3.50004
      vertex 8.5011 35.2525 5.50004
    endloop
  endfacet
  facet normal 0.801418 -0.598105 0
    outer loop
      vertex 8.5011 35.2525 3.50004
      vertex 8.4455 35.178 5.50004
      vertex 8.4455 35.178 3.50004
    endloop
  endfacet
  facet normal 0.826887 -0.562369 0
    outer loop
      vertex 8.5011 35.2525 5.50004
      vertex 8.5534 35.3294 3.50004
      vertex 8.5534 35.3294 5.50004
    endloop
  endfacet
  facet normal 0.826887 -0.562369 0
    outer loop
      vertex 8.5534 35.3294 3.50004
      vertex 8.5011 35.2525 5.50004
      vertex 8.5011 35.2525 3.50004
    endloop
  endfacet
  facet normal 0.850586 -0.525836 0
    outer loop
      vertex 8.5534 35.3294 5.50004
      vertex 8.6023 35.4085 3.50004
      vertex 8.6023 35.4085 5.50004
    endloop
  endfacet
  facet normal 0.850586 -0.525836 0
    outer loop
      vertex 8.6023 35.4085 3.50004
      vertex 8.5534 35.3294 5.50004
      vertex 8.5534 35.3294 3.50004
    endloop
  endfacet
  facet normal 0.872378 -0.488832 0
    outer loop
      vertex 8.6023 35.4085 5.50004
      vertex 8.6478 35.4897 3.50004
      vertex 8.6478 35.4897 5.50004
    endloop
  endfacet
  facet normal 0.872378 -0.488832 0
    outer loop
      vertex 8.6478 35.4897 3.50004
      vertex 8.6023 35.4085 5.50004
      vertex 8.6023 35.4085 3.50004
    endloop
  endfacet
  facet normal 0.8927 -0.450652 0
    outer loop
      vertex 8.6478 35.4897 5.50004
      vertex 8.6897 35.5727 3.50004
      vertex 8.6897 35.5727 5.50004
    endloop
  endfacet
  facet normal 0.8927 -0.450652 0
    outer loop
      vertex 8.6897 35.5727 3.50004
      vertex 8.6478 35.4897 5.50004
      vertex 8.6478 35.4897 3.50004
    endloop
  endfacet
  facet normal 0.911175 -0.412019 0
    outer loop
      vertex 8.6897 35.5727 5.50004
      vertex 8.728 35.6574 3.50004
      vertex 8.728 35.6574 5.50004
    endloop
  endfacet
  facet normal 0.911175 -0.412019 0
    outer loop
      vertex 8.728 35.6574 3.50004
      vertex 8.6897 35.5727 5.50004
      vertex 8.6897 35.5727 3.50004
    endloop
  endfacet
  facet normal 0.928328 -0.371761 0
    outer loop
      vertex 8.728 35.6574 5.50004
      vertex 8.7626 35.7438 3.50004
      vertex 8.7626 35.7438 5.50004
    endloop
  endfacet
  facet normal 0.928328 -0.371761 0
    outer loop
      vertex 8.7626 35.7438 3.50004
      vertex 8.728 35.6574 5.50004
      vertex 8.728 35.6574 3.50004
    endloop
  endfacet
  facet normal 0.943506 -0.331357 0
    outer loop
      vertex 8.7626 35.7438 5.50004
      vertex 8.7934 35.8315 3.50004
      vertex 8.7934 35.8315 5.50004
    endloop
  endfacet
  facet normal 0.943506 -0.331357 0
    outer loop
      vertex 8.7934 35.8315 3.50004
      vertex 8.7626 35.7438 5.50004
      vertex 8.7626 35.7438 3.50004
    endloop
  endfacet
  facet normal 0.956934 -0.290306 0
    outer loop
      vertex 8.7934 35.8315 5.50004
      vertex 8.8204 35.9205 3.50004
      vertex 8.8204 35.9205 5.50004
    endloop
  endfacet
  facet normal 0.956934 -0.290306 0
    outer loop
      vertex 8.8204 35.9205 3.50004
      vertex 8.7934 35.8315 5.50004
      vertex 8.7934 35.8315 3.50004
    endloop
  endfacet
  facet normal 0.96867 -0.248349 0
    outer loop
      vertex 8.8204 35.9205 5.50004
      vertex 8.8435 36.0106 3.50004
      vertex 8.8435 36.0106 5.50004
    endloop
  endfacet
  facet normal 0.96867 -0.248349 0
    outer loop
      vertex 8.8435 36.0106 3.50004
      vertex 8.8204 35.9205 5.50004
      vertex 8.8204 35.9205 3.50004
    endloop
  endfacet
  facet normal 0.978458 -0.206444 0
    outer loop
      vertex 8.8435 36.0106 5.50004
      vertex 8.8627 36.1016 3.50004
      vertex 8.8627 36.1016 5.50004
    endloop
  endfacet
  facet normal 0.978458 -0.206444 0
    outer loop
      vertex 8.8627 36.1016 3.50004
      vertex 8.8435 36.0106 5.50004
      vertex 8.8435 36.0106 3.50004
    endloop
  endfacet
  facet normal 0.986394 -0.164399 0
    outer loop
      vertex 8.8627 36.1016 5.50004
      vertex 8.878 36.1934 3.50004
      vertex 8.878 36.1934 5.50004
    endloop
  endfacet
  facet normal 0.986394 -0.164399 0
    outer loop
      vertex 8.878 36.1934 3.50004
      vertex 8.8627 36.1016 5.50004
      vertex 8.8627 36.1016 3.50004
    endloop
  endfacet
  facet normal 0.992589 -0.12152 0
    outer loop
      vertex 8.878 36.1934 5.50004
      vertex 8.8893 36.2857 3.50004
      vertex 8.8893 36.2857 5.50004
    endloop
  endfacet
  facet normal 0.992589 -0.12152 0
    outer loop
      vertex 8.8893 36.2857 3.50004
      vertex 8.878 36.1934 5.50004
      vertex 8.878 36.1934 3.50004
    endloop
  endfacet
  facet normal 0.996997 -0.0774367 0
    outer loop
      vertex 8.8893 36.2857 5.50004
      vertex 8.8965 36.3784 3.50004
      vertex 8.8965 36.3784 5.50004
    endloop
  endfacet
  facet normal 0.996997 -0.0774367 0
    outer loop
      vertex 8.8965 36.3784 3.50004
      vertex 8.8893 36.2857 5.50004
      vertex 8.8893 36.2857 3.50004
    endloop
  endfacet
  facet normal 0.999371 -0.0354616 0
    outer loop
      vertex 8.8965 36.3784 5.50004
      vertex 8.8998 36.4714 3.50004
      vertex 8.8998 36.4714 5.50004
    endloop
  endfacet
  facet normal 0.999371 -0.0354616 0
    outer loop
      vertex 8.8998 36.4714 3.50004
      vertex 8.8965 36.3784 5.50004
      vertex 8.8965 36.3784 3.50004
    endloop
  endfacet
  facet normal 0.999963 0.00860183 0
    outer loop
      vertex 8.8998 36.4714 5.50004
      vertex 8.899 36.5644 3.50004
      vertex 8.899 36.5644 5.50004
    endloop
  endfacet
  facet normal 0.999963 0.00860183 0
    outer loop
      vertex 8.899 36.5644 3.50004
      vertex 8.8998 36.4714 5.50004
      vertex 8.8998 36.4714 3.50004
    endloop
  endfacet
  facet normal 0.998668 0.0515996 0
    outer loop
      vertex 8.899 36.5644 5.50004
      vertex 8.8942 36.6573 3.50004
      vertex 8.8942 36.6573 5.50004
    endloop
  endfacet
  facet normal 0.998668 0.0515996 0
    outer loop
      vertex 8.8942 36.6573 3.50004
      vertex 8.899 36.5644 5.50004
      vertex 8.899 36.5644 3.50004
    endloop
  endfacet
  facet normal 0.995515 0.0946062 0
    outer loop
      vertex 8.8942 36.6573 5.50004
      vertex 8.8854 36.7499 3.50004
      vertex 8.8854 36.7499 5.50004
    endloop
  endfacet
  facet normal 0.995515 0.0946062 0
    outer loop
      vertex 8.8854 36.7499 3.50004
      vertex 8.8942 36.6573 5.50004
      vertex 8.8942 36.6573 3.50004
    endloop
  endfacet
  facet normal 0.99048 0.137656 0
    outer loop
      vertex 8.8854 36.7499 5.50004
      vertex 8.8726 36.842 3.50004
      vertex 8.8726 36.842 5.50004
    endloop
  endfacet
  facet normal 0.99048 0.137656 0
    outer loop
      vertex 8.8726 36.842 3.50004
      vertex 8.8854 36.7499 5.50004
      vertex 8.8854 36.7499 3.50004
    endloop
  endfacet
  facet normal 0.983559 0.180588 0
    outer loop
      vertex 8.8726 36.842 5.50004
      vertex 8.8558 36.9335 3.50004
      vertex 8.8558 36.9335 5.50004
    endloop
  endfacet
  facet normal 0.983559 0.180588 0
    outer loop
      vertex 8.8558 36.9335 3.50004
      vertex 8.8726 36.842 5.50004
      vertex 8.8726 36.842 3.50004
    endloop
  endfacet
  facet normal 0.974879 0.222737 0
    outer loop
      vertex 8.8558 36.9335 5.50004
      vertex 8.8351 37.0241 3.50004
      vertex 8.8351 37.0241 5.50004
    endloop
  endfacet
  facet normal 0.974879 0.222737 0
    outer loop
      vertex 8.8351 37.0241 3.50004
      vertex 8.8558 36.9335 5.50004
      vertex 8.8558 36.9335 3.50004
    endloop
  endfacet
  facet normal 0.964391 0.264482 0
    outer loop
      vertex 8.8351 37.0241 5.50004
      vertex 8.8105 37.1138 3.50004
      vertex 8.8105 37.1138 5.50004
    endloop
  endfacet
  facet normal 0.964391 0.264482 0
    outer loop
      vertex 8.8105 37.1138 3.50004
      vertex 8.8351 37.0241 5.50004
      vertex 8.8351 37.0241 3.50004
    endloop
  endfacet
  facet normal 0.951961 0.306218 0
    outer loop
      vertex 8.8105 37.1138 5.50004
      vertex 8.782 37.2024 3.50004
      vertex 8.782 37.2024 5.50004
    endloop
  endfacet
  facet normal 0.951961 0.306218 0
    outer loop
      vertex 8.782 37.2024 3.50004
      vertex 8.8105 37.1138 5.50004
      vertex 8.8105 37.1138 3.50004
    endloop
  endfacet
  facet normal 0.938086 0.346403 0
    outer loop
      vertex 8.782 37.2024 5.50004
      vertex 8.7498 37.2896 3.50004
      vertex 8.7498 37.2896 5.50004
    endloop
  endfacet
  facet normal 0.938086 0.346403 0
    outer loop
      vertex 8.7498 37.2896 3.50004
      vertex 8.782 37.2024 5.50004
      vertex 8.782 37.2024 3.50004
    endloop
  endfacet
  facet normal 0.921575 0.388201 0
    outer loop
      vertex 8.7498 37.2896 5.50004
      vertex 8.7137 37.3753 3.50004
      vertex 8.7137 37.3753 5.50004
    endloop
  endfacet
  facet normal 0.921575 0.388201 0
    outer loop
      vertex 8.7137 37.3753 3.50004
      vertex 8.7498 37.2896 5.50004
      vertex 8.7498 37.2896 3.50004
    endloop
  endfacet
  facet normal 0.904502 0.426469 0
    outer loop
      vertex 8.7137 37.3753 5.50004
      vertex 8.674 37.4595 3.50004
      vertex 8.674 37.4595 5.50004
    endloop
  endfacet
  facet normal 0.904502 0.426469 0
    outer loop
      vertex 8.674 37.4595 3.50004
      vertex 8.7137 37.3753 5.50004
      vertex 8.7137 37.3753 3.50004
    endloop
  endfacet
  facet normal 0.885431 0.464771 0
    outer loop
      vertex 8.674 37.4595 5.50004
      vertex 8.6308 37.5418 3.50004
      vertex 8.6308 37.5418 5.50004
    endloop
  endfacet
  facet normal 0.885431 0.464771 0
    outer loop
      vertex 8.6308 37.5418 3.50004
      vertex 8.674 37.4595 5.50004
      vertex 8.674 37.4595 3.50004
    endloop
  endfacet
  facet normal 0.863506 0.504339 0
    outer loop
      vertex 8.6308 37.5418 5.50004
      vertex 8.5839 37.6221 3.50004
      vertex 8.5839 37.6221 5.50004
    endloop
  endfacet
  facet normal 0.863506 0.504339 0
    outer loop
      vertex 8.5839 37.6221 3.50004
      vertex 8.6308 37.5418 5.50004
      vertex 8.6308 37.5418 3.50004
    endloop
  endfacet
  facet normal 0.841842 0.539725 0
    outer loop
      vertex 8.5839 37.6221 5.50004
      vertex 8.5337 37.7004 3.50004
      vertex 8.5337 37.7004 5.50004
    endloop
  endfacet
  facet normal 0.841842 0.539725 0
    outer loop
      vertex 8.5337 37.7004 3.50004
      vertex 8.5839 37.6221 5.50004
      vertex 8.5839 37.6221 3.50004
    endloop
  endfacet
  facet normal 0.817206 0.576345 0
    outer loop
      vertex 8.5337 37.7004 5.50004
      vertex 8.4801 37.7764 3.50004
      vertex 8.4801 37.7764 5.50004
    endloop
  endfacet
  facet normal 0.817206 0.576345 0
    outer loop
      vertex 8.4801 37.7764 3.50004
      vertex 8.5337 37.7004 5.50004
      vertex 8.5337 37.7004 3.50004
    endloop
  endfacet
  facet normal 0.792064 0.610438 0
    outer loop
      vertex 8.4801 37.7764 5.50004
      vertex 8.4233 37.8501 3.50004
      vertex 8.4233 37.8501 5.50004
    endloop
  endfacet
  facet normal 0.792064 0.610438 0
    outer loop
      vertex 8.4233 37.8501 3.50004
      vertex 8.4801 37.7764 5.50004
      vertex 8.4801 37.7764 3.50004
    endloop
  endfacet
  facet normal 0.764242 0.64493 0
    outer loop
      vertex 8.4233 37.8501 5.50004
      vertex 8.3633 37.9212 3.50004
      vertex 8.3633 37.9212 5.50004
    endloop
  endfacet
  facet normal 0.764242 0.64493 0
    outer loop
      vertex 8.3633 37.9212 3.50004
      vertex 8.4233 37.8501 5.50004
      vertex 8.4233 37.8501 3.50004
    endloop
  endfacet
  facet normal 0.736081 0.676893 0
    outer loop
      vertex 8.3633 37.9212 5.50004
      vertex 8.3004 37.9896 3.50004
      vertex 8.3004 37.9896 5.50004
    endloop
  endfacet
  facet normal 0.736081 0.676893 0
    outer loop
      vertex 8.3004 37.9896 3.50004
      vertex 8.3633 37.9212 5.50004
      vertex 8.3633 37.9212 3.50004
    endloop
  endfacet
  facet normal 0.706031 0.708181 -0
    outer loop
      vertex 8.3004 37.9896 3.50004
      vertex 8.2345 38.0553 5.50004
      vertex 8.3004 37.9896 5.50004
    endloop
  endfacet
  facet normal 0.706031 0.708181 0
    outer loop
      vertex 8.2345 38.0553 5.50004
      vertex 8.3004 37.9896 3.50004
      vertex 8.2345 38.0553 3.50004
    endloop
  endfacet
  facet normal 0.674116 0.738625 -0
    outer loop
      vertex 8.2345 38.0553 3.50004
      vertex 8.1658 38.118 5.50004
      vertex 8.2345 38.0553 5.50004
    endloop
  endfacet
  facet normal 0.674116 0.738625 0
    outer loop
      vertex 8.1658 38.118 5.50004
      vertex 8.2345 38.0553 3.50004
      vertex 8.1658 38.118 3.50004
    endloop
  endfacet
  facet normal 0.641981 0.766721 -0
    outer loop
      vertex 8.1658 38.118 3.50004
      vertex 8.0945 38.1777 5.50004
      vertex 8.1658 38.118 5.50004
    endloop
  endfacet
  facet normal 0.641981 0.766721 0
    outer loop
      vertex 8.0945 38.1777 5.50004
      vertex 8.1658 38.118 3.50004
      vertex 8.0945 38.1777 3.50004
    endloop
  endfacet
  facet normal 0.608567 0.793503 -0
    outer loop
      vertex 8.0945 38.1777 3.50004
      vertex 8.0207 38.2343 5.50004
      vertex 8.0945 38.1777 5.50004
    endloop
  endfacet
  facet normal 0.608567 0.793503 0
    outer loop
      vertex 8.0207 38.2343 5.50004
      vertex 8.0945 38.1777 3.50004
      vertex 8.0207 38.2343 3.50004
    endloop
  endfacet
  facet normal 0.574097 0.818787 -0
    outer loop
      vertex 8.0207 38.2343 3.50004
      vertex 7.94454 38.2877 5.50004
      vertex 8.0207 38.2343 5.50004
    endloop
  endfacet
  facet normal 0.574097 0.818787 0
    outer loop
      vertex 7.94454 38.2877 5.50004
      vertex 8.0207 38.2343 3.50004
      vertex 7.94454 38.2877 3.50004
    endloop
  endfacet
  facet normal 0.537564 0.843223 -0
    outer loop
      vertex 7.94454 38.2877 3.50004
      vertex 7.86611 38.3377 5.50004
      vertex 7.94454 38.2877 5.50004
    endloop
  endfacet
  facet normal 0.537564 0.843223 0
    outer loop
      vertex 7.86611 38.3377 5.50004
      vertex 7.94454 38.2877 3.50004
      vertex 7.86611 38.3377 3.50004
    endloop
  endfacet
  facet normal 0.500095 0.865971 -0
    outer loop
      vertex 7.86611 38.3377 3.50004
      vertex 7.78559 38.3842 5.50004
      vertex 7.86611 38.3377 5.50004
    endloop
  endfacet
  facet normal 0.500095 0.865971 0
    outer loop
      vertex 7.78559 38.3842 5.50004
      vertex 7.86611 38.3377 3.50004
      vertex 7.78559 38.3842 3.50004
    endloop
  endfacet
  facet normal 0.462375 0.886685 -0
    outer loop
      vertex 7.78559 38.3842 3.50004
      vertex 7.70313 38.4272 5.50004
      vertex 7.78559 38.3842 5.50004
    endloop
  endfacet
  facet normal 0.462375 0.886685 0
    outer loop
      vertex 7.70313 38.4272 5.50004
      vertex 7.78559 38.3842 3.50004
      vertex 7.70313 38.4272 3.50004
    endloop
  endfacet
  facet normal 0.423662 0.90582 -0
    outer loop
      vertex 7.70313 38.4272 3.50004
      vertex 7.61889 38.4666 5.50004
      vertex 7.70313 38.4272 5.50004
    endloop
  endfacet
  facet normal 0.423662 0.90582 0
    outer loop
      vertex 7.61889 38.4666 5.50004
      vertex 7.70313 38.4272 3.50004
      vertex 7.61889 38.4666 3.50004
    endloop
  endfacet
  facet normal 0.384806 0.922997 -0
    outer loop
      vertex 7.61889 38.4666 3.50004
      vertex 7.53302 38.5024 5.50004
      vertex 7.61889 38.4666 5.50004
    endloop
  endfacet
  facet normal 0.384806 0.922997 0
    outer loop
      vertex 7.53302 38.5024 5.50004
      vertex 7.61889 38.4666 3.50004
      vertex 7.53302 38.5024 3.50004
    endloop
  endfacet
  facet normal 0.344056 0.938949 -0
    outer loop
      vertex 7.53302 38.5024 3.50004
      vertex 7.44569 38.5344 5.50004
      vertex 7.53302 38.5024 5.50004
    endloop
  endfacet
  facet normal 0.344056 0.938949 0
    outer loop
      vertex 7.44569 38.5344 5.50004
      vertex 7.53302 38.5024 3.50004
      vertex 7.44569 38.5344 3.50004
    endloop
  endfacet
  facet normal 0.303168 0.952937 -0
    outer loop
      vertex 7.44569 38.5344 3.50004
      vertex 7.35705 38.5626 5.50004
      vertex 7.44569 38.5344 5.50004
    endloop
  endfacet
  facet normal 0.303168 0.952937 0
    outer loop
      vertex 7.35705 38.5626 5.50004
      vertex 7.44569 38.5344 3.50004
      vertex 7.35705 38.5626 3.50004
    endloop
  endfacet
  facet normal 0.261288 0.965261 -0
    outer loop
      vertex 7.35705 38.5626 3.50004
      vertex 7.26728 38.5869 5.50004
      vertex 7.35705 38.5626 5.50004
    endloop
  endfacet
  facet normal 0.261288 0.965261 0
    outer loop
      vertex 7.26728 38.5869 5.50004
      vertex 7.35705 38.5626 3.50004
      vertex 7.26728 38.5869 3.50004
    endloop
  endfacet
  facet normal 0.219343 0.975648 -0
    outer loop
      vertex 7.26728 38.5869 3.50004
      vertex 7.17654 38.6073 5.50004
      vertex 7.26728 38.5869 5.50004
    endloop
  endfacet
  facet normal 0.219343 0.975648 0
    outer loop
      vertex 7.17654 38.6073 5.50004
      vertex 7.26728 38.5869 3.50004
      vertex 7.17654 38.6073 3.50004
    endloop
  endfacet
  facet normal 0.177409 0.984137 -0
    outer loop
      vertex 7.17654 38.6073 3.50004
      vertex 7.08501 38.6238 5.50004
      vertex 7.17654 38.6073 5.50004
    endloop
  endfacet
  facet normal 0.177409 0.984137 0
    outer loop
      vertex 7.08501 38.6238 5.50004
      vertex 7.17654 38.6073 3.50004
      vertex 7.08501 38.6238 3.50004
    endloop
  endfacet
  facet normal 0.134389 0.990929 -0
    outer loop
      vertex 7.08501 38.6238 3.50004
      vertex 6.99284 38.6363 5.50004
      vertex 7.08501 38.6238 5.50004
    endloop
  endfacet
  facet normal 0.134389 0.990929 0
    outer loop
      vertex 6.99284 38.6363 5.50004
      vertex 7.08501 38.6238 3.50004
      vertex 6.99284 38.6363 3.50004
    endloop
  endfacet
  facet normal 0.0913888 0.995815 -0
    outer loop
      vertex 6.99284 38.6363 3.50004
      vertex 6.90022 38.6448 5.50004
      vertex 6.99284 38.6363 5.50004
    endloop
  endfacet
  facet normal 0.0913888 0.995815 0
    outer loop
      vertex 6.90022 38.6448 5.50004
      vertex 6.99284 38.6363 3.50004
      vertex 6.90022 38.6448 3.50004
    endloop
  endfacet
  facet normal 0.0483825 0.998829 -0
    outer loop
      vertex 6.90022 38.6448 3.50004
      vertex 6.80732 38.6493 5.50004
      vertex 6.90022 38.6448 5.50004
    endloop
  endfacet
  facet normal 0.0483825 0.998829 0
    outer loop
      vertex 6.80732 38.6493 5.50004
      vertex 6.90022 38.6448 3.50004
      vertex 6.80732 38.6493 3.50004
    endloop
  endfacet
  facet normal 0.00430104 0.999991 -0
    outer loop
      vertex 6.80732 38.6493 3.50004
      vertex 6.71432 38.6497 5.50004
      vertex 6.80732 38.6493 5.50004
    endloop
  endfacet
  facet normal 0.00430104 0.999991 0
    outer loop
      vertex 6.71432 38.6497 5.50004
      vertex 6.80732 38.6493 3.50004
      vertex 6.71432 38.6497 3.50004
    endloop
  endfacet
  facet normal -0.037632 0.999292 0
    outer loop
      vertex 6.71432 38.6497 3.50004
      vertex 6.62138 38.6462 5.50004
      vertex 6.71432 38.6497 5.50004
    endloop
  endfacet
  facet normal -0.037632 0.999292 0
    outer loop
      vertex 6.62138 38.6462 5.50004
      vertex 6.71432 38.6497 3.50004
      vertex 6.62138 38.6462 3.50004
    endloop
  endfacet
  facet normal -0.0817107 0.996656 0
    outer loop
      vertex 6.62138 38.6462 3.50004
      vertex 6.52868 38.6386 5.50004
      vertex 6.62138 38.6462 5.50004
    endloop
  endfacet
  facet normal -0.0817107 0.996656 0
    outer loop
      vertex 6.52868 38.6386 5.50004
      vertex 6.62138 38.6462 3.50004
      vertex 6.52868 38.6386 3.50004
    endloop
  endfacet
  facet normal -0.12471 0.992193 0
    outer loop
      vertex 6.52868 38.6386 3.50004
      vertex 6.43639 38.627 5.50004
      vertex 6.52868 38.6386 5.50004
    endloop
  endfacet
  facet normal -0.12471 0.992193 0
    outer loop
      vertex 6.43639 38.627 5.50004
      vertex 6.52868 38.6386 3.50004
      vertex 6.43639 38.627 3.50004
    endloop
  endfacet
  facet normal -0.166683 0.986011 0
    outer loop
      vertex 6.43639 38.627 3.50004
      vertex 6.3447 38.6115 5.50004
      vertex 6.43639 38.627 5.50004
    endloop
  endfacet
  facet normal -0.166683 0.986011 0
    outer loop
      vertex 6.3447 38.6115 5.50004
      vertex 6.43639 38.627 3.50004
      vertex 6.3447 38.6115 3.50004
    endloop
  endfacet
  facet normal -0.209661 0.977774 0
    outer loop
      vertex 6.3447 38.6115 3.50004
      vertex 6.25376 38.592 5.50004
      vertex 6.3447 38.6115 5.50004
    endloop
  endfacet
  facet normal -0.209661 0.977774 0
    outer loop
      vertex 6.25376 38.592 5.50004
      vertex 6.3447 38.6115 3.50004
      vertex 6.25376 38.592 3.50004
    endloop
  endfacet
  facet normal -0.251581 0.967836 0
    outer loop
      vertex 6.25376 38.592 3.50004
      vertex 6.16374 38.5686 5.50004
      vertex 6.25376 38.592 5.50004
    endloop
  endfacet
  facet normal -0.251581 0.967836 0
    outer loop
      vertex 6.16374 38.5686 5.50004
      vertex 6.25376 38.592 3.50004
      vertex 6.16374 38.5686 3.50004
    endloop
  endfacet
  facet normal -0.293527 0.955951 0
    outer loop
      vertex 6.16374 38.5686 3.50004
      vertex 6.07483 38.5413 5.50004
      vertex 6.16374 38.5686 5.50004
    endloop
  endfacet
  facet normal -0.293527 0.955951 0
    outer loop
      vertex 6.07483 38.5413 5.50004
      vertex 6.16374 38.5686 3.50004
      vertex 6.07483 38.5413 3.50004
    endloop
  endfacet
  facet normal -0.334394 0.942433 0
    outer loop
      vertex 6.07483 38.5413 3.50004
      vertex 5.98718 38.5102 5.50004
      vertex 6.07483 38.5413 5.50004
    endloop
  endfacet
  facet normal -0.334394 0.942433 0
    outer loop
      vertex 5.98718 38.5102 5.50004
      vertex 6.07483 38.5413 3.50004
      vertex 5.98718 38.5102 3.50004
    endloop
  endfacet
  facet normal -0.375206 0.926941 0
    outer loop
      vertex 5.98718 38.5102 3.50004
      vertex 5.90096 38.4753 5.50004
      vertex 5.98718 38.5102 5.50004
    endloop
  endfacet
  facet normal -0.375206 0.926941 0
    outer loop
      vertex 5.90096 38.4753 5.50004
      vertex 5.98718 38.5102 3.50004
      vertex 5.90096 38.4753 3.50004
    endloop
  endfacet
  facet normal -0.414936 0.90985 0
    outer loop
      vertex 5.90096 38.4753 3.50004
      vertex 5.81632 38.4367 5.50004
      vertex 5.90096 38.4753 5.50004
    endloop
  endfacet
  facet normal -0.414936 0.90985 0
    outer loop
      vertex 5.81632 38.4367 5.50004
      vertex 5.90096 38.4753 3.50004
      vertex 5.81632 38.4367 3.50004
    endloop
  endfacet
  facet normal -0.453739 0.891135 0
    outer loop
      vertex 5.81632 38.4367 3.50004
      vertex 5.73344 38.3945 5.50004
      vertex 5.81632 38.4367 5.50004
    endloop
  endfacet
  facet normal -0.453739 0.891135 0
    outer loop
      vertex 5.73344 38.3945 5.50004
      vertex 5.81632 38.4367 3.50004
      vertex 5.73344 38.3945 3.50004
    endloop
  endfacet
  facet normal -0.49143 0.870917 0
    outer loop
      vertex 5.73344 38.3945 3.50004
      vertex 5.65245 38.3488 5.50004
      vertex 5.73344 38.3945 5.50004
    endloop
  endfacet
  facet normal -0.49143 0.870917 0
    outer loop
      vertex 5.65245 38.3488 5.50004
      vertex 5.73344 38.3945 3.50004
      vertex 5.65245 38.3488 3.50004
    endloop
  endfacet
  facet normal -0.528984 0.848632 0
    outer loop
      vertex 5.65245 38.3488 3.50004
      vertex 5.57352 38.2996 5.50004
      vertex 5.65245 38.3488 5.50004
    endloop
  endfacet
  facet normal -0.528984 0.848632 0
    outer loop
      vertex 5.57352 38.2996 5.50004
      vertex 5.65245 38.3488 3.50004
      vertex 5.57352 38.2996 3.50004
    endloop
  endfacet
  facet normal -0.56542 0.824803 0
    outer loop
      vertex 5.57352 38.2996 3.50004
      vertex 5.49679 38.247 5.50004
      vertex 5.57352 38.2996 5.50004
    endloop
  endfacet
  facet normal -0.56542 0.824803 0
    outer loop
      vertex 5.49679 38.247 5.50004
      vertex 5.57352 38.2996 3.50004
      vertex 5.49679 38.247 3.50004
    endloop
  endfacet
  facet normal -0.600103 0.799923 0
    outer loop
      vertex 5.49679 38.247 3.50004
      vertex 5.42241 38.1912 5.50004
      vertex 5.49679 38.247 5.50004
    endloop
  endfacet
  facet normal -0.600103 0.799923 0
    outer loop
      vertex 5.42241 38.1912 5.50004
      vertex 5.49679 38.247 3.50004
      vertex 5.42241 38.1912 3.50004
    endloop
  endfacet
  facet normal -0.63435 0.773046 0
    outer loop
      vertex 5.42241 38.1912 3.50004
      vertex 5.35051 38.1322 5.50004
      vertex 5.42241 38.1912 5.50004
    endloop
  endfacet
  facet normal -0.63435 0.773046 0
    outer loop
      vertex 5.35051 38.1322 5.50004
      vertex 5.42241 38.1912 3.50004
      vertex 5.35051 38.1322 3.50004
    endloop
  endfacet
  facet normal -0.667467 0.744639 0
    outer loop
      vertex 5.35051 38.1322 3.50004
      vertex 5.28123 38.0701 5.50004
      vertex 5.35051 38.1322 5.50004
    endloop
  endfacet
  facet normal -0.667467 0.744639 0
    outer loop
      vertex 5.28123 38.0701 5.50004
      vertex 5.35051 38.1322 3.50004
      vertex 5.28123 38.0701 3.50004
    endloop
  endfacet
  facet normal -0.698834 0.715284 0
    outer loop
      vertex 5.28123 38.0701 3.50004
      vertex 5.2147 38.0051 5.50004
      vertex 5.28123 38.0701 5.50004
    endloop
  endfacet
  facet normal -0.698834 0.715284 0
    outer loop
      vertex 5.2147 38.0051 5.50004
      vertex 5.28123 38.0701 3.50004
      vertex 5.2147 38.0051 3.50004
    endloop
  endfacet
  facet normal -0.729014 0.684499 0
    outer loop
      vertex 5.15104 37.9373 3.50004
      vertex 5.2147 38.0051 5.50004
      vertex 5.2147 38.0051 3.50004
    endloop
  endfacet
  facet normal -0.729014 0.684499 0
    outer loop
      vertex 5.2147 38.0051 5.50004
      vertex 5.15104 37.9373 3.50004
      vertex 5.15104 37.9373 5.50004
    endloop
  endfacet
  facet normal -0.757973 0.652286 0
    outer loop
      vertex 5.09037 37.8668 3.50004
      vertex 5.15104 37.9373 5.50004
      vertex 5.15104 37.9373 3.50004
    endloop
  endfacet
  facet normal -0.757973 0.652286 0
    outer loop
      vertex 5.15104 37.9373 5.50004
      vertex 5.09037 37.8668 3.50004
      vertex 5.09037 37.8668 5.50004
    endloop
  endfacet
  facet normal -0.785257 0.61917 0
    outer loop
      vertex 5.03281 37.7938 3.50004
      vertex 5.09037 37.8668 5.50004
      vertex 5.09037 37.8668 3.50004
    endloop
  endfacet
  facet normal -0.785257 0.61917 0
    outer loop
      vertex 5.09037 37.8668 5.50004
      vertex 5.03281 37.7938 3.50004
      vertex 5.03281 37.7938 5.50004
    endloop
  endfacet
  facet normal -0.811636 0.584163 0
    outer loop
      vertex 4.97847 37.7183 3.50004
      vertex 5.03281 37.7938 5.50004
      vertex 5.03281 37.7938 3.50004
    endloop
  endfacet
  facet normal -0.811636 0.584163 0
    outer loop
      vertex 5.03281 37.7938 5.50004
      vertex 4.97847 37.7183 3.50004
      vertex 4.97847 37.7183 5.50004
    endloop
  endfacet
  facet normal -0.836177 0.548459 0
    outer loop
      vertex 4.92744 37.6405 3.50004
      vertex 4.97847 37.7183 5.50004
      vertex 4.97847 37.7183 3.50004
    endloop
  endfacet
  facet normal -0.836177 0.548459 0
    outer loop
      vertex 4.97847 37.7183 5.50004
      vertex 4.92744 37.6405 3.50004
      vertex 4.92744 37.6405 5.50004
    endloop
  endfacet
  facet normal -0.85896 0.512043 0
    outer loop
      vertex 4.87981 37.5606 3.50004
      vertex 4.92744 37.6405 5.50004
      vertex 4.92744 37.6405 3.50004
    endloop
  endfacet
  facet normal -0.85896 0.512043 0
    outer loop
      vertex 4.92744 37.6405 5.50004
      vertex 4.87981 37.5606 3.50004
      vertex 4.87981 37.5606 5.50004
    endloop
  endfacet
  facet normal -0.880139 0.474716 0
    outer loop
      vertex 4.83569 37.4788 3.50004
      vertex 4.87981 37.5606 5.50004
      vertex 4.87981 37.5606 3.50004
    endloop
  endfacet
  facet normal -0.880139 0.474716 0
    outer loop
      vertex 4.87981 37.5606 5.50004
      vertex 4.83569 37.4788 3.50004
      vertex 4.83569 37.4788 5.50004
    endloop
  endfacet
  facet normal -0.899991 0.435909 0
    outer loop
      vertex 4.79515 37.3951 3.50004
      vertex 4.83569 37.4788 5.50004
      vertex 4.83569 37.4788 3.50004
    endloop
  endfacet
  facet normal -0.899991 0.435909 0
    outer loop
      vertex 4.83569 37.4788 5.50004
      vertex 4.79515 37.3951 3.50004
      vertex 4.79515 37.3951 5.50004
    endloop
  endfacet
  facet normal -0.918091 0.39637 0
    outer loop
      vertex 4.75828 37.3097 3.50004
      vertex 4.79515 37.3951 5.50004
      vertex 4.79515 37.3951 3.50004
    endloop
  endfacet
  facet normal -0.918091 0.39637 0
    outer loop
      vertex 4.79515 37.3951 5.50004
      vertex 4.75828 37.3097 3.50004
      vertex 4.75828 37.3097 5.50004
    endloop
  endfacet
  facet normal -0.93429 0.356514 0
    outer loop
      vertex 4.72512 37.2228 3.50004
      vertex 4.75828 37.3097 5.50004
      vertex 4.75828 37.3097 3.50004
    endloop
  endfacet
  facet normal -0.93429 0.356514 0
    outer loop
      vertex 4.75828 37.3097 5.50004
      vertex 4.72512 37.2228 3.50004
      vertex 4.72512 37.2228 5.50004
    endloop
  endfacet
  facet normal -0.948919 0.315518 0
    outer loop
      vertex 4.69576 37.1345 3.50004
      vertex 4.72512 37.2228 5.50004
      vertex 4.72512 37.2228 3.50004
    endloop
  endfacet
  facet normal -0.948919 0.315518 0
    outer loop
      vertex 4.72512 37.2228 5.50004
      vertex 4.69576 37.1345 3.50004
      vertex 4.69576 37.1345 5.50004
    endloop
  endfacet
  facet normal -0.961589 0.274494 0
    outer loop
      vertex 4.67024 37.0451 3.50004
      vertex 4.69576 37.1345 5.50004
      vertex 4.69576 37.1345 3.50004
    endloop
  endfacet
  facet normal -0.961589 0.274494 0
    outer loop
      vertex 4.69576 37.1345 5.50004
      vertex 4.67024 37.0451 3.50004
      vertex 4.67024 37.0451 5.50004
    endloop
  endfacet
  facet normal -0.972606 0.232458 0
    outer loop
      vertex 4.64861 36.9546 3.50004
      vertex 4.67024 37.0451 5.50004
      vertex 4.67024 37.0451 3.50004
    endloop
  endfacet
  facet normal -0.972606 0.232458 0
    outer loop
      vertex 4.67024 37.0451 5.50004
      vertex 4.64861 36.9546 3.50004
      vertex 4.64861 36.9546 5.50004
    endloop
  endfacet
  facet normal -0.981742 0.190219 0
    outer loop
      vertex 4.63092 36.8633 3.50004
      vertex 4.64861 36.9546 5.50004
      vertex 4.64861 36.9546 3.50004
    endloop
  endfacet
  facet normal -0.981742 0.190219 0
    outer loop
      vertex 4.64861 36.9546 5.50004
      vertex 4.63092 36.8633 3.50004
      vertex 4.63092 36.8633 5.50004
    endloop
  endfacet
  facet normal -0.989046 0.147604 0
    outer loop
      vertex 4.61719 36.7713 3.50004
      vertex 4.63092 36.8633 5.50004
      vertex 4.63092 36.8633 3.50004
    endloop
  endfacet
  facet normal -0.989046 0.147604 0
    outer loop
      vertex 4.63092 36.8633 5.50004
      vertex 4.61719 36.7713 3.50004
      vertex 4.61719 36.7713 5.50004
    endloop
  endfacet
  facet normal -0.994502 0.104718 0
    outer loop
      vertex 4.60745 36.6788 3.50004
      vertex 4.61719 36.7713 5.50004
      vertex 4.61719 36.7713 3.50004
    endloop
  endfacet
  facet normal -0.994502 0.104718 0
    outer loop
      vertex 4.61719 36.7713 5.50004
      vertex 4.60745 36.6788 3.50004
      vertex 4.60745 36.6788 5.50004
    endloop
  endfacet
  facet normal -0.998099 0.0616283 0
    outer loop
      vertex 4.60172 36.586 3.50004
      vertex 4.60745 36.6788 5.50004
      vertex 4.60745 36.6788 3.50004
    endloop
  endfacet
  facet normal -0.998099 0.0616283 0
    outer loop
      vertex 4.60745 36.6788 5.50004
      vertex 4.60172 36.586 3.50004
      vertex 4.60172 36.586 5.50004
    endloop
  endfacet
  facet normal -0.999831 0.018384 0
    outer loop
      vertex 4.60001 36.493 3.50004
      vertex 4.60172 36.586 5.50004
      vertex 4.60172 36.586 3.50004
    endloop
  endfacet
  facet normal -0.999831 0.018384 0
    outer loop
      vertex 4.60172 36.586 5.50004
      vertex 4.60001 36.493 3.50004
      vertex 4.60001 36.493 5.50004
    endloop
  endfacet
  facet normal -0.999689 -0.0249385 0
    outer loop
      vertex 4.60233 36.4 3.50004
      vertex 4.60001 36.493 5.50004
      vertex 4.60001 36.493 3.50004
    endloop
  endfacet
  facet normal -0.999689 -0.0249385 0
    outer loop
      vertex 4.60001 36.493 5.50004
      vertex 4.60233 36.4 3.50004
      vertex 4.60233 36.4 5.50004
    endloop
  endfacet
  facet normal 0.0225773 -0.999745 0
    outer loop
      vertex 6.75 34.35 -1.49996
      vertex 6.84299 34.3521 0.50004
      vertex 6.75 34.35 0.50004
    endloop
  endfacet
  facet normal 0.0225773 -0.999745 0
    outer loop
      vertex 6.84299 34.3521 0.50004
      vertex 6.75 34.35 -1.49996
      vertex 6.84299 34.3521 -1.49996
    endloop
  endfacet
  facet normal 0.0645135 -0.997917 0
    outer loop
      vertex 6.84299 34.3521 -1.49996
      vertex 6.9358 34.3581 0.50004
      vertex 6.84299 34.3521 0.50004
    endloop
  endfacet
  facet normal 0.0645135 -0.997917 0
    outer loop
      vertex 6.9358 34.3581 0.50004
      vertex 6.84299 34.3521 -1.49996
      vertex 6.9358 34.3581 -1.49996
    endloop
  endfacet
  facet normal 0.107516 -0.994203 0
    outer loop
      vertex 6.9358 34.3581 -1.49996
      vertex 7.02827 34.3681 0.50004
      vertex 6.9358 34.3581 0.50004
    endloop
  endfacet
  facet normal 0.107516 -0.994203 0
    outer loop
      vertex 7.02827 34.3681 0.50004
      vertex 6.9358 34.3581 -1.49996
      vertex 7.02827 34.3681 -1.49996
    endloop
  endfacet
  facet normal 0.151589 -0.988444 0
    outer loop
      vertex 7.02827 34.3681 -1.49996
      vertex 7.12021 34.3822 0.50004
      vertex 7.02827 34.3681 0.50004
    endloop
  endfacet
  facet normal 0.151589 -0.988444 0
    outer loop
      vertex 7.12021 34.3822 0.50004
      vertex 7.02827 34.3681 -1.49996
      vertex 7.12021 34.3822 -1.49996
    endloop
  endfacet
  facet normal 0.192496 -0.981298 0
    outer loop
      vertex 7.12021 34.3822 -1.49996
      vertex 7.21146 34.4001 0.50004
      vertex 7.12021 34.3822 0.50004
    endloop
  endfacet
  facet normal 0.192496 -0.981298 0
    outer loop
      vertex 7.21146 34.4001 0.50004
      vertex 7.12021 34.3822 -1.49996
      vertex 7.21146 34.4001 -1.49996
    endloop
  endfacet
  facet normal 0.236486 -0.971635 0
    outer loop
      vertex 7.21146 34.4001 -1.49996
      vertex 7.30185 34.4221 0.50004
      vertex 7.21146 34.4001 0.50004
    endloop
  endfacet
  facet normal 0.236486 -0.971635 0
    outer loop
      vertex 7.30185 34.4221 0.50004
      vertex 7.21146 34.4001 -1.49996
      vertex 7.30185 34.4221 -1.49996
    endloop
  endfacet
  facet normal 0.277418 -0.960749 0
    outer loop
      vertex 7.30185 34.4221 -1.49996
      vertex 7.3912 34.4479 0.50004
      vertex 7.30185 34.4221 0.50004
    endloop
  endfacet
  facet normal 0.277418 -0.960749 0
    outer loop
      vertex 7.3912 34.4479 0.50004
      vertex 7.30185 34.4221 -1.49996
      vertex 7.3912 34.4479 -1.49996
    endloop
  endfacet
  facet normal 0.318292 -0.947993 0
    outer loop
      vertex 7.3912 34.4479 -1.49996
      vertex 7.47936 34.4775 0.50004
      vertex 7.3912 34.4479 0.50004
    endloop
  endfacet
  facet normal 0.318292 -0.947993 0
    outer loop
      vertex 7.47936 34.4775 0.50004
      vertex 7.3912 34.4479 -1.49996
      vertex 7.47936 34.4775 -1.49996
    endloop
  endfacet
  facet normal 0.360095 -0.932916 0
    outer loop
      vertex 7.47936 34.4775 -1.49996
      vertex 7.56615 34.511 0.50004
      vertex 7.47936 34.4775 0.50004
    endloop
  endfacet
  facet normal 0.360095 -0.932916 0
    outer loop
      vertex 7.56615 34.511 0.50004
      vertex 7.47936 34.4775 -1.49996
      vertex 7.56615 34.511 -1.49996
    endloop
  endfacet
  facet normal 0.399001 -0.91695 0
    outer loop
      vertex 7.56615 34.511 -1.49996
      vertex 7.65141 34.5481 0.50004
      vertex 7.56615 34.511 0.50004
    endloop
  endfacet
  facet normal 0.399001 -0.91695 0
    outer loop
      vertex 7.65141 34.5481 0.50004
      vertex 7.56615 34.511 -1.49996
      vertex 7.65141 34.5481 -1.49996
    endloop
  endfacet
  facet normal 0.43872 -0.898624 0
    outer loop
      vertex 7.65141 34.5481 -1.49996
      vertex 7.73498 34.5889 0.50004
      vertex 7.65141 34.5481 0.50004
    endloop
  endfacet
  facet normal 0.43872 -0.898624 0
    outer loop
      vertex 7.73498 34.5889 0.50004
      vertex 7.65141 34.5481 -1.49996
      vertex 7.73498 34.5889 -1.49996
    endloop
  endfacet
  facet normal 0.477315 -0.878732 0
    outer loop
      vertex 7.73498 34.5889 -1.49996
      vertex 7.81672 34.6333 0.50004
      vertex 7.73498 34.5889 0.50004
    endloop
  endfacet
  facet normal 0.477315 -0.878732 0
    outer loop
      vertex 7.81672 34.6333 0.50004
      vertex 7.73498 34.5889 -1.49996
      vertex 7.81672 34.6333 -1.49996
    endloop
  endfacet
  facet normal 0.514986 -0.857199 0
    outer loop
      vertex 7.81672 34.6333 -1.49996
      vertex 7.89645 34.6812 0.50004
      vertex 7.81672 34.6333 0.50004
    endloop
  endfacet
  facet normal 0.514986 -0.857199 0
    outer loop
      vertex 7.89645 34.6812 0.50004
      vertex 7.81672 34.6333 -1.49996
      vertex 7.89645 34.6812 -1.49996
    endloop
  endfacet
  facet normal 0.551521 -0.834161 0
    outer loop
      vertex 7.89645 34.6812 -1.49996
      vertex 7.97404 34.7325 0.50004
      vertex 7.89645 34.6812 0.50004
    endloop
  endfacet
  facet normal 0.551521 -0.834161 0
    outer loop
      vertex 7.97404 34.7325 0.50004
      vertex 7.89645 34.6812 -1.49996
      vertex 7.97404 34.7325 -1.49996
    endloop
  endfacet
  facet normal 0.587225 -0.809424 0
    outer loop
      vertex 7.97404 34.7325 -1.49996
      vertex 8.0493 34.7871 0.50004
      vertex 7.97404 34.7325 0.50004
    endloop
  endfacet
  facet normal 0.587225 -0.809424 0
    outer loop
      vertex 8.0493 34.7871 0.50004
      vertex 7.97404 34.7325 -1.49996
      vertex 8.0493 34.7871 -1.49996
    endloop
  endfacet
  facet normal 0.621281 -0.783588 0
    outer loop
      vertex 8.0493 34.7871 -1.49996
      vertex 8.1222 34.8449 0.50004
      vertex 8.0493 34.7871 0.50004
    endloop
  endfacet
  facet normal 0.621281 -0.783588 0
    outer loop
      vertex 8.1222 34.8449 0.50004
      vertex 8.0493 34.7871 -1.49996
      vertex 8.1222 34.8449 -1.49996
    endloop
  endfacet
  facet normal 0.654767 -0.755831 0
    outer loop
      vertex 8.1222 34.8449 -1.49996
      vertex 8.1925 34.9058 0.50004
      vertex 8.1222 34.8449 0.50004
    endloop
  endfacet
  facet normal 0.654767 -0.755831 0
    outer loop
      vertex 8.1925 34.9058 0.50004
      vertex 8.1222 34.8449 -1.49996
      vertex 8.1925 34.9058 -1.49996
    endloop
  endfacet
  facet normal 0.686939 -0.726715 0
    outer loop
      vertex 8.1925 34.9058 -1.49996
      vertex 8.2601 34.9697 0.50004
      vertex 8.1925 34.9058 0.50004
    endloop
  endfacet
  facet normal 0.686939 -0.726715 0
    outer loop
      vertex 8.2601 34.9697 0.50004
      vertex 8.1925 34.9058 -1.49996
      vertex 8.2601 34.9697 -1.49996
    endloop
  endfacet
  facet normal 0.717249 -0.696817 0
    outer loop
      vertex 8.2601 34.9697 0.50004
      vertex 8.3249 35.0364 -1.49996
      vertex 8.3249 35.0364 0.50004
    endloop
  endfacet
  facet normal 0.717249 -0.696817 0
    outer loop
      vertex 8.3249 35.0364 -1.49996
      vertex 8.2601 34.9697 0.50004
      vertex 8.2601 34.9697 -1.49996
    endloop
  endfacet
  facet normal 0.747291 -0.664497 0
    outer loop
      vertex 8.3249 35.0364 0.50004
      vertex 8.3867 35.1059 -1.49996
      vertex 8.3867 35.1059 0.50004
    endloop
  endfacet
  facet normal 0.747291 -0.664497 0
    outer loop
      vertex 8.3867 35.1059 -1.49996
      vertex 8.3249 35.0364 0.50004
      vertex 8.3249 35.0364 -1.49996
    endloop
  endfacet
  facet normal 0.774962 -0.632008 0
    outer loop
      vertex 8.3867 35.1059 0.50004
      vertex 8.4455 35.178 -1.49996
      vertex 8.4455 35.178 0.50004
    endloop
  endfacet
  facet normal 0.774962 -0.632008 0
    outer loop
      vertex 8.4455 35.178 -1.49996
      vertex 8.3867 35.1059 0.50004
      vertex 8.3867 35.1059 -1.49996
    endloop
  endfacet
  facet normal 0.801418 -0.598105 0
    outer loop
      vertex 8.4455 35.178 0.50004
      vertex 8.5011 35.2525 -1.49996
      vertex 8.5011 35.2525 0.50004
    endloop
  endfacet
  facet normal 0.801418 -0.598105 0
    outer loop
      vertex 8.5011 35.2525 -1.49996
      vertex 8.4455 35.178 0.50004
      vertex 8.4455 35.178 -1.49996
    endloop
  endfacet
  facet normal 0.826887 -0.562369 0
    outer loop
      vertex 8.5011 35.2525 0.50004
      vertex 8.5534 35.3294 -1.49996
      vertex 8.5534 35.3294 0.50004
    endloop
  endfacet
  facet normal 0.826887 -0.562369 0
    outer loop
      vertex 8.5534 35.3294 -1.49996
      vertex 8.5011 35.2525 0.50004
      vertex 8.5011 35.2525 -1.49996
    endloop
  endfacet
  facet normal 0.850586 -0.525836 0
    outer loop
      vertex 8.5534 35.3294 0.50004
      vertex 8.6023 35.4085 -1.49996
      vertex 8.6023 35.4085 0.50004
    endloop
  endfacet
  facet normal 0.850586 -0.525836 0
    outer loop
      vertex 8.6023 35.4085 -1.49996
      vertex 8.5534 35.3294 0.50004
      vertex 8.5534 35.3294 -1.49996
    endloop
  endfacet
  facet normal 0.872378 -0.488832 0
    outer loop
      vertex 8.6023 35.4085 0.50004
      vertex 8.6478 35.4897 -1.49996
      vertex 8.6478 35.4897 0.50004
    endloop
  endfacet
  facet normal 0.872378 -0.488832 0
    outer loop
      vertex 8.6478 35.4897 -1.49996
      vertex 8.6023 35.4085 0.50004
      vertex 8.6023 35.4085 -1.49996
    endloop
  endfacet
  facet normal 0.8927 -0.450652 0
    outer loop
      vertex 8.6478 35.4897 0.50004
      vertex 8.6897 35.5727 -1.49996
      vertex 8.6897 35.5727 0.50004
    endloop
  endfacet
  facet normal 0.8927 -0.450652 0
    outer loop
      vertex 8.6897 35.5727 -1.49996
      vertex 8.6478 35.4897 0.50004
      vertex 8.6478 35.4897 -1.49996
    endloop
  endfacet
  facet normal 0.911175 -0.412019 0
    outer loop
      vertex 8.6897 35.5727 0.50004
      vertex 8.728 35.6574 -1.49996
      vertex 8.728 35.6574 0.50004
    endloop
  endfacet
  facet normal 0.911175 -0.412019 0
    outer loop
      vertex 8.728 35.6574 -1.49996
      vertex 8.6897 35.5727 0.50004
      vertex 8.6897 35.5727 -1.49996
    endloop
  endfacet
  facet normal 0.928328 -0.371761 0
    outer loop
      vertex 8.728 35.6574 0.50004
      vertex 8.7626 35.7438 -1.49996
      vertex 8.7626 35.7438 0.50004
    endloop
  endfacet
  facet normal 0.928328 -0.371761 0
    outer loop
      vertex 8.7626 35.7438 -1.49996
      vertex 8.728 35.6574 0.50004
      vertex 8.728 35.6574 -1.49996
    endloop
  endfacet
  facet normal 0.943506 -0.331357 0
    outer loop
      vertex 8.7626 35.7438 0.50004
      vertex 8.7934 35.8315 -1.49996
      vertex 8.7934 35.8315 0.50004
    endloop
  endfacet
  facet normal 0.943506 -0.331357 0
    outer loop
      vertex 8.7934 35.8315 -1.49996
      vertex 8.7626 35.7438 0.50004
      vertex 8.7626 35.7438 -1.49996
    endloop
  endfacet
  facet normal 0.956934 -0.290306 0
    outer loop
      vertex 8.7934 35.8315 0.50004
      vertex 8.8204 35.9205 -1.49996
      vertex 8.8204 35.9205 0.50004
    endloop
  endfacet
  facet normal 0.956934 -0.290306 0
    outer loop
      vertex 8.8204 35.9205 -1.49996
      vertex 8.7934 35.8315 0.50004
      vertex 8.7934 35.8315 -1.49996
    endloop
  endfacet
  facet normal 0.96867 -0.248349 0
    outer loop
      vertex 8.8204 35.9205 0.50004
      vertex 8.8435 36.0106 -1.49996
      vertex 8.8435 36.0106 0.50004
    endloop
  endfacet
  facet normal 0.96867 -0.248349 0
    outer loop
      vertex 8.8435 36.0106 -1.49996
      vertex 8.8204 35.9205 0.50004
      vertex 8.8204 35.9205 -1.49996
    endloop
  endfacet
  facet normal 0.978458 -0.206444 0
    outer loop
      vertex 8.8435 36.0106 0.50004
      vertex 8.8627 36.1016 -1.49996
      vertex 8.8627 36.1016 0.50004
    endloop
  endfacet
  facet normal 0.978458 -0.206444 0
    outer loop
      vertex 8.8627 36.1016 -1.49996
      vertex 8.8435 36.0106 0.50004
      vertex 8.8435 36.0106 -1.49996
    endloop
  endfacet
  facet normal 0.986394 -0.164399 0
    outer loop
      vertex 8.8627 36.1016 0.50004
      vertex 8.878 36.1934 -1.49996
      vertex 8.878 36.1934 0.50004
    endloop
  endfacet
  facet normal 0.986394 -0.164399 0
    outer loop
      vertex 8.878 36.1934 -1.49996
      vertex 8.8627 36.1016 0.50004
      vertex 8.8627 36.1016 -1.49996
    endloop
  endfacet
  facet normal 0.992589 -0.12152 0
    outer loop
      vertex 8.878 36.1934 0.50004
      vertex 8.8893 36.2857 -1.49996
      vertex 8.8893 36.2857 0.50004
    endloop
  endfacet
  facet normal 0.992589 -0.12152 0
    outer loop
      vertex 8.8893 36.2857 -1.49996
      vertex 8.878 36.1934 0.50004
      vertex 8.878 36.1934 -1.49996
    endloop
  endfacet
  facet normal 0.996997 -0.0774367 0
    outer loop
      vertex 8.8893 36.2857 0.50004
      vertex 8.8965 36.3784 -1.49996
      vertex 8.8965 36.3784 0.50004
    endloop
  endfacet
  facet normal 0.996997 -0.0774367 0
    outer loop
      vertex 8.8965 36.3784 -1.49996
      vertex 8.8893 36.2857 0.50004
      vertex 8.8893 36.2857 -1.49996
    endloop
  endfacet
  facet normal 0.999371 -0.0354616 0
    outer loop
      vertex 8.8965 36.3784 0.50004
      vertex 8.8998 36.4714 -1.49996
      vertex 8.8998 36.4714 0.50004
    endloop
  endfacet
  facet normal 0.999371 -0.0354616 0
    outer loop
      vertex 8.8998 36.4714 -1.49996
      vertex 8.8965 36.3784 0.50004
      vertex 8.8965 36.3784 -1.49996
    endloop
  endfacet
  facet normal 0.999963 0.00860183 0
    outer loop
      vertex 8.8998 36.4714 0.50004
      vertex 8.899 36.5644 -1.49996
      vertex 8.899 36.5644 0.50004
    endloop
  endfacet
  facet normal 0.999963 0.00860183 0
    outer loop
      vertex 8.899 36.5644 -1.49996
      vertex 8.8998 36.4714 0.50004
      vertex 8.8998 36.4714 -1.49996
    endloop
  endfacet
  facet normal 0.998668 0.0515996 0
    outer loop
      vertex 8.899 36.5644 0.50004
      vertex 8.8942 36.6573 -1.49996
      vertex 8.8942 36.6573 0.50004
    endloop
  endfacet
  facet normal 0.998668 0.0515996 0
    outer loop
      vertex 8.8942 36.6573 -1.49996
      vertex 8.899 36.5644 0.50004
      vertex 8.899 36.5644 -1.49996
    endloop
  endfacet
  facet normal 0.995515 0.0946062 0
    outer loop
      vertex 8.8942 36.6573 0.50004
      vertex 8.8854 36.7499 -1.49996
      vertex 8.8854 36.7499 0.50004
    endloop
  endfacet
  facet normal 0.995515 0.0946062 0
    outer loop
      vertex 8.8854 36.7499 -1.49996
      vertex 8.8942 36.6573 0.50004
      vertex 8.8942 36.6573 -1.49996
    endloop
  endfacet
  facet normal 0.99048 0.137656 0
    outer loop
      vertex 8.8854 36.7499 0.50004
      vertex 8.8726 36.842 -1.49996
      vertex 8.8726 36.842 0.50004
    endloop
  endfacet
  facet normal 0.99048 0.137656 0
    outer loop
      vertex 8.8726 36.842 -1.49996
      vertex 8.8854 36.7499 0.50004
      vertex 8.8854 36.7499 -1.49996
    endloop
  endfacet
  facet normal 0.983559 0.180588 0
    outer loop
      vertex 8.8726 36.842 0.50004
      vertex 8.8558 36.9335 -1.49996
      vertex 8.8558 36.9335 0.50004
    endloop
  endfacet
  facet normal 0.983559 0.180588 0
    outer loop
      vertex 8.8558 36.9335 -1.49996
      vertex 8.8726 36.842 0.50004
      vertex 8.8726 36.842 -1.49996
    endloop
  endfacet
  facet normal 0.974879 0.222737 0
    outer loop
      vertex 8.8558 36.9335 0.50004
      vertex 8.8351 37.0241 -1.49996
      vertex 8.8351 37.0241 0.50004
    endloop
  endfacet
  facet normal 0.974879 0.222737 0
    outer loop
      vertex 8.8351 37.0241 -1.49996
      vertex 8.8558 36.9335 0.50004
      vertex 8.8558 36.9335 -1.49996
    endloop
  endfacet
  facet normal 0.964391 0.264482 0
    outer loop
      vertex 8.8351 37.0241 0.50004
      vertex 8.8105 37.1138 -1.49996
      vertex 8.8105 37.1138 0.50004
    endloop
  endfacet
  facet normal 0.964391 0.264482 0
    outer loop
      vertex 8.8105 37.1138 -1.49996
      vertex 8.8351 37.0241 0.50004
      vertex 8.8351 37.0241 -1.49996
    endloop
  endfacet
  facet normal 0.951961 0.306218 0
    outer loop
      vertex 8.8105 37.1138 0.50004
      vertex 8.782 37.2024 -1.49996
      vertex 8.782 37.2024 0.50004
    endloop
  endfacet
  facet normal 0.951961 0.306218 0
    outer loop
      vertex 8.782 37.2024 -1.49996
      vertex 8.8105 37.1138 0.50004
      vertex 8.8105 37.1138 -1.49996
    endloop
  endfacet
  facet normal 0.938086 0.346403 0
    outer loop
      vertex 8.782 37.2024 0.50004
      vertex 8.7498 37.2896 -1.49996
      vertex 8.7498 37.2896 0.50004
    endloop
  endfacet
  facet normal 0.938086 0.346403 0
    outer loop
      vertex 8.7498 37.2896 -1.49996
      vertex 8.782 37.2024 0.50004
      vertex 8.782 37.2024 -1.49996
    endloop
  endfacet
  facet normal 0.921575 0.388201 0
    outer loop
      vertex 8.7498 37.2896 0.50004
      vertex 8.7137 37.3753 -1.49996
      vertex 8.7137 37.3753 0.50004
    endloop
  endfacet
  facet normal 0.921575 0.388201 0
    outer loop
      vertex 8.7137 37.3753 -1.49996
      vertex 8.7498 37.2896 0.50004
      vertex 8.7498 37.2896 -1.49996
    endloop
  endfacet
  facet normal 0.904502 0.426469 0
    outer loop
      vertex 8.7137 37.3753 0.50004
      vertex 8.674 37.4595 -1.49996
      vertex 8.674 37.4595 0.50004
    endloop
  endfacet
  facet normal 0.904502 0.426469 0
    outer loop
      vertex 8.674 37.4595 -1.49996
      vertex 8.7137 37.3753 0.50004
      vertex 8.7137 37.3753 -1.49996
    endloop
  endfacet
  facet normal 0.885431 0.464771 0
    outer loop
      vertex 8.674 37.4595 0.50004
      vertex 8.6308 37.5418 -1.49996
      vertex 8.6308 37.5418 0.50004
    endloop
  endfacet
  facet normal 0.885431 0.464771 0
    outer loop
      vertex 8.6308 37.5418 -1.49996
      vertex 8.674 37.4595 0.50004
      vertex 8.674 37.4595 -1.49996
    endloop
  endfacet
  facet normal 0.863506 0.504339 0
    outer loop
      vertex 8.6308 37.5418 0.50004
      vertex 8.5839 37.6221 -1.49996
      vertex 8.5839 37.6221 0.50004
    endloop
  endfacet
  facet normal 0.863506 0.504339 0
    outer loop
      vertex 8.5839 37.6221 -1.49996
      vertex 8.6308 37.5418 0.50004
      vertex 8.6308 37.5418 -1.49996
    endloop
  endfacet
  facet normal 0.841842 0.539725 0
    outer loop
      vertex 8.5839 37.6221 0.50004
      vertex 8.5337 37.7004 -1.49996
      vertex 8.5337 37.7004 0.50004
    endloop
  endfacet
  facet normal 0.841842 0.539725 0
    outer loop
      vertex 8.5337 37.7004 -1.49996
      vertex 8.5839 37.6221 0.50004
      vertex 8.5839 37.6221 -1.49996
    endloop
  endfacet
  facet normal 0.817206 0.576345 0
    outer loop
      vertex 8.5337 37.7004 0.50004
      vertex 8.4801 37.7764 -1.49996
      vertex 8.4801 37.7764 0.50004
    endloop
  endfacet
  facet normal 0.817206 0.576345 0
    outer loop
      vertex 8.4801 37.7764 -1.49996
      vertex 8.5337 37.7004 0.50004
      vertex 8.5337 37.7004 -1.49996
    endloop
  endfacet
  facet normal 0.792064 0.610438 0
    outer loop
      vertex 8.4801 37.7764 0.50004
      vertex 8.4233 37.8501 -1.49996
      vertex 8.4233 37.8501 0.50004
    endloop
  endfacet
  facet normal 0.792064 0.610438 0
    outer loop
      vertex 8.4233 37.8501 -1.49996
      vertex 8.4801 37.7764 0.50004
      vertex 8.4801 37.7764 -1.49996
    endloop
  endfacet
  facet normal 0.764242 0.64493 0
    outer loop
      vertex 8.4233 37.8501 0.50004
      vertex 8.3633 37.9212 -1.49996
      vertex 8.3633 37.9212 0.50004
    endloop
  endfacet
  facet normal 0.764242 0.64493 0
    outer loop
      vertex 8.3633 37.9212 -1.49996
      vertex 8.4233 37.8501 0.50004
      vertex 8.4233 37.8501 -1.49996
    endloop
  endfacet
  facet normal 0.736081 0.676893 0
    outer loop
      vertex 8.3633 37.9212 0.50004
      vertex 8.3004 37.9896 -1.49996
      vertex 8.3004 37.9896 0.50004
    endloop
  endfacet
  facet normal 0.736081 0.676893 0
    outer loop
      vertex 8.3004 37.9896 -1.49996
      vertex 8.3633 37.9212 0.50004
      vertex 8.3633 37.9212 -1.49996
    endloop
  endfacet
  facet normal 0.706031 0.708181 -0
    outer loop
      vertex 8.3004 37.9896 -1.49996
      vertex 8.2345 38.0553 0.50004
      vertex 8.3004 37.9896 0.50004
    endloop
  endfacet
  facet normal 0.706031 0.708181 0
    outer loop
      vertex 8.2345 38.0553 0.50004
      vertex 8.3004 37.9896 -1.49996
      vertex 8.2345 38.0553 -1.49996
    endloop
  endfacet
  facet normal 0.674116 0.738625 -0
    outer loop
      vertex 8.2345 38.0553 -1.49996
      vertex 8.1658 38.118 0.50004
      vertex 8.2345 38.0553 0.50004
    endloop
  endfacet
  facet normal 0.674116 0.738625 0
    outer loop
      vertex 8.1658 38.118 0.50004
      vertex 8.2345 38.0553 -1.49996
      vertex 8.1658 38.118 -1.49996
    endloop
  endfacet
  facet normal 0.641981 0.766721 -0
    outer loop
      vertex 8.1658 38.118 -1.49996
      vertex 8.0945 38.1777 0.50004
      vertex 8.1658 38.118 0.50004
    endloop
  endfacet
  facet normal 0.641981 0.766721 0
    outer loop
      vertex 8.0945 38.1777 0.50004
      vertex 8.1658 38.118 -1.49996
      vertex 8.0945 38.1777 -1.49996
    endloop
  endfacet
  facet normal 0.608567 0.793503 -0
    outer loop
      vertex 8.0945 38.1777 -1.49996
      vertex 8.0207 38.2343 0.50004
      vertex 8.0945 38.1777 0.50004
    endloop
  endfacet
  facet normal 0.608567 0.793503 0
    outer loop
      vertex 8.0207 38.2343 0.50004
      vertex 8.0945 38.1777 -1.49996
      vertex 8.0207 38.2343 -1.49996
    endloop
  endfacet
  facet normal 0.574097 0.818787 -0
    outer loop
      vertex 8.0207 38.2343 -1.49996
      vertex 7.94454 38.2877 0.50004
      vertex 8.0207 38.2343 0.50004
    endloop
  endfacet
  facet normal 0.574097 0.818787 0
    outer loop
      vertex 7.94454 38.2877 0.50004
      vertex 8.0207 38.2343 -1.49996
      vertex 7.94454 38.2877 -1.49996
    endloop
  endfacet
  facet normal 0.537564 0.843223 -0
    outer loop
      vertex 7.94454 38.2877 -1.49996
      vertex 7.86611 38.3377 0.50004
      vertex 7.94454 38.2877 0.50004
    endloop
  endfacet
  facet normal 0.537564 0.843223 0
    outer loop
      vertex 7.86611 38.3377 0.50004
      vertex 7.94454 38.2877 -1.49996
      vertex 7.86611 38.3377 -1.49996
    endloop
  endfacet
  facet normal 0.500095 0.865971 -0
    outer loop
      vertex 7.86611 38.3377 -1.49996
      vertex 7.78559 38.3842 0.50004
      vertex 7.86611 38.3377 0.50004
    endloop
  endfacet
  facet normal 0.500095 0.865971 0
    outer loop
      vertex 7.78559 38.3842 0.50004
      vertex 7.86611 38.3377 -1.49996
      vertex 7.78559 38.3842 -1.49996
    endloop
  endfacet
  facet normal 0.462375 0.886685 -0
    outer loop
      vertex 7.78559 38.3842 -1.49996
      vertex 7.70313 38.4272 0.50004
      vertex 7.78559 38.3842 0.50004
    endloop
  endfacet
  facet normal 0.462375 0.886685 0
    outer loop
      vertex 7.70313 38.4272 0.50004
      vertex 7.78559 38.3842 -1.49996
      vertex 7.70313 38.4272 -1.49996
    endloop
  endfacet
  facet normal 0.423662 0.90582 -0
    outer loop
      vertex 7.70313 38.4272 -1.49996
      vertex 7.61889 38.4666 0.50004
      vertex 7.70313 38.4272 0.50004
    endloop
  endfacet
  facet normal 0.423662 0.90582 0
    outer loop
      vertex 7.61889 38.4666 0.50004
      vertex 7.70313 38.4272 -1.49996
      vertex 7.61889 38.4666 -1.49996
    endloop
  endfacet
  facet normal 0.384806 0.922997 -0
    outer loop
      vertex 7.61889 38.4666 -1.49996
      vertex 7.53302 38.5024 0.50004
      vertex 7.61889 38.4666 0.50004
    endloop
  endfacet
  facet normal 0.384806 0.922997 0
    outer loop
      vertex 7.53302 38.5024 0.50004
      vertex 7.61889 38.4666 -1.49996
      vertex 7.53302 38.5024 -1.49996
    endloop
  endfacet
  facet normal 0.344056 0.938949 -0
    outer loop
      vertex 7.53302 38.5024 -1.49996
      vertex 7.44569 38.5344 0.50004
      vertex 7.53302 38.5024 0.50004
    endloop
  endfacet
  facet normal 0.344056 0.938949 0
    outer loop
      vertex 7.44569 38.5344 0.50004
      vertex 7.53302 38.5024 -1.49996
      vertex 7.44569 38.5344 -1.49996
    endloop
  endfacet
  facet normal 0.303168 0.952937 -0
    outer loop
      vertex 7.44569 38.5344 -1.49996
      vertex 7.35705 38.5626 0.50004
      vertex 7.44569 38.5344 0.50004
    endloop
  endfacet
  facet normal 0.303168 0.952937 0
    outer loop
      vertex 7.35705 38.5626 0.50004
      vertex 7.44569 38.5344 -1.49996
      vertex 7.35705 38.5626 -1.49996
    endloop
  endfacet
  facet normal 0.261288 0.965261 -0
    outer loop
      vertex 7.35705 38.5626 -1.49996
      vertex 7.26728 38.5869 0.50004
      vertex 7.35705 38.5626 0.50004
    endloop
  endfacet
  facet normal 0.261288 0.965261 0
    outer loop
      vertex 7.26728 38.5869 0.50004
      vertex 7.35705 38.5626 -1.49996
      vertex 7.26728 38.5869 -1.49996
    endloop
  endfacet
  facet normal 0.219343 0.975648 -0
    outer loop
      vertex 7.26728 38.5869 -1.49996
      vertex 7.17654 38.6073 0.50004
      vertex 7.26728 38.5869 0.50004
    endloop
  endfacet
  facet normal 0.219343 0.975648 0
    outer loop
      vertex 7.17654 38.6073 0.50004
      vertex 7.26728 38.5869 -1.49996
      vertex 7.17654 38.6073 -1.49996
    endloop
  endfacet
  facet normal 0.177409 0.984137 -0
    outer loop
      vertex 7.17654 38.6073 -1.49996
      vertex 7.08501 38.6238 0.50004
      vertex 7.17654 38.6073 0.50004
    endloop
  endfacet
  facet normal 0.177409 0.984137 0
    outer loop
      vertex 7.08501 38.6238 0.50004
      vertex 7.17654 38.6073 -1.49996
      vertex 7.08501 38.6238 -1.49996
    endloop
  endfacet
  facet normal 0.134389 0.990929 -0
    outer loop
      vertex 7.08501 38.6238 -1.49996
      vertex 6.99284 38.6363 0.50004
      vertex 7.08501 38.6238 0.50004
    endloop
  endfacet
  facet normal 0.134389 0.990929 0
    outer loop
      vertex 6.99284 38.6363 0.50004
      vertex 7.08501 38.6238 -1.49996
      vertex 6.99284 38.6363 -1.49996
    endloop
  endfacet
  facet normal 0.0913888 0.995815 -0
    outer loop
      vertex 6.99284 38.6363 -1.49996
      vertex 6.90022 38.6448 0.50004
      vertex 6.99284 38.6363 0.50004
    endloop
  endfacet
  facet normal 0.0913888 0.995815 0
    outer loop
      vertex 6.90022 38.6448 0.50004
      vertex 6.99284 38.6363 -1.49996
      vertex 6.90022 38.6448 -1.49996
    endloop
  endfacet
  facet normal 0.0483825 0.998829 -0
    outer loop
      vertex 6.90022 38.6448 -1.49996
      vertex 6.80732 38.6493 0.50004
      vertex 6.90022 38.6448 0.50004
    endloop
  endfacet
  facet normal 0.0483825 0.998829 0
    outer loop
      vertex 6.80732 38.6493 0.50004
      vertex 6.90022 38.6448 -1.49996
      vertex 6.80732 38.6493 -1.49996
    endloop
  endfacet
  facet normal 0.00430104 0.999991 -0
    outer loop
      vertex 6.80732 38.6493 -1.49996
      vertex 6.71432 38.6497 0.50004
      vertex 6.80732 38.6493 0.50004
    endloop
  endfacet
  facet normal 0.00430104 0.999991 0
    outer loop
      vertex 6.71432 38.6497 0.50004
      vertex 6.80732 38.6493 -1.49996
      vertex 6.71432 38.6497 -1.49996
    endloop
  endfacet
  facet normal -0.037632 0.999292 0
    outer loop
      vertex 6.71432 38.6497 -1.49996
      vertex 6.62138 38.6462 0.50004
      vertex 6.71432 38.6497 0.50004
    endloop
  endfacet
  facet normal -0.037632 0.999292 0
    outer loop
      vertex 6.62138 38.6462 0.50004
      vertex 6.71432 38.6497 -1.49996
      vertex 6.62138 38.6462 -1.49996
    endloop
  endfacet
  facet normal -0.0817107 0.996656 0
    outer loop
      vertex 6.62138 38.6462 -1.49996
      vertex 6.52868 38.6386 0.50004
      vertex 6.62138 38.6462 0.50004
    endloop
  endfacet
  facet normal -0.0817107 0.996656 0
    outer loop
      vertex 6.52868 38.6386 0.50004
      vertex 6.62138 38.6462 -1.49996
      vertex 6.52868 38.6386 -1.49996
    endloop
  endfacet
  facet normal -0.12471 0.992193 0
    outer loop
      vertex 6.52868 38.6386 -1.49996
      vertex 6.43639 38.627 0.50004
      vertex 6.52868 38.6386 0.50004
    endloop
  endfacet
  facet normal -0.12471 0.992193 0
    outer loop
      vertex 6.43639 38.627 0.50004
      vertex 6.52868 38.6386 -1.49996
      vertex 6.43639 38.627 -1.49996
    endloop
  endfacet
  facet normal -0.166683 0.986011 0
    outer loop
      vertex 6.43639 38.627 -1.49996
      vertex 6.3447 38.6115 0.50004
      vertex 6.43639 38.627 0.50004
    endloop
  endfacet
  facet normal -0.166683 0.986011 0
    outer loop
      vertex 6.3447 38.6115 0.50004
      vertex 6.43639 38.627 -1.49996
      vertex 6.3447 38.6115 -1.49996
    endloop
  endfacet
  facet normal -0.209661 0.977774 0
    outer loop
      vertex 6.3447 38.6115 -1.49996
      vertex 6.25376 38.592 0.50004
      vertex 6.3447 38.6115 0.50004
    endloop
  endfacet
  facet normal -0.209661 0.977774 0
    outer loop
      vertex 6.25376 38.592 0.50004
      vertex 6.3447 38.6115 -1.49996
      vertex 6.25376 38.592 -1.49996
    endloop
  endfacet
  facet normal -0.251581 0.967836 0
    outer loop
      vertex 6.25376 38.592 -1.49996
      vertex 6.16374 38.5686 0.50004
      vertex 6.25376 38.592 0.50004
    endloop
  endfacet
  facet normal -0.251581 0.967836 0
    outer loop
      vertex 6.16374 38.5686 0.50004
      vertex 6.25376 38.592 -1.49996
      vertex 6.16374 38.5686 -1.49996
    endloop
  endfacet
  facet normal -0.293527 0.955951 0
    outer loop
      vertex 6.16374 38.5686 -1.49996
      vertex 6.07483 38.5413 0.50004
      vertex 6.16374 38.5686 0.50004
    endloop
  endfacet
  facet normal -0.293527 0.955951 0
    outer loop
      vertex 6.07483 38.5413 0.50004
      vertex 6.16374 38.5686 -1.49996
      vertex 6.07483 38.5413 -1.49996
    endloop
  endfacet
  facet normal -0.334394 0.942433 0
    outer loop
      vertex 6.07483 38.5413 -1.49996
      vertex 5.98718 38.5102 0.50004
      vertex 6.07483 38.5413 0.50004
    endloop
  endfacet
  facet normal -0.334394 0.942433 0
    outer loop
      vertex 5.98718 38.5102 0.50004
      vertex 6.07483 38.5413 -1.49996
      vertex 5.98718 38.5102 -1.49996
    endloop
  endfacet
  facet normal -0.375206 0.926941 0
    outer loop
      vertex 5.98718 38.5102 -1.49996
      vertex 5.90096 38.4753 0.50004
      vertex 5.98718 38.5102 0.50004
    endloop
  endfacet
  facet normal -0.375206 0.926941 0
    outer loop
      vertex 5.90096 38.4753 0.50004
      vertex 5.98718 38.5102 -1.49996
      vertex 5.90096 38.4753 -1.49996
    endloop
  endfacet
  facet normal -0.414936 0.90985 0
    outer loop
      vertex 5.90096 38.4753 -1.49996
      vertex 5.81632 38.4367 0.50004
      vertex 5.90096 38.4753 0.50004
    endloop
  endfacet
  facet normal -0.414936 0.90985 0
    outer loop
      vertex 5.81632 38.4367 0.50004
      vertex 5.90096 38.4753 -1.49996
      vertex 5.81632 38.4367 -1.49996
    endloop
  endfacet
  facet normal -0.453739 0.891135 0
    outer loop
      vertex 5.81632 38.4367 -1.49996
      vertex 5.73344 38.3945 0.50004
      vertex 5.81632 38.4367 0.50004
    endloop
  endfacet
  facet normal -0.453739 0.891135 0
    outer loop
      vertex 5.73344 38.3945 0.50004
      vertex 5.81632 38.4367 -1.49996
      vertex 5.73344 38.3945 -1.49996
    endloop
  endfacet
  facet normal -0.49143 0.870917 0
    outer loop
      vertex 5.73344 38.3945 -1.49996
      vertex 5.65245 38.3488 0.50004
      vertex 5.73344 38.3945 0.50004
    endloop
  endfacet
  facet normal -0.49143 0.870917 0
    outer loop
      vertex 5.65245 38.3488 0.50004
      vertex 5.73344 38.3945 -1.49996
      vertex 5.65245 38.3488 -1.49996
    endloop
  endfacet
  facet normal -0.528984 0.848632 0
    outer loop
      vertex 5.65245 38.3488 -1.49996
      vertex 5.57352 38.2996 0.50004
      vertex 5.65245 38.3488 0.50004
    endloop
  endfacet
  facet normal -0.528984 0.848632 0
    outer loop
      vertex 5.57352 38.2996 0.50004
      vertex 5.65245 38.3488 -1.49996
      vertex 5.57352 38.2996 -1.49996
    endloop
  endfacet
  facet normal -0.56542 0.824803 0
    outer loop
      vertex 5.57352 38.2996 -1.49996
      vertex 5.49679 38.247 0.50004
      vertex 5.57352 38.2996 0.50004
    endloop
  endfacet
  facet normal -0.56542 0.824803 0
    outer loop
      vertex 5.49679 38.247 0.50004
      vertex 5.57352 38.2996 -1.49996
      vertex 5.49679 38.247 -1.49996
    endloop
  endfacet
  facet normal -0.600103 0.799923 0
    outer loop
      vertex 5.49679 38.247 -1.49996
      vertex 5.42241 38.1912 0.50004
      vertex 5.49679 38.247 0.50004
    endloop
  endfacet
  facet normal -0.600103 0.799923 0
    outer loop
      vertex 5.42241 38.1912 0.50004
      vertex 5.49679 38.247 -1.49996
      vertex 5.42241 38.1912 -1.49996
    endloop
  endfacet
  facet normal -0.63435 0.773046 0
    outer loop
      vertex 5.42241 38.1912 -1.49996
      vertex 5.35051 38.1322 0.50004
      vertex 5.42241 38.1912 0.50004
    endloop
  endfacet
  facet normal -0.63435 0.773046 0
    outer loop
      vertex 5.35051 38.1322 0.50004
      vertex 5.42241 38.1912 -1.49996
      vertex 5.35051 38.1322 -1.49996
    endloop
  endfacet
  facet normal -0.667467 0.744639 0
    outer loop
      vertex 5.35051 38.1322 -1.49996
      vertex 5.28123 38.0701 0.50004
      vertex 5.35051 38.1322 0.50004
    endloop
  endfacet
  facet normal -0.667467 0.744639 0
    outer loop
      vertex 5.28123 38.0701 0.50004
      vertex 5.35051 38.1322 -1.49996
      vertex 5.28123 38.0701 -1.49996
    endloop
  endfacet
  facet normal -0.698834 0.715284 0
    outer loop
      vertex 5.28123 38.0701 -1.49996
      vertex 5.2147 38.0051 0.50004
      vertex 5.28123 38.0701 0.50004
    endloop
  endfacet
  facet normal -0.698834 0.715284 0
    outer loop
      vertex 5.2147 38.0051 0.50004
      vertex 5.28123 38.0701 -1.49996
      vertex 5.2147 38.0051 -1.49996
    endloop
  endfacet
  facet normal -0.729014 0.684499 0
    outer loop
      vertex 5.15104 37.9373 -1.49996
      vertex 5.2147 38.0051 0.50004
      vertex 5.2147 38.0051 -1.49996
    endloop
  endfacet
  facet normal -0.729014 0.684499 0
    outer loop
      vertex 5.2147 38.0051 0.50004
      vertex 5.15104 37.9373 -1.49996
      vertex 5.15104 37.9373 0.50004
    endloop
  endfacet
  facet normal -0.757973 0.652286 0
    outer loop
      vertex 5.09037 37.8668 -1.49996
      vertex 5.15104 37.9373 0.50004
      vertex 5.15104 37.9373 -1.49996
    endloop
  endfacet
  facet normal -0.757973 0.652286 0
    outer loop
      vertex 5.15104 37.9373 0.50004
      vertex 5.09037 37.8668 -1.49996
      vertex 5.09037 37.8668 0.50004
    endloop
  endfacet
  facet normal -0.785257 0.61917 0
    outer loop
      vertex 5.03281 37.7938 -1.49996
      vertex 5.09037 37.8668 0.50004
      vertex 5.09037 37.8668 -1.49996
    endloop
  endfacet
  facet normal -0.785257 0.61917 0
    outer loop
      vertex 5.09037 37.8668 0.50004
      vertex 5.03281 37.7938 -1.49996
      vertex 5.03281 37.7938 0.50004
    endloop
  endfacet
  facet normal -0.811636 0.584163 0
    outer loop
      vertex 4.97847 37.7183 -1.49996
      vertex 5.03281 37.7938 0.50004
      vertex 5.03281 37.7938 -1.49996
    endloop
  endfacet
  facet normal -0.811636 0.584163 0
    outer loop
      vertex 5.03281 37.7938 0.50004
      vertex 4.97847 37.7183 -1.49996
      vertex 4.97847 37.7183 0.50004
    endloop
  endfacet
  facet normal -0.836177 0.548459 0
    outer loop
      vertex 4.92744 37.6405 -1.49996
      vertex 4.97847 37.7183 0.50004
      vertex 4.97847 37.7183 -1.49996
    endloop
  endfacet
  facet normal -0.836177 0.548459 0
    outer loop
      vertex 4.97847 37.7183 0.50004
      vertex 4.92744 37.6405 -1.49996
      vertex 4.92744 37.6405 0.50004
    endloop
  endfacet
  facet normal -0.85896 0.512043 0
    outer loop
      vertex 4.87981 37.5606 -1.49996
      vertex 4.92744 37.6405 0.50004
      vertex 4.92744 37.6405 -1.49996
    endloop
  endfacet
  facet normal -0.85896 0.512043 0
    outer loop
      vertex 4.92744 37.6405 0.50004
      vertex 4.87981 37.5606 -1.49996
      vertex 4.87981 37.5606 0.50004
    endloop
  endfacet
  facet normal -0.880139 0.474716 0
    outer loop
      vertex 4.83569 37.4788 -1.49996
      vertex 4.87981 37.5606 0.50004
      vertex 4.87981 37.5606 -1.49996
    endloop
  endfacet
  facet normal -0.880139 0.474716 0
    outer loop
      vertex 4.87981 37.5606 0.50004
      vertex 4.83569 37.4788 -1.49996
      vertex 4.83569 37.4788 0.50004
    endloop
  endfacet
  facet normal -0.899991 0.435909 0
    outer loop
      vertex 4.79515 37.3951 -1.49996
      vertex 4.83569 37.4788 0.50004
      vertex 4.83569 37.4788 -1.49996
    endloop
  endfacet
  facet normal -0.899991 0.435909 0
    outer loop
      vertex 4.83569 37.4788 0.50004
      vertex 4.79515 37.3951 -1.49996
      vertex 4.79515 37.3951 0.50004
    endloop
  endfacet
  facet normal -0.918091 0.39637 0
    outer loop
      vertex 4.75828 37.3097 -1.49996
      vertex 4.79515 37.3951 0.50004
      vertex 4.79515 37.3951 -1.49996
    endloop
  endfacet
  facet normal -0.918091 0.39637 0
    outer loop
      vertex 4.79515 37.3951 0.50004
      vertex 4.75828 37.3097 -1.49996
      vertex 4.75828 37.3097 0.50004
    endloop
  endfacet
  facet normal -0.93429 0.356514 0
    outer loop
      vertex 4.72512 37.2228 -1.49996
      vertex 4.75828 37.3097 0.50004
      vertex 4.75828 37.3097 -1.49996
    endloop
  endfacet
  facet normal -0.93429 0.356514 0
    outer loop
      vertex 4.75828 37.3097 0.50004
      vertex 4.72512 37.2228 -1.49996
      vertex 4.72512 37.2228 0.50004
    endloop
  endfacet
  facet normal -0.948919 0.315518 0
    outer loop
      vertex 4.69576 37.1345 -1.49996
      vertex 4.72512 37.2228 0.50004
      vertex 4.72512 37.2228 -1.49996
    endloop
  endfacet
  facet normal -0.948919 0.315518 0
    outer loop
      vertex 4.72512 37.2228 0.50004
      vertex 4.69576 37.1345 -1.49996
      vertex 4.69576 37.1345 0.50004
    endloop
  endfacet
  facet normal -0.961589 0.274494 0
    outer loop
      vertex 4.67024 37.0451 -1.49996
      vertex 4.69576 37.1345 0.50004
      vertex 4.69576 37.1345 -1.49996
    endloop
  endfacet
  facet normal -0.961589 0.274494 0
    outer loop
      vertex 4.69576 37.1345 0.50004
      vertex 4.67024 37.0451 -1.49996
      vertex 4.67024 37.0451 0.50004
    endloop
  endfacet
  facet normal -0.972606 0.232458 0
    outer loop
      vertex 4.64861 36.9546 -1.49996
      vertex 4.67024 37.0451 0.50004
      vertex 4.67024 37.0451 -1.49996
    endloop
  endfacet
  facet normal -0.972606 0.232458 0
    outer loop
      vertex 4.67024 37.0451 0.50004
      vertex 4.64861 36.9546 -1.49996
      vertex 4.64861 36.9546 0.50004
    endloop
  endfacet
  facet normal -0.981742 0.190219 0
    outer loop
      vertex 4.63092 36.8633 -1.49996
      vertex 4.64861 36.9546 0.50004
      vertex 4.64861 36.9546 -1.49996
    endloop
  endfacet
  facet normal -0.981742 0.190219 0
    outer loop
      vertex 4.64861 36.9546 0.50004
      vertex 4.63092 36.8633 -1.49996
      vertex 4.63092 36.8633 0.50004
    endloop
  endfacet
  facet normal -0.989046 0.147604 0
    outer loop
      vertex 4.61719 36.7713 -1.49996
      vertex 4.63092 36.8633 0.50004
      vertex 4.63092 36.8633 -1.49996
    endloop
  endfacet
  facet normal -0.989046 0.147604 0
    outer loop
      vertex 4.63092 36.8633 0.50004
      vertex 4.61719 36.7713 -1.49996
      vertex 4.61719 36.7713 0.50004
    endloop
  endfacet
  facet normal -0.994502 0.104718 0
    outer loop
      vertex 4.60745 36.6788 -1.49996
      vertex 4.61719 36.7713 0.50004
      vertex 4.61719 36.7713 -1.49996
    endloop
  endfacet
  facet normal -0.994502 0.104718 0
    outer loop
      vertex 4.61719 36.7713 0.50004
      vertex 4.60745 36.6788 -1.49996
      vertex 4.60745 36.6788 0.50004
    endloop
  endfacet
  facet normal -0.998099 0.0616283 0
    outer loop
      vertex 4.60172 36.586 -1.49996
      vertex 4.60745 36.6788 0.50004
      vertex 4.60745 36.6788 -1.49996
    endloop
  endfacet
  facet normal -0.998099 0.0616283 0
    outer loop
      vertex 4.60745 36.6788 0.50004
      vertex 4.60172 36.586 -1.49996
      vertex 4.60172 36.586 0.50004
    endloop
  endfacet
  facet normal -0.999831 0.018384 0
    outer loop
      vertex 4.60001 36.493 -1.49996
      vertex 4.60172 36.586 0.50004
      vertex 4.60172 36.586 -1.49996
    endloop
  endfacet
  facet normal -0.999831 0.018384 0
    outer loop
      vertex 4.60172 36.586 0.50004
      vertex 4.60001 36.493 -1.49996
      vertex 4.60001 36.493 0.50004
    endloop
  endfacet
  facet normal -0.999689 -0.0249385 0
    outer loop
      vertex 4.60233 36.4 -1.49996
      vertex 4.60001 36.493 0.50004
      vertex 4.60001 36.493 -1.49996
    endloop
  endfacet
  facet normal -0.999689 -0.0249385 0
    outer loop
      vertex 4.60001 36.493 0.50004
      vertex 4.60233 36.4 -1.49996
      vertex 4.60233 36.4 0.50004
    endloop
  endfacet
  facet normal -0 0 1
    outer loop
      vertex -10.7417 36.4 5.00004
      vertex -4.49063 36.2099 5.00004
      vertex -4.49889 36.4 5.00004
    endloop
  endfacet
  facet normal 0 0 1
    outer loop
      vertex -10.7417 36.4 5.00004
      vertex -4.47434 36.0202 5.00004
      vertex -4.49063 36.2099 5.00004
    endloop
  endfacet
  facet normal 0 0 1
    outer loop
      vertex -10.7417 36.4 5.00004
      vertex -4.45005 35.8314 5.00004
      vertex -4.47434 36.0202 5.00004
    endloop
  endfacet
  facet normal 0 0 1
    outer loop
      vertex -10.7417 36.4 5.00004
      vertex -4.41779 35.6438 5.00004
      vertex -4.45005 35.8314 5.00004
    endloop
  endfacet
  facet normal 0 0 1
    outer loop
      vertex -10.7417 34 5.00004
      vertex -4.41779 35.6438 5.00004
      vertex -10.7417 36.4 5.00004
    endloop
  endfacet
  facet normal 0 0 1
    outer loop
      vertex -4.41779 35.6438 5.00004
      vertex -10.7417 34 5.00004
      vertex -4.37763 35.4577 5.00004
    endloop
  endfacet
  facet normal 0 0 1
    outer loop
      vertex -4.37763 35.4577 5.00004
      vertex -10.7417 34 5.00004
      vertex -4.32963 35.2735 5.00004
    endloop
  endfacet
  facet normal 0 0 1
    outer loop
      vertex -4.32963 35.2735 5.00004
      vertex -10.7417 34 5.00004
      vertex -4.27388 35.0915 5.00004
    endloop
  endfacet
  facet normal 0 0 1
    outer loop
      vertex -4.27388 35.0915 5.00004
      vertex -10.7417 34 5.00004
      vertex -4.21049 34.912 5.00004
    endloop
  endfacet
  facet normal 0 0 1
    outer loop
      vertex -4.21049 34.912 5.00004
      vertex -10.7417 34 5.00004
      vertex -4.13957 34.7354 5.00004
    endloop
  endfacet
  facet normal 0 0 1
    outer loop
      vertex -4.13957 34.7354 5.00004
      vertex -10.7417 34 5.00004
      vertex -4.06124 34.5619 5.00004
    endloop
  endfacet
  facet normal 0 0 1
    outer loop
      vertex -4.06124 34.5619 5.00004
      vertex -10.7417 34 5.00004
      vertex -3.97564 34.3919 5.00004
    endloop
  endfacet
  facet normal 0 0 1
    outer loop
      vertex -3.97564 34.3919 5.00004
      vertex -10.7417 34 5.00004
      vertex -3.88292 34.2256 5.00004
    endloop
  endfacet
  facet normal 0 0 1
    outer loop
      vertex -3.88292 34.2256 5.00004
      vertex -10.7417 34 5.00004
      vertex -3.78326 34.0635 5.00004
    endloop
  endfacet
  facet normal 0 0 1
    outer loop
      vertex -3.78326 34.0635 5.00004
      vertex -10.7417 34 5.00004
      vertex -3.74166 34 5.00004
    endloop
  endfacet
  facet normal 0.78014 -0 0.625605
    outer loop
      vertex -8.59036 34 0.96514
      vertex -8.54393 36.4 0.907241
      vertex -8.59036 36.4 0.96514
    endloop
  endfacet
  facet normal 0.78014 0 0.625605
    outer loop
      vertex -8.54393 36.4 0.907241
      vertex -8.59036 34 0.96514
      vertex -8.54393 34 0.907241
    endloop
  endfacet
  facet normal 0.751489 -0 0.659745
    outer loop
      vertex -8.54393 34 0.907241
      vertex -8.49503 36.4 0.851541
      vertex -8.54393 36.4 0.907241
    endloop
  endfacet
  facet normal 0.751489 0 0.659745
    outer loop
      vertex -8.49503 36.4 0.851541
      vertex -8.54393 34 0.907241
      vertex -8.49503 34 0.851541
    endloop
  endfacet
  facet normal 0.722511 -0 0.69136
    outer loop
      vertex -8.49503 34 0.851541
      vertex -8.44374 36.4 0.79794
      vertex -8.49503 36.4 0.851541
    endloop
  endfacet
  facet normal 0.722511 0 0.69136
    outer loop
      vertex -8.44374 36.4 0.79794
      vertex -8.49503 34 0.851541
      vertex -8.44374 34 0.79794
    endloop
  endfacet
  facet normal 0.691571 0 0.722308
    outer loop
      vertex -8.44374 36.4 0.79794
      vertex -8.39016 34 0.74664
      vertex -8.39016 36.4 0.74664
    endloop
  endfacet
  facet normal 0.691571 0 0.722308
    outer loop
      vertex -8.39016 34 0.74664
      vertex -8.44374 36.4 0.79794
      vertex -8.44374 34 0.79794
    endloop
  endfacet
  facet normal 0.65927 0 0.751906
    outer loop
      vertex -8.39016 36.4 0.74664
      vertex -8.33439 34 0.697741
      vertex -8.33439 36.4 0.697741
    endloop
  endfacet
  facet normal 0.65927 0 0.751906
    outer loop
      vertex -8.33439 34 0.697741
      vertex -8.39016 36.4 0.74664
      vertex -8.39016 34 0.74664
    endloop
  endfacet
  facet normal 0.625755 0 0.780019
    outer loop
      vertex -8.33439 36.4 0.697741
      vertex -8.27655 34 0.65134
      vertex -8.27655 36.4 0.65134
    endloop
  endfacet
  facet normal 0.625755 0 0.780019
    outer loop
      vertex -8.27655 34 0.65134
      vertex -8.33439 36.4 0.697741
      vertex -8.33439 34 0.697741
    endloop
  endfacet
  facet normal 0.591635 0 0.806206
    outer loop
      vertex -8.27655 36.4 0.65134
      vertex -8.21673 34 0.607441
      vertex -8.21673 36.4 0.607441
    endloop
  endfacet
  facet normal 0.591635 0 0.806206
    outer loop
      vertex -8.21673 34 0.607441
      vertex -8.27655 36.4 0.65134
      vertex -8.27655 34 0.65134
    endloop
  endfacet
  facet normal 0.555518 0 0.831504
    outer loop
      vertex -8.21673 36.4 0.607441
      vertex -8.15506 34 0.56624
      vertex -8.15506 36.4 0.56624
    endloop
  endfacet
  facet normal 0.555518 0 0.831504
    outer loop
      vertex -8.15506 34 0.56624
      vertex -8.21673 36.4 0.607441
      vertex -8.21673 34 0.607441
    endloop
  endfacet
  facet normal 0.518989 0 0.854781
    outer loop
      vertex -8.15506 36.4 0.56624
      vertex -8.09165 34 0.52774
      vertex -8.09165 36.4 0.52774
    endloop
  endfacet
  facet normal 0.518989 0 0.854781
    outer loop
      vertex -8.09165 34 0.52774
      vertex -8.15506 36.4 0.56624
      vertex -8.15506 34 0.56624
    endloop
  endfacet
  facet normal 0.481277 0 0.876569
    outer loop
      vertex -8.09165 36.4 0.52774
      vertex -8.02663 34 0.492041
      vertex -8.02663 36.4 0.492041
    endloop
  endfacet
  facet normal 0.481277 0 0.876569
    outer loop
      vertex -8.02663 34 0.492041
      vertex -8.09165 36.4 0.52774
      vertex -8.09165 34 0.52774
    endloop
  endfacet
  facet normal 0.442245 0 0.896894
    outer loop
      vertex -8.02663 36.4 0.492041
      vertex -7.96011 34 0.459241
      vertex -7.96011 36.4 0.459241
    endloop
  endfacet
  facet normal 0.442245 0 0.896894
    outer loop
      vertex -7.96011 34 0.459241
      vertex -8.02663 36.4 0.492041
      vertex -8.02663 34 0.492041
    endloop
  endfacet
  facet normal 0.401941 0 0.915666
    outer loop
      vertex -7.96011 36.4 0.459241
      vertex -7.89222 34 0.42944
      vertex -7.89222 36.4 0.42944
    endloop
  endfacet
  facet normal 0.401941 0 0.915666
    outer loop
      vertex -7.89222 34 0.42944
      vertex -7.96011 36.4 0.459241
      vertex -7.96011 34 0.459241
    endloop
  endfacet
  facet normal 0.362635 0 0.931931
    outer loop
      vertex -7.89222 36.4 0.42944
      vertex -7.82309 34 0.40254
      vertex -7.82309 36.4 0.40254
    endloop
  endfacet
  facet normal 0.362635 0 0.931931
    outer loop
      vertex -7.82309 34 0.40254
      vertex -7.89222 36.4 0.42944
      vertex -7.89222 34 0.42944
    endloop
  endfacet
  facet normal 0.322125 0 0.946697
    outer loop
      vertex -7.82309 36.4 0.40254
      vertex -7.75285 34 0.37864
      vertex -7.75285 36.4 0.37864
    endloop
  endfacet
  facet normal 0.322125 0 0.946697
    outer loop
      vertex -7.75285 34 0.37864
      vertex -7.82309 36.4 0.40254
      vertex -7.82309 34 0.40254
    endloop
  endfacet
  facet normal 0.279159 0 0.960245
    outer loop
      vertex -7.75285 36.4 0.37864
      vertex -7.68165 34 0.357941
      vertex -7.68165 36.4 0.357941
    endloop
  endfacet
  facet normal 0.279159 0 0.960245
    outer loop
      vertex -7.68165 34 0.357941
      vertex -7.75285 36.4 0.37864
      vertex -7.75285 34 0.37864
    endloop
  endfacet
  facet normal 0.237298 0 0.971437
    outer loop
      vertex -7.68165 36.4 0.357941
      vertex -7.6096 34 0.340341
      vertex -7.6096 36.4 0.340341
    endloop
  endfacet
  facet normal 0.237298 0 0.971437
    outer loop
      vertex -7.6096 34 0.340341
      vertex -7.68165 36.4 0.357941
      vertex -7.68165 34 0.357941
    endloop
  endfacet
  facet normal 0.195494 0 0.980705
    outer loop
      vertex -7.6096 36.4 0.340341
      vertex -7.53686 34 0.325841
      vertex -7.53686 36.4 0.325841
    endloop
  endfacet
  facet normal 0.195494 0 0.980705
    outer loop
      vertex -7.53686 34 0.325841
      vertex -7.6096 36.4 0.340341
      vertex -7.6096 34 0.340341
    endloop
  endfacet
  facet normal 0.152341 0 0.988328
    outer loop
      vertex -7.53686 36.4 0.325841
      vertex -7.46355 34 0.314541
      vertex -7.46355 36.4 0.314541
    endloop
  endfacet
  facet normal 0.152341 0 0.988328
    outer loop
      vertex -7.46355 34 0.314541
      vertex -7.53686 36.4 0.325841
      vertex -7.53686 34 0.325841
    endloop
  endfacet
  facet normal 0.109217 0 0.994018
    outer loop
      vertex -7.46355 36.4 0.314541
      vertex -7.38982 34 0.30644
      vertex -7.38982 36.4 0.30644
    endloop
  endfacet
  facet normal 0.109217 0 0.994018
    outer loop
      vertex -7.38982 34 0.30644
      vertex -7.46355 36.4 0.314541
      vertex -7.46355 34 0.314541
    endloop
  endfacet
  facet normal 0.0647067 0 0.997904
    outer loop
      vertex -7.38982 36.4 0.30644
      vertex -7.31581 34 0.301641
      vertex -7.31581 36.4 0.301641
    endloop
  endfacet
  facet normal 0.0647067 0 0.997904
    outer loop
      vertex -7.31581 34 0.301641
      vertex -7.38982 36.4 0.30644
      vertex -7.38982 34 0.30644
    endloop
  endfacet
  facet normal 0.0215863 0 0.999767
    outer loop
      vertex -7.31581 36.4 0.301641
      vertex -7.24166 34 0.30004
      vertex -7.24166 36.4 0.30004
    endloop
  endfacet
  facet normal 0.0215863 0 0.999767
    outer loop
      vertex -7.24166 34 0.30004
      vertex -7.31581 36.4 0.301641
      vertex -7.31581 34 0.301641
    endloop
  endfacet
  facet normal -0.0215834 0 0.999767
    outer loop
      vertex -7.24166 36.4 0.30004
      vertex -7.1675 34 0.301641
      vertex -7.1675 36.4 0.301641
    endloop
  endfacet
  facet normal -0.0215834 0 0.999767
    outer loop
      vertex -7.1675 34 0.301641
      vertex -7.24166 36.4 0.30004
      vertex -7.24166 34 0.30004
    endloop
  endfacet
  facet normal -0.0647067 0 0.997904
    outer loop
      vertex -7.1675 36.4 0.301641
      vertex -7.09349 34 0.30644
      vertex -7.09349 36.4 0.30644
    endloop
  endfacet
  facet normal -0.0647067 0 0.997904
    outer loop
      vertex -7.09349 34 0.30644
      vertex -7.1675 36.4 0.301641
      vertex -7.1675 34 0.301641
    endloop
  endfacet
  facet normal -0.109217 0 0.994018
    outer loop
      vertex -7.09349 36.4 0.30644
      vertex -7.01976 34 0.314541
      vertex -7.01976 36.4 0.314541
    endloop
  endfacet
  facet normal -0.109217 0 0.994018
    outer loop
      vertex -7.01976 34 0.314541
      vertex -7.09349 36.4 0.30644
      vertex -7.09349 34 0.30644
    endloop
  endfacet
  facet normal -0.152341 0 0.988328
    outer loop
      vertex -7.01976 36.4 0.314541
      vertex -6.94645 34 0.325841
      vertex -6.94645 36.4 0.325841
    endloop
  endfacet
  facet normal -0.152341 0 0.988328
    outer loop
      vertex -6.94645 34 0.325841
      vertex -7.01976 36.4 0.314541
      vertex -7.01976 34 0.314541
    endloop
  endfacet
  facet normal -0.195494 0 0.980705
    outer loop
      vertex -6.94645 36.4 0.325841
      vertex -6.87371 34 0.340341
      vertex -6.87371 36.4 0.340341
    endloop
  endfacet
  facet normal -0.195494 0 0.980705
    outer loop
      vertex -6.87371 34 0.340341
      vertex -6.94645 36.4 0.325841
      vertex -6.94645 34 0.325841
    endloop
  endfacet
  facet normal -0.237298 0 0.971437
    outer loop
      vertex -6.87371 36.4 0.340341
      vertex -6.80166 34 0.357941
      vertex -6.80166 36.4 0.357941
    endloop
  endfacet
  facet normal -0.237298 0 0.971437
    outer loop
      vertex -6.80166 34 0.357941
      vertex -6.87371 36.4 0.340341
      vertex -6.87371 34 0.340341
    endloop
  endfacet
  facet normal -0.279159 0 0.960245
    outer loop
      vertex -6.80166 36.4 0.357941
      vertex -6.73046 34 0.37864
      vertex -6.73046 36.4 0.37864
    endloop
  endfacet
  facet normal -0.279159 0 0.960245
    outer loop
      vertex -6.73046 34 0.37864
      vertex -6.80166 36.4 0.357941
      vertex -6.80166 34 0.357941
    endloop
  endfacet
  facet normal -0.322125 0 0.946697
    outer loop
      vertex -6.73046 36.4 0.37864
      vertex -6.66022 34 0.40254
      vertex -6.66022 36.4 0.40254
    endloop
  endfacet
  facet normal -0.322125 0 0.946697
    outer loop
      vertex -6.66022 34 0.40254
      vertex -6.73046 36.4 0.37864
      vertex -6.73046 34 0.37864
    endloop
  endfacet
  facet normal -0.362635 0 0.931931
    outer loop
      vertex -6.66022 36.4 0.40254
      vertex -6.59109 34 0.42944
      vertex -6.59109 36.4 0.42944
    endloop
  endfacet
  facet normal -0.362635 0 0.931931
    outer loop
      vertex -6.59109 34 0.42944
      vertex -6.66022 36.4 0.40254
      vertex -6.66022 34 0.40254
    endloop
  endfacet
  facet normal -0.401941 0 0.915666
    outer loop
      vertex -6.59109 36.4 0.42944
      vertex -6.5232 34 0.459241
      vertex -6.5232 36.4 0.459241
    endloop
  endfacet
  facet normal -0.401941 0 0.915666
    outer loop
      vertex -6.5232 34 0.459241
      vertex -6.59109 36.4 0.42944
      vertex -6.59109 34 0.42944
    endloop
  endfacet
  facet normal -0.442245 0 0.896894
    outer loop
      vertex -6.5232 36.4 0.459241
      vertex -6.45668 34 0.492041
      vertex -6.45668 36.4 0.492041
    endloop
  endfacet
  facet normal -0.442245 0 0.896894
    outer loop
      vertex -6.45668 34 0.492041
      vertex -6.5232 36.4 0.459241
      vertex -6.5232 34 0.459241
    endloop
  endfacet
  facet normal -0.48122 0 0.8766
    outer loop
      vertex -6.45668 36.4 0.492041
      vertex -6.39165 34 0.52774
      vertex -6.39165 36.4 0.52774
    endloop
  endfacet
  facet normal -0.48122 0 0.8766
    outer loop
      vertex -6.39165 34 0.52774
      vertex -6.45668 36.4 0.492041
      vertex -6.45668 34 0.492041
    endloop
  endfacet
  facet normal -0.519048 0 0.854745
    outer loop
      vertex -6.39165 36.4 0.52774
      vertex -6.32825 34 0.56624
      vertex -6.32825 36.4 0.56624
    endloop
  endfacet
  facet normal -0.519048 0 0.854745
    outer loop
      vertex -6.32825 34 0.56624
      vertex -6.39165 36.4 0.52774
      vertex -6.39165 34 0.52774
    endloop
  endfacet
  facet normal -0.555518 0 0.831504
    outer loop
      vertex -6.32825 36.4 0.56624
      vertex -6.26658 34 0.607441
      vertex -6.26658 36.4 0.607441
    endloop
  endfacet
  facet normal -0.555518 0 0.831504
    outer loop
      vertex -6.26658 34 0.607441
      vertex -6.32825 36.4 0.56624
      vertex -6.32825 34 0.56624
    endloop
  endfacet
  facet normal -0.591635 0 0.806206
    outer loop
      vertex -6.26658 36.4 0.607441
      vertex -6.20676 34 0.65134
      vertex -6.20676 36.4 0.65134
    endloop
  endfacet
  facet normal -0.591635 0 0.806206
    outer loop
      vertex -6.20676 34 0.65134
      vertex -6.26658 36.4 0.607441
      vertex -6.26658 34 0.607441
    endloop
  endfacet
  facet normal -0.625755 0 0.780019
    outer loop
      vertex -6.20676 36.4 0.65134
      vertex -6.14892 34 0.697741
      vertex -6.14892 36.4 0.697741
    endloop
  endfacet
  facet normal -0.625755 0 0.780019
    outer loop
      vertex -6.14892 34 0.697741
      vertex -6.20676 36.4 0.65134
      vertex -6.20676 34 0.65134
    endloop
  endfacet
  facet normal -0.65927 0 0.751906
    outer loop
      vertex -6.14892 36.4 0.697741
      vertex -6.09315 34 0.74664
      vertex -6.09315 36.4 0.74664
    endloop
  endfacet
  facet normal -0.65927 0 0.751906
    outer loop
      vertex -6.09315 34 0.74664
      vertex -6.14892 36.4 0.697741
      vertex -6.14892 34 0.697741
    endloop
  endfacet
  facet normal -0.691571 0 0.722308
    outer loop
      vertex -6.09315 36.4 0.74664
      vertex -6.03957 34 0.79794
      vertex -6.03957 36.4 0.79794
    endloop
  endfacet
  facet normal -0.691571 0 0.722308
    outer loop
      vertex -6.03957 34 0.79794
      vertex -6.09315 36.4 0.74664
      vertex -6.09315 34 0.74664
    endloop
  endfacet
  facet normal -0.722511 0 0.69136
    outer loop
      vertex -6.03957 34 0.79794
      vertex -5.98828 36.4 0.851541
      vertex -6.03957 36.4 0.79794
    endloop
  endfacet
  facet normal -0.722511 0 0.69136
    outer loop
      vertex -5.98828 36.4 0.851541
      vertex -6.03957 34 0.79794
      vertex -5.98828 34 0.851541
    endloop
  endfacet
  facet normal -0.751489 0 0.659745
    outer loop
      vertex -5.98828 34 0.851541
      vertex -5.93938 36.4 0.907241
      vertex -5.98828 36.4 0.851541
    endloop
  endfacet
  facet normal -0.751489 0 0.659745
    outer loop
      vertex -5.93938 36.4 0.907241
      vertex -5.98828 34 0.851541
      vertex -5.93938 34 0.907241
    endloop
  endfacet
  facet normal -0.78014 0 0.625605
    outer loop
      vertex -5.93938 34 0.907241
      vertex -5.89295 36.4 0.96514
      vertex -5.93938 36.4 0.907241
    endloop
  endfacet
  facet normal -0.78014 0 0.625605
    outer loop
      vertex -5.89295 36.4 0.96514
      vertex -5.93938 34 0.907241
      vertex -5.89295 34 0.96514
    endloop
  endfacet
  facet normal -0.779617 0 -0.626256
    outer loop
      vertex -5.89295 34 3.03494
      vertex -5.93938 36.4 3.09274
      vertex -5.89295 36.4 3.03494
    endloop
  endfacet
  facet normal -0.779617 -0 -0.626256
    outer loop
      vertex -5.93938 36.4 3.09274
      vertex -5.89295 34 3.03494
      vertex -5.93938 34 3.09274
    endloop
  endfacet
  facet normal -0.752076 0 -0.659077
    outer loop
      vertex -5.93938 34 3.09274
      vertex -5.98828 36.4 3.14854
      vertex -5.93938 36.4 3.09274
    endloop
  endfacet
  facet normal -0.752076 -0 -0.659077
    outer loop
      vertex -5.98828 36.4 3.14854
      vertex -5.93938 34 3.09274
      vertex -5.98828 34 3.14854
    endloop
  endfacet
  facet normal -0.721859 0 -0.69204
    outer loop
      vertex -5.98828 34 3.14854
      vertex -6.03957 36.4 3.20204
      vertex -5.98828 36.4 3.14854
    endloop
  endfacet
  facet normal -0.721859 -0 -0.69204
    outer loop
      vertex -6.03957 36.4 3.20204
      vertex -5.98828 34 3.14854
      vertex -6.03957 34 3.20204
    endloop
  endfacet
  facet normal -0.691571 0 -0.722308
    outer loop
      vertex -6.09315 34 3.25334
      vertex -6.03957 36.4 3.20204
      vertex -6.03957 34 3.20204
    endloop
  endfacet
  facet normal -0.691571 0 -0.722308
    outer loop
      vertex -6.03957 36.4 3.20204
      vertex -6.09315 34 3.25334
      vertex -6.09315 36.4 3.25334
    endloop
  endfacet
  facet normal -0.659277 0 -0.7519
    outer loop
      vertex -6.14892 34 3.30224
      vertex -6.09315 36.4 3.25334
      vertex -6.09315 34 3.25334
    endloop
  endfacet
  facet normal -0.659277 0 -0.7519
    outer loop
      vertex -6.09315 36.4 3.25334
      vertex -6.14892 34 3.30224
      vertex -6.14892 36.4 3.30224
    endloop
  endfacet
  facet normal -0.626567 0 -0.779368
    outer loop
      vertex -6.20676 34 3.34874
      vertex -6.14892 36.4 3.30224
      vertex -6.14892 34 3.30224
    endloop
  endfacet
  facet normal -0.626567 0 -0.779368
    outer loop
      vertex -6.14892 36.4 3.30224
      vertex -6.20676 34 3.34874
      vertex -6.20676 36.4 3.34874
    endloop
  endfacet
  facet normal -0.590767 0 -0.806842
    outer loop
      vertex -6.26658 34 3.39254
      vertex -6.20676 36.4 3.34874
      vertex -6.20676 34 3.34874
    endloop
  endfacet
  facet normal -0.590767 0 -0.806842
    outer loop
      vertex -6.20676 36.4 3.34874
      vertex -6.26658 34 3.39254
      vertex -6.26658 36.4 3.39254
    endloop
  endfacet
  facet normal -0.555509 0 -0.831511
    outer loop
      vertex -6.32825 34 3.43374
      vertex -6.26658 36.4 3.39254
      vertex -6.26658 34 3.39254
    endloop
  endfacet
  facet normal -0.555509 0 -0.831511
    outer loop
      vertex -6.26658 36.4 3.39254
      vertex -6.32825 34 3.43374
      vertex -6.32825 36.4 3.43374
    endloop
  endfacet
  facet normal -0.519048 0 -0.854745
    outer loop
      vertex -6.39165 34 3.47224
      vertex -6.32825 36.4 3.43374
      vertex -6.32825 34 3.43374
    endloop
  endfacet
  facet normal -0.519048 0 -0.854745
    outer loop
      vertex -6.32825 36.4 3.43374
      vertex -6.39165 34 3.47224
      vertex -6.39165 36.4 3.47224
    endloop
  endfacet
  facet normal -0.48123 0 -0.876594
    outer loop
      vertex -6.45668 34 3.50794
      vertex -6.39165 36.4 3.47224
      vertex -6.39165 34 3.47224
    endloop
  endfacet
  facet normal -0.48123 0 -0.876594
    outer loop
      vertex -6.39165 36.4 3.47224
      vertex -6.45668 34 3.50794
      vertex -6.45668 36.4 3.50794
    endloop
  endfacet
  facet normal -0.442245 0 -0.896894
    outer loop
      vertex -6.5232 34 3.54074
      vertex -6.45668 36.4 3.50794
      vertex -6.45668 34 3.50794
    endloop
  endfacet
  facet normal -0.442245 0 -0.896894
    outer loop
      vertex -6.45668 36.4 3.50794
      vertex -6.5232 34 3.54074
      vertex -6.5232 36.4 3.54074
    endloop
  endfacet
  facet normal -0.403059 0 -0.915174
    outer loop
      vertex -6.59109 34 3.57064
      vertex -6.5232 36.4 3.54074
      vertex -6.5232 34 3.54074
    endloop
  endfacet
  facet normal -0.403059 0 -0.915174
    outer loop
      vertex -6.5232 36.4 3.54074
      vertex -6.59109 34 3.57064
      vertex -6.59109 36.4 3.57064
    endloop
  endfacet
  facet normal -0.361463 0 -0.932386
    outer loop
      vertex -6.66022 34 3.59744
      vertex -6.59109 36.4 3.57064
      vertex -6.59109 34 3.57064
    endloop
  endfacet
  facet normal -0.361463 0 -0.932386
    outer loop
      vertex -6.59109 36.4 3.57064
      vertex -6.66022 34 3.59744
      vertex -6.66022 36.4 3.59744
    endloop
  endfacet
  facet normal -0.322125 0 -0.946697
    outer loop
      vertex -6.73046 34 3.62134
      vertex -6.66022 36.4 3.59744
      vertex -6.66022 34 3.59744
    endloop
  endfacet
  facet normal -0.322125 0 -0.946697
    outer loop
      vertex -6.66022 36.4 3.59744
      vertex -6.73046 34 3.62134
      vertex -6.73046 36.4 3.62134
    endloop
  endfacet
  facet normal -0.279171 0 -0.960241
    outer loop
      vertex -6.80166 34 3.64204
      vertex -6.73046 36.4 3.62134
      vertex -6.73046 34 3.62134
    endloop
  endfacet
  facet normal -0.279171 0 -0.960241
    outer loop
      vertex -6.73046 36.4 3.62134
      vertex -6.80166 34 3.64204
      vertex -6.80166 36.4 3.64204
    endloop
  endfacet
  facet normal -0.238569 0 -0.971125
    outer loop
      vertex -6.87371 34 3.65974
      vertex -6.80166 36.4 3.64204
      vertex -6.80166 34 3.64204
    endloop
  endfacet
  facet normal -0.238569 0 -0.971125
    outer loop
      vertex -6.80166 36.4 3.64204
      vertex -6.87371 34 3.65974
      vertex -6.87371 36.4 3.65974
    endloop
  endfacet
  facet normal -0.194197 0 -0.980963
    outer loop
      vertex -6.94645 34 3.67414
      vertex -6.87371 36.4 3.65974
      vertex -6.87371 34 3.65974
    endloop
  endfacet
  facet normal -0.194197 0 -0.980963
    outer loop
      vertex -6.87371 36.4 3.65974
      vertex -6.94645 34 3.67414
      vertex -6.94645 36.4 3.67414
    endloop
  endfacet
  facet normal -0.152341 0 -0.988328
    outer loop
      vertex -7.01976 34 3.68544
      vertex -6.94645 36.4 3.67414
      vertex -6.94645 34 3.67414
    endloop
  endfacet
  facet normal -0.152341 0 -0.988328
    outer loop
      vertex -6.94645 36.4 3.67414
      vertex -7.01976 34 3.68544
      vertex -7.01976 36.4 3.68544
    endloop
  endfacet
  facet normal -0.109203 0 -0.994019
    outer loop
      vertex -7.09349 34 3.69354
      vertex -7.01976 36.4 3.68544
      vertex -7.01976 34 3.68544
    endloop
  endfacet
  facet normal -0.109203 0 -0.994019
    outer loop
      vertex -7.01976 36.4 3.68544
      vertex -7.09349 34 3.69354
      vertex -7.09349 36.4 3.69354
    endloop
  endfacet
  facet normal -0.0647201 0 -0.997903
    outer loop
      vertex -7.1675 34 3.69834
      vertex -7.09349 36.4 3.69354
      vertex -7.09349 34 3.69354
    endloop
  endfacet
  facet normal -0.0647201 0 -0.997903
    outer loop
      vertex -7.09349 36.4 3.69354
      vertex -7.1675 34 3.69834
      vertex -7.1675 36.4 3.69834
    endloop
  endfacet
  facet normal -0.0229174 0 -0.999737
    outer loop
      vertex -7.24166 34 3.70004
      vertex -7.1675 36.4 3.69834
      vertex -7.1675 34 3.69834
    endloop
  endfacet
  facet normal -0.0229174 0 -0.999737
    outer loop
      vertex -7.1675 36.4 3.69834
      vertex -7.24166 34 3.70004
      vertex -7.24166 36.4 3.70004
    endloop
  endfacet
  facet normal 0.0229205 0 -0.999737
    outer loop
      vertex -7.31581 34 3.69834
      vertex -7.24166 36.4 3.70004
      vertex -7.24166 34 3.70004
    endloop
  endfacet
  facet normal 0.0229205 0 -0.999737
    outer loop
      vertex -7.24166 36.4 3.70004
      vertex -7.31581 34 3.69834
      vertex -7.31581 36.4 3.69834
    endloop
  endfacet
  facet normal 0.0647201 0 -0.997903
    outer loop
      vertex -7.38982 34 3.69354
      vertex -7.31581 36.4 3.69834
      vertex -7.31581 34 3.69834
    endloop
  endfacet
  facet normal 0.0647201 0 -0.997903
    outer loop
      vertex -7.31581 36.4 3.69834
      vertex -7.38982 34 3.69354
      vertex -7.38982 36.4 3.69354
    endloop
  endfacet
  facet normal 0.109203 0 -0.994019
    outer loop
      vertex -7.46355 34 3.68544
      vertex -7.38982 36.4 3.69354
      vertex -7.38982 34 3.69354
    endloop
  endfacet
  facet normal 0.109203 0 -0.994019
    outer loop
      vertex -7.38982 36.4 3.69354
      vertex -7.46355 34 3.68544
      vertex -7.46355 36.4 3.68544
    endloop
  endfacet
  facet normal 0.152341 0 -0.988328
    outer loop
      vertex -7.53686 34 3.67414
      vertex -7.46355 36.4 3.68544
      vertex -7.46355 34 3.68544
    endloop
  endfacet
  facet normal 0.152341 0 -0.988328
    outer loop
      vertex -7.46355 36.4 3.68544
      vertex -7.53686 34 3.67414
      vertex -7.53686 36.4 3.67414
    endloop
  endfacet
  facet normal 0.194197 0 -0.980963
    outer loop
      vertex -7.6096 34 3.65974
      vertex -7.53686 36.4 3.67414
      vertex -7.53686 34 3.67414
    endloop
  endfacet
  facet normal 0.194197 0 -0.980963
    outer loop
      vertex -7.53686 36.4 3.67414
      vertex -7.6096 34 3.65974
      vertex -7.6096 36.4 3.65974
    endloop
  endfacet
  facet normal 0.238569 0 -0.971125
    outer loop
      vertex -7.68165 34 3.64204
      vertex -7.6096 36.4 3.65974
      vertex -7.6096 34 3.65974
    endloop
  endfacet
  facet normal 0.238569 0 -0.971125
    outer loop
      vertex -7.6096 36.4 3.65974
      vertex -7.68165 34 3.64204
      vertex -7.68165 36.4 3.64204
    endloop
  endfacet
  facet normal 0.279171 0 -0.960241
    outer loop
      vertex -7.75285 34 3.62134
      vertex -7.68165 36.4 3.64204
      vertex -7.68165 34 3.64204
    endloop
  endfacet
  facet normal 0.279171 0 -0.960241
    outer loop
      vertex -7.68165 36.4 3.64204
      vertex -7.75285 34 3.62134
      vertex -7.75285 36.4 3.62134
    endloop
  endfacet
  facet normal 0.322125 0 -0.946697
    outer loop
      vertex -7.82309 34 3.59744
      vertex -7.75285 36.4 3.62134
      vertex -7.75285 34 3.62134
    endloop
  endfacet
  facet normal 0.322125 0 -0.946697
    outer loop
      vertex -7.75285 36.4 3.62134
      vertex -7.82309 34 3.59744
      vertex -7.82309 36.4 3.59744
    endloop
  endfacet
  facet normal 0.361463 0 -0.932386
    outer loop
      vertex -7.89222 34 3.57064
      vertex -7.82309 36.4 3.59744
      vertex -7.82309 34 3.59744
    endloop
  endfacet
  facet normal 0.361463 0 -0.932386
    outer loop
      vertex -7.82309 36.4 3.59744
      vertex -7.89222 34 3.57064
      vertex -7.89222 36.4 3.57064
    endloop
  endfacet
  facet normal 0.403059 0 -0.915174
    outer loop
      vertex -7.96011 34 3.54074
      vertex -7.89222 36.4 3.57064
      vertex -7.89222 34 3.57064
    endloop
  endfacet
  facet normal 0.403059 0 -0.915174
    outer loop
      vertex -7.89222 36.4 3.57064
      vertex -7.96011 34 3.54074
      vertex -7.96011 36.4 3.54074
    endloop
  endfacet
  facet normal 0.442245 0 -0.896894
    outer loop
      vertex -8.02663 34 3.50794
      vertex -7.96011 36.4 3.54074
      vertex -7.96011 34 3.54074
    endloop
  endfacet
  facet normal 0.442245 0 -0.896894
    outer loop
      vertex -7.96011 36.4 3.54074
      vertex -8.02663 34 3.50794
      vertex -8.02663 36.4 3.50794
    endloop
  endfacet
  facet normal 0.481287 0 -0.876563
    outer loop
      vertex -8.09165 34 3.47224
      vertex -8.02663 36.4 3.50794
      vertex -8.02663 34 3.50794
    endloop
  endfacet
  facet normal 0.481287 0 -0.876563
    outer loop
      vertex -8.02663 36.4 3.50794
      vertex -8.09165 34 3.47224
      vertex -8.09165 36.4 3.47224
    endloop
  endfacet
  facet normal 0.518989 0 -0.854781
    outer loop
      vertex -8.15506 34 3.43374
      vertex -8.09165 36.4 3.47224
      vertex -8.09165 34 3.47224
    endloop
  endfacet
  facet normal 0.518989 0 -0.854781
    outer loop
      vertex -8.09165 36.4 3.47224
      vertex -8.15506 34 3.43374
      vertex -8.15506 36.4 3.43374
    endloop
  endfacet
  facet normal 0.555509 0 -0.831511
    outer loop
      vertex -8.21673 34 3.39254
      vertex -8.15506 36.4 3.43374
      vertex -8.15506 34 3.43374
    endloop
  endfacet
  facet normal 0.555509 0 -0.831511
    outer loop
      vertex -8.15506 36.4 3.43374
      vertex -8.21673 34 3.39254
      vertex -8.21673 36.4 3.39254
    endloop
  endfacet
  facet normal 0.590767 0 -0.806842
    outer loop
      vertex -8.27655 34 3.34874
      vertex -8.21673 36.4 3.39254
      vertex -8.21673 34 3.39254
    endloop
  endfacet
  facet normal 0.590767 0 -0.806842
    outer loop
      vertex -8.21673 36.4 3.39254
      vertex -8.27655 34 3.34874
      vertex -8.27655 36.4 3.34874
    endloop
  endfacet
  facet normal 0.626567 0 -0.779368
    outer loop
      vertex -8.33439 34 3.30224
      vertex -8.27655 36.4 3.34874
      vertex -8.27655 34 3.34874
    endloop
  endfacet
  facet normal 0.626567 0 -0.779368
    outer loop
      vertex -8.27655 36.4 3.34874
      vertex -8.33439 34 3.30224
      vertex -8.33439 36.4 3.30224
    endloop
  endfacet
  facet normal 0.659277 0 -0.7519
    outer loop
      vertex -8.39016 34 3.25334
      vertex -8.33439 36.4 3.30224
      vertex -8.33439 34 3.30224
    endloop
  endfacet
  facet normal 0.659277 0 -0.7519
    outer loop
      vertex -8.33439 36.4 3.30224
      vertex -8.39016 34 3.25334
      vertex -8.39016 36.4 3.25334
    endloop
  endfacet
  facet normal 0.691571 0 -0.722308
    outer loop
      vertex -8.44374 34 3.20204
      vertex -8.39016 36.4 3.25334
      vertex -8.39016 34 3.25334
    endloop
  endfacet
  facet normal 0.691571 0 -0.722308
    outer loop
      vertex -8.39016 36.4 3.25334
      vertex -8.44374 34 3.20204
      vertex -8.44374 36.4 3.20204
    endloop
  endfacet
  facet normal 0.721859 0 -0.69204
    outer loop
      vertex -8.44374 34 3.20204
      vertex -8.49503 36.4 3.14854
      vertex -8.44374 36.4 3.20204
    endloop
  endfacet
  facet normal 0.721859 0 -0.69204
    outer loop
      vertex -8.49503 36.4 3.14854
      vertex -8.44374 34 3.20204
      vertex -8.49503 34 3.14854
    endloop
  endfacet
  facet normal 0.752076 0 -0.659077
    outer loop
      vertex -8.49503 34 3.14854
      vertex -8.54393 36.4 3.09274
      vertex -8.49503 36.4 3.14854
    endloop
  endfacet
  facet normal 0.752076 0 -0.659077
    outer loop
      vertex -8.54393 36.4 3.09274
      vertex -8.49503 34 3.14854
      vertex -8.54393 34 3.09274
    endloop
  endfacet
  facet normal 0.779617 0 -0.626256
    outer loop
      vertex -8.54393 34 3.09274
      vertex -8.59036 36.4 3.03494
      vertex -8.54393 36.4 3.09274
    endloop
  endfacet
  facet normal 0.779617 0 -0.626256
    outer loop
      vertex -8.59036 36.4 3.03494
      vertex -8.54393 34 3.09274
      vertex -8.59036 34 3.03494
    endloop
  endfacet
  facet normal 0 0 1
    outer loop
      vertex 4.60001 36.493 0.50004
      vertex 5.6 36.5 0.50004
      vertex 4.60172 36.586 0.50004
    endloop
  endfacet
  facet normal 0 0 1
    outer loop
      vertex 5.6 36.5 0.50004
      vertex 4.60001 36.493 0.50004
      vertex 4.60233 36.4 0.50004
    endloop
  endfacet
  facet normal 0 0 1
    outer loop
      vertex 8.899 36.5644 0.50004
      vertex 7.89891 36.5502 0.50004
      vertex 7.9 36.5 0.50004
    endloop
  endfacet
  facet normal 0 0 1
    outer loop
      vertex 8.0207 38.2343 0.50004
      vertex 7.89563 36.6003 0.50004
      vertex 7.89891 36.5502 0.50004
    endloop
  endfacet
  facet normal 0 0 1
    outer loop
      vertex 8.0207 38.2343 0.50004
      vertex 7.89016 36.6501 0.50004
      vertex 7.89563 36.6003 0.50004
    endloop
  endfacet
  facet normal 0 0 1
    outer loop
      vertex 8.0207 38.2343 0.50004
      vertex 7.88253 36.6997 0.50004
      vertex 7.89016 36.6501 0.50004
    endloop
  endfacet
  facet normal 0 0 1
    outer loop
      vertex 8.0207 38.2343 0.50004
      vertex 7.87274 36.7489 0.50004
      vertex 7.88253 36.6997 0.50004
    endloop
  endfacet
  facet normal 0 0 1
    outer loop
      vertex 7.3679 37.4699 0.50004
      vertex 7.94454 38.2877 0.50004
      vertex 7.86611 38.3377 0.50004
    endloop
  endfacet
  facet normal 0 0 1
    outer loop
      vertex 8.0207 38.2343 0.50004
      vertex 7.86082 36.7977 0.50004
      vertex 7.87274 36.7489 0.50004
    endloop
  endfacet
  facet normal 0 0 1
    outer loop
      vertex 8.0207 38.2343 0.50004
      vertex 7.84678 36.8459 0.50004
      vertex 7.86082 36.7977 0.50004
    endloop
  endfacet
  facet normal 0 0 1
    outer loop
      vertex 8.0207 38.2343 0.50004
      vertex 7.83065 36.8934 0.50004
      vertex 7.84678 36.8459 0.50004
    endloop
  endfacet
  facet normal 0 0 1
    outer loop
      vertex 8.0207 38.2343 0.50004
      vertex 7.81246 36.9401 0.50004
      vertex 7.83065 36.8934 0.50004
    endloop
  endfacet
  facet normal 0 0 1
    outer loop
      vertex 8.0207 38.2343 0.50004
      vertex 7.79226 36.9861 0.50004
      vertex 7.81246 36.9401 0.50004
    endloop
  endfacet
  facet normal 0 0 1
    outer loop
      vertex 7.325 37.496 0.50004
      vertex 7.86611 38.3377 0.50004
      vertex 7.78559 38.3842 0.50004
    endloop
  endfacet
  facet normal 0 0 1
    outer loop
      vertex 8.0207 38.2343 0.50004
      vertex 7.77006 37.0311 0.50004
      vertex 7.79226 36.9861 0.50004
    endloop
  endfacet
  facet normal 0 0 1
    outer loop
      vertex 8.0207 38.2343 0.50004
      vertex 7.74593 37.075 0.50004
      vertex 7.77006 37.0311 0.50004
    endloop
  endfacet
  facet normal 0 0 1
    outer loop
      vertex 8.0207 38.2343 0.50004
      vertex 7.7199 37.1179 0.50004
      vertex 7.74593 37.075 0.50004
    endloop
  endfacet
  facet normal 0 0 1
    outer loop
      vertex 7.28101 37.5201 0.50004
      vertex 7.78559 38.3842 0.50004
      vertex 7.70313 38.4272 0.50004
    endloop
  endfacet
  facet normal 0 0 1
    outer loop
      vertex 8.0207 38.2343 0.50004
      vertex 7.69203 37.1597 0.50004
      vertex 7.7199 37.1179 0.50004
    endloop
  endfacet
  facet normal 0 0 1
    outer loop
      vertex 8.0207 38.2343 0.50004
      vertex 7.66236 37.2001 0.50004
      vertex 7.69203 37.1597 0.50004
    endloop
  endfacet
  facet normal 0 0 1
    outer loop
      vertex 8.0207 38.2343 0.50004
      vertex 7.63095 37.2392 0.50004
      vertex 7.66236 37.2001 0.50004
    endloop
  endfacet
  facet normal 0 0 1
    outer loop
      vertex 7.23601 37.5423 0.50004
      vertex 7.70313 38.4272 0.50004
      vertex 7.61889 38.4666 0.50004
    endloop
  endfacet
  facet normal 0 0 1
    outer loop
      vertex 8.0207 38.2343 0.50004
      vertex 7.59787 37.277 0.50004
      vertex 7.63095 37.2392 0.50004
    endloop
  endfacet
  facet normal 0 0 1
    outer loop
      vertex 8.0207 38.2343 0.50004
      vertex 7.56318 37.3132 0.50004
      vertex 7.59787 37.277 0.50004
    endloop
  endfacet
  facet normal 0 0 1
    outer loop
      vertex 7.19009 37.5625 0.50004
      vertex 7.61889 38.4666 0.50004
      vertex 7.53302 38.5024 0.50004
    endloop
  endfacet
  facet normal 0 0 1
    outer loop
      vertex 8.0207 38.2343 0.50004
      vertex 7.52693 37.3479 0.50004
      vertex 7.56318 37.3132 0.50004
    endloop
  endfacet
  facet normal 0 0 1
    outer loop
      vertex 8.0207 38.2343 0.50004
      vertex 7.48921 37.381 0.50004
      vertex 7.52693 37.3479 0.50004
    endloop
  endfacet
  facet normal 0 0 1
    outer loop
      vertex 8.0207 38.2343 0.50004
      vertex 7.45008 37.4124 0.50004
      vertex 7.48921 37.381 0.50004
    endloop
  endfacet
  facet normal 0 0 1
    outer loop
      vertex 7.14333 37.5807 0.50004
      vertex 7.53302 38.5024 0.50004
      vertex 7.44569 38.5344 0.50004
    endloop
  endfacet
  facet normal 0 0 1
    outer loop
      vertex 8.0207 38.2343 0.50004
      vertex 7.40961 37.4421 0.50004
      vertex 7.45008 37.4124 0.50004
    endloop
  endfacet
  facet normal 0 0 1
    outer loop
      vertex 7.94454 38.2877 0.50004
      vertex 7.3679 37.4699 0.50004
      vertex 7.40961 37.4421 0.50004
    endloop
  endfacet
  facet normal 0 0 1
    outer loop
      vertex 7.09581 37.5968 0.50004
      vertex 7.44569 38.5344 0.50004
      vertex 7.35705 38.5626 0.50004
    endloop
  endfacet
  facet normal 0 0 1
    outer loop
      vertex 7.86611 38.3377 0.50004
      vertex 7.325 37.496 0.50004
      vertex 7.3679 37.4699 0.50004
    endloop
  endfacet
  facet normal 0 0 1
    outer loop
      vertex 7.78559 38.3842 0.50004
      vertex 7.28101 37.5201 0.50004
      vertex 7.325 37.496 0.50004
    endloop
  endfacet
  facet normal 0 0 1
    outer loop
      vertex 7.04764 37.6108 0.50004
      vertex 7.35705 38.5626 0.50004
      vertex 7.26728 38.5869 0.50004
    endloop
  endfacet
  facet normal 0 0 1
    outer loop
      vertex 7.70313 38.4272 0.50004
      vertex 7.23601 37.5423 0.50004
      vertex 7.28101 37.5201 0.50004
    endloop
  endfacet
  facet normal 0 0 1
    outer loop
      vertex 7.61889 38.4666 0.50004
      vertex 7.19009 37.5625 0.50004
      vertex 7.23601 37.5423 0.50004
    endloop
  endfacet
  facet normal 0 0 1
    outer loop
      vertex 6.99891 37.6228 0.50004
      vertex 7.26728 38.5869 0.50004
      vertex 7.17654 38.6073 0.50004
    endloop
  endfacet
  facet normal 0 0 1
    outer loop
      vertex 7.53302 38.5024 0.50004
      vertex 7.14333 37.5807 0.50004
      vertex 7.19009 37.5625 0.50004
    endloop
  endfacet
  facet normal 0 0 1
    outer loop
      vertex 7.44569 38.5344 0.50004
      vertex 7.09581 37.5968 0.50004
      vertex 7.14333 37.5807 0.50004
    endloop
  endfacet
  facet normal 0 0 1
    outer loop
      vertex 6.9497 37.6326 0.50004
      vertex 7.17654 38.6073 0.50004
      vertex 7.08501 38.6238 0.50004
    endloop
  endfacet
  facet normal 0 0 1
    outer loop
      vertex 7.35705 38.5626 0.50004
      vertex 7.04764 37.6108 0.50004
      vertex 7.09581 37.5968 0.50004
    endloop
  endfacet
  facet normal 0 0 1
    outer loop
      vertex 7.26728 38.5869 0.50004
      vertex 6.99891 37.6228 0.50004
      vertex 7.04764 37.6108 0.50004
    endloop
  endfacet
  facet normal 0 0 1
    outer loop
      vertex 6.90011 37.6402 0.50004
      vertex 7.08501 38.6238 0.50004
      vertex 6.99284 38.6363 0.50004
    endloop
  endfacet
  facet normal 0 0 1
    outer loop
      vertex 7.17654 38.6073 0.50004
      vertex 6.9497 37.6326 0.50004
      vertex 6.99891 37.6228 0.50004
    endloop
  endfacet
  facet normal 0 0 1
    outer loop
      vertex 6.85023 37.6457 0.50004
      vertex 6.99284 38.6363 0.50004
      vertex 6.90022 38.6448 0.50004
    endloop
  endfacet
  facet normal 0 0 1
    outer loop
      vertex 7.08501 38.6238 0.50004
      vertex 6.90011 37.6402 0.50004
      vertex 6.9497 37.6326 0.50004
    endloop
  endfacet
  facet normal 0 0 1
    outer loop
      vertex 6.99284 38.6363 0.50004
      vertex 6.85023 37.6457 0.50004
      vertex 6.90011 37.6402 0.50004
    endloop
  endfacet
  facet normal 0 0 1
    outer loop
      vertex 6.80016 37.6489 0.50004
      vertex 6.90022 38.6448 0.50004
      vertex 6.80732 38.6493 0.50004
    endloop
  endfacet
  facet normal 0 0 1
    outer loop
      vertex 6.90022 38.6448 0.50004
      vertex 6.80016 37.6489 0.50004
      vertex 6.85023 37.6457 0.50004
    endloop
  endfacet
  facet normal 0 0 1
    outer loop
      vertex 6.80732 38.6493 0.50004
      vertex 6.75 37.65 0.50004
      vertex 6.80016 37.6489 0.50004
    endloop
  endfacet
  facet normal 0 0 1
    outer loop
      vertex 6.71432 38.6497 0.50004
      vertex 6.75 37.65 0.50004
      vertex 6.80732 38.6493 0.50004
    endloop
  endfacet
  facet normal 0 0 1
    outer loop
      vertex 6.71432 38.6497 0.50004
      vertex 6.69984 37.6489 0.50004
      vertex 6.75 37.65 0.50004
    endloop
  endfacet
  facet normal -0 0 1
    outer loop
      vertex 6.62138 38.6462 0.50004
      vertex 6.69984 37.6489 0.50004
      vertex 6.71432 38.6497 0.50004
    endloop
  endfacet
  facet normal 0 0 1
    outer loop
      vertex 6.69984 37.6489 0.50004
      vertex 6.62138 38.6462 0.50004
      vertex 6.64977 37.6457 0.50004
    endloop
  endfacet
  facet normal -0 0 1
    outer loop
      vertex 6.52868 38.6386 0.50004
      vertex 6.64977 37.6457 0.50004
      vertex 6.62138 38.6462 0.50004
    endloop
  endfacet
  facet normal 0 0 1
    outer loop
      vertex 6.64977 37.6457 0.50004
      vertex 6.52868 38.6386 0.50004
      vertex 6.5999 37.6402 0.50004
    endloop
  endfacet
  facet normal -0 0 1
    outer loop
      vertex 6.43639 38.627 0.50004
      vertex 6.5999 37.6402 0.50004
      vertex 6.52868 38.6386 0.50004
    endloop
  endfacet
  facet normal 0 0 1
    outer loop
      vertex 6.5999 37.6402 0.50004
      vertex 6.43639 38.627 0.50004
      vertex 6.55031 37.6326 0.50004
    endloop
  endfacet
  facet normal -0 0 1
    outer loop
      vertex 6.3447 38.6115 0.50004
      vertex 6.55031 37.6326 0.50004
      vertex 6.43639 38.627 0.50004
    endloop
  endfacet
  facet normal 0 0 1
    outer loop
      vertex 6.55031 37.6326 0.50004
      vertex 6.3447 38.6115 0.50004
      vertex 6.5011 37.6228 0.50004
    endloop
  endfacet
  facet normal -0 0 1
    outer loop
      vertex 6.25376 38.592 0.50004
      vertex 6.5011 37.6228 0.50004
      vertex 6.3447 38.6115 0.50004
    endloop
  endfacet
  facet normal 0 0 1
    outer loop
      vertex 6.5011 37.6228 0.50004
      vertex 6.25376 38.592 0.50004
      vertex 6.45236 37.6108 0.50004
    endloop
  endfacet
  facet normal -0 0 1
    outer loop
      vertex 6.16374 38.5686 0.50004
      vertex 6.45236 37.6108 0.50004
      vertex 6.25376 38.592 0.50004
    endloop
  endfacet
  facet normal 0 0 1
    outer loop
      vertex 6.45236 37.6108 0.50004
      vertex 6.16374 38.5686 0.50004
      vertex 6.40419 37.5968 0.50004
    endloop
  endfacet
  facet normal -0 0 1
    outer loop
      vertex 6.07483 38.5413 0.50004
      vertex 6.40419 37.5968 0.50004
      vertex 6.16374 38.5686 0.50004
    endloop
  endfacet
  facet normal 0 0 1
    outer loop
      vertex 6.40419 37.5968 0.50004
      vertex 6.07483 38.5413 0.50004
      vertex 6.35668 37.5807 0.50004
    endloop
  endfacet
  facet normal -0 0 1
    outer loop
      vertex 5.98718 38.5102 0.50004
      vertex 6.35668 37.5807 0.50004
      vertex 6.07483 38.5413 0.50004
    endloop
  endfacet
  facet normal 0 0 1
    outer loop
      vertex 6.35668 37.5807 0.50004
      vertex 5.98718 38.5102 0.50004
      vertex 6.30992 37.5625 0.50004
    endloop
  endfacet
  facet normal -0 0 1
    outer loop
      vertex 5.90096 38.4753 0.50004
      vertex 6.30992 37.5625 0.50004
      vertex 5.98718 38.5102 0.50004
    endloop
  endfacet
  facet normal 0 0 1
    outer loop
      vertex 6.30992 37.5625 0.50004
      vertex 5.90096 38.4753 0.50004
      vertex 6.26399 37.5423 0.50004
    endloop
  endfacet
  facet normal -0 0 1
    outer loop
      vertex 5.81632 38.4367 0.50004
      vertex 6.26399 37.5423 0.50004
      vertex 5.90096 38.4753 0.50004
    endloop
  endfacet
  facet normal 0 0 1
    outer loop
      vertex 6.26399 37.5423 0.50004
      vertex 5.81632 38.4367 0.50004
      vertex 6.21899 37.5201 0.50004
    endloop
  endfacet
  facet normal -0 0 1
    outer loop
      vertex 5.73344 38.3945 0.50004
      vertex 6.21899 37.5201 0.50004
      vertex 5.81632 38.4367 0.50004
    endloop
  endfacet
  facet normal 0 0 1
    outer loop
      vertex 6.21899 37.5201 0.50004
      vertex 5.73344 38.3945 0.50004
      vertex 6.175 37.496 0.50004
    endloop
  endfacet
  facet normal -0 0 1
    outer loop
      vertex 5.65245 38.3488 0.50004
      vertex 6.175 37.496 0.50004
      vertex 5.73344 38.3945 0.50004
    endloop
  endfacet
  facet normal 0 0 1
    outer loop
      vertex 6.175 37.496 0.50004
      vertex 5.65245 38.3488 0.50004
      vertex 6.13211 37.4699 0.50004
    endloop
  endfacet
  facet normal -0 0 1
    outer loop
      vertex 5.57352 38.2996 0.50004
      vertex 6.13211 37.4699 0.50004
      vertex 5.65245 38.3488 0.50004
    endloop
  endfacet
  facet normal 0 0 1
    outer loop
      vertex 6.13211 37.4699 0.50004
      vertex 5.57352 38.2996 0.50004
      vertex 6.09039 37.4421 0.50004
    endloop
  endfacet
  facet normal -0 0 1
    outer loop
      vertex 5.49679 38.247 0.50004
      vertex 6.09039 37.4421 0.50004
      vertex 5.57352 38.2996 0.50004
    endloop
  endfacet
  facet normal 0 0 1
    outer loop
      vertex 6.09039 37.4421 0.50004
      vertex 5.49679 38.247 0.50004
      vertex 6.04993 37.4124 0.50004
    endloop
  endfacet
  facet normal -0 0 1
    outer loop
      vertex 5.42241 38.1912 0.50004
      vertex 6.04993 37.4124 0.50004
      vertex 5.49679 38.247 0.50004
    endloop
  endfacet
  facet normal 0 0 1
    outer loop
      vertex 6.04993 37.4124 0.50004
      vertex 5.42241 38.1912 0.50004
      vertex 6.0108 37.381 0.50004
    endloop
  endfacet
  facet normal -0 0 1
    outer loop
      vertex 5.35051 38.1322 0.50004
      vertex 6.0108 37.381 0.50004
      vertex 5.42241 38.1912 0.50004
    endloop
  endfacet
  facet normal 0 0 1
    outer loop
      vertex 6.0108 37.381 0.50004
      vertex 5.35051 38.1322 0.50004
      vertex 5.97307 37.3479 0.50004
    endloop
  endfacet
  facet normal -0 0 1
    outer loop
      vertex 5.28123 38.0701 0.50004
      vertex 5.97307 37.3479 0.50004
      vertex 5.35051 38.1322 0.50004
    endloop
  endfacet
  facet normal 0 0 1
    outer loop
      vertex 5.97307 37.3479 0.50004
      vertex 5.28123 38.0701 0.50004
      vertex 5.93683 37.3132 0.50004
    endloop
  endfacet
  facet normal -0 0 1
    outer loop
      vertex 5.2147 38.0051 0.50004
      vertex 5.93683 37.3132 0.50004
      vertex 5.28123 38.0701 0.50004
    endloop
  endfacet
  facet normal 0 0 1
    outer loop
      vertex 5.93683 37.3132 0.50004
      vertex 5.2147 38.0051 0.50004
      vertex 5.90213 37.277 0.50004
    endloop
  endfacet
  facet normal -0 0 1
    outer loop
      vertex 5.15104 37.9373 0.50004
      vertex 5.90213 37.277 0.50004
      vertex 5.2147 38.0051 0.50004
    endloop
  endfacet
  facet normal 0 0 1
    outer loop
      vertex 5.90213 37.277 0.50004
      vertex 5.15104 37.9373 0.50004
      vertex 5.86905 37.2392 0.50004
    endloop
  endfacet
  facet normal -0 0 1
    outer loop
      vertex 5.09037 37.8668 0.50004
      vertex 5.86905 37.2392 0.50004
      vertex 5.15104 37.9373 0.50004
    endloop
  endfacet
  facet normal 0 0 1
    outer loop
      vertex 5.86905 37.2392 0.50004
      vertex 5.09037 37.8668 0.50004
      vertex 5.83765 37.2001 0.50004
    endloop
  endfacet
  facet normal -0 0 1
    outer loop
      vertex 5.03281 37.7938 0.50004
      vertex 5.83765 37.2001 0.50004
      vertex 5.09037 37.8668 0.50004
    endloop
  endfacet
  facet normal 0 0 1
    outer loop
      vertex 5.83765 37.2001 0.50004
      vertex 5.03281 37.7938 0.50004
      vertex 5.80798 37.1597 0.50004
    endloop
  endfacet
  facet normal -0 0 1
    outer loop
      vertex 4.97847 37.7183 0.50004
      vertex 5.80798 37.1597 0.50004
      vertex 5.03281 37.7938 0.50004
    endloop
  endfacet
  facet normal 0 0 1
    outer loop
      vertex 5.80798 37.1597 0.50004
      vertex 4.97847 37.7183 0.50004
      vertex 5.7801 37.1179 0.50004
    endloop
  endfacet
  facet normal -0 0 1
    outer loop
      vertex 4.92744 37.6405 0.50004
      vertex 5.7801 37.1179 0.50004
      vertex 4.97847 37.7183 0.50004
    endloop
  endfacet
  facet normal 0 0 1
    outer loop
      vertex 5.7801 37.1179 0.50004
      vertex 4.92744 37.6405 0.50004
      vertex 5.75407 37.075 0.50004
    endloop
  endfacet
  facet normal 0 0 1
    outer loop
      vertex 5.75407 37.075 0.50004
      vertex 4.87981 37.5606 0.50004
      vertex 5.72994 37.0311 0.50004
    endloop
  endfacet
  facet normal -0 0 1
    outer loop
      vertex 4.87981 37.5606 0.50004
      vertex 5.75407 37.075 0.50004
      vertex 4.92744 37.6405 0.50004
    endloop
  endfacet
  facet normal -0 0 1
    outer loop
      vertex 7.9 36.5 0.50004
      vertex 8.8998 36.4714 0.50004
      vertex 8.899 36.5644 0.50004
    endloop
  endfacet
  facet normal 0 0 1
    outer loop
      vertex 7.89891 36.5502 0.50004
      vertex 8.899 36.5644 0.50004
      vertex 8.8942 36.6573 0.50004
    endloop
  endfacet
  facet normal 0 0 1
    outer loop
      vertex 7.89891 36.4499 0.50004
      vertex 8.8998 36.4714 0.50004
      vertex 7.9 36.5 0.50004
    endloop
  endfacet
  facet normal 0 0 1
    outer loop
      vertex 7.89891 36.5502 0.50004
      vertex 8.8942 36.6573 0.50004
      vertex 8.8854 36.7499 0.50004
    endloop
  endfacet
  facet normal 0 0 1
    outer loop
      vertex 8.8998 36.4714 0.50004
      vertex 7.89891 36.4499 0.50004
      vertex 8.8965 36.3784 0.50004
    endloop
  endfacet
  facet normal 0 0 1
    outer loop
      vertex 7.89891 36.5502 0.50004
      vertex 8.8854 36.7499 0.50004
      vertex 8.8726 36.842 0.50004
    endloop
  endfacet
  facet normal -0 0 1
    outer loop
      vertex 7.89563 36.3998 0.50004
      vertex 8.8965 36.3784 0.50004
      vertex 7.89891 36.4499 0.50004
    endloop
  endfacet
  facet normal 0 0 1
    outer loop
      vertex 7.89891 36.5502 0.50004
      vertex 8.8726 36.842 0.50004
      vertex 8.8558 36.9335 0.50004
    endloop
  endfacet
  facet normal 0 0 1
    outer loop
      vertex 8.8965 36.3784 0.50004
      vertex 7.89563 36.3998 0.50004
      vertex 8.8893 36.2857 0.50004
    endloop
  endfacet
  facet normal 0 0 1
    outer loop
      vertex 7.89891 36.5502 0.50004
      vertex 8.8558 36.9335 0.50004
      vertex 8.8351 37.0241 0.50004
    endloop
  endfacet
  facet normal -0 0 1
    outer loop
      vertex 7.89016 36.3499 0.50004
      vertex 8.8893 36.2857 0.50004
      vertex 7.89563 36.3998 0.50004
    endloop
  endfacet
  facet normal 0 0 1
    outer loop
      vertex 7.89891 36.5502 0.50004
      vertex 8.8351 37.0241 0.50004
      vertex 8.8105 37.1138 0.50004
    endloop
  endfacet
  facet normal 0 0 1
    outer loop
      vertex 8.8893 36.2857 0.50004
      vertex 7.89016 36.3499 0.50004
      vertex 8.878 36.1934 0.50004
    endloop
  endfacet
  facet normal 0 0 1
    outer loop
      vertex 7.89891 36.5502 0.50004
      vertex 8.8105 37.1138 0.50004
      vertex 8.782 37.2024 0.50004
    endloop
  endfacet
  facet normal -0 0 1
    outer loop
      vertex 7.88253 36.3003 0.50004
      vertex 8.878 36.1934 0.50004
      vertex 7.89016 36.3499 0.50004
    endloop
  endfacet
  facet normal 0 0 1
    outer loop
      vertex 7.89891 36.5502 0.50004
      vertex 8.782 37.2024 0.50004
      vertex 8.7498 37.2896 0.50004
    endloop
  endfacet
  facet normal 0 0 1
    outer loop
      vertex 8.878 36.1934 0.50004
      vertex 7.88253 36.3003 0.50004
      vertex 8.8627 36.1016 0.50004
    endloop
  endfacet
  facet normal 0 0 1
    outer loop
      vertex 7.89891 36.5502 0.50004
      vertex 8.7498 37.2896 0.50004
      vertex 8.7137 37.3753 0.50004
    endloop
  endfacet
  facet normal -0 0 1
    outer loop
      vertex 7.87274 36.2511 0.50004
      vertex 8.8627 36.1016 0.50004
      vertex 7.88253 36.3003 0.50004
    endloop
  endfacet
  facet normal 0 0 1
    outer loop
      vertex 7.89891 36.5502 0.50004
      vertex 8.7137 37.3753 0.50004
      vertex 8.674 37.4595 0.50004
    endloop
  endfacet
  facet normal 0 0 1
    outer loop
      vertex 8.8627 36.1016 0.50004
      vertex 7.87274 36.2511 0.50004
      vertex 8.8435 36.0106 0.50004
    endloop
  endfacet
  facet normal 0 0 1
    outer loop
      vertex 7.89891 36.5502 0.50004
      vertex 8.674 37.4595 0.50004
      vertex 8.6308 37.5418 0.50004
    endloop
  endfacet
  facet normal -0 0 1
    outer loop
      vertex 7.86082 36.2024 0.50004
      vertex 8.8435 36.0106 0.50004
      vertex 7.87274 36.2511 0.50004
    endloop
  endfacet
  facet normal 0 0 1
    outer loop
      vertex 7.89891 36.5502 0.50004
      vertex 8.6308 37.5418 0.50004
      vertex 8.5839 37.6221 0.50004
    endloop
  endfacet
  facet normal 0 0 1
    outer loop
      vertex 8.8435 36.0106 0.50004
      vertex 7.86082 36.2024 0.50004
      vertex 8.8204 35.9205 0.50004
    endloop
  endfacet
  facet normal 0 0 1
    outer loop
      vertex 7.89891 36.5502 0.50004
      vertex 8.5839 37.6221 0.50004
      vertex 8.5337 37.7004 0.50004
    endloop
  endfacet
  facet normal -0 0 1
    outer loop
      vertex 7.84678 36.1542 0.50004
      vertex 8.8204 35.9205 0.50004
      vertex 7.86082 36.2024 0.50004
    endloop
  endfacet
  facet normal 0 0 1
    outer loop
      vertex 7.89891 36.5502 0.50004
      vertex 8.5337 37.7004 0.50004
      vertex 8.4801 37.7764 0.50004
    endloop
  endfacet
  facet normal 0 0 1
    outer loop
      vertex 8.8204 35.9205 0.50004
      vertex 7.84678 36.1542 0.50004
      vertex 8.7934 35.8315 0.50004
    endloop
  endfacet
  facet normal 0 0 1
    outer loop
      vertex 7.89891 36.5502 0.50004
      vertex 8.4801 37.7764 0.50004
      vertex 8.4233 37.8501 0.50004
    endloop
  endfacet
  facet normal -0 0 1
    outer loop
      vertex 7.83065 36.1067 0.50004
      vertex 8.7934 35.8315 0.50004
      vertex 7.84678 36.1542 0.50004
    endloop
  endfacet
  facet normal 0 0 1
    outer loop
      vertex 7.89891 36.5502 0.50004
      vertex 8.4233 37.8501 0.50004
      vertex 8.3633 37.9212 0.50004
    endloop
  endfacet
  facet normal 0 0 1
    outer loop
      vertex 8.7934 35.8315 0.50004
      vertex 7.83065 36.1067 0.50004
      vertex 8.7626 35.7438 0.50004
    endloop
  endfacet
  facet normal 0 0 1
    outer loop
      vertex 7.89891 36.5502 0.50004
      vertex 8.3633 37.9212 0.50004
      vertex 8.3004 37.9896 0.50004
    endloop
  endfacet
  facet normal -0 0 1
    outer loop
      vertex 7.81246 36.06 0.50004
      vertex 8.7626 35.7438 0.50004
      vertex 7.83065 36.1067 0.50004
    endloop
  endfacet
  facet normal 0 0 1
    outer loop
      vertex 7.89891 36.5502 0.50004
      vertex 8.3004 37.9896 0.50004
      vertex 8.2345 38.0553 0.50004
    endloop
  endfacet
  facet normal 0 0 1
    outer loop
      vertex 8.7626 35.7438 0.50004
      vertex 7.81246 36.06 0.50004
      vertex 8.728 35.6574 0.50004
    endloop
  endfacet
  facet normal 0 0 1
    outer loop
      vertex 7.89891 36.5502 0.50004
      vertex 8.2345 38.0553 0.50004
      vertex 8.1658 38.118 0.50004
    endloop
  endfacet
  facet normal -0 0 1
    outer loop
      vertex 7.79226 36.014 0.50004
      vertex 8.728 35.6574 0.50004
      vertex 7.81246 36.06 0.50004
    endloop
  endfacet
  facet normal 0 0 1
    outer loop
      vertex 7.89891 36.5502 0.50004
      vertex 8.1658 38.118 0.50004
      vertex 8.0945 38.1777 0.50004
    endloop
  endfacet
  facet normal 0 0 1
    outer loop
      vertex 8.728 35.6574 0.50004
      vertex 7.79226 36.014 0.50004
      vertex 8.6897 35.5727 0.50004
    endloop
  endfacet
  facet normal 0 0 1
    outer loop
      vertex 7.89891 36.5502 0.50004
      vertex 8.0945 38.1777 0.50004
      vertex 8.0207 38.2343 0.50004
    endloop
  endfacet
  facet normal -0 0 1
    outer loop
      vertex 7.77006 35.969 0.50004
      vertex 8.6897 35.5727 0.50004
      vertex 7.79226 36.014 0.50004
    endloop
  endfacet
  facet normal 0 0 1
    outer loop
      vertex 7.40961 37.4421 0.50004
      vertex 8.0207 38.2343 0.50004
      vertex 7.94454 38.2877 0.50004
    endloop
  endfacet
  facet normal 0 0 1
    outer loop
      vertex 8.6897 35.5727 0.50004
      vertex 7.77006 35.969 0.50004
      vertex 8.6478 35.4897 0.50004
    endloop
  endfacet
  facet normal -0 0 1
    outer loop
      vertex 7.74593 35.925 0.50004
      vertex 8.6478 35.4897 0.50004
      vertex 7.77006 35.969 0.50004
    endloop
  endfacet
  facet normal 0 0 1
    outer loop
      vertex 8.6478 35.4897 0.50004
      vertex 7.74593 35.925 0.50004
      vertex 8.6023 35.4085 0.50004
    endloop
  endfacet
  facet normal -0 0 1
    outer loop
      vertex 7.7199 35.8821 0.50004
      vertex 8.6023 35.4085 0.50004
      vertex 7.74593 35.925 0.50004
    endloop
  endfacet
  facet normal 0 0 1
    outer loop
      vertex 8.6023 35.4085 0.50004
      vertex 7.7199 35.8821 0.50004
      vertex 8.5534 35.3294 0.50004
    endloop
  endfacet
  facet normal -0 0 1
    outer loop
      vertex 7.69203 35.8404 0.50004
      vertex 8.5534 35.3294 0.50004
      vertex 7.7199 35.8821 0.50004
    endloop
  endfacet
  facet normal 0 0 1
    outer loop
      vertex 8.5534 35.3294 0.50004
      vertex 7.69203 35.8404 0.50004
      vertex 8.5011 35.2525 0.50004
    endloop
  endfacet
  facet normal -0 0 1
    outer loop
      vertex 7.66236 35.8 0.50004
      vertex 8.5011 35.2525 0.50004
      vertex 7.69203 35.8404 0.50004
    endloop
  endfacet
  facet normal 0 0 1
    outer loop
      vertex 8.5011 35.2525 0.50004
      vertex 7.66236 35.8 0.50004
      vertex 8.4455 35.178 0.50004
    endloop
  endfacet
  facet normal -0 0 1
    outer loop
      vertex 7.63095 35.7608 0.50004
      vertex 8.4455 35.178 0.50004
      vertex 7.66236 35.8 0.50004
    endloop
  endfacet
  facet normal 0 0 1
    outer loop
      vertex 8.4455 35.178 0.50004
      vertex 7.63095 35.7608 0.50004
      vertex 8.3867 35.1059 0.50004
    endloop
  endfacet
  facet normal -0 0 1
    outer loop
      vertex 7.59787 35.7231 0.50004
      vertex 8.3867 35.1059 0.50004
      vertex 7.63095 35.7608 0.50004
    endloop
  endfacet
  facet normal 0 0 1
    outer loop
      vertex 8.3867 35.1059 0.50004
      vertex 7.59787 35.7231 0.50004
      vertex 8.3249 35.0364 0.50004
    endloop
  endfacet
  facet normal -0 0 1
    outer loop
      vertex 7.56318 35.6869 0.50004
      vertex 8.3249 35.0364 0.50004
      vertex 7.59787 35.7231 0.50004
    endloop
  endfacet
  facet normal 0 0 1
    outer loop
      vertex 8.3249 35.0364 0.50004
      vertex 7.56318 35.6869 0.50004
      vertex 8.2601 34.9697 0.50004
    endloop
  endfacet
  facet normal -0 0 1
    outer loop
      vertex 7.52693 35.6522 0.50004
      vertex 8.2601 34.9697 0.50004
      vertex 7.56318 35.6869 0.50004
    endloop
  endfacet
  facet normal 0 0 1
    outer loop
      vertex 8.2601 34.9697 0.50004
      vertex 7.52693 35.6522 0.50004
      vertex 8.1925 34.9058 0.50004
    endloop
  endfacet
  facet normal -0 0 1
    outer loop
      vertex 7.48921 35.6191 0.50004
      vertex 8.1925 34.9058 0.50004
      vertex 7.52693 35.6522 0.50004
    endloop
  endfacet
  facet normal 0 0 1
    outer loop
      vertex 8.1925 34.9058 0.50004
      vertex 7.48921 35.6191 0.50004
      vertex 8.1222 34.8449 0.50004
    endloop
  endfacet
  facet normal -0 0 1
    outer loop
      vertex 7.45008 35.5877 0.50004
      vertex 8.1222 34.8449 0.50004
      vertex 7.48921 35.6191 0.50004
    endloop
  endfacet
  facet normal 0 0 1
    outer loop
      vertex 8.1222 34.8449 0.50004
      vertex 7.45008 35.5877 0.50004
      vertex 8.0493 34.7871 0.50004
    endloop
  endfacet
  facet normal -0 0 1
    outer loop
      vertex 7.40961 35.558 0.50004
      vertex 8.0493 34.7871 0.50004
      vertex 7.45008 35.5877 0.50004
    endloop
  endfacet
  facet normal 0 0 1
    outer loop
      vertex 8.0493 34.7871 0.50004
      vertex 7.40961 35.558 0.50004
      vertex 7.97404 34.7325 0.50004
    endloop
  endfacet
  facet normal -0 0 1
    outer loop
      vertex 7.3679 35.5301 0.50004
      vertex 7.97404 34.7325 0.50004
      vertex 7.40961 35.558 0.50004
    endloop
  endfacet
  facet normal 0 0 1
    outer loop
      vertex 7.97404 34.7325 0.50004
      vertex 7.3679 35.5301 0.50004
      vertex 7.89645 34.6812 0.50004
    endloop
  endfacet
  facet normal -0 0 1
    outer loop
      vertex 7.325 35.5041 0.50004
      vertex 7.89645 34.6812 0.50004
      vertex 7.3679 35.5301 0.50004
    endloop
  endfacet
  facet normal 0 0 1
    outer loop
      vertex 7.89645 34.6812 0.50004
      vertex 7.325 35.5041 0.50004
      vertex 7.81672 34.6333 0.50004
    endloop
  endfacet
  facet normal -0 0 1
    outer loop
      vertex 7.28101 35.48 0.50004
      vertex 7.81672 34.6333 0.50004
      vertex 7.325 35.5041 0.50004
    endloop
  endfacet
  facet normal 0 0 1
    outer loop
      vertex 7.81672 34.6333 0.50004
      vertex 7.28101 35.48 0.50004
      vertex 7.73498 34.5889 0.50004
    endloop
  endfacet
  facet normal -0 0 1
    outer loop
      vertex 7.23601 35.4578 0.50004
      vertex 7.73498 34.5889 0.50004
      vertex 7.28101 35.48 0.50004
    endloop
  endfacet
  facet normal 0 0 1
    outer loop
      vertex 7.73498 34.5889 0.50004
      vertex 7.23601 35.4578 0.50004
      vertex 7.65141 34.5481 0.50004
    endloop
  endfacet
  facet normal -0 0 1
    outer loop
      vertex 7.19009 35.4376 0.50004
      vertex 7.65141 34.5481 0.50004
      vertex 7.23601 35.4578 0.50004
    endloop
  endfacet
  facet normal 0 0 1
    outer loop
      vertex 7.65141 34.5481 0.50004
      vertex 7.19009 35.4376 0.50004
      vertex 7.56615 34.511 0.50004
    endloop
  endfacet
  facet normal -0 0 1
    outer loop
      vertex 7.14333 35.4194 0.50004
      vertex 7.56615 34.511 0.50004
      vertex 7.19009 35.4376 0.50004
    endloop
  endfacet
  facet normal 0 0 1
    outer loop
      vertex 7.56615 34.511 0.50004
      vertex 7.14333 35.4194 0.50004
      vertex 7.47936 34.4775 0.50004
    endloop
  endfacet
  facet normal 0 0 1
    outer loop
      vertex 7.47936 34.4775 0.50004
      vertex 7.14333 35.4194 0.50004
      vertex 7.3912 34.4479 0.50004
    endloop
  endfacet
  facet normal -0 0 1
    outer loop
      vertex 7.09581 35.4033 0.50004
      vertex 7.3912 34.4479 0.50004
      vertex 7.14333 35.4194 0.50004
    endloop
  endfacet
  facet normal 0 0 1
    outer loop
      vertex 7.3912 34.4479 0.50004
      vertex 7.09581 35.4033 0.50004
      vertex 7.30185 34.4221 0.50004
    endloop
  endfacet
  facet normal -0 0 1
    outer loop
      vertex 7.04764 35.3892 0.50004
      vertex 7.30185 34.4221 0.50004
      vertex 7.09581 35.4033 0.50004
    endloop
  endfacet
  facet normal 0 0 1
    outer loop
      vertex 7.30185 34.4221 0.50004
      vertex 7.04764 35.3892 0.50004
      vertex 7.21146 34.4001 0.50004
    endloop
  endfacet
  facet normal -0 0 1
    outer loop
      vertex 6.99891 35.3773 0.50004
      vertex 7.21146 34.4001 0.50004
      vertex 7.04764 35.3892 0.50004
    endloop
  endfacet
  facet normal 0 0 1
    outer loop
      vertex 7.21146 34.4001 0.50004
      vertex 6.99891 35.3773 0.50004
      vertex 7.12021 34.3822 0.50004
    endloop
  endfacet
  facet normal -0 0 1
    outer loop
      vertex 6.9497 35.3675 0.50004
      vertex 7.12021 34.3822 0.50004
      vertex 6.99891 35.3773 0.50004
    endloop
  endfacet
  facet normal 0 0 1
    outer loop
      vertex 7.12021 34.3822 0.50004
      vertex 6.9497 35.3675 0.50004
      vertex 7.02827 34.3681 0.50004
    endloop
  endfacet
  facet normal -0 0 1
    outer loop
      vertex 6.90011 35.3599 0.50004
      vertex 7.02827 34.3681 0.50004
      vertex 6.9497 35.3675 0.50004
    endloop
  endfacet
  facet normal 0 0 1
    outer loop
      vertex 7.02827 34.3681 0.50004
      vertex 6.90011 35.3599 0.50004
      vertex 6.9358 34.3581 0.50004
    endloop
  endfacet
  facet normal -0 0 1
    outer loop
      vertex 6.85023 35.3544 0.50004
      vertex 6.9358 34.3581 0.50004
      vertex 6.90011 35.3599 0.50004
    endloop
  endfacet
  facet normal 0 0 1
    outer loop
      vertex 6.85023 35.3544 0.50004
      vertex 6.84299 34.3521 0.50004
      vertex 6.9358 34.3581 0.50004
    endloop
  endfacet
  facet normal -0 0 1
    outer loop
      vertex 6.80016 35.3511 0.50004
      vertex 6.84299 34.3521 0.50004
      vertex 6.85023 35.3544 0.50004
    endloop
  endfacet
  facet normal -0 0 1
    outer loop
      vertex 6.75 35.35 0.50004
      vertex 6.84299 34.3521 0.50004
      vertex 6.80016 35.3511 0.50004
    endloop
  endfacet
  facet normal 0 0 1
    outer loop
      vertex 6.75 35.35 0.50004
      vertex 6.75 34.35 0.50004
      vertex 6.84299 34.3521 0.50004
    endloop
  endfacet
  facet normal 0 0 1
    outer loop
      vertex 6.69984 35.3511 0.50004
      vertex 6.75 34.35 0.50004
      vertex 6.75 35.35 0.50004
    endloop
  endfacet
  facet normal 0 0 1
    outer loop
      vertex 6.64977 35.3544 0.50004
      vertex 6.75 34.35 0.50004
      vertex 6.69984 35.3511 0.50004
    endloop
  endfacet
  facet normal 0 0 1
    outer loop
      vertex 6.5999 35.3599 0.50004
      vertex 6.75 34.35 0.50004
      vertex 6.64977 35.3544 0.50004
    endloop
  endfacet
  facet normal 0 0 1
    outer loop
      vertex 6.55031 35.3675 0.50004
      vertex 6.75 34.35 0.50004
      vertex 6.5999 35.3599 0.50004
    endloop
  endfacet
  facet normal 0 0 1
    outer loop
      vertex 6.5011 35.3773 0.50004
      vertex 6.75 34.35 0.50004
      vertex 6.55031 35.3675 0.50004
    endloop
  endfacet
  facet normal 0 0 1
    outer loop
      vertex 6.45236 35.3892 0.50004
      vertex 6.75 34.35 0.50004
      vertex 6.5011 35.3773 0.50004
    endloop
  endfacet
  facet normal 0 0 1
    outer loop
      vertex 6.40419 35.4033 0.50004
      vertex 6.75 34.35 0.50004
      vertex 6.45236 35.3892 0.50004
    endloop
  endfacet
  facet normal 0 0 1
    outer loop
      vertex 6.35668 35.4194 0.50004
      vertex 6.75 34.35 0.50004
      vertex 6.40419 35.4033 0.50004
    endloop
  endfacet
  facet normal 0 0 1
    outer loop
      vertex 6.30992 35.4376 0.50004
      vertex 6.75 34.35 0.50004
      vertex 6.35668 35.4194 0.50004
    endloop
  endfacet
  facet normal 0 0 1
    outer loop
      vertex 6.26399 35.4578 0.50004
      vertex 6.75 34.35 0.50004
      vertex 6.30992 35.4376 0.50004
    endloop
  endfacet
  facet normal 0 0 1
    outer loop
      vertex 5.00275 34.35 0.50004
      vertex 6.26399 35.4578 0.50004
      vertex 6.21899 35.48 0.50004
    endloop
  endfacet
  facet normal 0 0 1
    outer loop
      vertex 5.00275 34.35 0.50004
      vertex 6.21899 35.48 0.50004
      vertex 6.175 35.5041 0.50004
    endloop
  endfacet
  facet normal 0 0 1
    outer loop
      vertex 5.00275 34.35 0.50004
      vertex 6.175 35.5041 0.50004
      vertex 6.13211 35.5301 0.50004
    endloop
  endfacet
  facet normal 0 0 1
    outer loop
      vertex 5.00275 34.35 0.50004
      vertex 6.13211 35.5301 0.50004
      vertex 6.09039 35.558 0.50004
    endloop
  endfacet
  facet normal 0 0 1
    outer loop
      vertex 5.00275 34.35 0.50004
      vertex 6.09039 35.558 0.50004
      vertex 6.04993 35.5877 0.50004
    endloop
  endfacet
  facet normal 0 0 1
    outer loop
      vertex 5.00275 34.35 0.50004
      vertex 6.04993 35.5877 0.50004
      vertex 6.0108 35.6191 0.50004
    endloop
  endfacet
  facet normal 0 0 1
    outer loop
      vertex 5.00275 34.35 0.50004
      vertex 6.0108 35.6191 0.50004
      vertex 5.97307 35.6522 0.50004
    endloop
  endfacet
  facet normal 0 0 1
    outer loop
      vertex 5.00275 34.35 0.50004
      vertex 5.97307 35.6522 0.50004
      vertex 5.93683 35.6869 0.50004
    endloop
  endfacet
  facet normal 0 0 1
    outer loop
      vertex 5.00275 34.35 0.50004
      vertex 5.93683 35.6869 0.50004
      vertex 5.90213 35.7231 0.50004
    endloop
  endfacet
  facet normal 0 0 1
    outer loop
      vertex 5.00275 34.35 0.50004
      vertex 5.90213 35.7231 0.50004
      vertex 5.86905 35.7608 0.50004
    endloop
  endfacet
  facet normal 0 0 1
    outer loop
      vertex 4.37763 35.4577 0.50004
      vertex 5.86905 35.7608 0.50004
      vertex 5.83765 35.8 0.50004
    endloop
  endfacet
  facet normal 0 0 1
    outer loop
      vertex 4.37763 35.4577 0.50004
      vertex 5.83765 35.8 0.50004
      vertex 5.80798 35.8404 0.50004
    endloop
  endfacet
  facet normal 0 0 1
    outer loop
      vertex 4.41779 35.6438 0.50004
      vertex 5.80798 35.8404 0.50004
      vertex 5.7801 35.8821 0.50004
    endloop
  endfacet
  facet normal -0 0 1
    outer loop
      vertex 4.83569 37.4788 0.50004
      vertex 5.72994 37.0311 0.50004
      vertex 4.87981 37.5606 0.50004
    endloop
  endfacet
  facet normal 0 0 1
    outer loop
      vertex 5.72994 37.0311 0.50004
      vertex 4.83569 37.4788 0.50004
      vertex 5.70775 36.9861 0.50004
    endloop
  endfacet
  facet normal -0 0 1
    outer loop
      vertex 4.79515 37.3951 0.50004
      vertex 5.70775 36.9861 0.50004
      vertex 4.83569 37.4788 0.50004
    endloop
  endfacet
  facet normal 0 0 1
    outer loop
      vertex 5.70775 36.9861 0.50004
      vertex 4.79515 37.3951 0.50004
      vertex 5.68754 36.9401 0.50004
    endloop
  endfacet
  facet normal -0 0 1
    outer loop
      vertex 4.75828 37.3097 0.50004
      vertex 5.68754 36.9401 0.50004
      vertex 4.79515 37.3951 0.50004
    endloop
  endfacet
  facet normal 0 0 1
    outer loop
      vertex 5.68754 36.9401 0.50004
      vertex 4.75828 37.3097 0.50004
      vertex 5.66936 36.8934 0.50004
    endloop
  endfacet
  facet normal -0 0 1
    outer loop
      vertex 4.72512 37.2228 0.50004
      vertex 5.66936 36.8934 0.50004
      vertex 4.75828 37.3097 0.50004
    endloop
  endfacet
  facet normal 0 0 1
    outer loop
      vertex 5.66936 36.8934 0.50004
      vertex 4.72512 37.2228 0.50004
      vertex 5.65323 36.8459 0.50004
    endloop
  endfacet
  facet normal -0 0 1
    outer loop
      vertex 4.69576 37.1345 0.50004
      vertex 5.65323 36.8459 0.50004
      vertex 4.72512 37.2228 0.50004
    endloop
  endfacet
  facet normal 0 0 1
    outer loop
      vertex 5.65323 36.8459 0.50004
      vertex 4.69576 37.1345 0.50004
      vertex 5.63919 36.7977 0.50004
    endloop
  endfacet
  facet normal -0 0 1
    outer loop
      vertex 4.67024 37.0451 0.50004
      vertex 5.63919 36.7977 0.50004
      vertex 4.69576 37.1345 0.50004
    endloop
  endfacet
  facet normal 0 0 1
    outer loop
      vertex 5.63919 36.7977 0.50004
      vertex 4.67024 37.0451 0.50004
      vertex 5.62726 36.7489 0.50004
    endloop
  endfacet
  facet normal -0 0 1
    outer loop
      vertex 4.64861 36.9546 0.50004
      vertex 5.62726 36.7489 0.50004
      vertex 4.67024 37.0451 0.50004
    endloop
  endfacet
  facet normal 0 0 1
    outer loop
      vertex 5.62726 36.7489 0.50004
      vertex 4.64861 36.9546 0.50004
      vertex 5.61747 36.6997 0.50004
    endloop
  endfacet
  facet normal -0 0 1
    outer loop
      vertex 4.63092 36.8633 0.50004
      vertex 5.61747 36.6997 0.50004
      vertex 4.64861 36.9546 0.50004
    endloop
  endfacet
  facet normal 0 0 1
    outer loop
      vertex 5.61747 36.6997 0.50004
      vertex 4.63092 36.8633 0.50004
      vertex 5.60984 36.6501 0.50004
    endloop
  endfacet
  facet normal 0 0 1
    outer loop
      vertex 6.26399 35.4578 0.50004
      vertex 5.00275 34.35 0.50004
      vertex 6.75 34.35 0.50004
    endloop
  endfacet
  facet normal 0 0 1
    outer loop
      vertex 4.41779 35.6438 0.50004
      vertex 5.7801 35.8821 0.50004
      vertex 5.75407 35.925 0.50004
    endloop
  endfacet
  facet normal 0 0 1
    outer loop
      vertex 4.41779 35.6438 0.50004
      vertex 5.75407 35.925 0.50004
      vertex 5.72994 35.969 0.50004
    endloop
  endfacet
  facet normal 0 0 1
    outer loop
      vertex 4.45005 35.8314 0.50004
      vertex 5.72994 35.969 0.50004
      vertex 5.70775 36.014 0.50004
    endloop
  endfacet
  facet normal 0 0 1
    outer loop
      vertex 4.45005 35.8314 0.50004
      vertex 5.70775 36.014 0.50004
      vertex 5.68754 36.06 0.50004
    endloop
  endfacet
  facet normal 0 0 1
    outer loop
      vertex 4.47435 36.0202 0.50004
      vertex 5.68754 36.06 0.50004
      vertex 5.66936 36.1067 0.50004
    endloop
  endfacet
  facet normal -0 0 1
    outer loop
      vertex 4.61719 36.7713 0.50004
      vertex 5.60984 36.6501 0.50004
      vertex 4.63092 36.8633 0.50004
    endloop
  endfacet
  facet normal 0 0 1
    outer loop
      vertex 5.60984 36.6501 0.50004
      vertex 4.61719 36.7713 0.50004
      vertex 5.60438 36.6003 0.50004
    endloop
  endfacet
  facet normal -0 0 1
    outer loop
      vertex 4.60745 36.6788 0.50004
      vertex 5.60438 36.6003 0.50004
      vertex 4.61719 36.7713 0.50004
    endloop
  endfacet
  facet normal 0 0 1
    outer loop
      vertex 5.65323 36.1542 0.50004
      vertex 4.47435 36.0202 0.50004
      vertex 5.66936 36.1067 0.50004
    endloop
  endfacet
  facet normal 0 0 1
    outer loop
      vertex 5.60438 36.6003 0.50004
      vertex 4.60745 36.6788 0.50004
      vertex 5.6011 36.5502 0.50004
    endloop
  endfacet
  facet normal -0 0 1
    outer loop
      vertex 4.60172 36.586 0.50004
      vertex 5.6011 36.5502 0.50004
      vertex 4.60745 36.6788 0.50004
    endloop
  endfacet
  facet normal 0 0 1
    outer loop
      vertex 5.72994 35.969 0.50004
      vertex 4.45005 35.8314 0.50004
      vertex 4.41779 35.6438 0.50004
    endloop
  endfacet
  facet normal 0 0 1
    outer loop
      vertex 5.6011 36.5502 0.50004
      vertex 4.60172 36.586 0.50004
      vertex 5.6 36.5 0.50004
    endloop
  endfacet
  facet normal 0 0 1
    outer loop
      vertex 5.6 36.5 0.50004
      vertex 4.60233 36.4 0.50004
      vertex 5.6011 36.4499 0.50004
    endloop
  endfacet
  facet normal 0 0 1
    outer loop
      vertex 5.80798 35.8404 0.50004
      vertex 4.41779 35.6438 0.50004
      vertex 4.37763 35.4577 0.50004
    endloop
  endfacet
  facet normal 0 0 1
    outer loop
      vertex 5.6011 36.4499 0.50004
      vertex 4.60233 36.4 0.50004
      vertex 5.60438 36.3998 0.50004
    endloop
  endfacet
  facet normal 0 0 1
    outer loop
      vertex 5.60438 36.3998 0.50004
      vertex 4.60233 36.4 0.50004
      vertex 5.60984 36.3499 0.50004
    endloop
  endfacet
  facet normal 0 0 1
    outer loop
      vertex 5.60984 36.3499 0.50004
      vertex 4.60233 36.4 0.50004
      vertex 5.61747 36.3003 0.50004
    endloop
  endfacet
  facet normal 0 0 1
    outer loop
      vertex 5.86905 35.7608 0.50004
      vertex 4.37763 35.4577 0.50004
      vertex 5.00275 34.35 0.50004
    endloop
  endfacet
  facet normal 0 0 1
    outer loop
      vertex 5.61747 36.3003 0.50004
      vertex 4.60233 36.4 0.50004
      vertex 5.62726 36.2511 0.50004
    endloop
  endfacet
  facet normal 0 0 1
    outer loop
      vertex 5.62726 36.2511 0.50004
      vertex 4.60233 36.4 0.50004
      vertex 5.63919 36.2024 0.50004
    endloop
  endfacet
  facet normal 0 0 1
    outer loop
      vertex 4.47435 36.0202 0.50004
      vertex 5.63919 36.2024 0.50004
      vertex 4.60233 36.4 0.50004
    endloop
  endfacet
  facet normal 0 0 1
    outer loop
      vertex 5.63919 36.2024 0.50004
      vertex 4.47435 36.0202 0.50004
      vertex 5.65323 36.1542 0.50004
    endloop
  endfacet
  facet normal -0 0 1
    outer loop
      vertex 4.32963 35.2735 0.50004
      vertex 5.00275 34.35 0.50004
      vertex 4.37763 35.4577 0.50004
    endloop
  endfacet
  facet normal 0 0 1
    outer loop
      vertex 5.00275 34.35 0.50004
      vertex 4.32963 35.2735 0.50004
      vertex 4.91913 34.3483 0.50004
    endloop
  endfacet
  facet normal -0 0 1
    outer loop
      vertex 4.27389 35.0915 0.50004
      vertex 4.91913 34.3483 0.50004
      vertex 4.32963 35.2735 0.50004
    endloop
  endfacet
  facet normal 0 0 1
    outer loop
      vertex 4.49064 36.2099 0.50004
      vertex 4.60233 36.4 0.50004
      vertex 4.49889 36.4 0.50004
    endloop
  endfacet
  facet normal 0 0 1
    outer loop
      vertex 4.47435 36.0202 0.50004
      vertex 4.60233 36.4 0.50004
      vertex 4.49064 36.2099 0.50004
    endloop
  endfacet
  facet normal 0 0 1
    outer loop
      vertex 5.68754 36.06 0.50004
      vertex 4.47435 36.0202 0.50004
      vertex 4.45005 35.8314 0.50004
    endloop
  endfacet
  facet normal 0 0 1
    outer loop
      vertex 4.91913 34.3483 0.50004
      vertex 4.27389 35.0915 0.50004
      vertex 4.83565 34.343 0.50004
    endloop
  endfacet
  facet normal 0 0 1
    outer loop
      vertex 4.83565 34.343 0.50004
      vertex 4.27389 35.0915 0.50004
      vertex 4.75247 34.3343 0.50004
    endloop
  endfacet
  facet normal -0 0 1
    outer loop
      vertex 4.2105 34.912 0.50004
      vertex 4.75247 34.3343 0.50004
      vertex 4.27389 35.0915 0.50004
    endloop
  endfacet
  facet normal 0 0 1
    outer loop
      vertex 4.75247 34.3343 0.50004
      vertex 4.2105 34.912 0.50004
      vertex 4.66972 34.3221 0.50004
    endloop
  endfacet
  facet normal 0 0 1
    outer loop
      vertex 4.66972 34.3221 0.50004
      vertex 4.2105 34.912 0.50004
      vertex 4.58756 34.3065 0.50004
    endloop
  endfacet
  facet normal -0 0 1
    outer loop
      vertex 4.13957 34.7354 0.50004
      vertex 4.58756 34.3065 0.50004
      vertex 4.2105 34.912 0.50004
    endloop
  endfacet
  facet normal 0 0 1
    outer loop
      vertex 4.58756 34.3065 0.50004
      vertex 4.13957 34.7354 0.50004
      vertex 4.50612 34.2874 0.50004
    endloop
  endfacet
  facet normal 0 0 1
    outer loop
      vertex 4.50612 34.2874 0.50004
      vertex 4.13957 34.7354 0.50004
      vertex 4.42555 34.2649 0.50004
    endloop
  endfacet
  facet normal -0 0 1
    outer loop
      vertex 4.06124 34.5619 0.50004
      vertex 4.42555 34.2649 0.50004
      vertex 4.13957 34.7354 0.50004
    endloop
  endfacet
  facet normal 0 0 1
    outer loop
      vertex 4.42555 34.2649 0.50004
      vertex 4.06124 34.5619 0.50004
      vertex 4.34599 34.2391 0.50004
    endloop
  endfacet
  facet normal 0 0 1
    outer loop
      vertex 4.34599 34.2391 0.50004
      vertex 4.06124 34.5619 0.50004
      vertex 4.26758 34.21 0.50004
    endloop
  endfacet
  facet normal -0 0 1
    outer loop
      vertex 3.97564 34.3919 0.50004
      vertex 4.26758 34.21 0.50004
      vertex 4.06124 34.5619 0.50004
    endloop
  endfacet
  facet normal 0 0 1
    outer loop
      vertex 4.26758 34.21 0.50004
      vertex 3.97564 34.3919 0.50004
      vertex 4.19045 34.1777 0.50004
    endloop
  endfacet
  facet normal 0 0 1
    outer loop
      vertex 4.19045 34.1777 0.50004
      vertex 3.97564 34.3919 0.50004
      vertex 4.11475 34.1421 0.50004
    endloop
  endfacet
  facet normal -0 0 1
    outer loop
      vertex 3.88293 34.2256 0.50004
      vertex 4.11475 34.1421 0.50004
      vertex 3.97564 34.3919 0.50004
    endloop
  endfacet
  facet normal 0 0 1
    outer loop
      vertex 4.11475 34.1421 0.50004
      vertex 3.88293 34.2256 0.50004
      vertex 4.04059 34.1034 0.50004
    endloop
  endfacet
  facet normal 0 0 1
    outer loop
      vertex 4.04059 34.1034 0.50004
      vertex 3.88293 34.2256 0.50004
      vertex 3.96812 34.0616 0.50004
    endloop
  endfacet
  facet normal 0 0 1
    outer loop
      vertex 3.96812 34.0616 0.50004
      vertex 3.88293 34.2256 0.50004
      vertex 3.89747 34.0169 0.50004
    endloop
  endfacet
  facet normal -0 0 1
    outer loop
      vertex 3.78327 34.0635 0.50004
      vertex 3.89747 34.0169 0.50004
      vertex 3.88293 34.2256 0.50004
    endloop
  endfacet
  facet normal 0 0 1
    outer loop
      vertex 3.89747 34.0169 0.50004
      vertex 3.78327 34.0635 0.50004
      vertex 3.82874 33.9692 0.50004
    endloop
  endfacet
  facet normal 0 0 1
    outer loop
      vertex 3.78327 34.0635 0.50004
      vertex 3.76207 33.9187 0.50004
      vertex 3.82874 33.9692 0.50004
    endloop
  endfacet
  facet normal 0 0 1
    outer loop
      vertex 3.67684 33.9056 0.50004
      vertex 3.76207 33.9187 0.50004
      vertex 3.78327 34.0635 0.50004
    endloop
  endfacet
  facet normal 0 0 1
    outer loop
      vertex 3.76207 33.9187 0.50004
      vertex 3.67684 33.9056 0.50004
      vertex 3.73939 33.9 0.50004
    endloop
  endfacet
  facet normal 0 0 1
    outer loop
      vertex 3.73939 33.9 0.50004
      vertex 3.67684 33.9056 0.50004
      vertex 3.67271 33.9 0.50004
    endloop
  endfacet
  facet normal -0.999763 0.0217513 0
    outer loop
      vertex 7.89891 36.4499 -1.49996
      vertex 7.9 36.5 0.50004
      vertex 7.9 36.5 -1.49996
    endloop
  endfacet
  facet normal -0.999763 0.0217513 0
    outer loop
      vertex 7.9 36.5 0.50004
      vertex 7.89891 36.4499 -1.49996
      vertex 7.89891 36.4499 0.50004
    endloop
  endfacet
  facet normal -0.997864 0.0653292 0
    outer loop
      vertex 7.89563 36.3998 -1.49996
      vertex 7.89891 36.4499 0.50004
      vertex 7.89891 36.4499 -1.49996
    endloop
  endfacet
  facet normal -0.997864 0.0653292 0
    outer loop
      vertex 7.89891 36.4499 0.50004
      vertex 7.89563 36.3998 -1.49996
      vertex 7.89563 36.3998 0.50004
    endloop
  endfacet
  facet normal -0.994045 0.108967 0
    outer loop
      vertex 7.89016 36.3499 -1.49996
      vertex 7.89563 36.3998 0.50004
      vertex 7.89563 36.3998 -1.49996
    endloop
  endfacet
  facet normal -0.994045 0.108967 0
    outer loop
      vertex 7.89563 36.3998 0.50004
      vertex 7.89016 36.3499 -1.49996
      vertex 7.89016 36.3499 0.50004
    endloop
  endfacet
  facet normal -0.988374 0.152042 0
    outer loop
      vertex 7.88253 36.3003 -1.49996
      vertex 7.89016 36.3499 0.50004
      vertex 7.89016 36.3499 -1.49996
    endloop
  endfacet
  facet normal -0.988374 0.152042 0
    outer loop
      vertex 7.89016 36.3499 0.50004
      vertex 7.88253 36.3003 -1.49996
      vertex 7.88253 36.3003 0.50004
    endloop
  endfacet
  facet normal -0.980772 0.195158 0
    outer loop
      vertex 7.87274 36.2511 -1.49996
      vertex 7.88253 36.3003 0.50004
      vertex 7.88253 36.3003 -1.49996
    endloop
  endfacet
  facet normal -0.980772 0.195158 0
    outer loop
      vertex 7.88253 36.3003 0.50004
      vertex 7.87274 36.2511 -1.49996
      vertex 7.87274 36.2511 0.50004
    endloop
  endfacet
  facet normal -0.971327 0.237746 0
    outer loop
      vertex 7.86082 36.2024 -1.49996
      vertex 7.87274 36.2511 0.50004
      vertex 7.87274 36.2511 -1.49996
    endloop
  endfacet
  facet normal -0.971327 0.237746 0
    outer loop
      vertex 7.87274 36.2511 0.50004
      vertex 7.86082 36.2024 -1.49996
      vertex 7.86082 36.2024 0.50004
    endloop
  endfacet
  facet normal -0.960098 0.279663 0
    outer loop
      vertex 7.84678 36.1542 -1.49996
      vertex 7.86082 36.2024 0.50004
      vertex 7.86082 36.2024 -1.49996
    endloop
  endfacet
  facet normal -0.960098 0.279663 0
    outer loop
      vertex 7.86082 36.2024 0.50004
      vertex 7.84678 36.1542 -1.49996
      vertex 7.84678 36.1542 0.50004
    endloop
  endfacet
  facet normal -0.946894 0.321545 0
    outer loop
      vertex 7.83065 36.1067 -1.49996
      vertex 7.84678 36.1542 0.50004
      vertex 7.84678 36.1542 -1.49996
    endloop
  endfacet
  facet normal -0.946894 0.321545 0
    outer loop
      vertex 7.84678 36.1542 0.50004
      vertex 7.83065 36.1067 -1.49996
      vertex 7.83065 36.1067 0.50004
    endloop
  endfacet
  facet normal -0.93181 0.362947 0
    outer loop
      vertex 7.81246 36.06 -1.49996
      vertex 7.83065 36.1067 0.50004
      vertex 7.83065 36.1067 -1.49996
    endloop
  endfacet
  facet normal -0.93181 0.362947 0
    outer loop
      vertex 7.83065 36.1067 0.50004
      vertex 7.81246 36.06 -1.49996
      vertex 7.81246 36.06 0.50004
    endloop
  endfacet
  facet normal -0.915608 0.402071 0
    outer loop
      vertex 7.79226 36.014 -1.49996
      vertex 7.81246 36.06 0.50004
      vertex 7.81246 36.06 -1.49996
    endloop
  endfacet
  facet normal -0.915608 0.402071 0
    outer loop
      vertex 7.81246 36.06 0.50004
      vertex 7.79226 36.014 -1.49996
      vertex 7.79226 36.014 0.50004
    endloop
  endfacet
  facet normal -0.896806 0.442424 0
    outer loop
      vertex 7.77006 35.969 -1.49996
      vertex 7.79226 36.014 0.50004
      vertex 7.79226 36.014 -1.49996
    endloop
  endfacet
  facet normal -0.896806 0.442424 0
    outer loop
      vertex 7.79226 36.014 0.50004
      vertex 7.77006 35.969 -1.49996
      vertex 7.77006 35.969 0.50004
    endloop
  endfacet
  facet normal -0.876804 0.480847 0
    outer loop
      vertex 7.74593 35.925 -1.49996
      vertex 7.77006 35.969 0.50004
      vertex 7.77006 35.969 -1.49996
    endloop
  endfacet
  facet normal -0.876804 0.480847 0
    outer loop
      vertex 7.77006 35.969 0.50004
      vertex 7.74593 35.925 -1.49996
      vertex 7.74593 35.925 0.50004
    endloop
  endfacet
  facet normal -0.854933 0.518739 0
    outer loop
      vertex 7.7199 35.8821 -1.49996
      vertex 7.74593 35.925 0.50004
      vertex 7.74593 35.925 -1.49996
    endloop
  endfacet
  facet normal -0.854933 0.518739 0
    outer loop
      vertex 7.74593 35.925 0.50004
      vertex 7.7199 35.8821 -1.49996
      vertex 7.7199 35.8821 0.50004
    endloop
  endfacet
  facet normal -0.831406 0.555666 0
    outer loop
      vertex 7.69203 35.8404 -1.49996
      vertex 7.7199 35.8821 0.50004
      vertex 7.7199 35.8821 -1.49996
    endloop
  endfacet
  facet normal -0.831406 0.555666 0
    outer loop
      vertex 7.7199 35.8821 0.50004
      vertex 7.69203 35.8404 -1.49996
      vertex 7.69203 35.8404 0.50004
    endloop
  endfacet
  facet normal -0.805993 0.591926 0
    outer loop
      vertex 7.66236 35.8 -1.49996
      vertex 7.69203 35.8404 0.50004
      vertex 7.69203 35.8404 -1.49996
    endloop
  endfacet
  facet normal -0.805993 0.591926 0
    outer loop
      vertex 7.69203 35.8404 0.50004
      vertex 7.66236 35.8 -1.49996
      vertex 7.66236 35.8 0.50004
    endloop
  endfacet
  facet normal -0.780383 0.625302 0
    outer loop
      vertex 7.63095 35.7608 -1.49996
      vertex 7.66236 35.8 0.50004
      vertex 7.66236 35.8 -1.49996
    endloop
  endfacet
  facet normal -0.780383 0.625302 0
    outer loop
      vertex 7.66236 35.8 0.50004
      vertex 7.63095 35.7608 -1.49996
      vertex 7.63095 35.7608 0.50004
    endloop
  endfacet
  facet normal -0.751662 0.659549 0
    outer loop
      vertex 7.59787 35.7231 -1.49996
      vertex 7.63095 35.7608 0.50004
      vertex 7.63095 35.7608 -1.49996
    endloop
  endfacet
  facet normal -0.751662 0.659549 0
    outer loop
      vertex 7.63095 35.7608 0.50004
      vertex 7.59787 35.7231 -1.49996
      vertex 7.59787 35.7231 0.50004
    endloop
  endfacet
  facet normal -0.722005 0.691888 0
    outer loop
      vertex 7.56318 35.6869 -1.49996
      vertex 7.59787 35.7231 0.50004
      vertex 7.59787 35.7231 -1.49996
    endloop
  endfacet
  facet normal -0.722005 0.691888 0
    outer loop
      vertex 7.59787 35.7231 0.50004
      vertex 7.56318 35.6869 -1.49996
      vertex 7.56318 35.6869 0.50004
    endloop
  endfacet
  facet normal -0.691494 0.722382 0
    outer loop
      vertex 7.56318 35.6869 -1.49996
      vertex 7.52693 35.6522 0.50004
      vertex 7.56318 35.6869 0.50004
    endloop
  endfacet
  facet normal -0.691494 0.722382 0
    outer loop
      vertex 7.52693 35.6522 0.50004
      vertex 7.56318 35.6869 -1.49996
      vertex 7.52693 35.6522 -1.49996
    endloop
  endfacet
  facet normal -0.659576 0.751638 0
    outer loop
      vertex 7.52693 35.6522 -1.49996
      vertex 7.48921 35.6191 0.50004
      vertex 7.52693 35.6522 0.50004
    endloop
  endfacet
  facet normal -0.659576 0.751638 0
    outer loop
      vertex 7.48921 35.6191 0.50004
      vertex 7.52693 35.6522 -1.49996
      vertex 7.48921 35.6191 -1.49996
    endloop
  endfacet
  facet normal -0.625861 0.779935 0
    outer loop
      vertex 7.48921 35.6191 -1.49996
      vertex 7.45008 35.5877 0.50004
      vertex 7.48921 35.6191 0.50004
    endloop
  endfacet
  facet normal -0.625861 0.779935 0
    outer loop
      vertex 7.45008 35.5877 0.50004
      vertex 7.48921 35.6191 -1.49996
      vertex 7.45008 35.5877 -1.49996
    endloop
  endfacet
  facet normal -0.591649 0.806196 0
    outer loop
      vertex 7.45008 35.5877 -1.49996
      vertex 7.40961 35.558 0.50004
      vertex 7.45008 35.5877 0.50004
    endloop
  endfacet
  facet normal -0.591649 0.806196 0
    outer loop
      vertex 7.40961 35.558 0.50004
      vertex 7.45008 35.5877 -1.49996
      vertex 7.40961 35.558 -1.49996
    endloop
  endfacet
  facet normal -0.555987 0.831191 0
    outer loop
      vertex 7.40961 35.558 -1.49996
      vertex 7.3679 35.5301 0.50004
      vertex 7.40961 35.558 0.50004
    endloop
  endfacet
  facet normal -0.555987 0.831191 0
    outer loop
      vertex 7.3679 35.5301 0.50004
      vertex 7.40961 35.558 -1.49996
      vertex 7.3679 35.5301 -1.49996
    endloop
  endfacet
  facet normal -0.518302 0.855198 0
    outer loop
      vertex 7.3679 35.5301 -1.49996
      vertex 7.325 35.5041 0.50004
      vertex 7.3679 35.5301 0.50004
    endloop
  endfacet
  facet normal -0.518302 0.855198 0
    outer loop
      vertex 7.325 35.5041 0.50004
      vertex 7.3679 35.5301 -1.49996
      vertex 7.325 35.5041 -1.49996
    endloop
  endfacet
  facet normal -0.480472 0.87701 0
    outer loop
      vertex 7.325 35.5041 -1.49996
      vertex 7.28101 35.48 0.50004
      vertex 7.325 35.5041 0.50004
    endloop
  endfacet
  facet normal -0.480472 0.87701 0
    outer loop
      vertex 7.28101 35.48 0.50004
      vertex 7.325 35.5041 -1.49996
      vertex 7.28101 35.48 -1.49996
    endloop
  endfacet
  facet normal -0.442424 0.896806 0
    outer loop
      vertex 7.28101 35.48 -1.49996
      vertex 7.23601 35.4578 0.50004
      vertex 7.28101 35.48 0.50004
    endloop
  endfacet
  facet normal -0.442424 0.896806 0
    outer loop
      vertex 7.23601 35.4578 0.50004
      vertex 7.28101 35.48 -1.49996
      vertex 7.23601 35.4578 -1.49996
    endloop
  endfacet
  facet normal -0.402658 0.91535 0
    outer loop
      vertex 7.23601 35.4578 -1.49996
      vertex 7.19009 35.4376 0.50004
      vertex 7.23601 35.4578 0.50004
    endloop
  endfacet
  facet normal -0.402658 0.91535 0
    outer loop
      vertex 7.19009 35.4376 0.50004
      vertex 7.23601 35.4578 -1.49996
      vertex 7.19009 35.4376 -1.49996
    endloop
  endfacet
  facet normal -0.362716 0.9319 0
    outer loop
      vertex 7.19009 35.4376 -1.49996
      vertex 7.14333 35.4194 0.50004
      vertex 7.19009 35.4376 0.50004
    endloop
  endfacet
  facet normal -0.362716 0.9319 0
    outer loop
      vertex 7.14333 35.4194 0.50004
      vertex 7.19009 35.4376 -1.49996
      vertex 7.14333 35.4194 -1.49996
    endloop
  endfacet
  facet normal -0.320888 0.947117 0
    outer loop
      vertex 7.14333 35.4194 -1.49996
      vertex 7.09581 35.4033 0.50004
      vertex 7.14333 35.4194 0.50004
    endloop
  endfacet
  facet normal -0.320888 0.947117 0
    outer loop
      vertex 7.09581 35.4033 0.50004
      vertex 7.14333 35.4194 -1.49996
      vertex 7.09581 35.4033 -1.49996
    endloop
  endfacet
  facet normal -0.280926 0.95973 0
    outer loop
      vertex 7.09581 35.4033 -1.49996
      vertex 7.04764 35.3892 0.50004
      vertex 7.09581 35.4033 0.50004
    endloop
  endfacet
  facet normal -0.280926 0.95973 0
    outer loop
      vertex 7.04764 35.3892 0.50004
      vertex 7.09581 35.4033 -1.49996
      vertex 7.04764 35.3892 -1.49996
    endloop
  endfacet
  facet normal -0.237232 0.971453 0
    outer loop
      vertex 7.04764 35.3892 -1.49996
      vertex 6.99891 35.3773 0.50004
      vertex 7.04764 35.3892 0.50004
    endloop
  endfacet
  facet normal -0.237232 0.971453 0
    outer loop
      vertex 6.99891 35.3773 0.50004
      vertex 7.04764 35.3892 -1.49996
      vertex 6.99891 35.3773 -1.49996
    endloop
  endfacet
  facet normal -0.195311 0.980741 0
    outer loop
      vertex 6.99891 35.3773 -1.49996
      vertex 6.9497 35.3675 0.50004
      vertex 6.99891 35.3773 0.50004
    endloop
  endfacet
  facet normal -0.195311 0.980741 0
    outer loop
      vertex 6.9497 35.3675 0.50004
      vertex 6.99891 35.3773 -1.49996
      vertex 6.9497 35.3675 -1.49996
    endloop
  endfacet
  facet normal -0.151488 0.988459 0
    outer loop
      vertex 6.9497 35.3675 -1.49996
      vertex 6.90011 35.3599 0.50004
      vertex 6.9497 35.3675 0.50004
    endloop
  endfacet
  facet normal -0.151488 0.988459 0
    outer loop
      vertex 6.90011 35.3599 0.50004
      vertex 6.9497 35.3675 -1.49996
      vertex 6.90011 35.3599 -1.49996
    endloop
  endfacet
  facet normal -0.1096 0.993976 0
    outer loop
      vertex 6.90011 35.3599 -1.49996
      vertex 6.85023 35.3544 0.50004
      vertex 6.90011 35.3599 0.50004
    endloop
  endfacet
  facet normal -0.1096 0.993976 0
    outer loop
      vertex 6.85023 35.3544 0.50004
      vertex 6.90011 35.3599 -1.49996
      vertex 6.85023 35.3544 -1.49996
    endloop
  endfacet
  facet normal -0.065765 0.997835 0
    outer loop
      vertex 6.85023 35.3544 -1.49996
      vertex 6.80016 35.3511 0.50004
      vertex 6.85023 35.3544 0.50004
    endloop
  endfacet
  facet normal -0.065765 0.997835 0
    outer loop
      vertex 6.80016 35.3511 0.50004
      vertex 6.85023 35.3544 -1.49996
      vertex 6.80016 35.3511 -1.49996
    endloop
  endfacet
  facet normal -0.0219246 0.99976 0
    outer loop
      vertex 6.80016 35.3511 -1.49996
      vertex 6.75 35.35 0.50004
      vertex 6.80016 35.3511 0.50004
    endloop
  endfacet
  facet normal -0.0219246 0.99976 0
    outer loop
      vertex 6.75 35.35 0.50004
      vertex 6.80016 35.3511 -1.49996
      vertex 6.75 35.35 -1.49996
    endloop
  endfacet
  facet normal 0.0219246 0.99976 -0
    outer loop
      vertex 6.75 35.35 -1.49996
      vertex 6.69984 35.3511 0.50004
      vertex 6.75 35.35 0.50004
    endloop
  endfacet
  facet normal 0.0219246 0.99976 0
    outer loop
      vertex 6.69984 35.3511 0.50004
      vertex 6.75 35.35 -1.49996
      vertex 6.69984 35.3511 -1.49996
    endloop
  endfacet
  facet normal 0.065765 0.997835 -0
    outer loop
      vertex 6.69984 35.3511 -1.49996
      vertex 6.64977 35.3544 0.50004
      vertex 6.69984 35.3511 0.50004
    endloop
  endfacet
  facet normal 0.065765 0.997835 0
    outer loop
      vertex 6.64977 35.3544 0.50004
      vertex 6.69984 35.3511 -1.49996
      vertex 6.64977 35.3544 -1.49996
    endloop
  endfacet
  facet normal 0.109622 0.993973 -0
    outer loop
      vertex 6.64977 35.3544 -1.49996
      vertex 6.5999 35.3599 0.50004
      vertex 6.64977 35.3544 0.50004
    endloop
  endfacet
  facet normal 0.109622 0.993973 0
    outer loop
      vertex 6.5999 35.3599 0.50004
      vertex 6.64977 35.3544 -1.49996
      vertex 6.5999 35.3599 -1.49996
    endloop
  endfacet
  facet normal 0.151488 0.988459 -0
    outer loop
      vertex 6.5999 35.3599 -1.49996
      vertex 6.55031 35.3675 0.50004
      vertex 6.5999 35.3599 0.50004
    endloop
  endfacet
  facet normal 0.151488 0.988459 0
    outer loop
      vertex 6.55031 35.3675 0.50004
      vertex 6.5999 35.3599 -1.49996
      vertex 6.55031 35.3675 -1.49996
    endloop
  endfacet
  facet normal 0.195311 0.980741 -0
    outer loop
      vertex 6.55031 35.3675 -1.49996
      vertex 6.5011 35.3773 0.50004
      vertex 6.55031 35.3675 0.50004
    endloop
  endfacet
  facet normal 0.195311 0.980741 0
    outer loop
      vertex 6.5011 35.3773 0.50004
      vertex 6.55031 35.3675 -1.49996
      vertex 6.5011 35.3773 -1.49996
    endloop
  endfacet
  facet normal 0.237186 0.971464 -0
    outer loop
      vertex 6.5011 35.3773 -1.49996
      vertex 6.45236 35.3892 0.50004
      vertex 6.5011 35.3773 0.50004
    endloop
  endfacet
  facet normal 0.237186 0.971464 0
    outer loop
      vertex 6.45236 35.3892 0.50004
      vertex 6.5011 35.3773 -1.49996
      vertex 6.45236 35.3892 -1.49996
    endloop
  endfacet
  facet normal 0.280926 0.95973 -0
    outer loop
      vertex 6.45236 35.3892 -1.49996
      vertex 6.40419 35.4033 0.50004
      vertex 6.45236 35.3892 0.50004
    endloop
  endfacet
  facet normal 0.280926 0.95973 0
    outer loop
      vertex 6.40419 35.4033 0.50004
      vertex 6.45236 35.3892 -1.49996
      vertex 6.40419 35.4033 -1.49996
    endloop
  endfacet
  facet normal 0.320948 0.947097 -0
    outer loop
      vertex 6.40419 35.4033 -1.49996
      vertex 6.35668 35.4194 0.50004
      vertex 6.40419 35.4033 0.50004
    endloop
  endfacet
  facet normal 0.320948 0.947097 0
    outer loop
      vertex 6.35668 35.4194 0.50004
      vertex 6.40419 35.4033 -1.49996
      vertex 6.35668 35.4194 -1.49996
    endloop
  endfacet
  facet normal 0.362716 0.9319 -0
    outer loop
      vertex 6.35668 35.4194 -1.49996
      vertex 6.30992 35.4376 0.50004
      vertex 6.35668 35.4194 0.50004
    endloop
  endfacet
  facet normal 0.362716 0.9319 0
    outer loop
      vertex 6.30992 35.4376 0.50004
      vertex 6.35668 35.4194 -1.49996
      vertex 6.30992 35.4376 -1.49996
    endloop
  endfacet
  facet normal 0.402585 0.915383 -0
    outer loop
      vertex 6.30992 35.4376 -1.49996
      vertex 6.26399 35.4578 0.50004
      vertex 6.30992 35.4376 0.50004
    endloop
  endfacet
  facet normal 0.402585 0.915383 0
    outer loop
      vertex 6.26399 35.4578 0.50004
      vertex 6.30992 35.4376 -1.49996
      vertex 6.26399 35.4578 -1.49996
    endloop
  endfacet
  facet normal 0.442424 0.896806 -0
    outer loop
      vertex 6.26399 35.4578 -1.49996
      vertex 6.21899 35.48 0.50004
      vertex 6.26399 35.4578 0.50004
    endloop
  endfacet
  facet normal 0.442424 0.896806 0
    outer loop
      vertex 6.21899 35.48 0.50004
      vertex 6.26399 35.4578 -1.49996
      vertex 6.21899 35.48 -1.49996
    endloop
  endfacet
  facet normal 0.480472 0.87701 -0
    outer loop
      vertex 6.21899 35.48 -1.49996
      vertex 6.175 35.5041 0.50004
      vertex 6.21899 35.48 0.50004
    endloop
  endfacet
  facet normal 0.480472 0.87701 0
    outer loop
      vertex 6.175 35.5041 0.50004
      vertex 6.21899 35.48 -1.49996
      vertex 6.175 35.5041 -1.49996
    endloop
  endfacet
  facet normal 0.51839 0.855144 -0
    outer loop
      vertex 6.175 35.5041 -1.49996
      vertex 6.13211 35.5301 0.50004
      vertex 6.175 35.5041 0.50004
    endloop
  endfacet
  facet normal 0.51839 0.855144 0
    outer loop
      vertex 6.13211 35.5301 0.50004
      vertex 6.175 35.5041 -1.49996
      vertex 6.13211 35.5301 -1.49996
    endloop
  endfacet
  facet normal 0.555895 0.831252 -0
    outer loop
      vertex 6.13211 35.5301 -1.49996
      vertex 6.09039 35.558 0.50004
      vertex 6.13211 35.5301 0.50004
    endloop
  endfacet
  facet normal 0.555895 0.831252 0
    outer loop
      vertex 6.09039 35.558 0.50004
      vertex 6.13211 35.5301 -1.49996
      vertex 6.09039 35.558 -1.49996
    endloop
  endfacet
  facet normal 0.591744 0.806126 -0
    outer loop
      vertex 6.09039 35.558 -1.49996
      vertex 6.04993 35.5877 0.50004
      vertex 6.09039 35.558 0.50004
    endloop
  endfacet
  facet normal 0.591744 0.806126 0
    outer loop
      vertex 6.04993 35.5877 0.50004
      vertex 6.09039 35.558 -1.49996
      vertex 6.04993 35.5877 -1.49996
    endloop
  endfacet
  facet normal 0.625861 0.779935 -0
    outer loop
      vertex 6.04993 35.5877 -1.49996
      vertex 6.0108 35.6191 0.50004
      vertex 6.04993 35.5877 0.50004
    endloop
  endfacet
  facet normal 0.625861 0.779935 0
    outer loop
      vertex 6.0108 35.6191 0.50004
      vertex 6.04993 35.5877 -1.49996
      vertex 6.0108 35.6191 -1.49996
    endloop
  endfacet
  facet normal 0.659477 0.751724 -0
    outer loop
      vertex 6.0108 35.6191 -1.49996
      vertex 5.97307 35.6522 0.50004
      vertex 6.0108 35.6191 0.50004
    endloop
  endfacet
  facet normal 0.659477 0.751724 0
    outer loop
      vertex 5.97307 35.6522 0.50004
      vertex 6.0108 35.6191 -1.49996
      vertex 5.97307 35.6522 -1.49996
    endloop
  endfacet
  facet normal 0.691594 0.722287 -0
    outer loop
      vertex 5.97307 35.6522 -1.49996
      vertex 5.93683 35.6869 0.50004
      vertex 5.97307 35.6522 0.50004
    endloop
  endfacet
  facet normal 0.691594 0.722287 0
    outer loop
      vertex 5.93683 35.6869 0.50004
      vertex 5.97307 35.6522 -1.49996
      vertex 5.93683 35.6869 -1.49996
    endloop
  endfacet
  facet normal 0.721905 0.691992 0
    outer loop
      vertex 5.93683 35.6869 0.50004
      vertex 5.90213 35.7231 -1.49996
      vertex 5.90213 35.7231 0.50004
    endloop
  endfacet
  facet normal 0.721905 0.691992 0
    outer loop
      vertex 5.90213 35.7231 -1.49996
      vertex 5.93683 35.6869 0.50004
      vertex 5.93683 35.6869 -1.49996
    endloop
  endfacet
  facet normal 0.751662 0.659549 0
    outer loop
      vertex 5.90213 35.7231 0.50004
      vertex 5.86905 35.7608 -1.49996
      vertex 5.86905 35.7608 0.50004
    endloop
  endfacet
  facet normal 0.751662 0.659549 0
    outer loop
      vertex 5.86905 35.7608 -1.49996
      vertex 5.90213 35.7231 0.50004
      vertex 5.90213 35.7231 -1.49996
    endloop
  endfacet
  facet normal 0.78048 0.625181 0
    outer loop
      vertex 5.86905 35.7608 0.50004
      vertex 5.83765 35.8 -1.49996
      vertex 5.83765 35.8 0.50004
    endloop
  endfacet
  facet normal 0.78048 0.625181 0
    outer loop
      vertex 5.83765 35.8 -1.49996
      vertex 5.86905 35.7608 0.50004
      vertex 5.86905 35.7608 -1.49996
    endloop
  endfacet
  facet normal 0.805993 0.591926 0
    outer loop
      vertex 5.83765 35.8 0.50004
      vertex 5.80798 35.8404 -1.49996
      vertex 5.80798 35.8404 0.50004
    endloop
  endfacet
  facet normal 0.805993 0.591926 0
    outer loop
      vertex 5.80798 35.8404 -1.49996
      vertex 5.83765 35.8 0.50004
      vertex 5.83765 35.8 -1.49996
    endloop
  endfacet
  facet normal 0.831313 0.555804 0
    outer loop
      vertex 5.80798 35.8404 0.50004
      vertex 5.7801 35.8821 -1.49996
      vertex 5.7801 35.8821 0.50004
    endloop
  endfacet
  facet normal 0.831313 0.555804 0
    outer loop
      vertex 5.7801 35.8821 -1.49996
      vertex 5.80798 35.8404 0.50004
      vertex 5.80798 35.8404 -1.49996
    endloop
  endfacet
  facet normal 0.854933 0.518739 0
    outer loop
      vertex 5.7801 35.8821 0.50004
      vertex 5.75407 35.925 -1.49996
      vertex 5.75407 35.925 0.50004
    endloop
  endfacet
  facet normal 0.854933 0.518739 0
    outer loop
      vertex 5.75407 35.925 -1.49996
      vertex 5.7801 35.8821 0.50004
      vertex 5.7801 35.8821 -1.49996
    endloop
  endfacet
  facet normal 0.876804 0.480847 0
    outer loop
      vertex 5.75407 35.925 0.50004
      vertex 5.72994 35.969 -1.49996
      vertex 5.72994 35.969 0.50004
    endloop
  endfacet
  facet normal 0.876804 0.480847 0
    outer loop
      vertex 5.72994 35.969 -1.49996
      vertex 5.75407 35.925 0.50004
      vertex 5.75407 35.925 -1.49996
    endloop
  endfacet
  facet normal 0.896885 0.442264 0
    outer loop
      vertex 5.72994 35.969 0.50004
      vertex 5.70775 36.014 -1.49996
      vertex 5.70775 36.014 0.50004
    endloop
  endfacet
  facet normal 0.896885 0.442264 0
    outer loop
      vertex 5.70775 36.014 -1.49996
      vertex 5.72994 35.969 0.50004
      vertex 5.72994 35.969 -1.49996
    endloop
  endfacet
  facet normal 0.915535 0.402238 0
    outer loop
      vertex 5.70775 36.014 0.50004
      vertex 5.68754 36.06 -1.49996
      vertex 5.68754 36.06 0.50004
    endloop
  endfacet
  facet normal 0.915535 0.402238 0
    outer loop
      vertex 5.68754 36.06 -1.49996
      vertex 5.70775 36.014 0.50004
      vertex 5.70775 36.014 -1.49996
    endloop
  endfacet
  facet normal 0.931877 0.362774 0
    outer loop
      vertex 5.68754 36.06 0.50004
      vertex 5.66936 36.1067 -1.49996
      vertex 5.66936 36.1067 0.50004
    endloop
  endfacet
  facet normal 0.931877 0.362774 0
    outer loop
      vertex 5.66936 36.1067 -1.49996
      vertex 5.68754 36.06 0.50004
      vertex 5.68754 36.06 -1.49996
    endloop
  endfacet
  facet normal 0.946894 0.321545 0
    outer loop
      vertex 5.66936 36.1067 0.50004
      vertex 5.65323 36.1542 -1.49996
      vertex 5.65323 36.1542 0.50004
    endloop
  endfacet
  facet normal 0.946894 0.321545 0
    outer loop
      vertex 5.65323 36.1542 -1.49996
      vertex 5.66936 36.1067 0.50004
      vertex 5.66936 36.1067 -1.49996
    endloop
  endfacet
  facet normal 0.960098 0.279663 0
    outer loop
      vertex 5.65323 36.1542 0.50004
      vertex 5.63919 36.2024 -1.49996
      vertex 5.63919 36.2024 0.50004
    endloop
  endfacet
  facet normal 0.960098 0.279663 0
    outer loop
      vertex 5.63919 36.2024 -1.49996
      vertex 5.65323 36.1542 0.50004
      vertex 5.65323 36.1542 -1.49996
    endloop
  endfacet
  facet normal 0.971281 0.237934 0
    outer loop
      vertex 5.63919 36.2024 0.50004
      vertex 5.62726 36.2511 -1.49996
      vertex 5.62726 36.2511 0.50004
    endloop
  endfacet
  facet normal 0.971281 0.237934 0
    outer loop
      vertex 5.62726 36.2511 -1.49996
      vertex 5.63919 36.2024 0.50004
      vertex 5.63919 36.2024 -1.49996
    endloop
  endfacet
  facet normal 0.980772 0.195158 0
    outer loop
      vertex 5.62726 36.2511 0.50004
      vertex 5.61747 36.3003 -1.49996
      vertex 5.61747 36.3003 0.50004
    endloop
  endfacet
  facet normal 0.980772 0.195158 0
    outer loop
      vertex 5.61747 36.3003 -1.49996
      vertex 5.62726 36.2511 0.50004
      vertex 5.62726 36.2511 -1.49996
    endloop
  endfacet
  facet normal 0.988374 0.152042 0
    outer loop
      vertex 5.61747 36.3003 0.50004
      vertex 5.60984 36.3499 -1.49996
      vertex 5.60984 36.3499 0.50004
    endloop
  endfacet
  facet normal 0.988374 0.152042 0
    outer loop
      vertex 5.60984 36.3499 -1.49996
      vertex 5.61747 36.3003 0.50004
      vertex 5.61747 36.3003 -1.49996
    endloop
  endfacet
  facet normal 0.994067 0.10877 0
    outer loop
      vertex 5.60984 36.3499 0.50004
      vertex 5.60438 36.3998 -1.49996
      vertex 5.60438 36.3998 0.50004
    endloop
  endfacet
  facet normal 0.994067 0.10877 0
    outer loop
      vertex 5.60438 36.3998 -1.49996
      vertex 5.60984 36.3499 0.50004
      vertex 5.60984 36.3499 -1.49996
    endloop
  endfacet
  facet normal 0.997864 0.0653292 0
    outer loop
      vertex 5.60438 36.3998 0.50004
      vertex 5.6011 36.4499 -1.49996
      vertex 5.6011 36.4499 0.50004
    endloop
  endfacet
  facet normal 0.997864 0.0653292 0
    outer loop
      vertex 5.6011 36.4499 -1.49996
      vertex 5.60438 36.3998 0.50004
      vertex 5.60438 36.3998 -1.49996
    endloop
  endfacet
  facet normal 0.999759 0.0219508 0
    outer loop
      vertex 5.6011 36.4499 0.50004
      vertex 5.6 36.5 -1.49996
      vertex 5.6 36.5 0.50004
    endloop
  endfacet
  facet normal 0.999759 0.0219508 0
    outer loop
      vertex 5.6 36.5 -1.49996
      vertex 5.6011 36.4499 0.50004
      vertex 5.6011 36.4499 -1.49996
    endloop
  endfacet
  facet normal 0.99976 -0.0219071 0
    outer loop
      vertex 5.6 36.5 0.50004
      vertex 5.6011 36.5502 -1.49996
      vertex 5.6011 36.5502 0.50004
    endloop
  endfacet
  facet normal 0.99976 -0.0219071 0
    outer loop
      vertex 5.6011 36.5502 -1.49996
      vertex 5.6 36.5 0.50004
      vertex 5.6 36.5 -1.49996
    endloop
  endfacet
  facet normal 0.997864 -0.0653292 0
    outer loop
      vertex 5.6011 36.5502 0.50004
      vertex 5.60438 36.6003 -1.49996
      vertex 5.60438 36.6003 0.50004
    endloop
  endfacet
  facet normal 0.997864 -0.0653292 0
    outer loop
      vertex 5.60438 36.6003 -1.49996
      vertex 5.6011 36.5502 0.50004
      vertex 5.6011 36.5502 -1.49996
    endloop
  endfacet
  facet normal 0.994043 -0.108985 0
    outer loop
      vertex 5.60438 36.6003 0.50004
      vertex 5.60984 36.6501 -1.49996
      vertex 5.60984 36.6501 0.50004
    endloop
  endfacet
  facet normal 0.994043 -0.108985 0
    outer loop
      vertex 5.60984 36.6501 -1.49996
      vertex 5.60438 36.6003 0.50004
      vertex 5.60438 36.6003 -1.49996
    endloop
  endfacet
  facet normal 0.988374 -0.152042 0
    outer loop
      vertex 5.60984 36.6501 0.50004
      vertex 5.61747 36.6997 -1.49996
      vertex 5.61747 36.6997 0.50004
    endloop
  endfacet
  facet normal 0.988374 -0.152042 0
    outer loop
      vertex 5.61747 36.6997 -1.49996
      vertex 5.60984 36.6501 0.50004
      vertex 5.60984 36.6501 -1.49996
    endloop
  endfacet
  facet normal 0.980772 -0.195158 0
    outer loop
      vertex 5.61747 36.6997 0.50004
      vertex 5.62726 36.7489 -1.49996
      vertex 5.62726 36.7489 0.50004
    endloop
  endfacet
  facet normal 0.980772 -0.195158 0
    outer loop
      vertex 5.62726 36.7489 -1.49996
      vertex 5.61747 36.6997 0.50004
      vertex 5.61747 36.6997 -1.49996
    endloop
  endfacet
  facet normal 0.971394 -0.237474 0
    outer loop
      vertex 5.62726 36.7489 0.50004
      vertex 5.63919 36.7977 -1.49996
      vertex 5.63919 36.7977 0.50004
    endloop
  endfacet
  facet normal 0.971394 -0.237474 0
    outer loop
      vertex 5.63919 36.7977 -1.49996
      vertex 5.62726 36.7489 0.50004
      vertex 5.62726 36.7489 -1.49996
    endloop
  endfacet
  facet normal 0.960098 -0.279663 0
    outer loop
      vertex 5.63919 36.7977 0.50004
      vertex 5.65323 36.8459 -1.49996
      vertex 5.65323 36.8459 0.50004
    endloop
  endfacet
  facet normal 0.960098 -0.279663 0
    outer loop
      vertex 5.65323 36.8459 -1.49996
      vertex 5.63919 36.7977 0.50004
      vertex 5.63919 36.7977 -1.49996
    endloop
  endfacet
  facet normal 0.946894 -0.321545 0
    outer loop
      vertex 5.65323 36.8459 0.50004
      vertex 5.66936 36.8934 -1.49996
      vertex 5.66936 36.8934 0.50004
    endloop
  endfacet
  facet normal 0.946894 -0.321545 0
    outer loop
      vertex 5.66936 36.8934 -1.49996
      vertex 5.65323 36.8459 0.50004
      vertex 5.65323 36.8459 -1.49996
    endloop
  endfacet
  facet normal 0.931877 -0.362774 0
    outer loop
      vertex 5.66936 36.8934 0.50004
      vertex 5.68754 36.9401 -1.49996
      vertex 5.68754 36.9401 0.50004
    endloop
  endfacet
  facet normal 0.931877 -0.362774 0
    outer loop
      vertex 5.68754 36.9401 -1.49996
      vertex 5.66936 36.8934 0.50004
      vertex 5.66936 36.8934 -1.49996
    endloop
  endfacet
  facet normal 0.915535 -0.402238 0
    outer loop
      vertex 5.68754 36.9401 0.50004
      vertex 5.70775 36.9861 -1.49996
      vertex 5.70775 36.9861 0.50004
    endloop
  endfacet
  facet normal 0.915535 -0.402238 0
    outer loop
      vertex 5.70775 36.9861 -1.49996
      vertex 5.68754 36.9401 0.50004
      vertex 5.68754 36.9401 -1.49996
    endloop
  endfacet
  facet normal 0.896885 -0.442264 0
    outer loop
      vertex 5.70775 36.9861 0.50004
      vertex 5.72994 37.0311 -1.49996
      vertex 5.72994 37.0311 0.50004
    endloop
  endfacet
  facet normal 0.896885 -0.442264 0
    outer loop
      vertex 5.72994 37.0311 -1.49996
      vertex 5.70775 36.9861 0.50004
      vertex 5.70775 36.9861 -1.49996
    endloop
  endfacet
  facet normal 0.876342 -0.481689 0
    outer loop
      vertex 5.72994 37.0311 0.50004
      vertex 5.75407 37.075 -1.49996
      vertex 5.75407 37.075 0.50004
    endloop
  endfacet
  facet normal 0.876342 -0.481689 0
    outer loop
      vertex 5.75407 37.075 -1.49996
      vertex 5.72994 37.0311 0.50004
      vertex 5.72994 37.0311 -1.49996
    endloop
  endfacet
  facet normal 0.854933 -0.518739 0
    outer loop
      vertex 5.75407 37.075 0.50004
      vertex 5.7801 37.1179 -1.49996
      vertex 5.7801 37.1179 0.50004
    endloop
  endfacet
  facet normal 0.854933 -0.518739 0
    outer loop
      vertex 5.7801 37.1179 -1.49996
      vertex 5.75407 37.075 0.50004
      vertex 5.75407 37.075 -1.49996
    endloop
  endfacet
  facet normal 0.831928 -0.554884 0
    outer loop
      vertex 5.7801 37.1179 0.50004
      vertex 5.80798 37.1597 -1.49996
      vertex 5.80798 37.1597 0.50004
    endloop
  endfacet
  facet normal 0.831928 -0.554884 0
    outer loop
      vertex 5.80798 37.1597 -1.49996
      vertex 5.7801 37.1179 0.50004
      vertex 5.7801 37.1179 -1.49996
    endloop
  endfacet
  facet normal 0.805993 -0.591926 0
    outer loop
      vertex 5.80798 37.1597 0.50004
      vertex 5.83765 37.2001 -1.49996
      vertex 5.83765 37.2001 0.50004
    endloop
  endfacet
  facet normal 0.805993 -0.591926 0
    outer loop
      vertex 5.83765 37.2001 -1.49996
      vertex 5.80798 37.1597 0.50004
      vertex 5.80798 37.1597 -1.49996
    endloop
  endfacet
  facet normal 0.7797 -0.626153 0
    outer loop
      vertex 5.83765 37.2001 0.50004
      vertex 5.86905 37.2392 -1.49996
      vertex 5.86905 37.2392 0.50004
    endloop
  endfacet
  facet normal 0.7797 -0.626153 0
    outer loop
      vertex 5.86905 37.2392 -1.49996
      vertex 5.83765 37.2001 0.50004
      vertex 5.83765 37.2001 -1.49996
    endloop
  endfacet
  facet normal 0.752527 -0.658561 0
    outer loop
      vertex 5.86905 37.2392 0.50004
      vertex 5.90213 37.277 -1.49996
      vertex 5.90213 37.277 0.50004
    endloop
  endfacet
  facet normal 0.752527 -0.658561 0
    outer loop
      vertex 5.90213 37.277 -1.49996
      vertex 5.86905 37.2392 0.50004
      vertex 5.86905 37.2392 -1.49996
    endloop
  endfacet
  facet normal 0.721905 -0.691992 0
    outer loop
      vertex 5.90213 37.277 0.50004
      vertex 5.93683 37.3132 -1.49996
      vertex 5.93683 37.3132 0.50004
    endloop
  endfacet
  facet normal 0.721905 -0.691992 0
    outer loop
      vertex 5.93683 37.3132 -1.49996
      vertex 5.90213 37.277 0.50004
      vertex 5.90213 37.277 -1.49996
    endloop
  endfacet
  facet normal 0.691594 -0.722287 0
    outer loop
      vertex 5.93683 37.3132 -1.49996
      vertex 5.97307 37.3479 0.50004
      vertex 5.93683 37.3132 0.50004
    endloop
  endfacet
  facet normal 0.691594 -0.722287 0
    outer loop
      vertex 5.97307 37.3479 0.50004
      vertex 5.93683 37.3132 -1.49996
      vertex 5.97307 37.3479 -1.49996
    endloop
  endfacet
  facet normal 0.659477 -0.751724 0
    outer loop
      vertex 5.97307 37.3479 -1.49996
      vertex 6.0108 37.381 0.50004
      vertex 5.97307 37.3479 0.50004
    endloop
  endfacet
  facet normal 0.659477 -0.751724 0
    outer loop
      vertex 6.0108 37.381 0.50004
      vertex 5.97307 37.3479 -1.49996
      vertex 6.0108 37.381 -1.49996
    endloop
  endfacet
  facet normal 0.625861 -0.779935 0
    outer loop
      vertex 6.0108 37.381 -1.49996
      vertex 6.04993 37.4124 0.50004
      vertex 6.0108 37.381 0.50004
    endloop
  endfacet
  facet normal 0.625861 -0.779935 0
    outer loop
      vertex 6.04993 37.4124 0.50004
      vertex 6.0108 37.381 -1.49996
      vertex 6.04993 37.4124 -1.49996
    endloop
  endfacet
  facet normal 0.591744 -0.806126 0
    outer loop
      vertex 6.04993 37.4124 -1.49996
      vertex 6.09039 37.4421 0.50004
      vertex 6.04993 37.4124 0.50004
    endloop
  endfacet
  facet normal 0.591744 -0.806126 0
    outer loop
      vertex 6.09039 37.4421 0.50004
      vertex 6.04993 37.4124 -1.49996
      vertex 6.09039 37.4421 -1.49996
    endloop
  endfacet
  facet normal 0.554516 -0.832173 0
    outer loop
      vertex 6.09039 37.4421 -1.49996
      vertex 6.13211 37.4699 0.50004
      vertex 6.09039 37.4421 0.50004
    endloop
  endfacet
  facet normal 0.554516 -0.832173 0
    outer loop
      vertex 6.13211 37.4699 0.50004
      vertex 6.09039 37.4421 -1.49996
      vertex 6.13211 37.4699 -1.49996
    endloop
  endfacet
  facet normal 0.519846 -0.85426 0
    outer loop
      vertex 6.13211 37.4699 -1.49996
      vertex 6.175 37.496 0.50004
      vertex 6.13211 37.4699 0.50004
    endloop
  endfacet
  facet normal 0.519846 -0.85426 0
    outer loop
      vertex 6.175 37.496 0.50004
      vertex 6.13211 37.4699 -1.49996
      vertex 6.175 37.496 -1.49996
    endloop
  endfacet
  facet normal 0.480472 -0.87701 0
    outer loop
      vertex 6.175 37.496 -1.49996
      vertex 6.21899 37.5201 0.50004
      vertex 6.175 37.496 0.50004
    endloop
  endfacet
  facet normal 0.480472 -0.87701 0
    outer loop
      vertex 6.21899 37.5201 0.50004
      vertex 6.175 37.496 -1.49996
      vertex 6.21899 37.5201 -1.49996
    endloop
  endfacet
  facet normal 0.442424 -0.896806 0
    outer loop
      vertex 6.21899 37.5201 -1.49996
      vertex 6.26399 37.5423 0.50004
      vertex 6.21899 37.5201 0.50004
    endloop
  endfacet
  facet normal 0.442424 -0.896806 0
    outer loop
      vertex 6.26399 37.5423 0.50004
      vertex 6.21899 37.5201 -1.49996
      vertex 6.26399 37.5423 -1.49996
    endloop
  endfacet
  facet normal 0.402585 -0.915383 0
    outer loop
      vertex 6.26399 37.5423 -1.49996
      vertex 6.30992 37.5625 0.50004
      vertex 6.26399 37.5423 0.50004
    endloop
  endfacet
  facet normal 0.402585 -0.915383 0
    outer loop
      vertex 6.30992 37.5625 0.50004
      vertex 6.26399 37.5423 -1.49996
      vertex 6.30992 37.5625 -1.49996
    endloop
  endfacet
  facet normal 0.362716 -0.9319 0
    outer loop
      vertex 6.30992 37.5625 -1.49996
      vertex 6.35668 37.5807 0.50004
      vertex 6.30992 37.5625 0.50004
    endloop
  endfacet
  facet normal 0.362716 -0.9319 0
    outer loop
      vertex 6.35668 37.5807 0.50004
      vertex 6.30992 37.5625 -1.49996
      vertex 6.35668 37.5807 -1.49996
    endloop
  endfacet
  facet normal 0.320948 -0.947097 0
    outer loop
      vertex 6.35668 37.5807 -1.49996
      vertex 6.40419 37.5968 0.50004
      vertex 6.35668 37.5807 0.50004
    endloop
  endfacet
  facet normal 0.320948 -0.947097 0
    outer loop
      vertex 6.40419 37.5968 0.50004
      vertex 6.35668 37.5807 -1.49996
      vertex 6.40419 37.5968 -1.49996
    endloop
  endfacet
  facet normal 0.279089 -0.960265 0
    outer loop
      vertex 6.40419 37.5968 -1.49996
      vertex 6.45236 37.6108 0.50004
      vertex 6.40419 37.5968 0.50004
    endloop
  endfacet
  facet normal 0.279089 -0.960265 0
    outer loop
      vertex 6.45236 37.6108 0.50004
      vertex 6.40419 37.5968 -1.49996
      vertex 6.45236 37.6108 -1.49996
    endloop
  endfacet
  facet normal 0.239065 -0.971003 0
    outer loop
      vertex 6.45236 37.6108 -1.49996
      vertex 6.5011 37.6228 0.50004
      vertex 6.45236 37.6108 0.50004
    endloop
  endfacet
  facet normal 0.239065 -0.971003 0
    outer loop
      vertex 6.5011 37.6228 0.50004
      vertex 6.45236 37.6108 -1.49996
      vertex 6.5011 37.6228 -1.49996
    endloop
  endfacet
  facet normal 0.195311 -0.980741 0
    outer loop
      vertex 6.5011 37.6228 -1.49996
      vertex 6.55031 37.6326 0.50004
      vertex 6.5011 37.6228 0.50004
    endloop
  endfacet
  facet normal 0.195311 -0.980741 0
    outer loop
      vertex 6.55031 37.6326 0.50004
      vertex 6.5011 37.6228 -1.49996
      vertex 6.55031 37.6326 -1.49996
    endloop
  endfacet
  facet normal 0.151488 -0.988459 0
    outer loop
      vertex 6.55031 37.6326 -1.49996
      vertex 6.5999 37.6402 0.50004
      vertex 6.55031 37.6326 0.50004
    endloop
  endfacet
  facet normal 0.151488 -0.988459 0
    outer loop
      vertex 6.5999 37.6402 0.50004
      vertex 6.55031 37.6326 -1.49996
      vertex 6.5999 37.6402 -1.49996
    endloop
  endfacet
  facet normal 0.109622 -0.993973 0
    outer loop
      vertex 6.5999 37.6402 -1.49996
      vertex 6.64977 37.6457 0.50004
      vertex 6.5999 37.6402 0.50004
    endloop
  endfacet
  facet normal 0.109622 -0.993973 0
    outer loop
      vertex 6.64977 37.6457 0.50004
      vertex 6.5999 37.6402 -1.49996
      vertex 6.64977 37.6457 -1.49996
    endloop
  endfacet
  facet normal 0.0637804 -0.997964 0
    outer loop
      vertex 6.64977 37.6457 -1.49996
      vertex 6.69984 37.6489 0.50004
      vertex 6.64977 37.6457 0.50004
    endloop
  endfacet
  facet normal 0.0637804 -0.997964 0
    outer loop
      vertex 6.69984 37.6489 0.50004
      vertex 6.64977 37.6457 -1.49996
      vertex 6.69984 37.6489 -1.49996
    endloop
  endfacet
  facet normal 0.0219246 -0.99976 0
    outer loop
      vertex 6.69984 37.6489 -1.49996
      vertex 6.75 37.65 0.50004
      vertex 6.69984 37.6489 0.50004
    endloop
  endfacet
  facet normal 0.0219246 -0.99976 0
    outer loop
      vertex 6.75 37.65 0.50004
      vertex 6.69984 37.6489 -1.49996
      vertex 6.75 37.65 -1.49996
    endloop
  endfacet
  facet normal -0.0219246 -0.99976 0
    outer loop
      vertex 6.75 37.65 -1.49996
      vertex 6.80016 37.6489 0.50004
      vertex 6.75 37.65 0.50004
    endloop
  endfacet
  facet normal -0.0219246 -0.99976 -0
    outer loop
      vertex 6.80016 37.6489 0.50004
      vertex 6.75 37.65 -1.49996
      vertex 6.80016 37.6489 -1.49996
    endloop
  endfacet
  facet normal -0.0637804 -0.997964 0
    outer loop
      vertex 6.80016 37.6489 -1.49996
      vertex 6.85023 37.6457 0.50004
      vertex 6.80016 37.6489 0.50004
    endloop
  endfacet
  facet normal -0.0637804 -0.997964 -0
    outer loop
      vertex 6.85023 37.6457 0.50004
      vertex 6.80016 37.6489 -1.49996
      vertex 6.85023 37.6457 -1.49996
    endloop
  endfacet
  facet normal -0.1096 -0.993976 0
    outer loop
      vertex 6.85023 37.6457 -1.49996
      vertex 6.90011 37.6402 0.50004
      vertex 6.85023 37.6457 0.50004
    endloop
  endfacet
  facet normal -0.1096 -0.993976 -0
    outer loop
      vertex 6.90011 37.6402 0.50004
      vertex 6.85023 37.6457 -1.49996
      vertex 6.90011 37.6402 -1.49996
    endloop
  endfacet
  facet normal -0.151488 -0.988459 0
    outer loop
      vertex 6.90011 37.6402 -1.49996
      vertex 6.9497 37.6326 0.50004
      vertex 6.90011 37.6402 0.50004
    endloop
  endfacet
  facet normal -0.151488 -0.988459 -0
    outer loop
      vertex 6.9497 37.6326 0.50004
      vertex 6.90011 37.6402 -1.49996
      vertex 6.9497 37.6326 -1.49996
    endloop
  endfacet
  facet normal -0.195311 -0.980741 0
    outer loop
      vertex 6.9497 37.6326 -1.49996
      vertex 6.99891 37.6228 0.50004
      vertex 6.9497 37.6326 0.50004
    endloop
  endfacet
  facet normal -0.195311 -0.980741 -0
    outer loop
      vertex 6.99891 37.6228 0.50004
      vertex 6.9497 37.6326 -1.49996
      vertex 6.99891 37.6228 -1.49996
    endloop
  endfacet
  facet normal -0.239112 -0.970992 0
    outer loop
      vertex 6.99891 37.6228 -1.49996
      vertex 7.04764 37.6108 0.50004
      vertex 6.99891 37.6228 0.50004
    endloop
  endfacet
  facet normal -0.239112 -0.970992 -0
    outer loop
      vertex 7.04764 37.6108 0.50004
      vertex 6.99891 37.6228 -1.49996
      vertex 7.04764 37.6108 -1.49996
    endloop
  endfacet
  facet normal -0.279089 -0.960265 0
    outer loop
      vertex 7.04764 37.6108 -1.49996
      vertex 7.09581 37.5968 0.50004
      vertex 7.04764 37.6108 0.50004
    endloop
  endfacet
  facet normal -0.279089 -0.960265 -0
    outer loop
      vertex 7.09581 37.5968 0.50004
      vertex 7.04764 37.6108 -1.49996
      vertex 7.09581 37.5968 -1.49996
    endloop
  endfacet
  facet normal -0.320888 -0.947117 0
    outer loop
      vertex 7.09581 37.5968 -1.49996
      vertex 7.14333 37.5807 0.50004
      vertex 7.09581 37.5968 0.50004
    endloop
  endfacet
  facet normal -0.320888 -0.947117 -0
    outer loop
      vertex 7.14333 37.5807 0.50004
      vertex 7.09581 37.5968 -1.49996
      vertex 7.14333 37.5807 -1.49996
    endloop
  endfacet
  facet normal -0.362716 -0.9319 0
    outer loop
      vertex 7.14333 37.5807 -1.49996
      vertex 7.19009 37.5625 0.50004
      vertex 7.14333 37.5807 0.50004
    endloop
  endfacet
  facet normal -0.362716 -0.9319 -0
    outer loop
      vertex 7.19009 37.5625 0.50004
      vertex 7.14333 37.5807 -1.49996
      vertex 7.19009 37.5625 -1.49996
    endloop
  endfacet
  facet normal -0.402658 -0.91535 0
    outer loop
      vertex 7.19009 37.5625 -1.49996
      vertex 7.23601 37.5423 0.50004
      vertex 7.19009 37.5625 0.50004
    endloop
  endfacet
  facet normal -0.402658 -0.91535 -0
    outer loop
      vertex 7.23601 37.5423 0.50004
      vertex 7.19009 37.5625 -1.49996
      vertex 7.23601 37.5423 -1.49996
    endloop
  endfacet
  facet normal -0.442424 -0.896806 0
    outer loop
      vertex 7.23601 37.5423 -1.49996
      vertex 7.28101 37.5201 0.50004
      vertex 7.23601 37.5423 0.50004
    endloop
  endfacet
  facet normal -0.442424 -0.896806 -0
    outer loop
      vertex 7.28101 37.5201 0.50004
      vertex 7.23601 37.5423 -1.49996
      vertex 7.28101 37.5201 -1.49996
    endloop
  endfacet
  facet normal -0.480472 -0.87701 0
    outer loop
      vertex 7.28101 37.5201 -1.49996
      vertex 7.325 37.496 0.50004
      vertex 7.28101 37.5201 0.50004
    endloop
  endfacet
  facet normal -0.480472 -0.87701 -0
    outer loop
      vertex 7.325 37.496 0.50004
      vertex 7.28101 37.5201 -1.49996
      vertex 7.325 37.496 -1.49996
    endloop
  endfacet
  facet normal -0.519757 -0.854314 0
    outer loop
      vertex 7.325 37.496 -1.49996
      vertex 7.3679 37.4699 0.50004
      vertex 7.325 37.496 0.50004
    endloop
  endfacet
  facet normal -0.519757 -0.854314 -0
    outer loop
      vertex 7.3679 37.4699 0.50004
      vertex 7.325 37.496 -1.49996
      vertex 7.3679 37.4699 -1.49996
    endloop
  endfacet
  facet normal -0.554608 -0.832112 0
    outer loop
      vertex 7.3679 37.4699 -1.49996
      vertex 7.40961 37.4421 0.50004
      vertex 7.3679 37.4699 0.50004
    endloop
  endfacet
  facet normal -0.554608 -0.832112 -0
    outer loop
      vertex 7.40961 37.4421 0.50004
      vertex 7.3679 37.4699 -1.49996
      vertex 7.40961 37.4421 -1.49996
    endloop
  endfacet
  facet normal -0.591649 -0.806196 0
    outer loop
      vertex 7.40961 37.4421 -1.49996
      vertex 7.45008 37.4124 0.50004
      vertex 7.40961 37.4421 0.50004
    endloop
  endfacet
  facet normal -0.591649 -0.806196 -0
    outer loop
      vertex 7.45008 37.4124 0.50004
      vertex 7.40961 37.4421 -1.49996
      vertex 7.45008 37.4124 -1.49996
    endloop
  endfacet
  facet normal -0.625861 -0.779935 0
    outer loop
      vertex 7.45008 37.4124 -1.49996
      vertex 7.48921 37.381 0.50004
      vertex 7.45008 37.4124 0.50004
    endloop
  endfacet
  facet normal -0.625861 -0.779935 -0
    outer loop
      vertex 7.48921 37.381 0.50004
      vertex 7.45008 37.4124 -1.49996
      vertex 7.48921 37.381 -1.49996
    endloop
  endfacet
  facet normal -0.659576 -0.751638 0
    outer loop
      vertex 7.48921 37.381 -1.49996
      vertex 7.52693 37.3479 0.50004
      vertex 7.48921 37.381 0.50004
    endloop
  endfacet
  facet normal -0.659576 -0.751638 -0
    outer loop
      vertex 7.52693 37.3479 0.50004
      vertex 7.48921 37.381 -1.49996
      vertex 7.52693 37.3479 -1.49996
    endloop
  endfacet
  facet normal -0.691494 -0.722382 0
    outer loop
      vertex 7.52693 37.3479 -1.49996
      vertex 7.56318 37.3132 0.50004
      vertex 7.52693 37.3479 0.50004
    endloop
  endfacet
  facet normal -0.691494 -0.722382 -0
    outer loop
      vertex 7.56318 37.3132 0.50004
      vertex 7.52693 37.3479 -1.49996
      vertex 7.56318 37.3132 -1.49996
    endloop
  endfacet
  facet normal -0.722005 -0.691888 0
    outer loop
      vertex 7.59787 37.277 -1.49996
      vertex 7.56318 37.3132 0.50004
      vertex 7.56318 37.3132 -1.49996
    endloop
  endfacet
  facet normal -0.722005 -0.691888 0
    outer loop
      vertex 7.56318 37.3132 0.50004
      vertex 7.59787 37.277 -1.49996
      vertex 7.59787 37.277 0.50004
    endloop
  endfacet
  facet normal -0.752527 -0.658561 0
    outer loop
      vertex 7.63095 37.2392 -1.49996
      vertex 7.59787 37.277 0.50004
      vertex 7.59787 37.277 -1.49996
    endloop
  endfacet
  facet normal -0.752527 -0.658561 0
    outer loop
      vertex 7.59787 37.277 0.50004
      vertex 7.63095 37.2392 -1.49996
      vertex 7.63095 37.2392 0.50004
    endloop
  endfacet
  facet normal -0.779603 -0.626274 0
    outer loop
      vertex 7.66236 37.2001 -1.49996
      vertex 7.63095 37.2392 0.50004
      vertex 7.63095 37.2392 -1.49996
    endloop
  endfacet
  facet normal -0.779603 -0.626274 0
    outer loop
      vertex 7.63095 37.2392 0.50004
      vertex 7.66236 37.2001 -1.49996
      vertex 7.66236 37.2001 0.50004
    endloop
  endfacet
  facet normal -0.805993 -0.591926 0
    outer loop
      vertex 7.69203 37.1597 -1.49996
      vertex 7.66236 37.2001 0.50004
      vertex 7.66236 37.2001 -1.49996
    endloop
  endfacet
  facet normal -0.805993 -0.591926 0
    outer loop
      vertex 7.66236 37.2001 0.50004
      vertex 7.69203 37.1597 -1.49996
      vertex 7.69203 37.1597 0.50004
    endloop
  endfacet
  facet normal -0.83202 -0.554746 0
    outer loop
      vertex 7.7199 37.1179 -1.49996
      vertex 7.69203 37.1597 0.50004
      vertex 7.69203 37.1597 -1.49996
    endloop
  endfacet
  facet normal -0.83202 -0.554746 0
    outer loop
      vertex 7.69203 37.1597 0.50004
      vertex 7.7199 37.1179 -1.49996
      vertex 7.7199 37.1179 0.50004
    endloop
  endfacet
  facet normal -0.854933 -0.518739 0
    outer loop
      vertex 7.74593 37.075 -1.49996
      vertex 7.7199 37.1179 0.50004
      vertex 7.7199 37.1179 -1.49996
    endloop
  endfacet
  facet normal -0.854933 -0.518739 0
    outer loop
      vertex 7.7199 37.1179 0.50004
      vertex 7.74593 37.075 -1.49996
      vertex 7.74593 37.075 0.50004
    endloop
  endfacet
  facet normal -0.876342 -0.481689 0
    outer loop
      vertex 7.77006 37.0311 -1.49996
      vertex 7.74593 37.075 0.50004
      vertex 7.74593 37.075 -1.49996
    endloop
  endfacet
  facet normal -0.876342 -0.481689 0
    outer loop
      vertex 7.74593 37.075 0.50004
      vertex 7.77006 37.0311 -1.49996
      vertex 7.77006 37.0311 0.50004
    endloop
  endfacet
  facet normal -0.896806 -0.442424 0
    outer loop
      vertex 7.79226 36.9861 -1.49996
      vertex 7.77006 37.0311 0.50004
      vertex 7.77006 37.0311 -1.49996
    endloop
  endfacet
  facet normal -0.896806 -0.442424 0
    outer loop
      vertex 7.77006 37.0311 0.50004
      vertex 7.79226 36.9861 -1.49996
      vertex 7.79226 36.9861 0.50004
    endloop
  endfacet
  facet normal -0.915608 -0.402071 0
    outer loop
      vertex 7.81246 36.9401 -1.49996
      vertex 7.79226 36.9861 0.50004
      vertex 7.79226 36.9861 -1.49996
    endloop
  endfacet
  facet normal -0.915608 -0.402071 0
    outer loop
      vertex 7.79226 36.9861 0.50004
      vertex 7.81246 36.9401 -1.49996
      vertex 7.81246 36.9401 0.50004
    endloop
  endfacet
  facet normal -0.93181 -0.362947 0
    outer loop
      vertex 7.83065 36.8934 -1.49996
      vertex 7.81246 36.9401 0.50004
      vertex 7.81246 36.9401 -1.49996
    endloop
  endfacet
  facet normal -0.93181 -0.362947 0
    outer loop
      vertex 7.81246 36.9401 0.50004
      vertex 7.83065 36.8934 -1.49996
      vertex 7.83065 36.8934 0.50004
    endloop
  endfacet
  facet normal -0.946894 -0.321545 0
    outer loop
      vertex 7.84678 36.8459 -1.49996
      vertex 7.83065 36.8934 0.50004
      vertex 7.83065 36.8934 -1.49996
    endloop
  endfacet
  facet normal -0.946894 -0.321545 0
    outer loop
      vertex 7.83065 36.8934 0.50004
      vertex 7.84678 36.8459 -1.49996
      vertex 7.84678 36.8459 0.50004
    endloop
  endfacet
  facet normal -0.960098 -0.279663 0
    outer loop
      vertex 7.86082 36.7977 -1.49996
      vertex 7.84678 36.8459 0.50004
      vertex 7.84678 36.8459 -1.49996
    endloop
  endfacet
  facet normal -0.960098 -0.279663 0
    outer loop
      vertex 7.84678 36.8459 0.50004
      vertex 7.86082 36.7977 -1.49996
      vertex 7.86082 36.7977 0.50004
    endloop
  endfacet
  facet normal -0.97144 -0.237286 0
    outer loop
      vertex 7.87274 36.7489 -1.49996
      vertex 7.86082 36.7977 0.50004
      vertex 7.86082 36.7977 -1.49996
    endloop
  endfacet
  facet normal -0.97144 -0.237286 0
    outer loop
      vertex 7.86082 36.7977 0.50004
      vertex 7.87274 36.7489 -1.49996
      vertex 7.87274 36.7489 0.50004
    endloop
  endfacet
  facet normal -0.980772 -0.195158 0
    outer loop
      vertex 7.88253 36.6997 -1.49996
      vertex 7.87274 36.7489 0.50004
      vertex 7.87274 36.7489 -1.49996
    endloop
  endfacet
  facet normal -0.980772 -0.195158 0
    outer loop
      vertex 7.87274 36.7489 0.50004
      vertex 7.88253 36.6997 -1.49996
      vertex 7.88253 36.6997 0.50004
    endloop
  endfacet
  facet normal -0.988374 -0.152042 0
    outer loop
      vertex 7.89016 36.6501 -1.49996
      vertex 7.88253 36.6997 0.50004
      vertex 7.88253 36.6997 -1.49996
    endloop
  endfacet
  facet normal -0.988374 -0.152042 0
    outer loop
      vertex 7.88253 36.6997 0.50004
      vertex 7.89016 36.6501 -1.49996
      vertex 7.89016 36.6501 0.50004
    endloop
  endfacet
  facet normal -0.994022 -0.109183 0
    outer loop
      vertex 7.89563 36.6003 -1.49996
      vertex 7.89016 36.6501 0.50004
      vertex 7.89016 36.6501 -1.49996
    endloop
  endfacet
  facet normal -0.994022 -0.109183 0
    outer loop
      vertex 7.89016 36.6501 0.50004
      vertex 7.89563 36.6003 -1.49996
      vertex 7.89563 36.6003 0.50004
    endloop
  endfacet
  facet normal -0.997864 -0.0653292 0
    outer loop
      vertex 7.89891 36.5502 -1.49996
      vertex 7.89563 36.6003 0.50004
      vertex 7.89563 36.6003 -1.49996
    endloop
  endfacet
  facet normal -0.997864 -0.0653292 0
    outer loop
      vertex 7.89563 36.6003 0.50004
      vertex 7.89891 36.5502 -1.49996
      vertex 7.89891 36.5502 0.50004
    endloop
  endfacet
  facet normal -0.999764 -0.021708 0
    outer loop
      vertex 7.9 36.5 -1.49996
      vertex 7.89891 36.5502 0.50004
      vertex 7.89891 36.5502 -1.49996
    endloop
  endfacet
  facet normal -0.999764 -0.021708 0
    outer loop
      vertex 7.89891 36.5502 0.50004
      vertex 7.9 36.5 -1.49996
      vertex 7.9 36.5 0.50004
    endloop
  endfacet
  facet normal -0.999057 -0.0434099 0
    outer loop
      vertex -4.49063 36.2099 -1.49996
      vertex -4.49889 36.4 -0.99996
      vertex -4.49889 36.4 -1.49996
    endloop
  endfacet
  facet normal -0.999057 -0.0434099 0
    outer loop
      vertex -4.49889 36.4 -0.99996
      vertex -4.49063 36.2099 -1.49996
      vertex -4.49063 36.2099 -0.99996
    endloop
  endfacet
  facet normal -0.996333 -0.0855576 0
    outer loop
      vertex -4.47434 36.0202 -1.49996
      vertex -4.49063 36.2099 -0.99996
      vertex -4.49063 36.2099 -1.49996
    endloop
  endfacet
  facet normal -0.996333 -0.0855576 0
    outer loop
      vertex -4.49063 36.2099 -0.99996
      vertex -4.47434 36.0202 -1.49996
      vertex -4.47434 36.0202 -0.99996
    endloop
  endfacet
  facet normal -0.991825 -0.127603 0
    outer loop
      vertex -4.45005 35.8314 -1.49996
      vertex -4.47434 36.0202 -0.99996
      vertex -4.47434 36.0202 -1.49996
    endloop
  endfacet
  facet normal -0.991825 -0.127603 0
    outer loop
      vertex -4.47434 36.0202 -0.99996
      vertex -4.45005 35.8314 -1.49996
      vertex -4.45005 35.8314 -0.99996
    endloop
  endfacet
  facet normal -0.985535 -0.169474 0
    outer loop
      vertex -4.41779 35.6438 -1.49996
      vertex -4.45005 35.8314 -0.99996
      vertex -4.45005 35.8314 -1.49996
    endloop
  endfacet
  facet normal -0.985535 -0.169474 0
    outer loop
      vertex -4.45005 35.8314 -0.99996
      vertex -4.41779 35.6438 -1.49996
      vertex -4.41779 35.6438 -0.99996
    endloop
  endfacet
  facet normal -0.977499 -0.210942 0
    outer loop
      vertex -4.37763 35.4577 -1.49996
      vertex -4.41779 35.6438 -0.99996
      vertex -4.41779 35.6438 -1.49996
    endloop
  endfacet
  facet normal -0.977499 -0.210942 0
    outer loop
      vertex -4.41779 35.6438 -0.99996
      vertex -4.37763 35.4577 -1.49996
      vertex -4.37763 35.4577 -0.99996
    endloop
  endfacet
  facet normal -0.967684 -0.252165 0
    outer loop
      vertex -4.32963 35.2735 -1.49996
      vertex -4.37763 35.4577 -0.99996
      vertex -4.37763 35.4577 -1.49996
    endloop
  endfacet
  facet normal -0.967684 -0.252165 0
    outer loop
      vertex -4.37763 35.4577 -0.99996
      vertex -4.32963 35.2735 -1.49996
      vertex -4.32963 35.2735 -0.99996
    endloop
  endfacet
  facet normal -0.956147 -0.292886 0
    outer loop
      vertex -4.27388 35.0915 -1.49996
      vertex -4.32963 35.2735 -0.99996
      vertex -4.32963 35.2735 -1.49996
    endloop
  endfacet
  facet normal -0.956147 -0.292886 0
    outer loop
      vertex -4.32963 35.2735 -0.99996
      vertex -4.27388 35.0915 -1.49996
      vertex -4.27388 35.0915 -0.99996
    endloop
  endfacet
  facet normal -0.942929 -0.332993 0
    outer loop
      vertex -4.21049 34.912 -1.49996
      vertex -4.27388 35.0915 -0.99996
      vertex -4.27388 35.0915 -1.49996
    endloop
  endfacet
  facet normal -0.942929 -0.332993 0
    outer loop
      vertex -4.27388 35.0915 -0.99996
      vertex -4.21049 34.912 -1.49996
      vertex -4.21049 34.912 -0.99996
    endloop
  endfacet
  facet normal -0.927968 -0.372659 0
    outer loop
      vertex -4.13957 34.7354 -1.49996
      vertex -4.21049 34.912 -0.99996
      vertex -4.21049 34.912 -1.49996
    endloop
  endfacet
  facet normal -0.927968 -0.372659 0
    outer loop
      vertex -4.21049 34.912 -0.99996
      vertex -4.13957 34.7354 -1.49996
      vertex -4.13957 34.7354 -0.99996
    endloop
  endfacet
  facet normal -0.91142 -0.411478 0
    outer loop
      vertex -4.06124 34.5619 -1.49996
      vertex -4.13957 34.7354 -0.99996
      vertex -4.13957 34.7354 -1.49996
    endloop
  endfacet
  facet normal -0.91142 -0.411478 0
    outer loop
      vertex -4.13957 34.7354 -0.99996
      vertex -4.06124 34.5619 -1.49996
      vertex -4.06124 34.5619 -0.99996
    endloop
  endfacet
  facet normal -0.893163 -0.449734 0
    outer loop
      vertex -3.97564 34.3919 -1.49996
      vertex -4.06124 34.5619 -0.99996
      vertex -4.06124 34.5619 -1.49996
    endloop
  endfacet
  facet normal -0.893163 -0.449734 0
    outer loop
      vertex -4.06124 34.5619 -0.99996
      vertex -3.97564 34.3919 -1.49996
      vertex -3.97564 34.3919 -0.99996
    endloop
  endfacet
  facet normal -0.873418 -0.486971 0
    outer loop
      vertex -3.88292 34.2256 -1.49996
      vertex -3.97564 34.3919 -0.99996
      vertex -3.97564 34.3919 -1.49996
    endloop
  endfacet
  facet normal -0.873418 -0.486971 0
    outer loop
      vertex -3.97564 34.3919 -0.99996
      vertex -3.88292 34.2256 -1.49996
      vertex -3.88292 34.2256 -0.99996
    endloop
  endfacet
  facet normal -0.851878 -0.52374 0
    outer loop
      vertex -3.78326 34.0635 -1.49996
      vertex -3.88292 34.2256 -0.99996
      vertex -3.88292 34.2256 -1.49996
    endloop
  endfacet
  facet normal -0.851878 -0.52374 0
    outer loop
      vertex -3.88292 34.2256 -0.99996
      vertex -3.78326 34.0635 -1.49996
      vertex -3.78326 34.0635 -0.99996
    endloop
  endfacet
  facet normal -0.836472 -0.547988 0.00499683
    outer loop
      vertex -3.74166 34 5.00004
      vertex -3.67683 33.9056 5.50004
      vertex -3.78326 34.0635 5.00004
    endloop
  endfacet
  facet normal -0.836482 -0.547994 0
    outer loop
      vertex -3.74166 34 -0.99996
      vertex -3.78326 34.0635 -0.99996
      vertex -3.78326 34.0635 -1.49996
    endloop
  endfacet
  facet normal -0.829218 -0.558921 -0.00199207
    outer loop
      vertex -3.67683 33.9056 -1.49996
      vertex -3.74166 34 -0.99996
      vertex -3.78326 34.0635 -1.49996
    endloop
  endfacet
  facet normal -0.82922 -0.558923 0
    outer loop
      vertex -3.67683 33.9056 5.50004
      vertex -3.78326 34.0635 5.50004
      vertex -3.78326 34.0635 5.00004
    endloop
  endfacet
  facet normal -0.851878 -0.52374 0
    outer loop
      vertex -3.78326 34.0635 5.00004
      vertex -3.88292 34.2256 5.50004
      vertex -3.88292 34.2256 5.00004
    endloop
  endfacet
  facet normal -0.851878 -0.52374 0
    outer loop
      vertex -3.88292 34.2256 5.50004
      vertex -3.78326 34.0635 5.00004
      vertex -3.78326 34.0635 5.50004
    endloop
  endfacet
  facet normal -0.873418 -0.486971 0
    outer loop
      vertex -3.88292 34.2256 5.00004
      vertex -3.97564 34.3919 5.50004
      vertex -3.97564 34.3919 5.00004
    endloop
  endfacet
  facet normal -0.873418 -0.486971 0
    outer loop
      vertex -3.97564 34.3919 5.50004
      vertex -3.88292 34.2256 5.00004
      vertex -3.88292 34.2256 5.50004
    endloop
  endfacet
  facet normal -0.893163 -0.449734 0
    outer loop
      vertex -3.97564 34.3919 5.00004
      vertex -4.06124 34.5619 5.50004
      vertex -4.06124 34.5619 5.00004
    endloop
  endfacet
  facet normal -0.893163 -0.449734 0
    outer loop
      vertex -4.06124 34.5619 5.50004
      vertex -3.97564 34.3919 5.00004
      vertex -3.97564 34.3919 5.50004
    endloop
  endfacet
  facet normal -0.91142 -0.411478 0
    outer loop
      vertex -4.06124 34.5619 5.00004
      vertex -4.13957 34.7354 5.50004
      vertex -4.13957 34.7354 5.00004
    endloop
  endfacet
  facet normal -0.91142 -0.411478 0
    outer loop
      vertex -4.13957 34.7354 5.50004
      vertex -4.06124 34.5619 5.00004
      vertex -4.06124 34.5619 5.50004
    endloop
  endfacet
  facet normal -0.927968 -0.372659 0
    outer loop
      vertex -4.13957 34.7354 5.00004
      vertex -4.21049 34.912 5.50004
      vertex -4.21049 34.912 5.00004
    endloop
  endfacet
  facet normal -0.927968 -0.372659 0
    outer loop
      vertex -4.21049 34.912 5.50004
      vertex -4.13957 34.7354 5.00004
      vertex -4.13957 34.7354 5.50004
    endloop
  endfacet
  facet normal -0.942929 -0.332993 0
    outer loop
      vertex -4.21049 34.912 5.00004
      vertex -4.27388 35.0915 5.50004
      vertex -4.27388 35.0915 5.00004
    endloop
  endfacet
  facet normal -0.942929 -0.332993 0
    outer loop
      vertex -4.27388 35.0915 5.50004
      vertex -4.21049 34.912 5.00004
      vertex -4.21049 34.912 5.50004
    endloop
  endfacet
  facet normal -0.956147 -0.292886 0
    outer loop
      vertex -4.27388 35.0915 5.00004
      vertex -4.32963 35.2735 5.50004
      vertex -4.32963 35.2735 5.00004
    endloop
  endfacet
  facet normal -0.956147 -0.292886 0
    outer loop
      vertex -4.32963 35.2735 5.50004
      vertex -4.27388 35.0915 5.00004
      vertex -4.27388 35.0915 5.50004
    endloop
  endfacet
  facet normal -0.967684 -0.252165 0
    outer loop
      vertex -4.32963 35.2735 5.00004
      vertex -4.37763 35.4577 5.50004
      vertex -4.37763 35.4577 5.00004
    endloop
  endfacet
  facet normal -0.967684 -0.252165 0
    outer loop
      vertex -4.37763 35.4577 5.50004
      vertex -4.32963 35.2735 5.00004
      vertex -4.32963 35.2735 5.50004
    endloop
  endfacet
  facet normal -0.977499 -0.210942 0
    outer loop
      vertex -4.37763 35.4577 5.00004
      vertex -4.41779 35.6438 5.50004
      vertex -4.41779 35.6438 5.00004
    endloop
  endfacet
  facet normal -0.977499 -0.210942 0
    outer loop
      vertex -4.41779 35.6438 5.50004
      vertex -4.37763 35.4577 5.00004
      vertex -4.37763 35.4577 5.50004
    endloop
  endfacet
  facet normal -0.985535 -0.169474 0
    outer loop
      vertex -4.41779 35.6438 5.00004
      vertex -4.45005 35.8314 5.50004
      vertex -4.45005 35.8314 5.00004
    endloop
  endfacet
  facet normal -0.985535 -0.169474 0
    outer loop
      vertex -4.45005 35.8314 5.50004
      vertex -4.41779 35.6438 5.00004
      vertex -4.41779 35.6438 5.50004
    endloop
  endfacet
  facet normal -0.991825 -0.127603 0
    outer loop
      vertex -4.45005 35.8314 5.00004
      vertex -4.47434 36.0202 5.50004
      vertex -4.47434 36.0202 5.00004
    endloop
  endfacet
  facet normal -0.991825 -0.127603 0
    outer loop
      vertex -4.47434 36.0202 5.50004
      vertex -4.45005 35.8314 5.00004
      vertex -4.45005 35.8314 5.50004
    endloop
  endfacet
  facet normal -0.996333 -0.0855576 0
    outer loop
      vertex -4.47434 36.0202 5.00004
      vertex -4.49063 36.2099 5.50004
      vertex -4.49063 36.2099 5.00004
    endloop
  endfacet
  facet normal -0.996333 -0.0855576 0
    outer loop
      vertex -4.49063 36.2099 5.50004
      vertex -4.47434 36.0202 5.00004
      vertex -4.47434 36.0202 5.50004
    endloop
  endfacet
  facet normal -0.999057 -0.0434099 0
    outer loop
      vertex -4.49063 36.2099 5.00004
      vertex -4.49889 36.4 5.50004
      vertex -4.49889 36.4 5.00004
    endloop
  endfacet
  facet normal -0.999057 -0.0434099 0
    outer loop
      vertex -4.49889 36.4 5.50004
      vertex -4.49063 36.2099 5.00004
      vertex -4.49063 36.2099 5.50004
    endloop
  endfacet
  facet normal 0 -1 0
    outer loop
      vertex 5.00275 34.35 -1.49996
      vertex 6.75 34.35 0.50004
      vertex 5.00275 34.35 0.50004
    endloop
  endfacet
  facet normal 0 -1 -0
    outer loop
      vertex 6.75 34.35 0.50004
      vertex 5.00275 34.35 -1.49996
      vertex 6.75 34.35 -1.49996
    endloop
  endfacet
  facet normal 0.87344 -0.486931 0
    outer loop
      vertex 3.88293 34.2256 3.50004
      vertex 3.97564 34.3919 0.50004
      vertex 3.97564 34.3919 3.50004
    endloop
  endfacet
  facet normal 0.87344 -0.486931 0
    outer loop
      vertex 3.97564 34.3919 0.50004
      vertex 3.88293 34.2256 3.50004
      vertex 3.88293 34.2256 0.50004
    endloop
  endfacet
  facet normal 0.893163 -0.449734 0
    outer loop
      vertex 3.97564 34.3919 3.50004
      vertex 4.06124 34.5619 0.50004
      vertex 4.06124 34.5619 3.50004
    endloop
  endfacet
  facet normal 0.893163 -0.449734 0
    outer loop
      vertex 4.06124 34.5619 0.50004
      vertex 3.97564 34.3919 3.50004
      vertex 3.97564 34.3919 0.50004
    endloop
  endfacet
  facet normal 0.91142 -0.411478 0
    outer loop
      vertex 4.06124 34.5619 3.50004
      vertex 4.13957 34.7354 0.50004
      vertex 4.13957 34.7354 3.50004
    endloop
  endfacet
  facet normal 0.91142 -0.411478 0
    outer loop
      vertex 4.13957 34.7354 0.50004
      vertex 4.06124 34.5619 3.50004
      vertex 4.06124 34.5619 0.50004
    endloop
  endfacet
  facet normal 0.92795 -0.372704 0
    outer loop
      vertex 4.13957 34.7354 3.50004
      vertex 4.2105 34.912 0.50004
      vertex 4.2105 34.912 3.50004
    endloop
  endfacet
  facet normal 0.92795 -0.372704 0
    outer loop
      vertex 4.2105 34.912 0.50004
      vertex 4.13957 34.7354 3.50004
      vertex 4.13957 34.7354 0.50004
    endloop
  endfacet
  facet normal 0.942929 -0.332993 0
    outer loop
      vertex 4.2105 34.912 3.50004
      vertex 4.27389 35.0915 0.50004
      vertex 4.27389 35.0915 3.50004
    endloop
  endfacet
  facet normal 0.942929 -0.332993 0
    outer loop
      vertex 4.27389 35.0915 0.50004
      vertex 4.2105 34.912 3.50004
      vertex 4.2105 34.912 0.50004
    endloop
  endfacet
  facet normal 0.956162 -0.292838 0
    outer loop
      vertex 4.27389 35.0915 3.50004
      vertex 4.32963 35.2735 0.50004
      vertex 4.32963 35.2735 3.50004
    endloop
  endfacet
  facet normal 0.956162 -0.292838 0
    outer loop
      vertex 4.32963 35.2735 0.50004
      vertex 4.27389 35.0915 3.50004
      vertex 4.27389 35.0915 0.50004
    endloop
  endfacet
  facet normal 0.967684 -0.252165 0
    outer loop
      vertex 4.32963 35.2735 3.50004
      vertex 4.37763 35.4577 0.50004
      vertex 4.37763 35.4577 3.50004
    endloop
  endfacet
  facet normal 0.967684 -0.252165 0
    outer loop
      vertex 4.37763 35.4577 0.50004
      vertex 4.32963 35.2735 3.50004
      vertex 4.32963 35.2735 0.50004
    endloop
  endfacet
  facet normal 0.977499 -0.210942 0
    outer loop
      vertex 4.37763 35.4577 3.50004
      vertex 4.41779 35.6438 0.50004
      vertex 4.41779 35.6438 3.50004
    endloop
  endfacet
  facet normal 0.977499 -0.210942 0
    outer loop
      vertex 4.41779 35.6438 0.50004
      vertex 4.37763 35.4577 3.50004
      vertex 4.37763 35.4577 0.50004
    endloop
  endfacet
  facet normal 0.985535 -0.169474 0
    outer loop
      vertex 4.41779 35.6438 3.50004
      vertex 4.45005 35.8314 0.50004
      vertex 4.45005 35.8314 3.50004
    endloop
  endfacet
  facet normal 0.985535 -0.169474 0
    outer loop
      vertex 4.45005 35.8314 0.50004
      vertex 4.41779 35.6438 3.50004
      vertex 4.41779 35.6438 0.50004
    endloop
  endfacet
  facet normal 0.991819 -0.127655 0
    outer loop
      vertex 4.45005 35.8314 3.50004
      vertex 4.47435 36.0202 0.50004
      vertex 4.47435 36.0202 3.50004
    endloop
  endfacet
  facet normal 0.991819 -0.127655 0
    outer loop
      vertex 4.47435 36.0202 0.50004
      vertex 4.45005 35.8314 3.50004
      vertex 4.45005 35.8314 0.50004
    endloop
  endfacet
  facet normal 0.996333 -0.0855576 0
    outer loop
      vertex 4.47435 36.0202 3.50004
      vertex 4.49064 36.2099 0.50004
      vertex 4.49064 36.2099 3.50004
    endloop
  endfacet
  facet normal 0.996333 -0.0855576 0
    outer loop
      vertex 4.49064 36.2099 0.50004
      vertex 4.47435 36.0202 3.50004
      vertex 4.47435 36.0202 0.50004
    endloop
  endfacet
  facet normal 0.99906 -0.0433574 0
    outer loop
      vertex 4.49064 36.2099 3.50004
      vertex 4.49889 36.4 0.50004
      vertex 4.49889 36.4 3.50004
    endloop
  endfacet
  facet normal 0.99906 -0.0433574 0
    outer loop
      vertex 4.49889 36.4 0.50004
      vertex 4.49064 36.2099 3.50004
      vertex 4.49064 36.2099 0.50004
    endloop
  endfacet
  facet normal 0 1 0
    outer loop
      vertex 4.60233 36.4 0.50004
      vertex 4.60233 36.4 -1.49996
      vertex 4.49889 36.4 0.50004
    endloop
  endfacet
  facet normal 0 1 0
    outer loop
      vertex 4.49889 36.4 3.50004
      vertex 4.60233 36.4 5.50004
      vertex 4.60233 36.4 3.50004
    endloop
  endfacet
  facet normal 0 1 0
    outer loop
      vertex 4.60233 36.4 5.50004
      vertex 4.49889 36.4 3.50004
      vertex 2.498 36.4 5.50004
    endloop
  endfacet
  facet normal 0 1 -0
    outer loop
      vertex 4.49889 36.4 0.50004
      vertex 2.498 36.4 5.50004
      vertex 4.49889 36.4 3.50004
    endloop
  endfacet
  facet normal 0 1 0
    outer loop
      vertex 2.498 36.4 -1.49996
      vertex 4.49889 36.4 0.50004
      vertex 4.60233 36.4 -1.49996
    endloop
  endfacet
  facet normal 0 1 0
    outer loop
      vertex 4.49889 36.4 0.50004
      vertex 2.498 36.4 -1.49996
      vertex 2.498 36.4 5.50004
    endloop
  endfacet
  facet normal -0.998104 0.0615575 0
    outer loop
      vertex 2.49137 36.2925 -1.49996
      vertex 2.498 36.4 5.50004
      vertex 2.498 36.4 -1.49996
    endloop
  endfacet
  facet normal -0.998104 0.0615575 0
    outer loop
      vertex 2.498 36.4 5.50004
      vertex 2.49137 36.2925 -1.49996
      vertex 2.49137 36.2925 5.50004
    endloop
  endfacet
  facet normal -0.994529 0.104458 0
    outer loop
      vertex 2.4801 36.1852 -1.49996
      vertex 2.49137 36.2925 5.50004
      vertex 2.49137 36.2925 -1.49996
    endloop
  endfacet
  facet normal -0.994529 0.104458 0
    outer loop
      vertex 2.49137 36.2925 5.50004
      vertex 2.4801 36.1852 -1.49996
      vertex 2.4801 36.1852 5.50004
    endloop
  endfacet
  facet normal -0.989099 0.147251 0
    outer loop
      vertex 2.46423 36.0786 -1.49996
      vertex 2.4801 36.1852 5.50004
      vertex 2.4801 36.1852 -1.49996
    endloop
  endfacet
  facet normal -0.989099 0.147251 0
    outer loop
      vertex 2.4801 36.1852 5.50004
      vertex 2.46423 36.0786 -1.49996
      vertex 2.46423 36.0786 5.50004
    endloop
  endfacet
  facet normal -0.98181 0.189866 0
    outer loop
      vertex 2.44377 35.9728 -1.49996
      vertex 2.46423 36.0786 5.50004
      vertex 2.46423 36.0786 -1.49996
    endloop
  endfacet
  facet normal -0.98181 0.189866 0
    outer loop
      vertex 2.46423 36.0786 5.50004
      vertex 2.44377 35.9728 -1.49996
      vertex 2.44377 35.9728 5.50004
    endloop
  endfacet
  facet normal -0.972756 0.231829 0
    outer loop
      vertex 2.41877 35.8679 -1.49996
      vertex 2.44377 35.9728 5.50004
      vertex 2.44377 35.9728 -1.49996
    endloop
  endfacet
  facet normal -0.972756 0.231829 0
    outer loop
      vertex 2.44377 35.9728 5.50004
      vertex 2.41877 35.8679 -1.49996
      vertex 2.41877 35.8679 5.50004
    endloop
  endfacet
  facet normal -0.961793 0.273777 0
    outer loop
      vertex 2.38928 35.7643 -1.49996
      vertex 2.41877 35.8679 5.50004
      vertex 2.41877 35.8679 -1.49996
    endloop
  endfacet
  facet normal -0.961793 0.273777 0
    outer loop
      vertex 2.41877 35.8679 5.50004
      vertex 2.38928 35.7643 -1.49996
      vertex 2.38928 35.7643 5.50004
    endloop
  endfacet
  facet normal -0.94922 0.314614 0
    outer loop
      vertex 2.35534 35.6619 -1.49996
      vertex 2.38928 35.7643 5.50004
      vertex 2.38928 35.7643 -1.49996
    endloop
  endfacet
  facet normal -0.94922 0.314614 0
    outer loop
      vertex 2.38928 35.7643 5.50004
      vertex 2.35534 35.6619 -1.49996
      vertex 2.35534 35.6619 5.50004
    endloop
  endfacet
  facet normal -0.934617 0.355656 0
    outer loop
      vertex 2.31702 35.5612 -1.49996
      vertex 2.35534 35.6619 5.50004
      vertex 2.35534 35.6619 -1.49996
    endloop
  endfacet
  facet normal -0.934617 0.355656 0
    outer loop
      vertex 2.35534 35.6619 5.50004
      vertex 2.31702 35.5612 -1.49996
      vertex 2.31702 35.5612 5.50004
    endloop
  endfacet
  facet normal -0.918501 0.395419 0
    outer loop
      vertex 2.2744 35.4622 -1.49996
      vertex 2.31702 35.5612 5.50004
      vertex 2.31702 35.5612 -1.49996
    endloop
  endfacet
  facet normal -0.918501 0.395419 0
    outer loop
      vertex 2.31702 35.5612 5.50004
      vertex 2.2744 35.4622 -1.49996
      vertex 2.2744 35.4622 5.50004
    endloop
  endfacet
  facet normal -0.900609 0.43463 0
    outer loop
      vertex 2.22754 35.3651 -1.49996
      vertex 2.2744 35.4622 5.50004
      vertex 2.2744 35.4622 -1.49996
    endloop
  endfacet
  facet normal -0.900609 0.43463 0
    outer loop
      vertex 2.2744 35.4622 5.50004
      vertex 2.22754 35.3651 -1.49996
      vertex 2.22754 35.3651 5.50004
    endloop
  endfacet
  facet normal -0.881105 0.472921 0
    outer loop
      vertex 2.17655 35.2701 -1.49996
      vertex 2.22754 35.3651 5.50004
      vertex 2.22754 35.3651 -1.49996
    endloop
  endfacet
  facet normal -0.881105 0.472921 0
    outer loop
      vertex 2.22754 35.3651 5.50004
      vertex 2.17655 35.2701 -1.49996
      vertex 2.17655 35.2701 5.50004
    endloop
  endfacet
  facet normal -0.859615 0.510942 0
    outer loop
      vertex 2.12151 35.1775 -1.49996
      vertex 2.17655 35.2701 5.50004
      vertex 2.17655 35.2701 -1.49996
    endloop
  endfacet
  facet normal -0.859615 0.510942 0
    outer loop
      vertex 2.17655 35.2701 5.50004
      vertex 2.12151 35.1775 -1.49996
      vertex 2.12151 35.1775 5.50004
    endloop
  endfacet
  facet normal -0.837192 0.54691 0
    outer loop
      vertex 2.06252 35.0872 -1.49996
      vertex 2.12151 35.1775 5.50004
      vertex 2.12151 35.1775 -1.49996
    endloop
  endfacet
  facet normal -0.837192 0.54691 0
    outer loop
      vertex 2.12151 35.1775 5.50004
      vertex 2.06252 35.0872 -1.49996
      vertex 2.06252 35.0872 5.50004
    endloop
  endfacet
  facet normal -0.812641 0.582764 0
    outer loop
      vertex 1.9997 34.9996 -1.49996
      vertex 2.06252 35.0872 5.50004
      vertex 2.06252 35.0872 -1.49996
    endloop
  endfacet
  facet normal -0.812641 0.582764 0
    outer loop
      vertex 2.06252 35.0872 5.50004
      vertex 1.9997 34.9996 -1.49996
      vertex 1.9997 34.9996 5.50004
    endloop
  endfacet
  facet normal -0.786762 0.617256 0
    outer loop
      vertex 1.93317 34.9148 -1.49996
      vertex 1.9997 34.9996 5.50004
      vertex 1.9997 34.9996 -1.49996
    endloop
  endfacet
  facet normal -0.786762 0.617256 0
    outer loop
      vertex 1.9997 34.9996 5.50004
      vertex 1.93317 34.9148 -1.49996
      vertex 1.93317 34.9148 5.50004
    endloop
  endfacet
  facet normal -0.759139 0.650929 0
    outer loop
      vertex 1.86303 34.833 -1.49996
      vertex 1.93317 34.9148 5.50004
      vertex 1.93317 34.9148 -1.49996
    endloop
  endfacet
  facet normal -0.759139 0.650929 0
    outer loop
      vertex 1.93317 34.9148 5.50004
      vertex 1.86303 34.833 -1.49996
      vertex 1.86303 34.833 5.50004
    endloop
  endfacet
  facet normal -0.730855 0.682533 0
    outer loop
      vertex 1.78944 34.7542 -1.49996
      vertex 1.86303 34.833 5.50004
      vertex 1.86303 34.833 -1.49996
    endloop
  endfacet
  facet normal -0.730855 0.682533 0
    outer loop
      vertex 1.86303 34.833 5.50004
      vertex 1.78944 34.7542 -1.49996
      vertex 1.78944 34.7542 5.50004
    endloop
  endfacet
  facet normal -0.700489 0.713663 0
    outer loop
      vertex 1.78944 34.7542 -1.49996
      vertex 1.71252 34.6787 5.50004
      vertex 1.78944 34.7542 5.50004
    endloop
  endfacet
  facet normal -0.700489 0.713663 0
    outer loop
      vertex 1.71252 34.6787 5.50004
      vertex 1.78944 34.7542 -1.49996
      vertex 1.71252 34.6787 -1.49996
    endloop
  endfacet
  facet normal -0.66897 0.74329 0
    outer loop
      vertex 1.71252 34.6787 -1.49996
      vertex 1.63241 34.6066 5.50004
      vertex 1.71252 34.6787 5.50004
    endloop
  endfacet
  facet normal -0.66897 0.74329 0
    outer loop
      vertex 1.63241 34.6066 5.50004
      vertex 1.71252 34.6787 -1.49996
      vertex 1.63241 34.6066 -1.49996
    endloop
  endfacet
  facet normal -0.636435 0.77133 0
    outer loop
      vertex 1.63241 34.6066 -1.49996
      vertex 1.54927 34.538 5.50004
      vertex 1.63241 34.6066 5.50004
    endloop
  endfacet
  facet normal -0.636435 0.77133 0
    outer loop
      vertex 1.54927 34.538 5.50004
      vertex 1.63241 34.6066 -1.49996
      vertex 1.54927 34.538 -1.49996
    endloop
  endfacet
  facet normal -0.602875 0.797836 0
    outer loop
      vertex 1.54927 34.538 -1.49996
      vertex 1.46325 34.473 5.50004
      vertex 1.54927 34.538 5.50004
    endloop
  endfacet
  facet normal -0.602875 0.797836 0
    outer loop
      vertex 1.46325 34.473 5.50004
      vertex 1.54927 34.538 -1.49996
      vertex 1.46325 34.473 -1.49996
    endloop
  endfacet
  facet normal -0.567733 0.823213 0
    outer loop
      vertex 1.46325 34.473 -1.49996
      vertex 1.37451 34.4118 5.50004
      vertex 1.46325 34.473 5.50004
    endloop
  endfacet
  facet normal -0.567733 0.823213 0
    outer loop
      vertex 1.37451 34.4118 5.50004
      vertex 1.46325 34.473 -1.49996
      vertex 1.37451 34.4118 -1.49996
    endloop
  endfacet
  facet normal -0.531624 0.84698 0
    outer loop
      vertex 1.37451 34.4118 -1.49996
      vertex 1.28322 34.3545 5.50004
      vertex 1.37451 34.4118 5.50004
    endloop
  endfacet
  facet normal -0.531624 0.84698 0
    outer loop
      vertex 1.28322 34.3545 5.50004
      vertex 1.37451 34.4118 -1.49996
      vertex 1.28322 34.3545 -1.49996
    endloop
  endfacet
  facet normal -0.49448 0.869189 0
    outer loop
      vertex 1.28322 34.3545 -1.49996
      vertex 1.18953 34.3012 5.50004
      vertex 1.28322 34.3545 5.50004
    endloop
  endfacet
  facet normal -0.49448 0.869189 0
    outer loop
      vertex 1.18953 34.3012 5.50004
      vertex 1.28322 34.3545 -1.49996
      vertex 1.18953 34.3012 -1.49996
    endloop
  endfacet
  facet normal -0.457239 0.889344 0
    outer loop
      vertex 1.18953 34.3012 -1.49996
      vertex 1.09364 34.2519 5.50004
      vertex 1.18953 34.3012 5.50004
    endloop
  endfacet
  facet normal -0.457239 0.889344 0
    outer loop
      vertex 1.09364 34.2519 5.50004
      vertex 1.18953 34.3012 -1.49996
      vertex 1.09364 34.2519 -1.49996
    endloop
  endfacet
  facet normal -0.417575 0.908643 0
    outer loop
      vertex 1.09364 34.2519 -1.49996
      vertex 0.99572 34.2069 5.50004
      vertex 1.09364 34.2519 5.50004
    endloop
  endfacet
  facet normal -0.417575 0.908643 0
    outer loop
      vertex 0.99572 34.2069 5.50004
      vertex 1.09364 34.2519 -1.49996
      vertex 0.99572 34.2069 -1.49996
    endloop
  endfacet
  facet normal -0.378481 0.925609 0
    outer loop
      vertex 0.99572 34.2069 -1.49996
      vertex 0.89594 34.1661 5.50004
      vertex 0.99572 34.2069 5.50004
    endloop
  endfacet
  facet normal -0.378481 0.925609 0
    outer loop
      vertex 0.89594 34.1661 5.50004
      vertex 0.99572 34.2069 -1.49996
      vertex 0.89594 34.1661 -1.49996
    endloop
  endfacet
  facet normal -0.338539 0.940952 0
    outer loop
      vertex 0.89594 34.1661 -1.49996
      vertex 0.79449 34.1296 5.50004
      vertex 0.89594 34.1661 5.50004
    endloop
  endfacet
  facet normal -0.338539 0.940952 0
    outer loop
      vertex 0.79449 34.1296 5.50004
      vertex 0.89594 34.1661 -1.49996
      vertex 0.79449 34.1296 -1.49996
    endloop
  endfacet
  facet normal 0.338571 0.940941 -0
    outer loop
      vertex -0.794491 34.1296 -1.49996
      vertex -0.89593 34.1661 5.50004
      vertex -0.794491 34.1296 5.50004
    endloop
  endfacet
  facet normal 0.338571 0.940941 0
    outer loop
      vertex -0.89593 34.1661 5.50004
      vertex -0.794491 34.1296 -1.49996
      vertex -0.89593 34.1661 -1.49996
    endloop
  endfacet
  facet normal 0.378481 0.925609 -0
    outer loop
      vertex -0.89593 34.1661 -1.49996
      vertex -0.99571 34.2069 5.50004
      vertex -0.89593 34.1661 5.50004
    endloop
  endfacet
  facet normal 0.378481 0.925609 0
    outer loop
      vertex -0.99571 34.2069 5.50004
      vertex -0.89593 34.1661 -1.49996
      vertex -0.99571 34.2069 -1.49996
    endloop
  endfacet
  facet normal 0.41754 0.908659 -0
    outer loop
      vertex -0.99571 34.2069 -1.49996
      vertex -1.09364 34.2519 5.50004
      vertex -0.99571 34.2069 5.50004
    endloop
  endfacet
  facet normal 0.41754 0.908659 0
    outer loop
      vertex -1.09364 34.2519 5.50004
      vertex -0.99571 34.2069 -1.49996
      vertex -1.09364 34.2519 -1.49996
    endloop
  endfacet
  facet normal 0.457239 0.889344 -0
    outer loop
      vertex -1.09364 34.2519 -1.49996
      vertex -1.18953 34.3012 5.50004
      vertex -1.09364 34.2519 5.50004
    endloop
  endfacet
  facet normal 0.457239 0.889344 0
    outer loop
      vertex -1.18953 34.3012 5.50004
      vertex -1.09364 34.2519 -1.49996
      vertex -1.18953 34.3012 -1.49996
    endloop
  endfacet
  facet normal 0.49448 0.869189 -0
    outer loop
      vertex -1.18953 34.3012 -1.49996
      vertex -1.28322 34.3545 5.50004
      vertex -1.18953 34.3012 5.50004
    endloop
  endfacet
  facet normal 0.49448 0.869189 0
    outer loop
      vertex -1.28322 34.3545 5.50004
      vertex -1.18953 34.3012 -1.49996
      vertex -1.28322 34.3545 -1.49996
    endloop
  endfacet
  facet normal 0.531624 0.84698 -0
    outer loop
      vertex -1.28322 34.3545 -1.49996
      vertex -1.37451 34.4118 5.50004
      vertex -1.28322 34.3545 5.50004
    endloop
  endfacet
  facet normal 0.531624 0.84698 0
    outer loop
      vertex -1.37451 34.4118 5.50004
      vertex -1.28322 34.3545 -1.49996
      vertex -1.37451 34.4118 -1.49996
    endloop
  endfacet
  facet normal 0.567733 0.823213 -0
    outer loop
      vertex -1.37451 34.4118 -1.49996
      vertex -1.46325 34.473 5.50004
      vertex -1.37451 34.4118 5.50004
    endloop
  endfacet
  facet normal 0.567733 0.823213 0
    outer loop
      vertex -1.46325 34.473 5.50004
      vertex -1.37451 34.4118 -1.49996
      vertex -1.46325 34.473 -1.49996
    endloop
  endfacet
  facet normal 0.602875 0.797836 -0
    outer loop
      vertex -1.46325 34.473 -1.49996
      vertex -1.54927 34.538 5.50004
      vertex -1.46325 34.473 5.50004
    endloop
  endfacet
  facet normal 0.602875 0.797836 0
    outer loop
      vertex -1.54927 34.538 5.50004
      vertex -1.46325 34.473 -1.49996
      vertex -1.54927 34.538 -1.49996
    endloop
  endfacet
  facet normal 0.636435 0.77133 -0
    outer loop
      vertex -1.54927 34.538 -1.49996
      vertex -1.63241 34.6066 5.50004
      vertex -1.54927 34.538 5.50004
    endloop
  endfacet
  facet normal 0.636435 0.77133 0
    outer loop
      vertex -1.63241 34.6066 5.50004
      vertex -1.54927 34.538 -1.49996
      vertex -1.63241 34.6066 -1.49996
    endloop
  endfacet
  facet normal 0.66897 0.74329 -0
    outer loop
      vertex -1.63241 34.6066 -1.49996
      vertex -1.71252 34.6787 5.50004
      vertex -1.63241 34.6066 5.50004
    endloop
  endfacet
  facet normal 0.66897 0.74329 0
    outer loop
      vertex -1.71252 34.6787 5.50004
      vertex -1.63241 34.6066 -1.49996
      vertex -1.71252 34.6787 -1.49996
    endloop
  endfacet
  facet normal 0.700489 0.713663 -0
    outer loop
      vertex -1.71252 34.6787 -1.49996
      vertex -1.78944 34.7542 5.50004
      vertex -1.71252 34.6787 5.50004
    endloop
  endfacet
  facet normal 0.700489 0.713663 0
    outer loop
      vertex -1.78944 34.7542 5.50004
      vertex -1.71252 34.6787 -1.49996
      vertex -1.78944 34.7542 -1.49996
    endloop
  endfacet
  facet normal 0.730855 0.682533 0
    outer loop
      vertex -1.78944 34.7542 5.50004
      vertex -1.86303 34.833 -1.49996
      vertex -1.86303 34.833 5.50004
    endloop
  endfacet
  facet normal 0.730855 0.682533 0
    outer loop
      vertex -1.86303 34.833 -1.49996
      vertex -1.78944 34.7542 5.50004
      vertex -1.78944 34.7542 -1.49996
    endloop
  endfacet
  facet normal 0.759185 0.650875 0
    outer loop
      vertex -1.86303 34.833 5.50004
      vertex -1.93316 34.9148 -1.49996
      vertex -1.93316 34.9148 5.50004
    endloop
  endfacet
  facet normal 0.759185 0.650875 0
    outer loop
      vertex -1.93316 34.9148 -1.49996
      vertex -1.86303 34.833 5.50004
      vertex -1.86303 34.833 -1.49996
    endloop
  endfacet
  facet normal 0.786717 0.617313 0
    outer loop
      vertex -1.93316 34.9148 5.50004
      vertex -1.9997 34.9996 -1.49996
      vertex -1.9997 34.9996 5.50004
    endloop
  endfacet
  facet normal 0.786717 0.617313 0
    outer loop
      vertex -1.9997 34.9996 -1.49996
      vertex -1.93316 34.9148 5.50004
      vertex -1.93316 34.9148 -1.49996
    endloop
  endfacet
  facet normal 0.812641 0.582764 0
    outer loop
      vertex -1.9997 34.9996 5.50004
      vertex -2.06252 35.0872 -1.49996
      vertex -2.06252 35.0872 5.50004
    endloop
  endfacet
  facet normal 0.812641 0.582764 0
    outer loop
      vertex -2.06252 35.0872 -1.49996
      vertex -1.9997 34.9996 5.50004
      vertex -1.9997 34.9996 -1.49996
    endloop
  endfacet
  facet normal 0.837234 0.546845 0
    outer loop
      vertex -2.06252 35.0872 5.50004
      vertex -2.1215 35.1775 -1.49996
      vertex -2.1215 35.1775 5.50004
    endloop
  endfacet
  facet normal 0.837234 0.546845 0
    outer loop
      vertex -2.1215 35.1775 -1.49996
      vertex -2.06252 35.0872 5.50004
      vertex -2.06252 35.0872 -1.49996
    endloop
  endfacet
  facet normal 0.859615 0.510942 0
    outer loop
      vertex -2.1215 35.1775 5.50004
      vertex -2.17654 35.2701 -1.49996
      vertex -2.17654 35.2701 5.50004
    endloop
  endfacet
  facet normal 0.859615 0.510942 0
    outer loop
      vertex -2.17654 35.2701 -1.49996
      vertex -2.1215 35.1775 5.50004
      vertex -2.1215 35.1775 -1.49996
    endloop
  endfacet
  facet normal 0.881105 0.472921 0
    outer loop
      vertex -2.17654 35.2701 5.50004
      vertex -2.22753 35.3651 -1.49996
      vertex -2.22753 35.3651 5.50004
    endloop
  endfacet
  facet normal 0.881105 0.472921 0
    outer loop
      vertex -2.22753 35.3651 -1.49996
      vertex -2.17654 35.2701 5.50004
      vertex -2.17654 35.2701 -1.49996
    endloop
  endfacet
  facet normal 0.900609 0.43463 0
    outer loop
      vertex -2.22753 35.3651 5.50004
      vertex -2.27439 35.4622 -1.49996
      vertex -2.27439 35.4622 5.50004
    endloop
  endfacet
  facet normal 0.900609 0.43463 0
    outer loop
      vertex -2.27439 35.4622 -1.49996
      vertex -2.22753 35.3651 5.50004
      vertex -2.22753 35.3651 -1.49996
    endloop
  endfacet
  facet normal 0.918501 0.395419 0
    outer loop
      vertex -2.27439 35.4622 5.50004
      vertex -2.31701 35.5612 -1.49996
      vertex -2.31701 35.5612 5.50004
    endloop
  endfacet
  facet normal 0.918501 0.395419 0
    outer loop
      vertex -2.31701 35.5612 -1.49996
      vertex -2.27439 35.4622 5.50004
      vertex -2.27439 35.4622 -1.49996
    endloop
  endfacet
  facet normal 0.934617 0.355656 0
    outer loop
      vertex -2.31701 35.5612 5.50004
      vertex -2.35533 35.6619 -1.49996
      vertex -2.35533 35.6619 5.50004
    endloop
  endfacet
  facet normal 0.934617 0.355656 0
    outer loop
      vertex -2.35533 35.6619 -1.49996
      vertex -2.31701 35.5612 5.50004
      vertex -2.31701 35.5612 -1.49996
    endloop
  endfacet
  facet normal 0.94922 0.314614 0
    outer loop
      vertex -2.35533 35.6619 5.50004
      vertex -2.38927 35.7643 -1.49996
      vertex -2.38927 35.7643 5.50004
    endloop
  endfacet
  facet normal 0.94922 0.314614 0
    outer loop
      vertex -2.38927 35.7643 -1.49996
      vertex -2.35533 35.6619 5.50004
      vertex -2.35533 35.6619 -1.49996
    endloop
  endfacet
  facet normal 0.961769 0.273863 0
    outer loop
      vertex -2.38927 35.7643 5.50004
      vertex -2.41877 35.8679 -1.49996
      vertex -2.41877 35.8679 5.50004
    endloop
  endfacet
  facet normal 0.961769 0.273863 0
    outer loop
      vertex -2.41877 35.8679 -1.49996
      vertex -2.38927 35.7643 5.50004
      vertex -2.38927 35.7643 -1.49996
    endloop
  endfacet
  facet normal 0.972756 0.231829 0
    outer loop
      vertex -2.41877 35.8679 5.50004
      vertex -2.44377 35.9728 -1.49996
      vertex -2.44377 35.9728 5.50004
    endloop
  endfacet
  facet normal 0.972756 0.231829 0
    outer loop
      vertex -2.44377 35.9728 -1.49996
      vertex -2.41877 35.8679 5.50004
      vertex -2.41877 35.8679 -1.49996
    endloop
  endfacet
  facet normal 0.981827 0.189777 0
    outer loop
      vertex -2.44377 35.9728 5.50004
      vertex -2.46422 36.0786 -1.49996
      vertex -2.46422 36.0786 5.50004
    endloop
  endfacet
  facet normal 0.981827 0.189777 0
    outer loop
      vertex -2.46422 36.0786 -1.49996
      vertex -2.44377 35.9728 5.50004
      vertex -2.44377 35.9728 -1.49996
    endloop
  endfacet
  facet normal 0.989086 0.147342 0
    outer loop
      vertex -2.46422 36.0786 5.50004
      vertex -2.4801 36.1852 -1.49996
      vertex -2.4801 36.1852 5.50004
    endloop
  endfacet
  facet normal 0.989086 0.147342 0
    outer loop
      vertex -2.4801 36.1852 -1.49996
      vertex -2.46422 36.0786 5.50004
      vertex -2.46422 36.0786 -1.49996
    endloop
  endfacet
  facet normal 0.994539 0.104366 0
    outer loop
      vertex -2.4801 36.1852 5.50004
      vertex -2.49136 36.2925 -1.49996
      vertex -2.49136 36.2925 5.50004
    endloop
  endfacet
  facet normal 0.994539 0.104366 0
    outer loop
      vertex -2.49136 36.2925 -1.49996
      vertex -2.4801 36.1852 5.50004
      vertex -2.4801 36.1852 -1.49996
    endloop
  endfacet
  facet normal 0.998104 0.0615575 0
    outer loop
      vertex -2.49136 36.2925 5.50004
      vertex -2.49799 36.4 -1.49996
      vertex -2.49799 36.4 5.50004
    endloop
  endfacet
  facet normal 0.998104 0.0615575 0
    outer loop
      vertex -2.49799 36.4 -1.49996
      vertex -2.49136 36.2925 5.50004
      vertex -2.49136 36.2925 -1.49996
    endloop
  endfacet
  facet normal 0 1 0
    outer loop
      vertex -2.49799 36.4 5.50004
      vertex -4.49889 36.4 5.00004
      vertex -4.49889 36.4 5.50004
    endloop
  endfacet
  facet normal 0 1 0
    outer loop
      vertex -7.31581 36.4 3.69834
      vertex -4.49889 36.4 5.00004
      vertex -7.24166 36.4 3.70004
    endloop
  endfacet
  facet normal 0 1 0
    outer loop
      vertex -5.56748 36.4 2.29524
      vertex -4.49889 36.4 5.00004
      vertex -2.49799 36.4 5.50004
    endloop
  endfacet
  facet normal 0 1 0
    outer loop
      vertex -4.49889 36.4 5.00004
      vertex -7.1675 36.4 3.69834
      vertex -7.24166 36.4 3.70004
    endloop
  endfacet
  facet normal 0 1 0
    outer loop
      vertex -4.49889 36.4 5.00004
      vertex -7.09349 36.4 3.69354
      vertex -7.1675 36.4 3.69834
    endloop
  endfacet
  facet normal 0 1 0
    outer loop
      vertex -4.49889 36.4 5.00004
      vertex -7.01976 36.4 3.68544
      vertex -7.09349 36.4 3.69354
    endloop
  endfacet
  facet normal 0 1 0
    outer loop
      vertex -4.49889 36.4 5.00004
      vertex -6.94645 36.4 3.67414
      vertex -7.01976 36.4 3.68544
    endloop
  endfacet
  facet normal 0 1 0
    outer loop
      vertex -4.49889 36.4 5.00004
      vertex -6.87371 36.4 3.65974
      vertex -6.94645 36.4 3.67414
    endloop
  endfacet
  facet normal 0 1 0
    outer loop
      vertex -4.49889 36.4 5.00004
      vertex -6.80166 36.4 3.64204
      vertex -6.87371 36.4 3.65974
    endloop
  endfacet
  facet normal 0 1 0
    outer loop
      vertex -4.49889 36.4 5.00004
      vertex -6.73046 36.4 3.62134
      vertex -6.80166 36.4 3.64204
    endloop
  endfacet
  facet normal 0 1 0
    outer loop
      vertex -4.49889 36.4 5.00004
      vertex -6.66022 36.4 3.59744
      vertex -6.73046 36.4 3.62134
    endloop
  endfacet
  facet normal 0 1 0
    outer loop
      vertex -4.49889 36.4 5.00004
      vertex -6.59109 36.4 3.57064
      vertex -6.66022 36.4 3.59744
    endloop
  endfacet
  facet normal 0 1 0
    outer loop
      vertex -4.49889 36.4 5.00004
      vertex -6.5232 36.4 3.54074
      vertex -6.59109 36.4 3.57064
    endloop
  endfacet
  facet normal 0 1 0
    outer loop
      vertex -4.49889 36.4 5.00004
      vertex -6.45668 36.4 3.50794
      vertex -6.5232 36.4 3.54074
    endloop
  endfacet
  facet normal 0 1 0
    outer loop
      vertex -4.49889 36.4 5.00004
      vertex -6.39165 36.4 3.47224
      vertex -6.45668 36.4 3.50794
    endloop
  endfacet
  facet normal 0 1 0
    outer loop
      vertex -4.49889 36.4 5.00004
      vertex -6.32825 36.4 3.43374
      vertex -6.39165 36.4 3.47224
    endloop
  endfacet
  facet normal 0 1 0
    outer loop
      vertex -4.49889 36.4 5.00004
      vertex -6.26658 36.4 3.39254
      vertex -6.32825 36.4 3.43374
    endloop
  endfacet
  facet normal 0 1 0
    outer loop
      vertex -4.49889 36.4 5.00004
      vertex -6.20676 36.4 3.34874
      vertex -6.26658 36.4 3.39254
    endloop
  endfacet
  facet normal 0 1 0
    outer loop
      vertex -4.49889 36.4 5.00004
      vertex -6.14892 36.4 3.30224
      vertex -6.20676 36.4 3.34874
    endloop
  endfacet
  facet normal 0 1 0
    outer loop
      vertex -4.49889 36.4 5.00004
      vertex -6.09315 36.4 3.25334
      vertex -6.14892 36.4 3.30224
    endloop
  endfacet
  facet normal 0 1 0
    outer loop
      vertex -4.49889 36.4 5.00004
      vertex -6.03957 36.4 3.20204
      vertex -6.09315 36.4 3.25334
    endloop
  endfacet
  facet normal 0 1 0
    outer loop
      vertex -4.49889 36.4 5.00004
      vertex -5.98828 36.4 3.14854
      vertex -6.03957 36.4 3.20204
    endloop
  endfacet
  facet normal 0 1 0
    outer loop
      vertex -4.49889 36.4 5.00004
      vertex -5.93938 36.4 3.09274
      vertex -5.98828 36.4 3.14854
    endloop
  endfacet
  facet normal 0 1 0
    outer loop
      vertex -4.49889 36.4 5.00004
      vertex -5.89295 36.4 3.03494
      vertex -5.93938 36.4 3.09274
    endloop
  endfacet
  facet normal 0 1 0
    outer loop
      vertex -4.49889 36.4 5.00004
      vertex -5.8491 36.4 2.97504
      vertex -5.89295 36.4 3.03494
    endloop
  endfacet
  facet normal 0 1 0
    outer loop
      vertex -4.49889 36.4 5.00004
      vertex -5.80789 36.4 2.91344
      vertex -5.8491 36.4 2.97504
    endloop
  endfacet
  facet normal 0 1 0
    outer loop
      vertex -4.49889 36.4 5.00004
      vertex -5.76941 36.4 2.85004
      vertex -5.80789 36.4 2.91344
    endloop
  endfacet
  facet normal 0 1 0
    outer loop
      vertex -4.49889 36.4 5.00004
      vertex -5.73374 36.4 2.78494
      vertex -5.76941 36.4 2.85004
    endloop
  endfacet
  facet normal 0 1 0
    outer loop
      vertex -4.49889 36.4 5.00004
      vertex -5.70093 36.4 2.71844
      vertex -5.73374 36.4 2.78494
    endloop
  endfacet
  facet normal 0 1 0
    outer loop
      vertex -4.49889 36.4 5.00004
      vertex -5.67106 36.4 2.65054
      vertex -5.70093 36.4 2.71844
    endloop
  endfacet
  facet normal 0 1 0
    outer loop
      vertex -4.49889 36.4 5.00004
      vertex -5.64418 36.4 2.58144
      vertex -5.67106 36.4 2.65054
    endloop
  endfacet
  facet normal 0 1 0
    outer loop
      vertex -4.49889 36.4 5.00004
      vertex -5.62034 36.4 2.51124
      vertex -5.64418 36.4 2.58144
    endloop
  endfacet
  facet normal 0 1 0
    outer loop
      vertex -4.49889 36.4 5.00004
      vertex -5.59958 36.4 2.44004
      vertex -5.62034 36.4 2.51124
    endloop
  endfacet
  facet normal 0 1 0
    outer loop
      vertex -4.49889 36.4 5.00004
      vertex -5.58195 36.4 2.36794
      vertex -5.59958 36.4 2.44004
    endloop
  endfacet
  facet normal 0 1 0
    outer loop
      vertex -4.49889 36.4 5.00004
      vertex -5.56748 36.4 2.29524
      vertex -5.58195 36.4 2.36794
    endloop
  endfacet
  facet normal 0 1 0
    outer loop
      vertex -2.49799 36.4 5.50004
      vertex -5.5562 36.4 2.22194
      vertex -5.56748 36.4 2.29524
    endloop
  endfacet
  facet normal 0 1 0
    outer loop
      vertex -2.49799 36.4 5.50004
      vertex -5.54812 36.4 2.14814
      vertex -5.5562 36.4 2.22194
    endloop
  endfacet
  facet normal 0 1 0
    outer loop
      vertex -2.49799 36.4 5.50004
      vertex -5.54327 36.4 2.07414
      vertex -5.54812 36.4 2.14814
    endloop
  endfacet
  facet normal 0 1 0
    outer loop
      vertex -2.49799 36.4 5.50004
      vertex -5.54165 36.4 2.00004
      vertex -5.54327 36.4 2.07414
    endloop
  endfacet
  facet normal 0 1 -0
    outer loop
      vertex -2.49799 36.4 -1.49996
      vertex -5.54165 36.4 2.00004
      vertex -2.49799 36.4 5.50004
    endloop
  endfacet
  facet normal 0 1 0
    outer loop
      vertex -5.54165 36.4 2.00004
      vertex -2.49799 36.4 -1.49996
      vertex -5.54327 36.4 1.92584
    endloop
  endfacet
  facet normal 0 1 0
    outer loop
      vertex -5.54327 36.4 1.92584
      vertex -2.49799 36.4 -1.49996
      vertex -5.54812 36.4 1.85185
    endloop
  endfacet
  facet normal 0 1 0
    outer loop
      vertex -5.54812 36.4 1.85185
      vertex -2.49799 36.4 -1.49996
      vertex -5.5562 36.4 1.77814
    endloop
  endfacet
  facet normal 0 1 0
    outer loop
      vertex -5.5562 36.4 1.77814
      vertex -2.49799 36.4 -1.49996
      vertex -5.56748 36.4 1.70484
    endloop
  endfacet
  facet normal -0 1 -0
    outer loop
      vertex -4.49889 36.4 -0.99996
      vertex -5.56748 36.4 1.70484
      vertex -2.49799 36.4 -1.49996
    endloop
  endfacet
  facet normal 0 1 0
    outer loop
      vertex -5.56748 36.4 1.70484
      vertex -4.49889 36.4 -0.99996
      vertex -5.58195 36.4 1.63205
    endloop
  endfacet
  facet normal 0 1 0
    outer loop
      vertex -5.58195 36.4 1.63205
      vertex -4.49889 36.4 -0.99996
      vertex -5.59958 36.4 1.56004
    endloop
  endfacet
  facet normal 0 1 0
    outer loop
      vertex -5.59958 36.4 1.56004
      vertex -4.49889 36.4 -0.99996
      vertex -5.62034 36.4 1.48884
    endloop
  endfacet
  facet normal 0 1 0
    outer loop
      vertex -5.62034 36.4 1.48884
      vertex -4.49889 36.4 -0.99996
      vertex -5.64418 36.4 1.41855
    endloop
  endfacet
  facet normal 0 1 0
    outer loop
      vertex -5.64418 36.4 1.41855
      vertex -4.49889 36.4 -0.99996
      vertex -5.67106 36.4 1.34944
    endloop
  endfacet
  facet normal 0 1 0
    outer loop
      vertex -5.67106 36.4 1.34944
      vertex -4.49889 36.4 -0.99996
      vertex -5.70093 36.4 1.28155
    endloop
  endfacet
  facet normal 0 1 0
    outer loop
      vertex -5.70093 36.4 1.28155
      vertex -4.49889 36.4 -0.99996
      vertex -5.73374 36.4 1.21504
    endloop
  endfacet
  facet normal 0 1 0
    outer loop
      vertex -5.73374 36.4 1.21504
      vertex -4.49889 36.4 -0.99996
      vertex -5.76941 36.4 1.15004
    endloop
  endfacet
  facet normal 0 1 0
    outer loop
      vertex -5.76941 36.4 1.15004
      vertex -4.49889 36.4 -0.99996
      vertex -5.80789 36.4 1.08654
    endloop
  endfacet
  facet normal 0 1 0
    outer loop
      vertex -7.1675 36.4 0.301641
      vertex -4.49889 36.4 -0.99996
      vertex -7.24166 36.4 0.30004
    endloop
  endfacet
  facet normal 0 1 0
    outer loop
      vertex -7.09349 36.4 0.30644
      vertex -4.49889 36.4 -0.99996
      vertex -7.1675 36.4 0.301641
    endloop
  endfacet
  facet normal 0 1 0
    outer loop
      vertex -7.01976 36.4 0.314541
      vertex -4.49889 36.4 -0.99996
      vertex -7.09349 36.4 0.30644
    endloop
  endfacet
  facet normal 0 1 0
    outer loop
      vertex -6.94645 36.4 0.325841
      vertex -4.49889 36.4 -0.99996
      vertex -7.01976 36.4 0.314541
    endloop
  endfacet
  facet normal 0 1 0
    outer loop
      vertex -6.87371 36.4 0.340341
      vertex -4.49889 36.4 -0.99996
      vertex -6.94645 36.4 0.325841
    endloop
  endfacet
  facet normal 0 1 0
    outer loop
      vertex -6.80166 36.4 0.357941
      vertex -4.49889 36.4 -0.99996
      vertex -6.87371 36.4 0.340341
    endloop
  endfacet
  facet normal 0 1 0
    outer loop
      vertex -6.73046 36.4 0.37864
      vertex -4.49889 36.4 -0.99996
      vertex -6.80166 36.4 0.357941
    endloop
  endfacet
  facet normal 0 1 0
    outer loop
      vertex -6.66022 36.4 0.40254
      vertex -4.49889 36.4 -0.99996
      vertex -6.73046 36.4 0.37864
    endloop
  endfacet
  facet normal 0 1 0
    outer loop
      vertex -6.59109 36.4 0.42944
      vertex -4.49889 36.4 -0.99996
      vertex -6.66022 36.4 0.40254
    endloop
  endfacet
  facet normal 0 1 0
    outer loop
      vertex -6.5232 36.4 0.459241
      vertex -4.49889 36.4 -0.99996
      vertex -6.59109 36.4 0.42944
    endloop
  endfacet
  facet normal 0 1 0
    outer loop
      vertex -6.45668 36.4 0.492041
      vertex -4.49889 36.4 -0.99996
      vertex -6.5232 36.4 0.459241
    endloop
  endfacet
  facet normal 0 1 0
    outer loop
      vertex -6.39165 36.4 0.52774
      vertex -4.49889 36.4 -0.99996
      vertex -6.45668 36.4 0.492041
    endloop
  endfacet
  facet normal 0 1 0
    outer loop
      vertex -6.32825 36.4 0.56624
      vertex -4.49889 36.4 -0.99996
      vertex -6.39165 36.4 0.52774
    endloop
  endfacet
  facet normal 0 1 0
    outer loop
      vertex -6.26658 36.4 0.607441
      vertex -4.49889 36.4 -0.99996
      vertex -6.32825 36.4 0.56624
    endloop
  endfacet
  facet normal 0 1 0
    outer loop
      vertex -6.20676 36.4 0.65134
      vertex -4.49889 36.4 -0.99996
      vertex -6.26658 36.4 0.607441
    endloop
  endfacet
  facet normal 0 1 0
    outer loop
      vertex -6.14892 36.4 0.697741
      vertex -4.49889 36.4 -0.99996
      vertex -6.20676 36.4 0.65134
    endloop
  endfacet
  facet normal 0 1 0
    outer loop
      vertex -6.09315 36.4 0.74664
      vertex -4.49889 36.4 -0.99996
      vertex -6.14892 36.4 0.697741
    endloop
  endfacet
  facet normal 0 1 0
    outer loop
      vertex -6.03957 36.4 0.79794
      vertex -4.49889 36.4 -0.99996
      vertex -6.09315 36.4 0.74664
    endloop
  endfacet
  facet normal 0 1 0
    outer loop
      vertex -5.98828 36.4 0.851541
      vertex -4.49889 36.4 -0.99996
      vertex -6.03957 36.4 0.79794
    endloop
  endfacet
  facet normal 0 1 0
    outer loop
      vertex -5.93938 36.4 0.907241
      vertex -4.49889 36.4 -0.99996
      vertex -5.98828 36.4 0.851541
    endloop
  endfacet
  facet normal 0 1 0
    outer loop
      vertex -5.89295 36.4 0.96514
      vertex -4.49889 36.4 -0.99996
      vertex -5.93938 36.4 0.907241
    endloop
  endfacet
  facet normal 0 1 0
    outer loop
      vertex -5.80789 36.4 1.08654
      vertex -4.49889 36.4 -0.99996
      vertex -5.8491 36.4 1.02494
    endloop
  endfacet
  facet normal 0 1 0
    outer loop
      vertex -5.8491 36.4 1.02494
      vertex -4.49889 36.4 -0.99996
      vertex -5.89295 36.4 0.96514
    endloop
  endfacet
  facet normal 0 1 0
    outer loop
      vertex -4.49889 36.4 -0.99996
      vertex -2.49799 36.4 -1.49996
      vertex -4.49889 36.4 -1.49996
    endloop
  endfacet
  facet normal 0 1 0
    outer loop
      vertex -4.49889 36.4 5.00004
      vertex -7.31581 36.4 3.69834
      vertex -10.7417 36.4 5.00004
    endloop
  endfacet
  facet normal 0 1 -0
    outer loop
      vertex -7.38982 36.4 3.69354
      vertex -10.7417 36.4 5.00004
      vertex -7.31581 36.4 3.69834
    endloop
  endfacet
  facet normal 0 1 -0
    outer loop
      vertex -7.46355 36.4 3.68544
      vertex -10.7417 36.4 5.00004
      vertex -7.38982 36.4 3.69354
    endloop
  endfacet
  facet normal 0 1 -0
    outer loop
      vertex -7.53686 36.4 3.67414
      vertex -10.7417 36.4 5.00004
      vertex -7.46355 36.4 3.68544
    endloop
  endfacet
  facet normal 0 1 -0
    outer loop
      vertex -7.6096 36.4 3.65974
      vertex -10.7417 36.4 5.00004
      vertex -7.53686 36.4 3.67414
    endloop
  endfacet
  facet normal 0 1 -0
    outer loop
      vertex -7.68165 36.4 3.64204
      vertex -10.7417 36.4 5.00004
      vertex -7.6096 36.4 3.65974
    endloop
  endfacet
  facet normal 0 1 -0
    outer loop
      vertex -7.75285 36.4 3.62134
      vertex -10.7417 36.4 5.00004
      vertex -7.68165 36.4 3.64204
    endloop
  endfacet
  facet normal 0 1 -0
    outer loop
      vertex -7.82309 36.4 3.59744
      vertex -10.7417 36.4 5.00004
      vertex -7.75285 36.4 3.62134
    endloop
  endfacet
  facet normal 0 1 -0
    outer loop
      vertex -7.89222 36.4 3.57064
      vertex -10.7417 36.4 5.00004
      vertex -7.82309 36.4 3.59744
    endloop
  endfacet
  facet normal 0 1 -0
    outer loop
      vertex -7.96011 36.4 3.54074
      vertex -10.7417 36.4 5.00004
      vertex -7.89222 36.4 3.57064
    endloop
  endfacet
  facet normal 0 1 -0
    outer loop
      vertex -8.02663 36.4 3.50794
      vertex -10.7417 36.4 5.00004
      vertex -7.96011 36.4 3.54074
    endloop
  endfacet
  facet normal 0 1 -0
    outer loop
      vertex -8.09165 36.4 3.47224
      vertex -10.7417 36.4 5.00004
      vertex -8.02663 36.4 3.50794
    endloop
  endfacet
  facet normal 0 1 -0
    outer loop
      vertex -8.15506 36.4 3.43374
      vertex -10.7417 36.4 5.00004
      vertex -8.09165 36.4 3.47224
    endloop
  endfacet
  facet normal 0 1 -0
    outer loop
      vertex -8.21673 36.4 3.39254
      vertex -10.7417 36.4 5.00004
      vertex -8.15506 36.4 3.43374
    endloop
  endfacet
  facet normal 0 1 -0
    outer loop
      vertex -8.27655 36.4 3.34874
      vertex -10.7417 36.4 5.00004
      vertex -8.21673 36.4 3.39254
    endloop
  endfacet
  facet normal 0 1 -0
    outer loop
      vertex -8.33439 36.4 3.30224
      vertex -10.7417 36.4 5.00004
      vertex -8.27655 36.4 3.34874
    endloop
  endfacet
  facet normal 0 1 -0
    outer loop
      vertex -8.39016 36.4 3.25334
      vertex -10.7417 36.4 5.00004
      vertex -8.33439 36.4 3.30224
    endloop
  endfacet
  facet normal 0 1 -0
    outer loop
      vertex -8.44374 36.4 3.20204
      vertex -10.7417 36.4 5.00004
      vertex -8.39016 36.4 3.25334
    endloop
  endfacet
  facet normal 0 1 -0
    outer loop
      vertex -8.49503 36.4 3.14854
      vertex -10.7417 36.4 5.00004
      vertex -8.44374 36.4 3.20204
    endloop
  endfacet
  facet normal 0 1 -0
    outer loop
      vertex -8.54393 36.4 3.09274
      vertex -10.7417 36.4 5.00004
      vertex -8.49503 36.4 3.14854
    endloop
  endfacet
  facet normal 0 1 -0
    outer loop
      vertex -8.59036 36.4 3.03494
      vertex -10.7417 36.4 5.00004
      vertex -8.54393 36.4 3.09274
    endloop
  endfacet
  facet normal 0 1 -0
    outer loop
      vertex -8.63421 36.4 2.97504
      vertex -10.7417 36.4 5.00004
      vertex -8.59036 36.4 3.03494
    endloop
  endfacet
  facet normal 0 1 -0
    outer loop
      vertex -8.67542 36.4 2.91344
      vertex -10.7417 36.4 5.00004
      vertex -8.63421 36.4 2.97504
    endloop
  endfacet
  facet normal 0 1 -0
    outer loop
      vertex -8.7139 36.4 2.85004
      vertex -10.7417 36.4 5.00004
      vertex -8.67542 36.4 2.91344
    endloop
  endfacet
  facet normal 0 1 -0
    outer loop
      vertex -8.74957 36.4 2.78494
      vertex -10.7417 36.4 5.00004
      vertex -8.7139 36.4 2.85004
    endloop
  endfacet
  facet normal 0 1 -0
    outer loop
      vertex -8.78238 36.4 2.71844
      vertex -10.7417 36.4 5.00004
      vertex -8.74957 36.4 2.78494
    endloop
  endfacet
  facet normal 0 1 -0
    outer loop
      vertex -8.81225 36.4 2.65054
      vertex -10.7417 36.4 5.00004
      vertex -8.78238 36.4 2.71844
    endloop
  endfacet
  facet normal 0 1 -0
    outer loop
      vertex -8.83913 36.4 2.58144
      vertex -10.7417 36.4 5.00004
      vertex -8.81225 36.4 2.65054
    endloop
  endfacet
  facet normal 0 1 -0
    outer loop
      vertex -8.86297 36.4 2.51124
      vertex -10.7417 36.4 5.00004
      vertex -8.83913 36.4 2.58144
    endloop
  endfacet
  facet normal 0 1 -0
    outer loop
      vertex -8.88373 36.4 2.44004
      vertex -10.7417 36.4 5.00004
      vertex -8.86297 36.4 2.51124
    endloop
  endfacet
  facet normal 0 1 -0
    outer loop
      vertex -8.90136 36.4 2.36794
      vertex -10.7417 36.4 5.00004
      vertex -8.88373 36.4 2.44004
    endloop
  endfacet
  facet normal 0 1 -0
    outer loop
      vertex -8.91583 36.4 2.29524
      vertex -10.7417 36.4 5.00004
      vertex -8.90136 36.4 2.36794
    endloop
  endfacet
  facet normal 0 1 -0
    outer loop
      vertex -8.92711 36.4 2.22194
      vertex -10.7417 36.4 5.00004
      vertex -8.91583 36.4 2.29524
    endloop
  endfacet
  facet normal 0 1 -0
    outer loop
      vertex -8.93519 36.4 2.14814
      vertex -10.7417 36.4 5.00004
      vertex -8.92711 36.4 2.22194
    endloop
  endfacet
  facet normal 0 1 -0
    outer loop
      vertex -8.94004 36.4 2.07414
      vertex -10.7417 36.4 5.00004
      vertex -8.93519 36.4 2.14814
    endloop
  endfacet
  facet normal 0 1 -0
    outer loop
      vertex -8.94165 36.4 2.00004
      vertex -10.7417 36.4 5.00004
      vertex -8.94004 36.4 2.07414
    endloop
  endfacet
  facet normal 0 1 0
    outer loop
      vertex -10.7417 36.4 -0.99996
      vertex -8.94165 36.4 2.00004
      vertex -8.94004 36.4 1.92584
    endloop
  endfacet
  facet normal 0 1 0
    outer loop
      vertex -10.7417 36.4 -0.99996
      vertex -8.94004 36.4 1.92584
      vertex -8.93519 36.4 1.85185
    endloop
  endfacet
  facet normal 0 1 0
    outer loop
      vertex -10.7417 36.4 -0.99996
      vertex -8.93519 36.4 1.85185
      vertex -8.92711 36.4 1.77814
    endloop
  endfacet
  facet normal 0 1 0
    outer loop
      vertex -10.7417 36.4 -0.99996
      vertex -8.92711 36.4 1.77814
      vertex -8.91583 36.4 1.70484
    endloop
  endfacet
  facet normal 0 1 0
    outer loop
      vertex -10.7417 36.4 -0.99996
      vertex -8.91583 36.4 1.70484
      vertex -8.90136 36.4 1.63205
    endloop
  endfacet
  facet normal 0 1 0
    outer loop
      vertex -10.7417 36.4 -0.99996
      vertex -8.90136 36.4 1.63205
      vertex -8.88373 36.4 1.56004
    endloop
  endfacet
  facet normal 0 1 0
    outer loop
      vertex -10.7417 36.4 -0.99996
      vertex -8.88373 36.4 1.56004
      vertex -8.86297 36.4 1.48884
    endloop
  endfacet
  facet normal 0 1 0
    outer loop
      vertex -10.7417 36.4 -0.99996
      vertex -8.86297 36.4 1.48884
      vertex -8.83913 36.4 1.41855
    endloop
  endfacet
  facet normal 0 1 0
    outer loop
      vertex -10.7417 36.4 -0.99996
      vertex -8.83913 36.4 1.41855
      vertex -8.81225 36.4 1.34944
    endloop
  endfacet
  facet normal 0 1 0
    outer loop
      vertex -10.7417 36.4 -0.99996
      vertex -8.81225 36.4 1.34944
      vertex -8.78238 36.4 1.28155
    endloop
  endfacet
  facet normal 0 1 0
    outer loop
      vertex -10.7417 36.4 -0.99996
      vertex -8.78238 36.4 1.28155
      vertex -8.74957 36.4 1.21504
    endloop
  endfacet
  facet normal 0 1 0
    outer loop
      vertex -4.49889 36.4 -0.99996
      vertex -7.31581 36.4 0.301641
      vertex -7.24166 36.4 0.30004
    endloop
  endfacet
  facet normal 0 1 0
    outer loop
      vertex -4.49889 36.4 -0.99996
      vertex -7.38982 36.4 0.30644
      vertex -7.31581 36.4 0.301641
    endloop
  endfacet
  facet normal 0 1 0
    outer loop
      vertex -10.7417 36.4 -0.99996
      vertex -7.38982 36.4 0.30644
      vertex -4.49889 36.4 -0.99996
    endloop
  endfacet
  facet normal 0 1 0
    outer loop
      vertex -7.38982 36.4 0.30644
      vertex -10.7417 36.4 -0.99996
      vertex -7.46355 36.4 0.314541
    endloop
  endfacet
  facet normal 0 1 0
    outer loop
      vertex -7.46355 36.4 0.314541
      vertex -10.7417 36.4 -0.99996
      vertex -7.53686 36.4 0.325841
    endloop
  endfacet
  facet normal 0 1 0
    outer loop
      vertex -7.53686 36.4 0.325841
      vertex -10.7417 36.4 -0.99996
      vertex -7.6096 36.4 0.340341
    endloop
  endfacet
  facet normal 0 1 0
    outer loop
      vertex -7.6096 36.4 0.340341
      vertex -10.7417 36.4 -0.99996
      vertex -7.68165 36.4 0.357941
    endloop
  endfacet
  facet normal 0 1 0
    outer loop
      vertex -7.68165 36.4 0.357941
      vertex -10.7417 36.4 -0.99996
      vertex -7.75285 36.4 0.37864
    endloop
  endfacet
  facet normal 0 1 0
    outer loop
      vertex -7.75285 36.4 0.37864
      vertex -10.7417 36.4 -0.99996
      vertex -7.82309 36.4 0.40254
    endloop
  endfacet
  facet normal 0 1 0
    outer loop
      vertex -8.94165 36.4 2.00004
      vertex -10.7417 36.4 -0.99996
      vertex -10.7417 36.4 5.00004
    endloop
  endfacet
  facet normal 0 1 0
    outer loop
      vertex -8.7139 36.4 1.15004
      vertex -10.7417 36.4 -0.99996
      vertex -8.74957 36.4 1.21504
    endloop
  endfacet
  facet normal 0 1 0
    outer loop
      vertex -8.67542 36.4 1.08654
      vertex -10.7417 36.4 -0.99996
      vertex -8.7139 36.4 1.15004
    endloop
  endfacet
  facet normal 0 1 0
    outer loop
      vertex -8.63421 36.4 1.02494
      vertex -10.7417 36.4 -0.99996
      vertex -8.67542 36.4 1.08654
    endloop
  endfacet
  facet normal 0 1 0
    outer loop
      vertex -8.59036 36.4 0.96514
      vertex -10.7417 36.4 -0.99996
      vertex -8.63421 36.4 1.02494
    endloop
  endfacet
  facet normal 0 1 0
    outer loop
      vertex -8.54393 36.4 0.907241
      vertex -10.7417 36.4 -0.99996
      vertex -8.59036 36.4 0.96514
    endloop
  endfacet
  facet normal 0 1 0
    outer loop
      vertex -8.49503 36.4 0.851541
      vertex -10.7417 36.4 -0.99996
      vertex -8.54393 36.4 0.907241
    endloop
  endfacet
  facet normal 0 1 0
    outer loop
      vertex -8.44374 36.4 0.79794
      vertex -10.7417 36.4 -0.99996
      vertex -8.49503 36.4 0.851541
    endloop
  endfacet
  facet normal 0 1 0
    outer loop
      vertex -8.39016 36.4 0.74664
      vertex -10.7417 36.4 -0.99996
      vertex -8.44374 36.4 0.79794
    endloop
  endfacet
  facet normal 0 1 0
    outer loop
      vertex -8.33439 36.4 0.697741
      vertex -10.7417 36.4 -0.99996
      vertex -8.39016 36.4 0.74664
    endloop
  endfacet
  facet normal 0 1 0
    outer loop
      vertex -8.27655 36.4 0.65134
      vertex -10.7417 36.4 -0.99996
      vertex -8.33439 36.4 0.697741
    endloop
  endfacet
  facet normal 0 1 0
    outer loop
      vertex -8.21673 36.4 0.607441
      vertex -10.7417 36.4 -0.99996
      vertex -8.27655 36.4 0.65134
    endloop
  endfacet
  facet normal 0 1 0
    outer loop
      vertex -8.15506 36.4 0.56624
      vertex -10.7417 36.4 -0.99996
      vertex -8.21673 36.4 0.607441
    endloop
  endfacet
  facet normal 0 1 0
    outer loop
      vertex -8.09165 36.4 0.52774
      vertex -10.7417 36.4 -0.99996
      vertex -8.15506 36.4 0.56624
    endloop
  endfacet
  facet normal 0 1 0
    outer loop
      vertex -8.02663 36.4 0.492041
      vertex -10.7417 36.4 -0.99996
      vertex -8.09165 36.4 0.52774
    endloop
  endfacet
  facet normal 0 1 0
    outer loop
      vertex -7.96011 36.4 0.459241
      vertex -10.7417 36.4 -0.99996
      vertex -8.02663 36.4 0.492041
    endloop
  endfacet
  facet normal 0 1 0
    outer loop
      vertex -7.89222 36.4 0.42944
      vertex -10.7417 36.4 -0.99996
      vertex -7.96011 36.4 0.459241
    endloop
  endfacet
  facet normal 0 1 0
    outer loop
      vertex -7.82309 36.4 0.40254
      vertex -10.7417 36.4 -0.99996
      vertex -7.89222 36.4 0.42944
    endloop
  endfacet
  facet normal 0 0 -1
    outer loop
      vertex -10.7417 34 -0.99996
      vertex -3.78326 34.0635 -0.99996
      vertex -3.74166 34 -0.99996
    endloop
  endfacet
  facet normal 0 0 -1
    outer loop
      vertex -10.7417 34 -0.99996
      vertex -3.88292 34.2256 -0.99996
      vertex -3.78326 34.0635 -0.99996
    endloop
  endfacet
  facet normal 0 0 -1
    outer loop
      vertex -10.7417 34 -0.99996
      vertex -3.97564 34.3919 -0.99996
      vertex -3.88292 34.2256 -0.99996
    endloop
  endfacet
  facet normal 0 0 -1
    outer loop
      vertex -10.7417 34 -0.99996
      vertex -4.06124 34.5619 -0.99996
      vertex -3.97564 34.3919 -0.99996
    endloop
  endfacet
  facet normal 0 0 -1
    outer loop
      vertex -10.7417 34 -0.99996
      vertex -4.13957 34.7354 -0.99996
      vertex -4.06124 34.5619 -0.99996
    endloop
  endfacet
  facet normal 0 0 -1
    outer loop
      vertex -10.7417 34 -0.99996
      vertex -4.21049 34.912 -0.99996
      vertex -4.13957 34.7354 -0.99996
    endloop
  endfacet
  facet normal 0 0 -1
    outer loop
      vertex -10.7417 34 -0.99996
      vertex -4.27388 35.0915 -0.99996
      vertex -4.21049 34.912 -0.99996
    endloop
  endfacet
  facet normal 0 0 -1
    outer loop
      vertex -10.7417 34 -0.99996
      vertex -4.32963 35.2735 -0.99996
      vertex -4.27388 35.0915 -0.99996
    endloop
  endfacet
  facet normal 0 0 -1
    outer loop
      vertex -10.7417 34 -0.99996
      vertex -4.37763 35.4577 -0.99996
      vertex -4.32963 35.2735 -0.99996
    endloop
  endfacet
  facet normal 0 0 -1
    outer loop
      vertex -10.7417 34 -0.99996
      vertex -4.41779 35.6438 -0.99996
      vertex -4.37763 35.4577 -0.99996
    endloop
  endfacet
  facet normal 0 0 -1
    outer loop
      vertex -10.7417 34 -0.99996
      vertex -4.45005 35.8314 -0.99996
      vertex -4.41779 35.6438 -0.99996
    endloop
  endfacet
  facet normal 0 0 -1
    outer loop
      vertex -10.7417 36.4 -0.99996
      vertex -4.45005 35.8314 -0.99996
      vertex -10.7417 34 -0.99996
    endloop
  endfacet
  facet normal 0 0 -1
    outer loop
      vertex -4.45005 35.8314 -0.99996
      vertex -10.7417 36.4 -0.99996
      vertex -4.47434 36.0202 -0.99996
    endloop
  endfacet
  facet normal 0 0 -1
    outer loop
      vertex -4.47434 36.0202 -0.99996
      vertex -10.7417 36.4 -0.99996
      vertex -4.49063 36.2099 -0.99996
    endloop
  endfacet
  facet normal 0 0 -1
    outer loop
      vertex -4.49063 36.2099 -0.99996
      vertex -10.7417 36.4 -0.99996
      vertex -4.49889 36.4 -0.99996
    endloop
  endfacet
  facet normal 0 0 -1
    outer loop
      vertex 7.89891 36.4499 -1.49996
      vertex 8.8998 36.4714 -1.49996
      vertex 8.8965 36.3784 -1.49996
    endloop
  endfacet
  facet normal 0 0 -1
    outer loop
      vertex 8.8998 36.4714 -1.49996
      vertex 7.9 36.5 -1.49996
      vertex 8.899 36.5644 -1.49996
    endloop
  endfacet
  facet normal 0 0 -1
    outer loop
      vertex 7.89563 36.3998 -1.49996
      vertex 8.8965 36.3784 -1.49996
      vertex 8.8893 36.2857 -1.49996
    endloop
  endfacet
  facet normal 0 0 -1
    outer loop
      vertex 7.89891 36.5502 -1.49996
      vertex 8.899 36.5644 -1.49996
      vertex 7.9 36.5 -1.49996
    endloop
  endfacet
  facet normal 0 0 -1
    outer loop
      vertex 7.89016 36.3499 -1.49996
      vertex 8.8893 36.2857 -1.49996
      vertex 8.878 36.1934 -1.49996
    endloop
  endfacet
  facet normal -0 0 -1
    outer loop
      vertex 8.899 36.5644 -1.49996
      vertex 7.89891 36.5502 -1.49996
      vertex 8.8942 36.6573 -1.49996
    endloop
  endfacet
  facet normal 0 0 -1
    outer loop
      vertex 7.88253 36.3003 -1.49996
      vertex 8.878 36.1934 -1.49996
      vertex 8.8627 36.1016 -1.49996
    endloop
  endfacet
  facet normal 0 0 -1
    outer loop
      vertex 7.89563 36.6003 -1.49996
      vertex 8.8942 36.6573 -1.49996
      vertex 7.89891 36.5502 -1.49996
    endloop
  endfacet
  facet normal 0 0 -1
    outer loop
      vertex 7.87274 36.2511 -1.49996
      vertex 8.8627 36.1016 -1.49996
      vertex 8.8435 36.0106 -1.49996
    endloop
  endfacet
  facet normal -0 0 -1
    outer loop
      vertex 8.8942 36.6573 -1.49996
      vertex 7.89563 36.6003 -1.49996
      vertex 8.8854 36.7499 -1.49996
    endloop
  endfacet
  facet normal 0 0 -1
    outer loop
      vertex 7.86082 36.2024 -1.49996
      vertex 8.8435 36.0106 -1.49996
      vertex 8.8204 35.9205 -1.49996
    endloop
  endfacet
  facet normal 0 0 -1
    outer loop
      vertex 7.89016 36.6501 -1.49996
      vertex 8.8854 36.7499 -1.49996
      vertex 7.89563 36.6003 -1.49996
    endloop
  endfacet
  facet normal 0 0 -1
    outer loop
      vertex 7.84678 36.1542 -1.49996
      vertex 8.8204 35.9205 -1.49996
      vertex 8.7934 35.8315 -1.49996
    endloop
  endfacet
  facet normal -0 0 -1
    outer loop
      vertex 8.8854 36.7499 -1.49996
      vertex 7.89016 36.6501 -1.49996
      vertex 8.8726 36.842 -1.49996
    endloop
  endfacet
  facet normal 0 0 -1
    outer loop
      vertex 7.83065 36.1067 -1.49996
      vertex 8.7934 35.8315 -1.49996
      vertex 8.7626 35.7438 -1.49996
    endloop
  endfacet
  facet normal 0 0 -1
    outer loop
      vertex 7.88253 36.6997 -1.49996
      vertex 8.8726 36.842 -1.49996
      vertex 7.89016 36.6501 -1.49996
    endloop
  endfacet
  facet normal 0 0 -1
    outer loop
      vertex 7.81246 36.06 -1.49996
      vertex 8.7626 35.7438 -1.49996
      vertex 8.728 35.6574 -1.49996
    endloop
  endfacet
  facet normal -0 0 -1
    outer loop
      vertex 8.8726 36.842 -1.49996
      vertex 7.88253 36.6997 -1.49996
      vertex 8.8558 36.9335 -1.49996
    endloop
  endfacet
  facet normal 0 0 -1
    outer loop
      vertex 7.79226 36.014 -1.49996
      vertex 8.728 35.6574 -1.49996
      vertex 8.6897 35.5727 -1.49996
    endloop
  endfacet
  facet normal 0 0 -1
    outer loop
      vertex 7.87274 36.7489 -1.49996
      vertex 8.8558 36.9335 -1.49996
      vertex 7.88253 36.6997 -1.49996
    endloop
  endfacet
  facet normal 0 0 -1
    outer loop
      vertex 7.77006 35.969 -1.49996
      vertex 8.6897 35.5727 -1.49996
      vertex 8.6478 35.4897 -1.49996
    endloop
  endfacet
  facet normal -0 0 -1
    outer loop
      vertex 8.8558 36.9335 -1.49996
      vertex 7.87274 36.7489 -1.49996
      vertex 8.8351 37.0241 -1.49996
    endloop
  endfacet
  facet normal 0 0 -1
    outer loop
      vertex 7.74593 35.925 -1.49996
      vertex 8.6478 35.4897 -1.49996
      vertex 8.6023 35.4085 -1.49996
    endloop
  endfacet
  facet normal 0 0 -1
    outer loop
      vertex 7.86082 36.7977 -1.49996
      vertex 8.8351 37.0241 -1.49996
      vertex 7.87274 36.7489 -1.49996
    endloop
  endfacet
  facet normal 0 0 -1
    outer loop
      vertex 7.7199 35.8821 -1.49996
      vertex 8.6023 35.4085 -1.49996
      vertex 8.5534 35.3294 -1.49996
    endloop
  endfacet
  facet normal -0 0 -1
    outer loop
      vertex 8.8351 37.0241 -1.49996
      vertex 7.86082 36.7977 -1.49996
      vertex 8.8105 37.1138 -1.49996
    endloop
  endfacet
  facet normal 0 0 -1
    outer loop
      vertex 7.69203 35.8404 -1.49996
      vertex 8.5534 35.3294 -1.49996
      vertex 8.5011 35.2525 -1.49996
    endloop
  endfacet
  facet normal 0 0 -1
    outer loop
      vertex 7.84678 36.8459 -1.49996
      vertex 8.8105 37.1138 -1.49996
      vertex 7.86082 36.7977 -1.49996
    endloop
  endfacet
  facet normal 0 0 -1
    outer loop
      vertex 7.66236 35.8 -1.49996
      vertex 8.5011 35.2525 -1.49996
      vertex 8.4455 35.178 -1.49996
    endloop
  endfacet
  facet normal -0 0 -1
    outer loop
      vertex 8.8105 37.1138 -1.49996
      vertex 7.84678 36.8459 -1.49996
      vertex 8.782 37.2024 -1.49996
    endloop
  endfacet
  facet normal 0 0 -1
    outer loop
      vertex 7.63095 35.7608 -1.49996
      vertex 8.4455 35.178 -1.49996
      vertex 8.3867 35.1059 -1.49996
    endloop
  endfacet
  facet normal 0 0 -1
    outer loop
      vertex 7.83065 36.8934 -1.49996
      vertex 8.782 37.2024 -1.49996
      vertex 7.84678 36.8459 -1.49996
    endloop
  endfacet
  facet normal 0 0 -1
    outer loop
      vertex 7.59787 35.7231 -1.49996
      vertex 8.3867 35.1059 -1.49996
      vertex 8.3249 35.0364 -1.49996
    endloop
  endfacet
  facet normal -0 0 -1
    outer loop
      vertex 8.782 37.2024 -1.49996
      vertex 7.83065 36.8934 -1.49996
      vertex 8.7498 37.2896 -1.49996
    endloop
  endfacet
  facet normal 0 0 -1
    outer loop
      vertex 7.56318 35.6869 -1.49996
      vertex 8.3249 35.0364 -1.49996
      vertex 8.2601 34.9697 -1.49996
    endloop
  endfacet
  facet normal 0 0 -1
    outer loop
      vertex 7.81246 36.9401 -1.49996
      vertex 8.7498 37.2896 -1.49996
      vertex 7.83065 36.8934 -1.49996
    endloop
  endfacet
  facet normal 0 0 -1
    outer loop
      vertex 7.52693 35.6522 -1.49996
      vertex 8.2601 34.9697 -1.49996
      vertex 8.1925 34.9058 -1.49996
    endloop
  endfacet
  facet normal -0 0 -1
    outer loop
      vertex 8.7498 37.2896 -1.49996
      vertex 7.81246 36.9401 -1.49996
      vertex 8.7137 37.3753 -1.49996
    endloop
  endfacet
  facet normal 0 0 -1
    outer loop
      vertex 7.48921 35.6191 -1.49996
      vertex 8.1925 34.9058 -1.49996
      vertex 8.1222 34.8449 -1.49996
    endloop
  endfacet
  facet normal 0 0 -1
    outer loop
      vertex 7.79226 36.9861 -1.49996
      vertex 8.7137 37.3753 -1.49996
      vertex 7.81246 36.9401 -1.49996
    endloop
  endfacet
  facet normal 0 0 -1
    outer loop
      vertex 7.45008 35.5877 -1.49996
      vertex 8.1222 34.8449 -1.49996
      vertex 8.0493 34.7871 -1.49996
    endloop
  endfacet
  facet normal -0 0 -1
    outer loop
      vertex 8.7137 37.3753 -1.49996
      vertex 7.79226 36.9861 -1.49996
      vertex 8.674 37.4595 -1.49996
    endloop
  endfacet
  facet normal 0 0 -1
    outer loop
      vertex 7.40961 35.558 -1.49996
      vertex 8.0493 34.7871 -1.49996
      vertex 7.97404 34.7325 -1.49996
    endloop
  endfacet
  facet normal 0 0 -1
    outer loop
      vertex 7.77006 37.0311 -1.49996
      vertex 8.674 37.4595 -1.49996
      vertex 7.79226 36.9861 -1.49996
    endloop
  endfacet
  facet normal -0 0 -1
    outer loop
      vertex 8.674 37.4595 -1.49996
      vertex 7.77006 37.0311 -1.49996
      vertex 8.6308 37.5418 -1.49996
    endloop
  endfacet
  facet normal -0 0 -1
    outer loop
      vertex 8.8998 36.4714 -1.49996
      vertex 7.89891 36.4499 -1.49996
      vertex 7.9 36.5 -1.49996
    endloop
  endfacet
  facet normal 0 0 -1
    outer loop
      vertex 7.3679 35.5301 -1.49996
      vertex 7.97404 34.7325 -1.49996
      vertex 7.89645 34.6812 -1.49996
    endloop
  endfacet
  facet normal 0 0 -1
    outer loop
      vertex 8.8965 36.3784 -1.49996
      vertex 7.89563 36.3998 -1.49996
      vertex 7.89891 36.4499 -1.49996
    endloop
  endfacet
  facet normal 0 0 -1
    outer loop
      vertex 8.8893 36.2857 -1.49996
      vertex 7.89016 36.3499 -1.49996
      vertex 7.89563 36.3998 -1.49996
    endloop
  endfacet
  facet normal 0 0 -1
    outer loop
      vertex 8.878 36.1934 -1.49996
      vertex 7.88253 36.3003 -1.49996
      vertex 7.89016 36.3499 -1.49996
    endloop
  endfacet
  facet normal 0 0 -1
    outer loop
      vertex 8.8627 36.1016 -1.49996
      vertex 7.87274 36.2511 -1.49996
      vertex 7.88253 36.3003 -1.49996
    endloop
  endfacet
  facet normal 0 0 -1
    outer loop
      vertex 8.8435 36.0106 -1.49996
      vertex 7.86082 36.2024 -1.49996
      vertex 7.87274 36.2511 -1.49996
    endloop
  endfacet
  facet normal 0 0 -1
    outer loop
      vertex 8.8204 35.9205 -1.49996
      vertex 7.84678 36.1542 -1.49996
      vertex 7.86082 36.2024 -1.49996
    endloop
  endfacet
  facet normal 0 0 -1
    outer loop
      vertex 8.7934 35.8315 -1.49996
      vertex 7.83065 36.1067 -1.49996
      vertex 7.84678 36.1542 -1.49996
    endloop
  endfacet
  facet normal 0 0 -1
    outer loop
      vertex 7.325 35.5041 -1.49996
      vertex 7.89645 34.6812 -1.49996
      vertex 7.81672 34.6333 -1.49996
    endloop
  endfacet
  facet normal 0 0 -1
    outer loop
      vertex 8.7626 35.7438 -1.49996
      vertex 7.81246 36.06 -1.49996
      vertex 7.83065 36.1067 -1.49996
    endloop
  endfacet
  facet normal 0 0 -1
    outer loop
      vertex 8.728 35.6574 -1.49996
      vertex 7.79226 36.014 -1.49996
      vertex 7.81246 36.06 -1.49996
    endloop
  endfacet
  facet normal 0 0 -1
    outer loop
      vertex 8.6897 35.5727 -1.49996
      vertex 7.77006 35.969 -1.49996
      vertex 7.79226 36.014 -1.49996
    endloop
  endfacet
  facet normal 0 0 -1
    outer loop
      vertex 8.6478 35.4897 -1.49996
      vertex 7.74593 35.925 -1.49996
      vertex 7.77006 35.969 -1.49996
    endloop
  endfacet
  facet normal 0 0 -1
    outer loop
      vertex 7.28101 35.48 -1.49996
      vertex 7.81672 34.6333 -1.49996
      vertex 7.73498 34.5889 -1.49996
    endloop
  endfacet
  facet normal 0 0 -1
    outer loop
      vertex 8.6023 35.4085 -1.49996
      vertex 7.7199 35.8821 -1.49996
      vertex 7.74593 35.925 -1.49996
    endloop
  endfacet
  facet normal 0 0 -1
    outer loop
      vertex 8.5534 35.3294 -1.49996
      vertex 7.69203 35.8404 -1.49996
      vertex 7.7199 35.8821 -1.49996
    endloop
  endfacet
  facet normal 0 0 -1
    outer loop
      vertex 8.5011 35.2525 -1.49996
      vertex 7.66236 35.8 -1.49996
      vertex 7.69203 35.8404 -1.49996
    endloop
  endfacet
  facet normal 0 0 -1
    outer loop
      vertex 7.23601 35.4578 -1.49996
      vertex 7.73498 34.5889 -1.49996
      vertex 7.65141 34.5481 -1.49996
    endloop
  endfacet
  facet normal 0 0 -1
    outer loop
      vertex 8.4455 35.178 -1.49996
      vertex 7.63095 35.7608 -1.49996
      vertex 7.66236 35.8 -1.49996
    endloop
  endfacet
  facet normal 0 0 -1
    outer loop
      vertex 8.3867 35.1059 -1.49996
      vertex 7.59787 35.7231 -1.49996
      vertex 7.63095 35.7608 -1.49996
    endloop
  endfacet
  facet normal 0 0 -1
    outer loop
      vertex 7.19009 35.4376 -1.49996
      vertex 7.65141 34.5481 -1.49996
      vertex 7.56615 34.511 -1.49996
    endloop
  endfacet
  facet normal 0 0 -1
    outer loop
      vertex 8.3249 35.0364 -1.49996
      vertex 7.56318 35.6869 -1.49996
      vertex 7.59787 35.7231 -1.49996
    endloop
  endfacet
  facet normal 0 0 -1
    outer loop
      vertex 8.2601 34.9697 -1.49996
      vertex 7.52693 35.6522 -1.49996
      vertex 7.56318 35.6869 -1.49996
    endloop
  endfacet
  facet normal 0 0 -1
    outer loop
      vertex 8.1925 34.9058 -1.49996
      vertex 7.48921 35.6191 -1.49996
      vertex 7.52693 35.6522 -1.49996
    endloop
  endfacet
  facet normal 0 0 -1
    outer loop
      vertex 7.14333 35.4194 -1.49996
      vertex 7.56615 34.511 -1.49996
      vertex 7.47936 34.4775 -1.49996
    endloop
  endfacet
  facet normal 0 0 -1
    outer loop
      vertex 8.1222 34.8449 -1.49996
      vertex 7.45008 35.5877 -1.49996
      vertex 7.48921 35.6191 -1.49996
    endloop
  endfacet
  facet normal 0 0 -1
    outer loop
      vertex 8.0493 34.7871 -1.49996
      vertex 7.40961 35.558 -1.49996
      vertex 7.45008 35.5877 -1.49996
    endloop
  endfacet
  facet normal 0 0 -1
    outer loop
      vertex 7.14333 35.4194 -1.49996
      vertex 7.47936 34.4775 -1.49996
      vertex 7.3912 34.4479 -1.49996
    endloop
  endfacet
  facet normal 0 0 -1
    outer loop
      vertex 7.97404 34.7325 -1.49996
      vertex 7.3679 35.5301 -1.49996
      vertex 7.40961 35.558 -1.49996
    endloop
  endfacet
  facet normal 0 0 -1
    outer loop
      vertex 7.89645 34.6812 -1.49996
      vertex 7.325 35.5041 -1.49996
      vertex 7.3679 35.5301 -1.49996
    endloop
  endfacet
  facet normal 0 0 -1
    outer loop
      vertex 7.09581 35.4033 -1.49996
      vertex 7.3912 34.4479 -1.49996
      vertex 7.30185 34.4221 -1.49996
    endloop
  endfacet
  facet normal 0 0 -1
    outer loop
      vertex 7.81672 34.6333 -1.49996
      vertex 7.28101 35.48 -1.49996
      vertex 7.325 35.5041 -1.49996
    endloop
  endfacet
  facet normal 0 0 -1
    outer loop
      vertex 7.73498 34.5889 -1.49996
      vertex 7.23601 35.4578 -1.49996
      vertex 7.28101 35.48 -1.49996
    endloop
  endfacet
  facet normal 0 0 -1
    outer loop
      vertex 7.04764 35.3892 -1.49996
      vertex 7.30185 34.4221 -1.49996
      vertex 7.21146 34.4001 -1.49996
    endloop
  endfacet
  facet normal 0 0 -1
    outer loop
      vertex 7.65141 34.5481 -1.49996
      vertex 7.19009 35.4376 -1.49996
      vertex 7.23601 35.4578 -1.49996
    endloop
  endfacet
  facet normal 0 0 -1
    outer loop
      vertex 7.56615 34.511 -1.49996
      vertex 7.14333 35.4194 -1.49996
      vertex 7.19009 35.4376 -1.49996
    endloop
  endfacet
  facet normal 0 0 -1
    outer loop
      vertex 6.99891 35.3773 -1.49996
      vertex 7.21146 34.4001 -1.49996
      vertex 7.12021 34.3822 -1.49996
    endloop
  endfacet
  facet normal 0 0 -1
    outer loop
      vertex 7.3912 34.4479 -1.49996
      vertex 7.09581 35.4033 -1.49996
      vertex 7.14333 35.4194 -1.49996
    endloop
  endfacet
  facet normal 0 0 -1
    outer loop
      vertex 7.30185 34.4221 -1.49996
      vertex 7.04764 35.3892 -1.49996
      vertex 7.09581 35.4033 -1.49996
    endloop
  endfacet
  facet normal 0 0 -1
    outer loop
      vertex 6.9497 35.3675 -1.49996
      vertex 7.12021 34.3822 -1.49996
      vertex 7.02827 34.3681 -1.49996
    endloop
  endfacet
  facet normal 0 0 -1
    outer loop
      vertex 7.21146 34.4001 -1.49996
      vertex 6.99891 35.3773 -1.49996
      vertex 7.04764 35.3892 -1.49996
    endloop
  endfacet
  facet normal 0 0 -1
    outer loop
      vertex 7.12021 34.3822 -1.49996
      vertex 6.9497 35.3675 -1.49996
      vertex 6.99891 35.3773 -1.49996
    endloop
  endfacet
  facet normal 0 0 -1
    outer loop
      vertex 6.90011 35.3599 -1.49996
      vertex 7.02827 34.3681 -1.49996
      vertex 6.9358 34.3581 -1.49996
    endloop
  endfacet
  facet normal 0 0 -1
    outer loop
      vertex 7.02827 34.3681 -1.49996
      vertex 6.90011 35.3599 -1.49996
      vertex 6.9497 35.3675 -1.49996
    endloop
  endfacet
  facet normal 0 0 -1
    outer loop
      vertex 6.9358 34.3581 -1.49996
      vertex 6.85023 35.3544 -1.49996
      vertex 6.90011 35.3599 -1.49996
    endloop
  endfacet
  facet normal 0 0 -1
    outer loop
      vertex 6.84299 34.3521 -1.49996
      vertex 6.85023 35.3544 -1.49996
      vertex 6.9358 34.3581 -1.49996
    endloop
  endfacet
  facet normal 0 0 -1
    outer loop
      vertex 6.84299 34.3521 -1.49996
      vertex 6.80016 35.3511 -1.49996
      vertex 6.85023 35.3544 -1.49996
    endloop
  endfacet
  facet normal 0 0 -1
    outer loop
      vertex 6.75 34.35 -1.49996
      vertex 6.80016 35.3511 -1.49996
      vertex 6.84299 34.3521 -1.49996
    endloop
  endfacet
  facet normal 0 0 -1
    outer loop
      vertex 6.75 34.35 -1.49996
      vertex 6.75 35.35 -1.49996
      vertex 6.80016 35.3511 -1.49996
    endloop
  endfacet
  facet normal 0 0 -1
    outer loop
      vertex 6.75 34.35 -1.49996
      vertex 6.69984 35.3511 -1.49996
      vertex 6.75 35.35 -1.49996
    endloop
  endfacet
  facet normal 0 0 -1
    outer loop
      vertex 6.75 34.35 -1.49996
      vertex 6.64977 35.3544 -1.49996
      vertex 6.69984 35.3511 -1.49996
    endloop
  endfacet
  facet normal 0 0 -1
    outer loop
      vertex 6.75 34.35 -1.49996
      vertex 6.5999 35.3599 -1.49996
      vertex 6.64977 35.3544 -1.49996
    endloop
  endfacet
  facet normal 0 0 -1
    outer loop
      vertex 6.75 34.35 -1.49996
      vertex 6.55031 35.3675 -1.49996
      vertex 6.5999 35.3599 -1.49996
    endloop
  endfacet
  facet normal 0 0 -1
    outer loop
      vertex 6.75 34.35 -1.49996
      vertex 6.5011 35.3773 -1.49996
      vertex 6.55031 35.3675 -1.49996
    endloop
  endfacet
  facet normal 0 0 -1
    outer loop
      vertex 6.75 34.35 -1.49996
      vertex 6.45236 35.3892 -1.49996
      vertex 6.5011 35.3773 -1.49996
    endloop
  endfacet
  facet normal 0 0 -1
    outer loop
      vertex 6.75 34.35 -1.49996
      vertex 6.40419 35.4033 -1.49996
      vertex 6.45236 35.3892 -1.49996
    endloop
  endfacet
  facet normal 0 0 -1
    outer loop
      vertex 6.75 34.35 -1.49996
      vertex 6.35668 35.4194 -1.49996
      vertex 6.40419 35.4033 -1.49996
    endloop
  endfacet
  facet normal 0 0 -1
    outer loop
      vertex 6.75 34.35 -1.49996
      vertex 6.30992 35.4376 -1.49996
      vertex 6.35668 35.4194 -1.49996
    endloop
  endfacet
  facet normal 0 0 -1
    outer loop
      vertex 6.75 34.35 -1.49996
      vertex 6.26399 35.4578 -1.49996
      vertex 6.30992 35.4376 -1.49996
    endloop
  endfacet
  facet normal 0 0 -1
    outer loop
      vertex 5.00275 34.35 -1.49996
      vertex 6.26399 35.4578 -1.49996
      vertex 6.75 34.35 -1.49996
    endloop
  endfacet
  facet normal -0 0 -1
    outer loop
      vertex 6.26399 35.4578 -1.49996
      vertex 5.00275 34.35 -1.49996
      vertex 6.21899 35.48 -1.49996
    endloop
  endfacet
  facet normal -0 0 -1
    outer loop
      vertex 6.21899 35.48 -1.49996
      vertex 5.00275 34.35 -1.49996
      vertex 6.175 35.5041 -1.49996
    endloop
  endfacet
  facet normal -0 0 -1
    outer loop
      vertex 6.175 35.5041 -1.49996
      vertex 5.00275 34.35 -1.49996
      vertex 6.13211 35.5301 -1.49996
    endloop
  endfacet
  facet normal -0 0 -1
    outer loop
      vertex 6.13211 35.5301 -1.49996
      vertex 5.00275 34.35 -1.49996
      vertex 6.09039 35.558 -1.49996
    endloop
  endfacet
  facet normal -0 0 -1
    outer loop
      vertex 6.09039 35.558 -1.49996
      vertex 5.00275 34.35 -1.49996
      vertex 6.04993 35.5877 -1.49996
    endloop
  endfacet
  facet normal -0 0 -1
    outer loop
      vertex 6.04993 35.5877 -1.49996
      vertex 5.00275 34.35 -1.49996
      vertex 6.0108 35.6191 -1.49996
    endloop
  endfacet
  facet normal -0 0 -1
    outer loop
      vertex 6.0108 35.6191 -1.49996
      vertex 5.00275 34.35 -1.49996
      vertex 5.97307 35.6522 -1.49996
    endloop
  endfacet
  facet normal -0 0 -1
    outer loop
      vertex 5.97307 35.6522 -1.49996
      vertex 5.00275 34.35 -1.49996
      vertex 5.93683 35.6869 -1.49996
    endloop
  endfacet
  facet normal -0 0 -1
    outer loop
      vertex 5.93683 35.6869 -1.49996
      vertex 5.00275 34.35 -1.49996
      vertex 5.90213 35.7231 -1.49996
    endloop
  endfacet
  facet normal -0 0 -1
    outer loop
      vertex 5.90213 35.7231 -1.49996
      vertex 5.00275 34.35 -1.49996
      vertex 5.86905 35.7608 -1.49996
    endloop
  endfacet
  facet normal -0 0 -1
    outer loop
      vertex 5.86905 35.7608 -1.49996
      vertex 5.00275 34.35 -1.49996
      vertex 5.83765 35.8 -1.49996
    endloop
  endfacet
  facet normal -0 0 -1
    outer loop
      vertex 5.83765 35.8 -1.49996
      vertex 5.00275 34.35 -1.49996
      vertex 5.80798 35.8404 -1.49996
    endloop
  endfacet
  facet normal 0 0 -1
    outer loop
      vertex 6.09039 37.4421 -1.49996
      vertex 5.49679 38.247 -1.49996
      vertex 5.57352 38.2996 -1.49996
    endloop
  endfacet
  facet normal 0 0 -1
    outer loop
      vertex 4.60001 36.493 -1.49996
      vertex 5.6 36.5 -1.49996
      vertex 5.6011 36.4499 -1.49996
    endloop
  endfacet
  facet normal 0 0 -1
    outer loop
      vertex 5.6011 36.5502 -1.49996
      vertex 5.42241 38.1912 -1.49996
      vertex 5.49679 38.247 -1.49996
    endloop
  endfacet
  facet normal 0 0 -1
    outer loop
      vertex 4.60233 36.4 -1.49996
      vertex 5.6011 36.4499 -1.49996
      vertex 5.60438 36.3998 -1.49996
    endloop
  endfacet
  facet normal 0 0 -1
    outer loop
      vertex 5.6011 36.5502 -1.49996
      vertex 5.35051 38.1322 -1.49996
      vertex 5.42241 38.1912 -1.49996
    endloop
  endfacet
  facet normal 0 0 -1
    outer loop
      vertex 4.60233 36.4 -1.49996
      vertex 5.60438 36.3998 -1.49996
      vertex 5.60984 36.3499 -1.49996
    endloop
  endfacet
  facet normal 0 0 -1
    outer loop
      vertex 5.6011 36.5502 -1.49996
      vertex 5.28123 38.0701 -1.49996
      vertex 5.35051 38.1322 -1.49996
    endloop
  endfacet
  facet normal 0 0 -1
    outer loop
      vertex 4.60233 36.4 -1.49996
      vertex 5.60984 36.3499 -1.49996
      vertex 5.61747 36.3003 -1.49996
    endloop
  endfacet
  facet normal 0 0 -1
    outer loop
      vertex 5.6011 36.5502 -1.49996
      vertex 5.2147 38.0051 -1.49996
      vertex 5.28123 38.0701 -1.49996
    endloop
  endfacet
  facet normal 0 0 -1
    outer loop
      vertex 4.60233 36.4 -1.49996
      vertex 5.61747 36.3003 -1.49996
      vertex 5.62726 36.2511 -1.49996
    endloop
  endfacet
  facet normal 0 0 -1
    outer loop
      vertex 5.6011 36.5502 -1.49996
      vertex 5.15104 37.9373 -1.49996
      vertex 5.2147 38.0051 -1.49996
    endloop
  endfacet
  facet normal 0 0 -1
    outer loop
      vertex 4.60233 36.4 -1.49996
      vertex 5.62726 36.2511 -1.49996
      vertex 5.63919 36.2024 -1.49996
    endloop
  endfacet
  facet normal 0 0 -1
    outer loop
      vertex 5.6011 36.5502 -1.49996
      vertex 5.09037 37.8668 -1.49996
      vertex 5.15104 37.9373 -1.49996
    endloop
  endfacet
  facet normal 0 0 -1
    outer loop
      vertex 4.60233 36.4 -1.49996
      vertex 5.63919 36.2024 -1.49996
      vertex 5.65323 36.1542 -1.49996
    endloop
  endfacet
  facet normal 0 0 -1
    outer loop
      vertex 5.6011 36.5502 -1.49996
      vertex 5.03281 37.7938 -1.49996
      vertex 5.09037 37.8668 -1.49996
    endloop
  endfacet
  facet normal 0 0 -1
    outer loop
      vertex 4.60233 36.4 -1.49996
      vertex 5.65323 36.1542 -1.49996
      vertex 5.66936 36.1067 -1.49996
    endloop
  endfacet
  facet normal -0 0 -1
    outer loop
      vertex 5.80798 35.8404 -1.49996
      vertex 5.00275 34.35 -1.49996
      vertex 5.7801 35.8821 -1.49996
    endloop
  endfacet
  facet normal 0 0 -1
    outer loop
      vertex 4.91913 34.3483 -1.49996
      vertex 5.7801 35.8821 -1.49996
      vertex 5.00275 34.35 -1.49996
    endloop
  endfacet
  facet normal -0 0 -1
    outer loop
      vertex 5.7801 35.8821 -1.49996
      vertex 4.91913 34.3483 -1.49996
      vertex 5.75407 35.925 -1.49996
    endloop
  endfacet
  facet normal 0 0 -1
    outer loop
      vertex 4.60233 36.4 -1.49996
      vertex 5.75407 35.925 -1.49996
      vertex 4.91913 34.3483 -1.49996
    endloop
  endfacet
  facet normal 0 0 -1
    outer loop
      vertex 5.75407 35.925 -1.49996
      vertex 4.60233 36.4 -1.49996
      vertex 5.72994 35.969 -1.49996
    endloop
  endfacet
  facet normal 0 0 -1
    outer loop
      vertex 5.72994 35.969 -1.49996
      vertex 4.60233 36.4 -1.49996
      vertex 5.70775 36.014 -1.49996
    endloop
  endfacet
  facet normal 0 0 -1
    outer loop
      vertex 5.70775 36.014 -1.49996
      vertex 4.60233 36.4 -1.49996
      vertex 5.68754 36.06 -1.49996
    endloop
  endfacet
  facet normal -0 0 -1
    outer loop
      vertex 5.6011 36.4499 -1.49996
      vertex 4.60233 36.4 -1.49996
      vertex 4.60001 36.493 -1.49996
    endloop
  endfacet
  facet normal 0 0 -1
    outer loop
      vertex 5.6011 36.5502 -1.49996
      vertex 4.97847 37.7183 -1.49996
      vertex 5.03281 37.7938 -1.49996
    endloop
  endfacet
  facet normal 0 0 -1
    outer loop
      vertex 5.68754 36.06 -1.49996
      vertex 4.60233 36.4 -1.49996
      vertex 5.66936 36.1067 -1.49996
    endloop
  endfacet
  facet normal 0 0 -1
    outer loop
      vertex 5.6011 36.5502 -1.49996
      vertex 4.92744 37.6405 -1.49996
      vertex 4.97847 37.7183 -1.49996
    endloop
  endfacet
  facet normal 0 0 -1
    outer loop
      vertex 5.6011 36.5502 -1.49996
      vertex 4.87981 37.5606 -1.49996
      vertex 4.92744 37.6405 -1.49996
    endloop
  endfacet
  facet normal 0 0 -1
    outer loop
      vertex 4.60233 36.4 -1.49996
      vertex 4.91913 34.3483 -1.49996
      vertex 4.83565 34.343 -1.49996
    endloop
  endfacet
  facet normal 0 0 -1
    outer loop
      vertex 5.6011 36.5502 -1.49996
      vertex 4.83569 37.4788 -1.49996
      vertex 4.87981 37.5606 -1.49996
    endloop
  endfacet
  facet normal 0 0 -1
    outer loop
      vertex 5.6011 36.5502 -1.49996
      vertex 4.79515 37.3951 -1.49996
      vertex 4.83569 37.4788 -1.49996
    endloop
  endfacet
  facet normal 0 0 -1
    outer loop
      vertex 4.60233 36.4 -1.49996
      vertex 4.83565 34.343 -1.49996
      vertex 4.75247 34.3343 -1.49996
    endloop
  endfacet
  facet normal 0 0 -1
    outer loop
      vertex 5.6011 36.5502 -1.49996
      vertex 4.75828 37.3097 -1.49996
      vertex 4.79515 37.3951 -1.49996
    endloop
  endfacet
  facet normal 0 0 -1
    outer loop
      vertex 5.6011 36.5502 -1.49996
      vertex 4.72512 37.2228 -1.49996
      vertex 4.75828 37.3097 -1.49996
    endloop
  endfacet
  facet normal 0 0 -1
    outer loop
      vertex 5.6011 36.5502 -1.49996
      vertex 4.69576 37.1345 -1.49996
      vertex 4.72512 37.2228 -1.49996
    endloop
  endfacet
  facet normal 0 0 -1
    outer loop
      vertex 4.60233 36.4 -1.49996
      vertex 4.75247 34.3343 -1.49996
      vertex 4.66972 34.3221 -1.49996
    endloop
  endfacet
  facet normal 0 0 -1
    outer loop
      vertex 5.6011 36.5502 -1.49996
      vertex 4.67024 37.0451 -1.49996
      vertex 4.69576 37.1345 -1.49996
    endloop
  endfacet
  facet normal 0 0 -1
    outer loop
      vertex 5.6011 36.5502 -1.49996
      vertex 4.64861 36.9546 -1.49996
      vertex 4.67024 37.0451 -1.49996
    endloop
  endfacet
  facet normal 0 0 -1
    outer loop
      vertex 5.6011 36.5502 -1.49996
      vertex 4.63092 36.8633 -1.49996
      vertex 4.64861 36.9546 -1.49996
    endloop
  endfacet
  facet normal 0 0 -1
    outer loop
      vertex 5.6011 36.5502 -1.49996
      vertex 4.61719 36.7713 -1.49996
      vertex 4.63092 36.8633 -1.49996
    endloop
  endfacet
  facet normal 0 0 -1
    outer loop
      vertex 5.6011 36.5502 -1.49996
      vertex 4.60745 36.6788 -1.49996
      vertex 4.61719 36.7713 -1.49996
    endloop
  endfacet
  facet normal 0 0 -1
    outer loop
      vertex 4.58756 34.3065 -1.49996
      vertex 4.60233 36.4 -1.49996
      vertex 4.66972 34.3221 -1.49996
    endloop
  endfacet
  facet normal 0 0 -1
    outer loop
      vertex 4.50612 34.2874 -1.49996
      vertex 4.60233 36.4 -1.49996
      vertex 4.58756 34.3065 -1.49996
    endloop
  endfacet
  facet normal 0 0 -1
    outer loop
      vertex 4.42555 34.2649 -1.49996
      vertex 4.60233 36.4 -1.49996
      vertex 4.50612 34.2874 -1.49996
    endloop
  endfacet
  facet normal 0 0 -1
    outer loop
      vertex 4.34599 34.2391 -1.49996
      vertex 4.60233 36.4 -1.49996
      vertex 4.42555 34.2649 -1.49996
    endloop
  endfacet
  facet normal 0 0 -1
    outer loop
      vertex 4.26758 34.21 -1.49996
      vertex 4.60233 36.4 -1.49996
      vertex 4.34599 34.2391 -1.49996
    endloop
  endfacet
  facet normal 0 0 -1
    outer loop
      vertex 4.19045 34.1777 -1.49996
      vertex 4.60233 36.4 -1.49996
      vertex 4.26758 34.21 -1.49996
    endloop
  endfacet
  facet normal 0 0 -1
    outer loop
      vertex 2.38928 35.7643 -1.49996
      vertex 4.19045 34.1777 -1.49996
      vertex 4.11475 34.1421 -1.49996
    endloop
  endfacet
  facet normal 0 0 -1
    outer loop
      vertex 2.35534 35.6619 -1.49996
      vertex 4.11475 34.1421 -1.49996
      vertex 4.04059 34.1034 -1.49996
    endloop
  endfacet
  facet normal 0 0 -1
    outer loop
      vertex 2.31702 35.5612 -1.49996
      vertex 4.04059 34.1034 -1.49996
      vertex 3.96812 34.0616 -1.49996
    endloop
  endfacet
  facet normal 0 0 -1
    outer loop
      vertex 2.2744 35.4622 -1.49996
      vertex 3.96812 34.0616 -1.49996
      vertex 3.89747 34.0169 -1.49996
    endloop
  endfacet
  facet normal 0 0 -1
    outer loop
      vertex 2.22754 35.3651 -1.49996
      vertex 3.89747 34.0169 -1.49996
      vertex 3.82874 33.9692 -1.49996
    endloop
  endfacet
  facet normal 0 0 -1
    outer loop
      vertex 2.22754 35.3651 -1.49996
      vertex 3.82874 33.9692 -1.49996
      vertex 3.76207 33.9187 -1.49996
    endloop
  endfacet
  facet normal 0 0 -1
    outer loop
      vertex 2.17655 35.2701 -1.49996
      vertex 3.76207 33.9187 -1.49996
      vertex 3.73939 33.9 -1.49996
    endloop
  endfacet
  facet normal 0 0 -1
    outer loop
      vertex 4.19045 34.1777 -1.49996
      vertex 2.38928 35.7643 -1.49996
      vertex 4.60233 36.4 -1.49996
    endloop
  endfacet
  facet normal -0 0 -1
    outer loop
      vertex 4.60233 36.4 -1.49996
      vertex 2.49137 36.2925 -1.49996
      vertex 2.498 36.4 -1.49996
    endloop
  endfacet
  facet normal 0 0 -1
    outer loop
      vertex 4.60233 36.4 -1.49996
      vertex 2.4801 36.1852 -1.49996
      vertex 2.49137 36.2925 -1.49996
    endloop
  endfacet
  facet normal 0 0 -1
    outer loop
      vertex 4.60233 36.4 -1.49996
      vertex 2.46423 36.0786 -1.49996
      vertex 2.4801 36.1852 -1.49996
    endloop
  endfacet
  facet normal 0 0 -1
    outer loop
      vertex 4.60233 36.4 -1.49996
      vertex 2.44377 35.9728 -1.49996
      vertex 2.46423 36.0786 -1.49996
    endloop
  endfacet
  facet normal 0 0 -1
    outer loop
      vertex 4.60233 36.4 -1.49996
      vertex 2.41877 35.8679 -1.49996
      vertex 2.44377 35.9728 -1.49996
    endloop
  endfacet
  facet normal 0 0 -1
    outer loop
      vertex 4.60233 36.4 -1.49996
      vertex 2.38928 35.7643 -1.49996
      vertex 2.41877 35.8679 -1.49996
    endloop
  endfacet
  facet normal 0 0 -1
    outer loop
      vertex 4.11475 34.1421 -1.49996
      vertex 2.35534 35.6619 -1.49996
      vertex 2.38928 35.7643 -1.49996
    endloop
  endfacet
  facet normal 0 0 -1
    outer loop
      vertex 4.04059 34.1034 -1.49996
      vertex 2.31702 35.5612 -1.49996
      vertex 2.35534 35.6619 -1.49996
    endloop
  endfacet
  facet normal 0 0 -1
    outer loop
      vertex 3.96812 34.0616 -1.49996
      vertex 2.2744 35.4622 -1.49996
      vertex 2.31702 35.5612 -1.49996
    endloop
  endfacet
  facet normal 0 0 -1
    outer loop
      vertex 3.89747 34.0169 -1.49996
      vertex 2.22754 35.3651 -1.49996
      vertex 2.2744 35.4622 -1.49996
    endloop
  endfacet
  facet normal 0 0 -1
    outer loop
      vertex 3.76207 33.9187 -1.49996
      vertex 2.17655 35.2701 -1.49996
      vertex 2.22754 35.3651 -1.49996
    endloop
  endfacet
  facet normal 0 0 -1
    outer loop
      vertex 3.73939 33.9 -1.49996
      vertex 2.12151 35.1775 -1.49996
      vertex 2.17655 35.2701 -1.49996
    endloop
  endfacet
  facet normal 0 0 -1
    outer loop
      vertex 3.73939 33.9 -1.49996
      vertex 2.06252 35.0872 -1.49996
      vertex 2.12151 35.1775 -1.49996
    endloop
  endfacet
  facet normal 0 0 -1
    outer loop
      vertex 3.73939 33.9 -1.49996
      vertex 1.9997 34.9996 -1.49996
      vertex 2.06252 35.0872 -1.49996
    endloop
  endfacet
  facet normal 0 0 -1
    outer loop
      vertex 3.73939 33.9 -1.49996
      vertex 1.93317 34.9148 -1.49996
      vertex 1.9997 34.9996 -1.49996
    endloop
  endfacet
  facet normal 0 0 -1
    outer loop
      vertex 3.73939 33.9 -1.49996
      vertex 1.86303 34.833 -1.49996
      vertex 1.93317 34.9148 -1.49996
    endloop
  endfacet
  facet normal 0 0 -1
    outer loop
      vertex 3.73939 33.9 -1.49996
      vertex 1.78944 34.7542 -1.49996
      vertex 1.86303 34.833 -1.49996
    endloop
  endfacet
  facet normal 0 0 -1
    outer loop
      vertex 3.73939 33.9 -1.49996
      vertex 1.71252 34.6787 -1.49996
      vertex 1.78944 34.7542 -1.49996
    endloop
  endfacet
  facet normal 0 0 -1
    outer loop
      vertex 3.73939 33.9 -1.49996
      vertex 1.63241 34.6066 -1.49996
      vertex 1.71252 34.6787 -1.49996
    endloop
  endfacet
  facet normal 0 0 -1
    outer loop
      vertex 3.73939 33.9 -1.49996
      vertex 1.54927 34.538 -1.49996
      vertex 1.63241 34.6066 -1.49996
    endloop
  endfacet
  facet normal 0 0 -1
    outer loop
      vertex 3.73939 33.9 -1.49996
      vertex 1.46325 34.473 -1.49996
      vertex 1.54927 34.538 -1.49996
    endloop
  endfacet
  facet normal 0 0 -1
    outer loop
      vertex 3.73939 33.9 -1.49996
      vertex 1.37451 34.4118 -1.49996
      vertex 1.46325 34.473 -1.49996
    endloop
  endfacet
  facet normal 0 0 -1
    outer loop
      vertex 3.73939 33.9 -1.49996
      vertex 1.28322 34.3545 -1.49996
      vertex 1.37451 34.4118 -1.49996
    endloop
  endfacet
  facet normal 0 0 -1
    outer loop
      vertex 3.73939 33.9 -1.49996
      vertex 1.18953 34.3012 -1.49996
      vertex 1.28322 34.3545 -1.49996
    endloop
  endfacet
  facet normal 0 0 -1
    outer loop
      vertex 3.73939 33.9 -1.49996
      vertex 1.09364 34.2519 -1.49996
      vertex 1.18953 34.3012 -1.49996
    endloop
  endfacet
  facet normal 0 0 -1
    outer loop
      vertex 3.73939 33.9 -1.49996
      vertex 0.99572 34.2069 -1.49996
      vertex 1.09364 34.2519 -1.49996
    endloop
  endfacet
  facet normal 0 0 -1
    outer loop
      vertex 3.73939 33.9 -1.49996
      vertex 0.89594 34.1661 -1.49996
      vertex 0.99572 34.2069 -1.49996
    endloop
  endfacet
  facet normal 0 0 -1
    outer loop
      vertex 3.73939 33.9 -1.49996
      vertex 0.79449 34.1296 -1.49996
      vertex 0.89594 34.1661 -1.49996
    endloop
  endfacet
  facet normal 0 0 -1
    outer loop
      vertex 3.73939 33.9 -1.49996
      vertex 0.69158 34.0976 -1.49996
      vertex 0.79449 34.1296 -1.49996
    endloop
  endfacet
  facet normal 0 0 -1
    outer loop
      vertex 3.73939 33.9 -1.49996
      vertex 0.58737 34.07 -1.49996
      vertex 0.69158 34.0976 -1.49996
    endloop
  endfacet
  facet normal 0 0 -1
    outer loop
      vertex 3.73939 33.9 -1.49996
      vertex 0.48207 34.047 -1.49996
      vertex 0.58737 34.07 -1.49996
    endloop
  endfacet
  facet normal 0 0 -1
    outer loop
      vertex 3.73939 33.9 -1.49996
      vertex 0.375879 34.0285 -1.49996
      vertex 0.48207 34.047 -1.49996
    endloop
  endfacet
  facet normal 0 0 -1
    outer loop
      vertex 3.73939 33.9 -1.49996
      vertex 0.26899 34.0146 -1.49996
      vertex 0.375879 34.0285 -1.49996
    endloop
  endfacet
  facet normal 0 0 -1
    outer loop
      vertex 3.73939 33.9 -1.49996
      vertex 0.16159 34.0053 -1.49996
      vertex 0.26899 34.0146 -1.49996
    endloop
  endfacet
  facet normal 0 0 -1
    outer loop
      vertex 3.73939 33.9 -1.49996
      vertex 0.0538998 34.0006 -1.49996
      vertex 0.16159 34.0053 -1.49996
    endloop
  endfacet
  facet normal 0 0 -1
    outer loop
      vertex 3.73939 33.9 -1.49996
      vertex -0.0538902 34.0006 -1.49996
      vertex 0.0538998 34.0006 -1.49996
    endloop
  endfacet
  facet normal 0 0 -1
    outer loop
      vertex -3.6727 33.9 -1.49996
      vertex -0.0538902 34.0006 -1.49996
      vertex 3.73939 33.9 -1.49996
    endloop
  endfacet
  facet normal 0 0 -1
    outer loop
      vertex -3.6727 33.9 -1.49996
      vertex -0.161591 34.0053 -1.49996
      vertex -0.0538902 34.0006 -1.49996
    endloop
  endfacet
  facet normal 0 0 -1
    outer loop
      vertex -3.6727 33.9 -1.49996
      vertex -0.26898 34.0146 -1.49996
      vertex -0.161591 34.0053 -1.49996
    endloop
  endfacet
  facet normal 0 0 -1
    outer loop
      vertex -3.6727 33.9 -1.49996
      vertex -0.375871 34.0285 -1.49996
      vertex -0.26898 34.0146 -1.49996
    endloop
  endfacet
  facet normal 0 0 -1
    outer loop
      vertex -3.6727 33.9 -1.49996
      vertex -0.482071 34.047 -1.49996
      vertex -0.375871 34.0285 -1.49996
    endloop
  endfacet
  facet normal 0 0 -1
    outer loop
      vertex -3.6727 33.9 -1.49996
      vertex -0.587371 34.07 -1.49996
      vertex -0.482071 34.047 -1.49996
    endloop
  endfacet
  facet normal 0 0 -1
    outer loop
      vertex -3.6727 33.9 -1.49996
      vertex -0.69157 34.0976 -1.49996
      vertex -0.587371 34.07 -1.49996
    endloop
  endfacet
  facet normal 0 0 -1
    outer loop
      vertex -3.6727 33.9 -1.49996
      vertex -0.794491 34.1296 -1.49996
      vertex -0.69157 34.0976 -1.49996
    endloop
  endfacet
  facet normal 0 0 -1
    outer loop
      vertex -3.6727 33.9 -1.49996
      vertex -0.89593 34.1661 -1.49996
      vertex -0.794491 34.1296 -1.49996
    endloop
  endfacet
  facet normal 0 0 -1
    outer loop
      vertex -3.6727 33.9 -1.49996
      vertex -0.99571 34.2069 -1.49996
      vertex -0.89593 34.1661 -1.49996
    endloop
  endfacet
  facet normal 0 0 -1
    outer loop
      vertex -3.6727 33.9 -1.49996
      vertex -1.09364 34.2519 -1.49996
      vertex -0.99571 34.2069 -1.49996
    endloop
  endfacet
  facet normal 0 0 -1
    outer loop
      vertex -3.6727 33.9 -1.49996
      vertex -1.18953 34.3012 -1.49996
      vertex -1.09364 34.2519 -1.49996
    endloop
  endfacet
  facet normal 0 0 -1
    outer loop
      vertex -3.6727 33.9 -1.49996
      vertex -1.28322 34.3545 -1.49996
      vertex -1.18953 34.3012 -1.49996
    endloop
  endfacet
  facet normal 0 0 -1
    outer loop
      vertex -3.6727 33.9 -1.49996
      vertex -1.37451 34.4118 -1.49996
      vertex -1.28322 34.3545 -1.49996
    endloop
  endfacet
  facet normal 0 0 -1
    outer loop
      vertex -3.6727 33.9 -1.49996
      vertex -1.46325 34.473 -1.49996
      vertex -1.37451 34.4118 -1.49996
    endloop
  endfacet
  facet normal 0 0 -1
    outer loop
      vertex -3.6727 33.9 -1.49996
      vertex -1.54927 34.538 -1.49996
      vertex -1.46325 34.473 -1.49996
    endloop
  endfacet
  facet normal 0 0 -1
    outer loop
      vertex -3.6727 33.9 -1.49996
      vertex -1.63241 34.6066 -1.49996
      vertex -1.54927 34.538 -1.49996
    endloop
  endfacet
  facet normal 0 0 -1
    outer loop
      vertex -3.6727 33.9 -1.49996
      vertex -1.71252 34.6787 -1.49996
      vertex -1.63241 34.6066 -1.49996
    endloop
  endfacet
  facet normal 0 0 -1
    outer loop
      vertex -3.6727 33.9 -1.49996
      vertex -1.78944 34.7542 -1.49996
      vertex -1.71252 34.6787 -1.49996
    endloop
  endfacet
  facet normal 0 0 -1
    outer loop
      vertex -3.6727 33.9 -1.49996
      vertex -1.86303 34.833 -1.49996
      vertex -1.78944 34.7542 -1.49996
    endloop
  endfacet
  facet normal 0 0 -1
    outer loop
      vertex -3.6727 33.9 -1.49996
      vertex -1.93316 34.9148 -1.49996
      vertex -1.86303 34.833 -1.49996
    endloop
  endfacet
  facet normal 0 0 -1
    outer loop
      vertex -3.6727 33.9 -1.49996
      vertex -1.9997 34.9996 -1.49996
      vertex -1.93316 34.9148 -1.49996
    endloop
  endfacet
  facet normal 0 0 -1
    outer loop
      vertex -3.6727 33.9 -1.49996
      vertex -2.06252 35.0872 -1.49996
      vertex -1.9997 34.9996 -1.49996
    endloop
  endfacet
  facet normal 0 0 -1
    outer loop
      vertex -3.67683 33.9056 -1.49996
      vertex -2.06252 35.0872 -1.49996
      vertex -3.6727 33.9 -1.49996
    endloop
  endfacet
  facet normal 0 0 -1
    outer loop
      vertex -3.78326 34.0635 -1.49996
      vertex -2.06252 35.0872 -1.49996
      vertex -3.67683 33.9056 -1.49996
    endloop
  endfacet
  facet normal -0 0 -1
    outer loop
      vertex -2.06252 35.0872 -1.49996
      vertex -3.78326 34.0635 -1.49996
      vertex -2.1215 35.1775 -1.49996
    endloop
  endfacet
  facet normal 0 0 -1
    outer loop
      vertex -3.88292 34.2256 -1.49996
      vertex -2.1215 35.1775 -1.49996
      vertex -3.78326 34.0635 -1.49996
    endloop
  endfacet
  facet normal -0 0 -1
    outer loop
      vertex -2.1215 35.1775 -1.49996
      vertex -3.88292 34.2256 -1.49996
      vertex -2.17654 35.2701 -1.49996
    endloop
  endfacet
  facet normal 0 0 -1
    outer loop
      vertex -3.97564 34.3919 -1.49996
      vertex -2.17654 35.2701 -1.49996
      vertex -3.88292 34.2256 -1.49996
    endloop
  endfacet
  facet normal -0 0 -1
    outer loop
      vertex -2.17654 35.2701 -1.49996
      vertex -3.97564 34.3919 -1.49996
      vertex -2.22753 35.3651 -1.49996
    endloop
  endfacet
  facet normal 0 0 -1
    outer loop
      vertex -4.06124 34.5619 -1.49996
      vertex -2.22753 35.3651 -1.49996
      vertex -3.97564 34.3919 -1.49996
    endloop
  endfacet
  facet normal -0 0 -1
    outer loop
      vertex -2.22753 35.3651 -1.49996
      vertex -4.06124 34.5619 -1.49996
      vertex -2.27439 35.4622 -1.49996
    endloop
  endfacet
  facet normal 0 0 -1
    outer loop
      vertex -4.13957 34.7354 -1.49996
      vertex -2.27439 35.4622 -1.49996
      vertex -4.06124 34.5619 -1.49996
    endloop
  endfacet
  facet normal -0 0 -1
    outer loop
      vertex -2.27439 35.4622 -1.49996
      vertex -4.13957 34.7354 -1.49996
      vertex -2.31701 35.5612 -1.49996
    endloop
  endfacet
  facet normal 0 0 -1
    outer loop
      vertex -4.21049 34.912 -1.49996
      vertex -2.31701 35.5612 -1.49996
      vertex -4.13957 34.7354 -1.49996
    endloop
  endfacet
  facet normal -0 0 -1
    outer loop
      vertex -2.31701 35.5612 -1.49996
      vertex -4.21049 34.912 -1.49996
      vertex -2.35533 35.6619 -1.49996
    endloop
  endfacet
  facet normal 0 0 -1
    outer loop
      vertex -4.27388 35.0915 -1.49996
      vertex -2.35533 35.6619 -1.49996
      vertex -4.21049 34.912 -1.49996
    endloop
  endfacet
  facet normal -0 0 -1
    outer loop
      vertex -2.35533 35.6619 -1.49996
      vertex -4.27388 35.0915 -1.49996
      vertex -2.38927 35.7643 -1.49996
    endloop
  endfacet
  facet normal 0 0 -1
    outer loop
      vertex -4.32963 35.2735 -1.49996
      vertex -2.38927 35.7643 -1.49996
      vertex -4.27388 35.0915 -1.49996
    endloop
  endfacet
  facet normal -0 0 -1
    outer loop
      vertex -2.38927 35.7643 -1.49996
      vertex -4.32963 35.2735 -1.49996
      vertex -2.41877 35.8679 -1.49996
    endloop
  endfacet
  facet normal 0 0 -1
    outer loop
      vertex -4.37763 35.4577 -1.49996
      vertex -2.41877 35.8679 -1.49996
      vertex -4.32963 35.2735 -1.49996
    endloop
  endfacet
  facet normal -0 0 -1
    outer loop
      vertex -2.41877 35.8679 -1.49996
      vertex -4.37763 35.4577 -1.49996
      vertex -2.44377 35.9728 -1.49996
    endloop
  endfacet
  facet normal 0 0 -1
    outer loop
      vertex -4.41779 35.6438 -1.49996
      vertex -2.44377 35.9728 -1.49996
      vertex -4.37763 35.4577 -1.49996
    endloop
  endfacet
  facet normal -0 0 -1
    outer loop
      vertex -2.44377 35.9728 -1.49996
      vertex -4.41779 35.6438 -1.49996
      vertex -2.46422 36.0786 -1.49996
    endloop
  endfacet
  facet normal 0 0 -1
    outer loop
      vertex -4.45005 35.8314 -1.49996
      vertex -2.46422 36.0786 -1.49996
      vertex -4.41779 35.6438 -1.49996
    endloop
  endfacet
  facet normal -0 0 -1
    outer loop
      vertex -2.46422 36.0786 -1.49996
      vertex -4.45005 35.8314 -1.49996
      vertex -2.4801 36.1852 -1.49996
    endloop
  endfacet
  facet normal 0 0 -1
    outer loop
      vertex -4.47434 36.0202 -1.49996
      vertex -2.4801 36.1852 -1.49996
      vertex -4.45005 35.8314 -1.49996
    endloop
  endfacet
  facet normal -0 0 -1
    outer loop
      vertex -2.4801 36.1852 -1.49996
      vertex -4.47434 36.0202 -1.49996
      vertex -2.49136 36.2925 -1.49996
    endloop
  endfacet
  facet normal 0 0 -1
    outer loop
      vertex -4.49063 36.2099 -1.49996
      vertex -2.49136 36.2925 -1.49996
      vertex -4.47434 36.0202 -1.49996
    endloop
  endfacet
  facet normal -0 0 -1
    outer loop
      vertex -2.49136 36.2925 -1.49996
      vertex -4.49063 36.2099 -1.49996
      vertex -2.49799 36.4 -1.49996
    endloop
  endfacet
  facet normal -0 0 -1
    outer loop
      vertex -2.49799 36.4 -1.49996
      vertex -4.49063 36.2099 -1.49996
      vertex -4.49889 36.4 -1.49996
    endloop
  endfacet
  facet normal 0 0 -1
    outer loop
      vertex 7.74593 37.075 -1.49996
      vertex 8.6308 37.5418 -1.49996
      vertex 7.77006 37.0311 -1.49996
    endloop
  endfacet
  facet normal -0 0 -1
    outer loop
      vertex 8.6308 37.5418 -1.49996
      vertex 7.74593 37.075 -1.49996
      vertex 8.5839 37.6221 -1.49996
    endloop
  endfacet
  facet normal 0 0 -1
    outer loop
      vertex 7.7199 37.1179 -1.49996
      vertex 8.5839 37.6221 -1.49996
      vertex 7.74593 37.075 -1.49996
    endloop
  endfacet
  facet normal -0 0 -1
    outer loop
      vertex 8.5839 37.6221 -1.49996
      vertex 7.7199 37.1179 -1.49996
      vertex 8.5337 37.7004 -1.49996
    endloop
  endfacet
  facet normal 0 0 -1
    outer loop
      vertex 7.69203 37.1597 -1.49996
      vertex 8.5337 37.7004 -1.49996
      vertex 7.7199 37.1179 -1.49996
    endloop
  endfacet
  facet normal -0 0 -1
    outer loop
      vertex 8.5337 37.7004 -1.49996
      vertex 7.69203 37.1597 -1.49996
      vertex 8.4801 37.7764 -1.49996
    endloop
  endfacet
  facet normal 0 0 -1
    outer loop
      vertex 7.66236 37.2001 -1.49996
      vertex 8.4801 37.7764 -1.49996
      vertex 7.69203 37.1597 -1.49996
    endloop
  endfacet
  facet normal -0 0 -1
    outer loop
      vertex 8.4801 37.7764 -1.49996
      vertex 7.66236 37.2001 -1.49996
      vertex 8.4233 37.8501 -1.49996
    endloop
  endfacet
  facet normal 0 0 -1
    outer loop
      vertex 7.63095 37.2392 -1.49996
      vertex 8.4233 37.8501 -1.49996
      vertex 7.66236 37.2001 -1.49996
    endloop
  endfacet
  facet normal -0 0 -1
    outer loop
      vertex 8.4233 37.8501 -1.49996
      vertex 7.63095 37.2392 -1.49996
      vertex 8.3633 37.9212 -1.49996
    endloop
  endfacet
  facet normal 0 0 -1
    outer loop
      vertex 7.59787 37.277 -1.49996
      vertex 8.3633 37.9212 -1.49996
      vertex 7.63095 37.2392 -1.49996
    endloop
  endfacet
  facet normal -0 0 -1
    outer loop
      vertex 8.3633 37.9212 -1.49996
      vertex 7.59787 37.277 -1.49996
      vertex 8.3004 37.9896 -1.49996
    endloop
  endfacet
  facet normal 0 0 -1
    outer loop
      vertex 7.56318 37.3132 -1.49996
      vertex 8.3004 37.9896 -1.49996
      vertex 7.59787 37.277 -1.49996
    endloop
  endfacet
  facet normal -0 0 -1
    outer loop
      vertex 8.3004 37.9896 -1.49996
      vertex 7.56318 37.3132 -1.49996
      vertex 8.2345 38.0553 -1.49996
    endloop
  endfacet
  facet normal 0 0 -1
    outer loop
      vertex 7.52693 37.3479 -1.49996
      vertex 8.2345 38.0553 -1.49996
      vertex 7.56318 37.3132 -1.49996
    endloop
  endfacet
  facet normal -0 0 -1
    outer loop
      vertex 8.2345 38.0553 -1.49996
      vertex 7.52693 37.3479 -1.49996
      vertex 8.1658 38.118 -1.49996
    endloop
  endfacet
  facet normal 0 0 -1
    outer loop
      vertex 7.48921 37.381 -1.49996
      vertex 8.1658 38.118 -1.49996
      vertex 7.52693 37.3479 -1.49996
    endloop
  endfacet
  facet normal -0 0 -1
    outer loop
      vertex 8.1658 38.118 -1.49996
      vertex 7.48921 37.381 -1.49996
      vertex 8.0945 38.1777 -1.49996
    endloop
  endfacet
  facet normal 0 0 -1
    outer loop
      vertex 7.45008 37.4124 -1.49996
      vertex 8.0945 38.1777 -1.49996
      vertex 7.48921 37.381 -1.49996
    endloop
  endfacet
  facet normal -0 0 -1
    outer loop
      vertex 8.0945 38.1777 -1.49996
      vertex 7.45008 37.4124 -1.49996
      vertex 8.0207 38.2343 -1.49996
    endloop
  endfacet
  facet normal 0 0 -1
    outer loop
      vertex 7.40961 37.4421 -1.49996
      vertex 8.0207 38.2343 -1.49996
      vertex 7.45008 37.4124 -1.49996
    endloop
  endfacet
  facet normal -0 0 -1
    outer loop
      vertex 8.0207 38.2343 -1.49996
      vertex 7.40961 37.4421 -1.49996
      vertex 7.94454 38.2877 -1.49996
    endloop
  endfacet
  facet normal 0 0 -1
    outer loop
      vertex 7.3679 37.4699 -1.49996
      vertex 7.94454 38.2877 -1.49996
      vertex 7.40961 37.4421 -1.49996
    endloop
  endfacet
  facet normal -0 0 -1
    outer loop
      vertex 7.94454 38.2877 -1.49996
      vertex 7.3679 37.4699 -1.49996
      vertex 7.86611 38.3377 -1.49996
    endloop
  endfacet
  facet normal 0 0 -1
    outer loop
      vertex 7.325 37.496 -1.49996
      vertex 7.86611 38.3377 -1.49996
      vertex 7.3679 37.4699 -1.49996
    endloop
  endfacet
  facet normal -0 0 -1
    outer loop
      vertex 7.86611 38.3377 -1.49996
      vertex 7.325 37.496 -1.49996
      vertex 7.78559 38.3842 -1.49996
    endloop
  endfacet
  facet normal 0 0 -1
    outer loop
      vertex 7.28101 37.5201 -1.49996
      vertex 7.78559 38.3842 -1.49996
      vertex 7.325 37.496 -1.49996
    endloop
  endfacet
  facet normal -0 0 -1
    outer loop
      vertex 7.78559 38.3842 -1.49996
      vertex 7.28101 37.5201 -1.49996
      vertex 7.70313 38.4272 -1.49996
    endloop
  endfacet
  facet normal 0 0 -1
    outer loop
      vertex 7.23601 37.5423 -1.49996
      vertex 7.70313 38.4272 -1.49996
      vertex 7.28101 37.5201 -1.49996
    endloop
  endfacet
  facet normal -0 0 -1
    outer loop
      vertex 7.70313 38.4272 -1.49996
      vertex 7.23601 37.5423 -1.49996
      vertex 7.61889 38.4666 -1.49996
    endloop
  endfacet
  facet normal 0 0 -1
    outer loop
      vertex 7.19009 37.5625 -1.49996
      vertex 7.61889 38.4666 -1.49996
      vertex 7.23601 37.5423 -1.49996
    endloop
  endfacet
  facet normal -0 0 -1
    outer loop
      vertex 7.61889 38.4666 -1.49996
      vertex 7.19009 37.5625 -1.49996
      vertex 7.53302 38.5024 -1.49996
    endloop
  endfacet
  facet normal 0 0 -1
    outer loop
      vertex 7.14333 37.5807 -1.49996
      vertex 7.53302 38.5024 -1.49996
      vertex 7.19009 37.5625 -1.49996
    endloop
  endfacet
  facet normal -0 0 -1
    outer loop
      vertex 7.53302 38.5024 -1.49996
      vertex 7.14333 37.5807 -1.49996
      vertex 7.44569 38.5344 -1.49996
    endloop
  endfacet
  facet normal 0 0 -1
    outer loop
      vertex 7.09581 37.5968 -1.49996
      vertex 7.44569 38.5344 -1.49996
      vertex 7.14333 37.5807 -1.49996
    endloop
  endfacet
  facet normal -0 0 -1
    outer loop
      vertex 7.44569 38.5344 -1.49996
      vertex 7.09581 37.5968 -1.49996
      vertex 7.35705 38.5626 -1.49996
    endloop
  endfacet
  facet normal 0 0 -1
    outer loop
      vertex 7.04764 37.6108 -1.49996
      vertex 7.35705 38.5626 -1.49996
      vertex 7.09581 37.5968 -1.49996
    endloop
  endfacet
  facet normal -0 0 -1
    outer loop
      vertex 7.35705 38.5626 -1.49996
      vertex 7.04764 37.6108 -1.49996
      vertex 7.26728 38.5869 -1.49996
    endloop
  endfacet
  facet normal 0 0 -1
    outer loop
      vertex 6.99891 37.6228 -1.49996
      vertex 7.26728 38.5869 -1.49996
      vertex 7.04764 37.6108 -1.49996
    endloop
  endfacet
  facet normal -0 0 -1
    outer loop
      vertex 7.26728 38.5869 -1.49996
      vertex 6.99891 37.6228 -1.49996
      vertex 7.17654 38.6073 -1.49996
    endloop
  endfacet
  facet normal 0 0 -1
    outer loop
      vertex 6.9497 37.6326 -1.49996
      vertex 7.17654 38.6073 -1.49996
      vertex 6.99891 37.6228 -1.49996
    endloop
  endfacet
  facet normal -0 0 -1
    outer loop
      vertex 7.17654 38.6073 -1.49996
      vertex 6.9497 37.6326 -1.49996
      vertex 7.08501 38.6238 -1.49996
    endloop
  endfacet
  facet normal 0 0 -1
    outer loop
      vertex 6.90011 37.6402 -1.49996
      vertex 7.08501 38.6238 -1.49996
      vertex 6.9497 37.6326 -1.49996
    endloop
  endfacet
  facet normal -0 0 -1
    outer loop
      vertex 7.08501 38.6238 -1.49996
      vertex 6.90011 37.6402 -1.49996
      vertex 6.99284 38.6363 -1.49996
    endloop
  endfacet
  facet normal 0 0 -1
    outer loop
      vertex 6.85023 37.6457 -1.49996
      vertex 6.99284 38.6363 -1.49996
      vertex 6.90011 37.6402 -1.49996
    endloop
  endfacet
  facet normal -0 0 -1
    outer loop
      vertex 6.99284 38.6363 -1.49996
      vertex 6.85023 37.6457 -1.49996
      vertex 6.90022 38.6448 -1.49996
    endloop
  endfacet
  facet normal 0 0 -1
    outer loop
      vertex 6.80016 37.6489 -1.49996
      vertex 6.90022 38.6448 -1.49996
      vertex 6.85023 37.6457 -1.49996
    endloop
  endfacet
  facet normal -0 0 -1
    outer loop
      vertex 6.90022 38.6448 -1.49996
      vertex 6.80016 37.6489 -1.49996
      vertex 6.80732 38.6493 -1.49996
    endloop
  endfacet
  facet normal 0 0 -1
    outer loop
      vertex 6.75 37.65 -1.49996
      vertex 6.80732 38.6493 -1.49996
      vertex 6.80016 37.6489 -1.49996
    endloop
  endfacet
  facet normal 0 0 -1
    outer loop
      vertex 6.75 37.65 -1.49996
      vertex 6.71432 38.6497 -1.49996
      vertex 6.80732 38.6493 -1.49996
    endloop
  endfacet
  facet normal 0 0 -1
    outer loop
      vertex 6.69984 37.6489 -1.49996
      vertex 6.71432 38.6497 -1.49996
      vertex 6.75 37.65 -1.49996
    endloop
  endfacet
  facet normal 0 0 -1
    outer loop
      vertex 6.62138 38.6462 -1.49996
      vertex 6.69984 37.6489 -1.49996
      vertex 6.64977 37.6457 -1.49996
    endloop
  endfacet
  facet normal 0 0 -1
    outer loop
      vertex 6.69984 37.6489 -1.49996
      vertex 6.62138 38.6462 -1.49996
      vertex 6.71432 38.6497 -1.49996
    endloop
  endfacet
  facet normal 0 0 -1
    outer loop
      vertex 6.52868 38.6386 -1.49996
      vertex 6.64977 37.6457 -1.49996
      vertex 6.5999 37.6402 -1.49996
    endloop
  endfacet
  facet normal 0 0 -1
    outer loop
      vertex 6.43639 38.627 -1.49996
      vertex 6.5999 37.6402 -1.49996
      vertex 6.55031 37.6326 -1.49996
    endloop
  endfacet
  facet normal 0 0 -1
    outer loop
      vertex 6.64977 37.6457 -1.49996
      vertex 6.52868 38.6386 -1.49996
      vertex 6.62138 38.6462 -1.49996
    endloop
  endfacet
  facet normal 0 0 -1
    outer loop
      vertex 6.3447 38.6115 -1.49996
      vertex 6.55031 37.6326 -1.49996
      vertex 6.5011 37.6228 -1.49996
    endloop
  endfacet
  facet normal 0 0 -1
    outer loop
      vertex 6.25376 38.592 -1.49996
      vertex 6.5011 37.6228 -1.49996
      vertex 6.45236 37.6108 -1.49996
    endloop
  endfacet
  facet normal 0 0 -1
    outer loop
      vertex 6.5999 37.6402 -1.49996
      vertex 6.43639 38.627 -1.49996
      vertex 6.52868 38.6386 -1.49996
    endloop
  endfacet
  facet normal 0 0 -1
    outer loop
      vertex 6.16374 38.5686 -1.49996
      vertex 6.45236 37.6108 -1.49996
      vertex 6.40419 37.5968 -1.49996
    endloop
  endfacet
  facet normal 0 0 -1
    outer loop
      vertex 6.07483 38.5413 -1.49996
      vertex 6.40419 37.5968 -1.49996
      vertex 6.35668 37.5807 -1.49996
    endloop
  endfacet
  facet normal 0 0 -1
    outer loop
      vertex 6.55031 37.6326 -1.49996
      vertex 6.3447 38.6115 -1.49996
      vertex 6.43639 38.627 -1.49996
    endloop
  endfacet
  facet normal 0 0 -1
    outer loop
      vertex 5.98718 38.5102 -1.49996
      vertex 6.35668 37.5807 -1.49996
      vertex 6.30992 37.5625 -1.49996
    endloop
  endfacet
  facet normal 0 0 -1
    outer loop
      vertex 5.90096 38.4753 -1.49996
      vertex 6.30992 37.5625 -1.49996
      vertex 6.26399 37.5423 -1.49996
    endloop
  endfacet
  facet normal 0 0 -1
    outer loop
      vertex 6.5011 37.6228 -1.49996
      vertex 6.25376 38.592 -1.49996
      vertex 6.3447 38.6115 -1.49996
    endloop
  endfacet
  facet normal 0 0 -1
    outer loop
      vertex 5.81632 38.4367 -1.49996
      vertex 6.26399 37.5423 -1.49996
      vertex 6.21899 37.5201 -1.49996
    endloop
  endfacet
  facet normal 0 0 -1
    outer loop
      vertex 5.73344 38.3945 -1.49996
      vertex 6.21899 37.5201 -1.49996
      vertex 6.175 37.496 -1.49996
    endloop
  endfacet
  facet normal 0 0 -1
    outer loop
      vertex 6.45236 37.6108 -1.49996
      vertex 6.16374 38.5686 -1.49996
      vertex 6.25376 38.592 -1.49996
    endloop
  endfacet
  facet normal 0 0 -1
    outer loop
      vertex 5.65245 38.3488 -1.49996
      vertex 6.175 37.496 -1.49996
      vertex 6.13211 37.4699 -1.49996
    endloop
  endfacet
  facet normal 0 0 -1
    outer loop
      vertex 5.57352 38.2996 -1.49996
      vertex 6.13211 37.4699 -1.49996
      vertex 6.09039 37.4421 -1.49996
    endloop
  endfacet
  facet normal 0 0 -1
    outer loop
      vertex 6.40419 37.5968 -1.49996
      vertex 6.07483 38.5413 -1.49996
      vertex 6.16374 38.5686 -1.49996
    endloop
  endfacet
  facet normal 0 0 -1
    outer loop
      vertex 5.49679 38.247 -1.49996
      vertex 6.09039 37.4421 -1.49996
      vertex 6.04993 37.4124 -1.49996
    endloop
  endfacet
  facet normal 0 0 -1
    outer loop
      vertex 5.49679 38.247 -1.49996
      vertex 6.04993 37.4124 -1.49996
      vertex 6.0108 37.381 -1.49996
    endloop
  endfacet
  facet normal 0 0 -1
    outer loop
      vertex 6.35668 37.5807 -1.49996
      vertex 5.98718 38.5102 -1.49996
      vertex 6.07483 38.5413 -1.49996
    endloop
  endfacet
  facet normal 0 0 -1
    outer loop
      vertex 5.49679 38.247 -1.49996
      vertex 6.0108 37.381 -1.49996
      vertex 5.97307 37.3479 -1.49996
    endloop
  endfacet
  facet normal 0 0 -1
    outer loop
      vertex 5.49679 38.247 -1.49996
      vertex 5.97307 37.3479 -1.49996
      vertex 5.93683 37.3132 -1.49996
    endloop
  endfacet
  facet normal 0 0 -1
    outer loop
      vertex 5.49679 38.247 -1.49996
      vertex 5.93683 37.3132 -1.49996
      vertex 5.90213 37.277 -1.49996
    endloop
  endfacet
  facet normal 0 0 -1
    outer loop
      vertex 6.30992 37.5625 -1.49996
      vertex 5.90096 38.4753 -1.49996
      vertex 5.98718 38.5102 -1.49996
    endloop
  endfacet
  facet normal 0 0 -1
    outer loop
      vertex 5.49679 38.247 -1.49996
      vertex 5.90213 37.277 -1.49996
      vertex 5.86905 37.2392 -1.49996
    endloop
  endfacet
  facet normal 0 0 -1
    outer loop
      vertex 5.49679 38.247 -1.49996
      vertex 5.86905 37.2392 -1.49996
      vertex 5.83765 37.2001 -1.49996
    endloop
  endfacet
  facet normal 0 0 -1
    outer loop
      vertex 6.26399 37.5423 -1.49996
      vertex 5.81632 38.4367 -1.49996
      vertex 5.90096 38.4753 -1.49996
    endloop
  endfacet
  facet normal 0 0 -1
    outer loop
      vertex 5.49679 38.247 -1.49996
      vertex 5.83765 37.2001 -1.49996
      vertex 5.80798 37.1597 -1.49996
    endloop
  endfacet
  facet normal 0 0 -1
    outer loop
      vertex 5.49679 38.247 -1.49996
      vertex 5.80798 37.1597 -1.49996
      vertex 5.7801 37.1179 -1.49996
    endloop
  endfacet
  facet normal 0 0 -1
    outer loop
      vertex 5.49679 38.247 -1.49996
      vertex 5.7801 37.1179 -1.49996
      vertex 5.75407 37.075 -1.49996
    endloop
  endfacet
  facet normal 0 0 -1
    outer loop
      vertex 6.21899 37.5201 -1.49996
      vertex 5.73344 38.3945 -1.49996
      vertex 5.81632 38.4367 -1.49996
    endloop
  endfacet
  facet normal 0 0 -1
    outer loop
      vertex 5.49679 38.247 -1.49996
      vertex 5.75407 37.075 -1.49996
      vertex 5.72994 37.0311 -1.49996
    endloop
  endfacet
  facet normal 0 0 -1
    outer loop
      vertex 5.49679 38.247 -1.49996
      vertex 5.72994 37.0311 -1.49996
      vertex 5.70775 36.9861 -1.49996
    endloop
  endfacet
  facet normal 0 0 -1
    outer loop
      vertex 5.49679 38.247 -1.49996
      vertex 5.70775 36.9861 -1.49996
      vertex 5.68754 36.9401 -1.49996
    endloop
  endfacet
  facet normal 0 0 -1
    outer loop
      vertex 5.49679 38.247 -1.49996
      vertex 5.68754 36.9401 -1.49996
      vertex 5.66936 36.8934 -1.49996
    endloop
  endfacet
  facet normal 0 0 -1
    outer loop
      vertex 5.49679 38.247 -1.49996
      vertex 5.66936 36.8934 -1.49996
      vertex 5.65323 36.8459 -1.49996
    endloop
  endfacet
  facet normal 0 0 -1
    outer loop
      vertex 6.175 37.496 -1.49996
      vertex 5.65245 38.3488 -1.49996
      vertex 5.73344 38.3945 -1.49996
    endloop
  endfacet
  facet normal 0 0 -1
    outer loop
      vertex 5.49679 38.247 -1.49996
      vertex 5.65323 36.8459 -1.49996
      vertex 5.63919 36.7977 -1.49996
    endloop
  endfacet
  facet normal 0 0 -1
    outer loop
      vertex 5.49679 38.247 -1.49996
      vertex 5.63919 36.7977 -1.49996
      vertex 5.62726 36.7489 -1.49996
    endloop
  endfacet
  facet normal 0 0 -1
    outer loop
      vertex 5.49679 38.247 -1.49996
      vertex 5.62726 36.7489 -1.49996
      vertex 5.61747 36.6997 -1.49996
    endloop
  endfacet
  facet normal 0 0 -1
    outer loop
      vertex 5.49679 38.247 -1.49996
      vertex 5.61747 36.6997 -1.49996
      vertex 5.60984 36.6501 -1.49996
    endloop
  endfacet
  facet normal 0 0 -1
    outer loop
      vertex 5.49679 38.247 -1.49996
      vertex 5.60984 36.6501 -1.49996
      vertex 5.60438 36.6003 -1.49996
    endloop
  endfacet
  facet normal 0 0 -1
    outer loop
      vertex 5.49679 38.247 -1.49996
      vertex 5.60438 36.6003 -1.49996
      vertex 5.6011 36.5502 -1.49996
    endloop
  endfacet
  facet normal 0 0 -1
    outer loop
      vertex 6.13211 37.4699 -1.49996
      vertex 5.57352 38.2996 -1.49996
      vertex 5.65245 38.3488 -1.49996
    endloop
  endfacet
  facet normal 0 0 -1
    outer loop
      vertex 4.60172 36.586 -1.49996
      vertex 5.6011 36.5502 -1.49996
      vertex 5.6 36.5 -1.49996
    endloop
  endfacet
  facet normal 0 0 -1
    outer loop
      vertex 5.6011 36.5502 -1.49996
      vertex 4.60172 36.586 -1.49996
      vertex 4.60745 36.6788 -1.49996
    endloop
  endfacet
  facet normal -0 0 -1
    outer loop
      vertex 5.6 36.5 -1.49996
      vertex 4.60001 36.493 -1.49996
      vertex 4.60172 36.586 -1.49996
    endloop
  endfacet
  facet normal 0 0 1
    outer loop
      vertex 4.60001 36.493 5.50004
      vertex 5.6 36.5 5.50004
      vertex 4.60172 36.586 5.50004
    endloop
  endfacet
  facet normal 0 0 1
    outer loop
      vertex 5.6 36.5 5.50004
      vertex 4.60001 36.493 5.50004
      vertex 4.60233 36.4 5.50004
    endloop
  endfacet
  facet normal 0 0 1
    outer loop
      vertex 8.899 36.5644 5.50004
      vertex 7.89891 36.5502 5.50004
      vertex 7.9 36.5 5.50004
    endloop
  endfacet
  facet normal 0 0 1
    outer loop
      vertex 8.0207 38.2343 5.50004
      vertex 7.89563 36.6003 5.50004
      vertex 7.89891 36.5502 5.50004
    endloop
  endfacet
  facet normal 0 0 1
    outer loop
      vertex 8.0207 38.2343 5.50004
      vertex 7.89016 36.6501 5.50004
      vertex 7.89563 36.6003 5.50004
    endloop
  endfacet
  facet normal 0 0 1
    outer loop
      vertex 8.0207 38.2343 5.50004
      vertex 7.88253 36.6997 5.50004
      vertex 7.89016 36.6501 5.50004
    endloop
  endfacet
  facet normal 0 0 1
    outer loop
      vertex 8.0207 38.2343 5.50004
      vertex 7.87274 36.7489 5.50004
      vertex 7.88253 36.6997 5.50004
    endloop
  endfacet
  facet normal 0 0 1
    outer loop
      vertex 7.3679 37.4699 5.50004
      vertex 7.94454 38.2877 5.50004
      vertex 7.86611 38.3377 5.50004
    endloop
  endfacet
  facet normal 0 0 1
    outer loop
      vertex 8.0207 38.2343 5.50004
      vertex 7.86082 36.7977 5.50004
      vertex 7.87274 36.7489 5.50004
    endloop
  endfacet
  facet normal 0 0 1
    outer loop
      vertex 8.0207 38.2343 5.50004
      vertex 7.84678 36.8459 5.50004
      vertex 7.86082 36.7977 5.50004
    endloop
  endfacet
  facet normal 0 0 1
    outer loop
      vertex 8.0207 38.2343 5.50004
      vertex 7.83065 36.8934 5.50004
      vertex 7.84678 36.8459 5.50004
    endloop
  endfacet
  facet normal 0 0 1
    outer loop
      vertex 8.0207 38.2343 5.50004
      vertex 7.81246 36.9401 5.50004
      vertex 7.83065 36.8934 5.50004
    endloop
  endfacet
  facet normal 0 0 1
    outer loop
      vertex 8.0207 38.2343 5.50004
      vertex 7.79226 36.9861 5.50004
      vertex 7.81246 36.9401 5.50004
    endloop
  endfacet
  facet normal 0 0 1
    outer loop
      vertex 7.325 37.496 5.50004
      vertex 7.86611 38.3377 5.50004
      vertex 7.78559 38.3842 5.50004
    endloop
  endfacet
  facet normal 0 0 1
    outer loop
      vertex 8.0207 38.2343 5.50004
      vertex 7.77006 37.0311 5.50004
      vertex 7.79226 36.9861 5.50004
    endloop
  endfacet
  facet normal 0 0 1
    outer loop
      vertex 8.0207 38.2343 5.50004
      vertex 7.74593 37.075 5.50004
      vertex 7.77006 37.0311 5.50004
    endloop
  endfacet
  facet normal 0 0 1
    outer loop
      vertex 8.0207 38.2343 5.50004
      vertex 7.7199 37.1179 5.50004
      vertex 7.74593 37.075 5.50004
    endloop
  endfacet
  facet normal 0 0 1
    outer loop
      vertex 7.28101 37.5201 5.50004
      vertex 7.78559 38.3842 5.50004
      vertex 7.70313 38.4272 5.50004
    endloop
  endfacet
  facet normal 0 0 1
    outer loop
      vertex 8.0207 38.2343 5.50004
      vertex 7.69203 37.1597 5.50004
      vertex 7.7199 37.1179 5.50004
    endloop
  endfacet
  facet normal 0 0 1
    outer loop
      vertex 8.0207 38.2343 5.50004
      vertex 7.66236 37.2001 5.50004
      vertex 7.69203 37.1597 5.50004
    endloop
  endfacet
  facet normal 0 0 1
    outer loop
      vertex 8.0207 38.2343 5.50004
      vertex 7.63095 37.2392 5.50004
      vertex 7.66236 37.2001 5.50004
    endloop
  endfacet
  facet normal 0 0 1
    outer loop
      vertex 7.23601 37.5423 5.50004
      vertex 7.70313 38.4272 5.50004
      vertex 7.61889 38.4666 5.50004
    endloop
  endfacet
  facet normal 0 0 1
    outer loop
      vertex 8.0207 38.2343 5.50004
      vertex 7.59787 37.277 5.50004
      vertex 7.63095 37.2392 5.50004
    endloop
  endfacet
  facet normal 0 0 1
    outer loop
      vertex 8.0207 38.2343 5.50004
      vertex 7.56318 37.3132 5.50004
      vertex 7.59787 37.277 5.50004
    endloop
  endfacet
  facet normal 0 0 1
    outer loop
      vertex 7.19009 37.5625 5.50004
      vertex 7.61889 38.4666 5.50004
      vertex 7.53302 38.5024 5.50004
    endloop
  endfacet
  facet normal 0 0 1
    outer loop
      vertex 8.0207 38.2343 5.50004
      vertex 7.52693 37.3479 5.50004
      vertex 7.56318 37.3132 5.50004
    endloop
  endfacet
  facet normal 0 0 1
    outer loop
      vertex 8.0207 38.2343 5.50004
      vertex 7.48921 37.381 5.50004
      vertex 7.52693 37.3479 5.50004
    endloop
  endfacet
  facet normal 0 0 1
    outer loop
      vertex 8.0207 38.2343 5.50004
      vertex 7.45008 37.4124 5.50004
      vertex 7.48921 37.381 5.50004
    endloop
  endfacet
  facet normal 0 0 1
    outer loop
      vertex 7.14333 37.5807 5.50004
      vertex 7.53302 38.5024 5.50004
      vertex 7.44569 38.5344 5.50004
    endloop
  endfacet
  facet normal 0 0 1
    outer loop
      vertex 8.0207 38.2343 5.50004
      vertex 7.40961 37.4421 5.50004
      vertex 7.45008 37.4124 5.50004
    endloop
  endfacet
  facet normal 0 0 1
    outer loop
      vertex 7.94454 38.2877 5.50004
      vertex 7.3679 37.4699 5.50004
      vertex 7.40961 37.4421 5.50004
    endloop
  endfacet
  facet normal 0 0 1
    outer loop
      vertex 7.09581 37.5968 5.50004
      vertex 7.44569 38.5344 5.50004
      vertex 7.35705 38.5626 5.50004
    endloop
  endfacet
  facet normal 0 0 1
    outer loop
      vertex 7.86611 38.3377 5.50004
      vertex 7.325 37.496 5.50004
      vertex 7.3679 37.4699 5.50004
    endloop
  endfacet
  facet normal 0 0 1
    outer loop
      vertex 7.78559 38.3842 5.50004
      vertex 7.28101 37.5201 5.50004
      vertex 7.325 37.496 5.50004
    endloop
  endfacet
  facet normal 0 0 1
    outer loop
      vertex 7.04764 37.6108 5.50004
      vertex 7.35705 38.5626 5.50004
      vertex 7.26728 38.5869 5.50004
    endloop
  endfacet
  facet normal 0 0 1
    outer loop
      vertex 7.70313 38.4272 5.50004
      vertex 7.23601 37.5423 5.50004
      vertex 7.28101 37.5201 5.50004
    endloop
  endfacet
  facet normal 0 0 1
    outer loop
      vertex 7.61889 38.4666 5.50004
      vertex 7.19009 37.5625 5.50004
      vertex 7.23601 37.5423 5.50004
    endloop
  endfacet
  facet normal 0 0 1
    outer loop
      vertex 6.99891 37.6228 5.50004
      vertex 7.26728 38.5869 5.50004
      vertex 7.17654 38.6073 5.50004
    endloop
  endfacet
  facet normal 0 0 1
    outer loop
      vertex 7.53302 38.5024 5.50004
      vertex 7.14333 37.5807 5.50004
      vertex 7.19009 37.5625 5.50004
    endloop
  endfacet
  facet normal 0 0 1
    outer loop
      vertex 7.44569 38.5344 5.50004
      vertex 7.09581 37.5968 5.50004
      vertex 7.14333 37.5807 5.50004
    endloop
  endfacet
  facet normal 0 0 1
    outer loop
      vertex 6.9497 37.6326 5.50004
      vertex 7.17654 38.6073 5.50004
      vertex 7.08501 38.6238 5.50004
    endloop
  endfacet
  facet normal 0 0 1
    outer loop
      vertex 7.35705 38.5626 5.50004
      vertex 7.04764 37.6108 5.50004
      vertex 7.09581 37.5968 5.50004
    endloop
  endfacet
  facet normal 0 0 1
    outer loop
      vertex 7.26728 38.5869 5.50004
      vertex 6.99891 37.6228 5.50004
      vertex 7.04764 37.6108 5.50004
    endloop
  endfacet
  facet normal 0 0 1
    outer loop
      vertex 6.90011 37.6402 5.50004
      vertex 7.08501 38.6238 5.50004
      vertex 6.99284 38.6363 5.50004
    endloop
  endfacet
  facet normal 0 0 1
    outer loop
      vertex 7.17654 38.6073 5.50004
      vertex 6.9497 37.6326 5.50004
      vertex 6.99891 37.6228 5.50004
    endloop
  endfacet
  facet normal 0 0 1
    outer loop
      vertex 6.85023 37.6457 5.50004
      vertex 6.99284 38.6363 5.50004
      vertex 6.90022 38.6448 5.50004
    endloop
  endfacet
  facet normal 0 0 1
    outer loop
      vertex 7.08501 38.6238 5.50004
      vertex 6.90011 37.6402 5.50004
      vertex 6.9497 37.6326 5.50004
    endloop
  endfacet
  facet normal 0 0 1
    outer loop
      vertex 6.99284 38.6363 5.50004
      vertex 6.85023 37.6457 5.50004
      vertex 6.90011 37.6402 5.50004
    endloop
  endfacet
  facet normal 0 0 1
    outer loop
      vertex 6.80016 37.6489 5.50004
      vertex 6.90022 38.6448 5.50004
      vertex 6.80732 38.6493 5.50004
    endloop
  endfacet
  facet normal 0 0 1
    outer loop
      vertex 6.90022 38.6448 5.50004
      vertex 6.80016 37.6489 5.50004
      vertex 6.85023 37.6457 5.50004
    endloop
  endfacet
  facet normal 0 0 1
    outer loop
      vertex 6.80732 38.6493 5.50004
      vertex 6.75 37.65 5.50004
      vertex 6.80016 37.6489 5.50004
    endloop
  endfacet
  facet normal 0 0 1
    outer loop
      vertex 6.71432 38.6497 5.50004
      vertex 6.75 37.65 5.50004
      vertex 6.80732 38.6493 5.50004
    endloop
  endfacet
  facet normal 0 0 1
    outer loop
      vertex 6.71432 38.6497 5.50004
      vertex 6.69984 37.6489 5.50004
      vertex 6.75 37.65 5.50004
    endloop
  endfacet
  facet normal -0 0 1
    outer loop
      vertex 6.62138 38.6462 5.50004
      vertex 6.69984 37.6489 5.50004
      vertex 6.71432 38.6497 5.50004
    endloop
  endfacet
  facet normal 0 0 1
    outer loop
      vertex 6.69984 37.6489 5.50004
      vertex 6.62138 38.6462 5.50004
      vertex 6.64977 37.6457 5.50004
    endloop
  endfacet
  facet normal -0 0 1
    outer loop
      vertex 6.52868 38.6386 5.50004
      vertex 6.64977 37.6457 5.50004
      vertex 6.62138 38.6462 5.50004
    endloop
  endfacet
  facet normal 0 0 1
    outer loop
      vertex 6.64977 37.6457 5.50004
      vertex 6.52868 38.6386 5.50004
      vertex 6.5999 37.6402 5.50004
    endloop
  endfacet
  facet normal -0 0 1
    outer loop
      vertex 6.43639 38.627 5.50004
      vertex 6.5999 37.6402 5.50004
      vertex 6.52868 38.6386 5.50004
    endloop
  endfacet
  facet normal 0 0 1
    outer loop
      vertex 6.5999 37.6402 5.50004
      vertex 6.43639 38.627 5.50004
      vertex 6.55031 37.6326 5.50004
    endloop
  endfacet
  facet normal -0 0 1
    outer loop
      vertex 6.3447 38.6115 5.50004
      vertex 6.55031 37.6326 5.50004
      vertex 6.43639 38.627 5.50004
    endloop
  endfacet
  facet normal 0 0 1
    outer loop
      vertex 6.55031 37.6326 5.50004
      vertex 6.3447 38.6115 5.50004
      vertex 6.5011 37.6228 5.50004
    endloop
  endfacet
  facet normal -0 0 1
    outer loop
      vertex 6.25376 38.592 5.50004
      vertex 6.5011 37.6228 5.50004
      vertex 6.3447 38.6115 5.50004
    endloop
  endfacet
  facet normal 0 0 1
    outer loop
      vertex 6.5011 37.6228 5.50004
      vertex 6.25376 38.592 5.50004
      vertex 6.45236 37.6108 5.50004
    endloop
  endfacet
  facet normal -0 0 1
    outer loop
      vertex 6.16374 38.5686 5.50004
      vertex 6.45236 37.6108 5.50004
      vertex 6.25376 38.592 5.50004
    endloop
  endfacet
  facet normal 0 0 1
    outer loop
      vertex 6.45236 37.6108 5.50004
      vertex 6.16374 38.5686 5.50004
      vertex 6.40419 37.5968 5.50004
    endloop
  endfacet
  facet normal -0 0 1
    outer loop
      vertex 6.07483 38.5413 5.50004
      vertex 6.40419 37.5968 5.50004
      vertex 6.16374 38.5686 5.50004
    endloop
  endfacet
  facet normal 0 0 1
    outer loop
      vertex 6.40419 37.5968 5.50004
      vertex 6.07483 38.5413 5.50004
      vertex 6.35668 37.5807 5.50004
    endloop
  endfacet
  facet normal -0 0 1
    outer loop
      vertex 5.98718 38.5102 5.50004
      vertex 6.35668 37.5807 5.50004
      vertex 6.07483 38.5413 5.50004
    endloop
  endfacet
  facet normal 0 0 1
    outer loop
      vertex 6.35668 37.5807 5.50004
      vertex 5.98718 38.5102 5.50004
      vertex 6.30992 37.5625 5.50004
    endloop
  endfacet
  facet normal -0 0 1
    outer loop
      vertex 5.90096 38.4753 5.50004
      vertex 6.30992 37.5625 5.50004
      vertex 5.98718 38.5102 5.50004
    endloop
  endfacet
  facet normal 0 0 1
    outer loop
      vertex 6.30992 37.5625 5.50004
      vertex 5.90096 38.4753 5.50004
      vertex 6.26399 37.5423 5.50004
    endloop
  endfacet
  facet normal -0 0 1
    outer loop
      vertex 5.81632 38.4367 5.50004
      vertex 6.26399 37.5423 5.50004
      vertex 5.90096 38.4753 5.50004
    endloop
  endfacet
  facet normal 0 0 1
    outer loop
      vertex 6.26399 37.5423 5.50004
      vertex 5.81632 38.4367 5.50004
      vertex 6.21899 37.5201 5.50004
    endloop
  endfacet
  facet normal -0 0 1
    outer loop
      vertex 5.73344 38.3945 5.50004
      vertex 6.21899 37.5201 5.50004
      vertex 5.81632 38.4367 5.50004
    endloop
  endfacet
  facet normal 0 0 1
    outer loop
      vertex 6.21899 37.5201 5.50004
      vertex 5.73344 38.3945 5.50004
      vertex 6.175 37.496 5.50004
    endloop
  endfacet
  facet normal -0 0 1
    outer loop
      vertex 5.65245 38.3488 5.50004
      vertex 6.175 37.496 5.50004
      vertex 5.73344 38.3945 5.50004
    endloop
  endfacet
  facet normal 0 0 1
    outer loop
      vertex 6.175 37.496 5.50004
      vertex 5.65245 38.3488 5.50004
      vertex 6.13211 37.4699 5.50004
    endloop
  endfacet
  facet normal -0 0 1
    outer loop
      vertex 5.57352 38.2996 5.50004
      vertex 6.13211 37.4699 5.50004
      vertex 5.65245 38.3488 5.50004
    endloop
  endfacet
  facet normal 0 0 1
    outer loop
      vertex 6.13211 37.4699 5.50004
      vertex 5.57352 38.2996 5.50004
      vertex 6.09039 37.4421 5.50004
    endloop
  endfacet
  facet normal -0 0 1
    outer loop
      vertex 5.49679 38.247 5.50004
      vertex 6.09039 37.4421 5.50004
      vertex 5.57352 38.2996 5.50004
    endloop
  endfacet
  facet normal 0 0 1
    outer loop
      vertex 6.09039 37.4421 5.50004
      vertex 5.49679 38.247 5.50004
      vertex 6.04993 37.4124 5.50004
    endloop
  endfacet
  facet normal -0 0 1
    outer loop
      vertex 5.42241 38.1912 5.50004
      vertex 6.04993 37.4124 5.50004
      vertex 5.49679 38.247 5.50004
    endloop
  endfacet
  facet normal 0 0 1
    outer loop
      vertex 6.04993 37.4124 5.50004
      vertex 5.42241 38.1912 5.50004
      vertex 6.0108 37.381 5.50004
    endloop
  endfacet
  facet normal -0 0 1
    outer loop
      vertex 5.35051 38.1322 5.50004
      vertex 6.0108 37.381 5.50004
      vertex 5.42241 38.1912 5.50004
    endloop
  endfacet
  facet normal 0 0 1
    outer loop
      vertex 6.0108 37.381 5.50004
      vertex 5.35051 38.1322 5.50004
      vertex 5.97307 37.3479 5.50004
    endloop
  endfacet
  facet normal -0 0 1
    outer loop
      vertex 5.28123 38.0701 5.50004
      vertex 5.97307 37.3479 5.50004
      vertex 5.35051 38.1322 5.50004
    endloop
  endfacet
  facet normal 0 0 1
    outer loop
      vertex 5.97307 37.3479 5.50004
      vertex 5.28123 38.0701 5.50004
      vertex 5.93683 37.3132 5.50004
    endloop
  endfacet
  facet normal -0 0 1
    outer loop
      vertex 5.2147 38.0051 5.50004
      vertex 5.93683 37.3132 5.50004
      vertex 5.28123 38.0701 5.50004
    endloop
  endfacet
  facet normal 0 0 1
    outer loop
      vertex 5.93683 37.3132 5.50004
      vertex 5.2147 38.0051 5.50004
      vertex 5.90213 37.277 5.50004
    endloop
  endfacet
  facet normal -0 0 1
    outer loop
      vertex 5.15104 37.9373 5.50004
      vertex 5.90213 37.277 5.50004
      vertex 5.2147 38.0051 5.50004
    endloop
  endfacet
  facet normal 0 0 1
    outer loop
      vertex 5.90213 37.277 5.50004
      vertex 5.15104 37.9373 5.50004
      vertex 5.86905 37.2392 5.50004
    endloop
  endfacet
  facet normal -0 0 1
    outer loop
      vertex 5.09037 37.8668 5.50004
      vertex 5.86905 37.2392 5.50004
      vertex 5.15104 37.9373 5.50004
    endloop
  endfacet
  facet normal 0 0 1
    outer loop
      vertex 5.86905 37.2392 5.50004
      vertex 5.09037 37.8668 5.50004
      vertex 5.83765 37.2001 5.50004
    endloop
  endfacet
  facet normal -0 0 1
    outer loop
      vertex 5.03281 37.7938 5.50004
      vertex 5.83765 37.2001 5.50004
      vertex 5.09037 37.8668 5.50004
    endloop
  endfacet
  facet normal 0 0 1
    outer loop
      vertex 5.83765 37.2001 5.50004
      vertex 5.03281 37.7938 5.50004
      vertex 5.80798 37.1597 5.50004
    endloop
  endfacet
  facet normal -0 0 1
    outer loop
      vertex 4.97847 37.7183 5.50004
      vertex 5.80798 37.1597 5.50004
      vertex 5.03281 37.7938 5.50004
    endloop
  endfacet
  facet normal 0 0 1
    outer loop
      vertex 5.80798 37.1597 5.50004
      vertex 4.97847 37.7183 5.50004
      vertex 5.7801 37.1179 5.50004
    endloop
  endfacet
  facet normal -0 0 1
    outer loop
      vertex 4.92744 37.6405 5.50004
      vertex 5.7801 37.1179 5.50004
      vertex 4.97847 37.7183 5.50004
    endloop
  endfacet
  facet normal 0 0 1
    outer loop
      vertex 5.7801 37.1179 5.50004
      vertex 4.92744 37.6405 5.50004
      vertex 5.75407 37.075 5.50004
    endloop
  endfacet
  facet normal 0 0 1
    outer loop
      vertex 5.75407 37.075 5.50004
      vertex 4.87981 37.5606 5.50004
      vertex 5.72994 37.0311 5.50004
    endloop
  endfacet
  facet normal -0 0 1
    outer loop
      vertex 4.87981 37.5606 5.50004
      vertex 5.75407 37.075 5.50004
      vertex 4.92744 37.6405 5.50004
    endloop
  endfacet
  facet normal -0 0 1
    outer loop
      vertex 7.9 36.5 5.50004
      vertex 8.8998 36.4714 5.50004
      vertex 8.899 36.5644 5.50004
    endloop
  endfacet
  facet normal 0 0 1
    outer loop
      vertex 7.89891 36.5502 5.50004
      vertex 8.899 36.5644 5.50004
      vertex 8.8942 36.6573 5.50004
    endloop
  endfacet
  facet normal 0 0 1
    outer loop
      vertex 7.89891 36.4499 5.50004
      vertex 8.8998 36.4714 5.50004
      vertex 7.9 36.5 5.50004
    endloop
  endfacet
  facet normal 0 0 1
    outer loop
      vertex 7.89891 36.5502 5.50004
      vertex 8.8942 36.6573 5.50004
      vertex 8.8854 36.7499 5.50004
    endloop
  endfacet
  facet normal 0 0 1
    outer loop
      vertex 8.8998 36.4714 5.50004
      vertex 7.89891 36.4499 5.50004
      vertex 8.8965 36.3784 5.50004
    endloop
  endfacet
  facet normal 0 0 1
    outer loop
      vertex 7.89891 36.5502 5.50004
      vertex 8.8854 36.7499 5.50004
      vertex 8.8726 36.842 5.50004
    endloop
  endfacet
  facet normal -0 0 1
    outer loop
      vertex 7.89563 36.3998 5.50004
      vertex 8.8965 36.3784 5.50004
      vertex 7.89891 36.4499 5.50004
    endloop
  endfacet
  facet normal 0 0 1
    outer loop
      vertex 7.89891 36.5502 5.50004
      vertex 8.8726 36.842 5.50004
      vertex 8.8558 36.9335 5.50004
    endloop
  endfacet
  facet normal 0 0 1
    outer loop
      vertex 8.8965 36.3784 5.50004
      vertex 7.89563 36.3998 5.50004
      vertex 8.8893 36.2857 5.50004
    endloop
  endfacet
  facet normal 0 0 1
    outer loop
      vertex 7.89891 36.5502 5.50004
      vertex 8.8558 36.9335 5.50004
      vertex 8.8351 37.0241 5.50004
    endloop
  endfacet
  facet normal -0 0 1
    outer loop
      vertex 7.89016 36.3499 5.50004
      vertex 8.8893 36.2857 5.50004
      vertex 7.89563 36.3998 5.50004
    endloop
  endfacet
  facet normal 0 0 1
    outer loop
      vertex 7.89891 36.5502 5.50004
      vertex 8.8351 37.0241 5.50004
      vertex 8.8105 37.1138 5.50004
    endloop
  endfacet
  facet normal 0 0 1
    outer loop
      vertex 8.8893 36.2857 5.50004
      vertex 7.89016 36.3499 5.50004
      vertex 8.878 36.1934 5.50004
    endloop
  endfacet
  facet normal 0 0 1
    outer loop
      vertex 7.89891 36.5502 5.50004
      vertex 8.8105 37.1138 5.50004
      vertex 8.782 37.2024 5.50004
    endloop
  endfacet
  facet normal -0 0 1
    outer loop
      vertex 7.88253 36.3003 5.50004
      vertex 8.878 36.1934 5.50004
      vertex 7.89016 36.3499 5.50004
    endloop
  endfacet
  facet normal 0 0 1
    outer loop
      vertex 7.89891 36.5502 5.50004
      vertex 8.782 37.2024 5.50004
      vertex 8.7498 37.2896 5.50004
    endloop
  endfacet
  facet normal 0 0 1
    outer loop
      vertex 8.878 36.1934 5.50004
      vertex 7.88253 36.3003 5.50004
      vertex 8.8627 36.1016 5.50004
    endloop
  endfacet
  facet normal 0 0 1
    outer loop
      vertex 7.89891 36.5502 5.50004
      vertex 8.7498 37.2896 5.50004
      vertex 8.7137 37.3753 5.50004
    endloop
  endfacet
  facet normal -0 0 1
    outer loop
      vertex 7.87274 36.2511 5.50004
      vertex 8.8627 36.1016 5.50004
      vertex 7.88253 36.3003 5.50004
    endloop
  endfacet
  facet normal 0 0 1
    outer loop
      vertex 7.89891 36.5502 5.50004
      vertex 8.7137 37.3753 5.50004
      vertex 8.674 37.4595 5.50004
    endloop
  endfacet
  facet normal 0 0 1
    outer loop
      vertex 8.8627 36.1016 5.50004
      vertex 7.87274 36.2511 5.50004
      vertex 8.8435 36.0106 5.50004
    endloop
  endfacet
  facet normal 0 0 1
    outer loop
      vertex 7.89891 36.5502 5.50004
      vertex 8.674 37.4595 5.50004
      vertex 8.6308 37.5418 5.50004
    endloop
  endfacet
  facet normal -0 0 1
    outer loop
      vertex 7.86082 36.2024 5.50004
      vertex 8.8435 36.0106 5.50004
      vertex 7.87274 36.2511 5.50004
    endloop
  endfacet
  facet normal 0 0 1
    outer loop
      vertex 7.89891 36.5502 5.50004
      vertex 8.6308 37.5418 5.50004
      vertex 8.5839 37.6221 5.50004
    endloop
  endfacet
  facet normal 0 0 1
    outer loop
      vertex 8.8435 36.0106 5.50004
      vertex 7.86082 36.2024 5.50004
      vertex 8.8204 35.9205 5.50004
    endloop
  endfacet
  facet normal 0 0 1
    outer loop
      vertex 7.89891 36.5502 5.50004
      vertex 8.5839 37.6221 5.50004
      vertex 8.5337 37.7004 5.50004
    endloop
  endfacet
  facet normal -0 0 1
    outer loop
      vertex 7.84678 36.1542 5.50004
      vertex 8.8204 35.9205 5.50004
      vertex 7.86082 36.2024 5.50004
    endloop
  endfacet
  facet normal 0 0 1
    outer loop
      vertex 7.89891 36.5502 5.50004
      vertex 8.5337 37.7004 5.50004
      vertex 8.4801 37.7764 5.50004
    endloop
  endfacet
  facet normal 0 0 1
    outer loop
      vertex 8.8204 35.9205 5.50004
      vertex 7.84678 36.1542 5.50004
      vertex 8.7934 35.8315 5.50004
    endloop
  endfacet
  facet normal 0 0 1
    outer loop
      vertex 7.89891 36.5502 5.50004
      vertex 8.4801 37.7764 5.50004
      vertex 8.4233 37.8501 5.50004
    endloop
  endfacet
  facet normal -0 0 1
    outer loop
      vertex 7.83065 36.1067 5.50004
      vertex 8.7934 35.8315 5.50004
      vertex 7.84678 36.1542 5.50004
    endloop
  endfacet
  facet normal 0 0 1
    outer loop
      vertex 7.89891 36.5502 5.50004
      vertex 8.4233 37.8501 5.50004
      vertex 8.3633 37.9212 5.50004
    endloop
  endfacet
  facet normal 0 0 1
    outer loop
      vertex 8.7934 35.8315 5.50004
      vertex 7.83065 36.1067 5.50004
      vertex 8.7626 35.7438 5.50004
    endloop
  endfacet
  facet normal 0 0 1
    outer loop
      vertex 7.89891 36.5502 5.50004
      vertex 8.3633 37.9212 5.50004
      vertex 8.3004 37.9896 5.50004
    endloop
  endfacet
  facet normal -0 0 1
    outer loop
      vertex 7.81246 36.06 5.50004
      vertex 8.7626 35.7438 5.50004
      vertex 7.83065 36.1067 5.50004
    endloop
  endfacet
  facet normal 0 0 1
    outer loop
      vertex 7.89891 36.5502 5.50004
      vertex 8.3004 37.9896 5.50004
      vertex 8.2345 38.0553 5.50004
    endloop
  endfacet
  facet normal 0 0 1
    outer loop
      vertex 8.7626 35.7438 5.50004
      vertex 7.81246 36.06 5.50004
      vertex 8.728 35.6574 5.50004
    endloop
  endfacet
  facet normal 0 0 1
    outer loop
      vertex 7.89891 36.5502 5.50004
      vertex 8.2345 38.0553 5.50004
      vertex 8.1658 38.118 5.50004
    endloop
  endfacet
  facet normal -0 0 1
    outer loop
      vertex 7.79226 36.014 5.50004
      vertex 8.728 35.6574 5.50004
      vertex 7.81246 36.06 5.50004
    endloop
  endfacet
  facet normal 0 0 1
    outer loop
      vertex 7.89891 36.5502 5.50004
      vertex 8.1658 38.118 5.50004
      vertex 8.0945 38.1777 5.50004
    endloop
  endfacet
  facet normal 0 0 1
    outer loop
      vertex 8.728 35.6574 5.50004
      vertex 7.79226 36.014 5.50004
      vertex 8.6897 35.5727 5.50004
    endloop
  endfacet
  facet normal 0 0 1
    outer loop
      vertex 7.89891 36.5502 5.50004
      vertex 8.0945 38.1777 5.50004
      vertex 8.0207 38.2343 5.50004
    endloop
  endfacet
  facet normal -0 0 1
    outer loop
      vertex 7.77006 35.969 5.50004
      vertex 8.6897 35.5727 5.50004
      vertex 7.79226 36.014 5.50004
    endloop
  endfacet
  facet normal 0 0 1
    outer loop
      vertex 7.40961 37.4421 5.50004
      vertex 8.0207 38.2343 5.50004
      vertex 7.94454 38.2877 5.50004
    endloop
  endfacet
  facet normal 0 0 1
    outer loop
      vertex 8.6897 35.5727 5.50004
      vertex 7.77006 35.969 5.50004
      vertex 8.6478 35.4897 5.50004
    endloop
  endfacet
  facet normal -0 0 1
    outer loop
      vertex 7.74593 35.925 5.50004
      vertex 8.6478 35.4897 5.50004
      vertex 7.77006 35.969 5.50004
    endloop
  endfacet
  facet normal 0 0 1
    outer loop
      vertex 8.6478 35.4897 5.50004
      vertex 7.74593 35.925 5.50004
      vertex 8.6023 35.4085 5.50004
    endloop
  endfacet
  facet normal -0 0 1
    outer loop
      vertex 7.7199 35.8821 5.50004
      vertex 8.6023 35.4085 5.50004
      vertex 7.74593 35.925 5.50004
    endloop
  endfacet
  facet normal 0 0 1
    outer loop
      vertex 8.6023 35.4085 5.50004
      vertex 7.7199 35.8821 5.50004
      vertex 8.5534 35.3294 5.50004
    endloop
  endfacet
  facet normal -0 0 1
    outer loop
      vertex 7.69203 35.8404 5.50004
      vertex 8.5534 35.3294 5.50004
      vertex 7.7199 35.8821 5.50004
    endloop
  endfacet
  facet normal 0 0 1
    outer loop
      vertex 8.5534 35.3294 5.50004
      vertex 7.69203 35.8404 5.50004
      vertex 8.5011 35.2525 5.50004
    endloop
  endfacet
  facet normal -0 0 1
    outer loop
      vertex 7.66236 35.8 5.50004
      vertex 8.5011 35.2525 5.50004
      vertex 7.69203 35.8404 5.50004
    endloop
  endfacet
  facet normal 0 0 1
    outer loop
      vertex 8.5011 35.2525 5.50004
      vertex 7.66236 35.8 5.50004
      vertex 8.4455 35.178 5.50004
    endloop
  endfacet
  facet normal -0 0 1
    outer loop
      vertex 7.63095 35.7608 5.50004
      vertex 8.4455 35.178 5.50004
      vertex 7.66236 35.8 5.50004
    endloop
  endfacet
  facet normal 0 0 1
    outer loop
      vertex 8.4455 35.178 5.50004
      vertex 7.63095 35.7608 5.50004
      vertex 8.3867 35.1059 5.50004
    endloop
  endfacet
  facet normal -0 0 1
    outer loop
      vertex 7.59787 35.7231 5.50004
      vertex 8.3867 35.1059 5.50004
      vertex 7.63095 35.7608 5.50004
    endloop
  endfacet
  facet normal 0 0 1
    outer loop
      vertex 8.3867 35.1059 5.50004
      vertex 7.59787 35.7231 5.50004
      vertex 8.3249 35.0364 5.50004
    endloop
  endfacet
  facet normal -0 0 1
    outer loop
      vertex 7.56318 35.6869 5.50004
      vertex 8.3249 35.0364 5.50004
      vertex 7.59787 35.7231 5.50004
    endloop
  endfacet
  facet normal 0 0 1
    outer loop
      vertex 8.3249 35.0364 5.50004
      vertex 7.56318 35.6869 5.50004
      vertex 8.2601 34.9697 5.50004
    endloop
  endfacet
  facet normal -0 0 1
    outer loop
      vertex 7.52693 35.6522 5.50004
      vertex 8.2601 34.9697 5.50004
      vertex 7.56318 35.6869 5.50004
    endloop
  endfacet
  facet normal 0 0 1
    outer loop
      vertex 8.2601 34.9697 5.50004
      vertex 7.52693 35.6522 5.50004
      vertex 8.1925 34.9058 5.50004
    endloop
  endfacet
  facet normal -0 0 1
    outer loop
      vertex 7.48921 35.6191 5.50004
      vertex 8.1925 34.9058 5.50004
      vertex 7.52693 35.6522 5.50004
    endloop
  endfacet
  facet normal 0 0 1
    outer loop
      vertex 8.1925 34.9058 5.50004
      vertex 7.48921 35.6191 5.50004
      vertex 8.1222 34.8449 5.50004
    endloop
  endfacet
  facet normal -0 0 1
    outer loop
      vertex 7.45008 35.5877 5.50004
      vertex 8.1222 34.8449 5.50004
      vertex 7.48921 35.6191 5.50004
    endloop
  endfacet
  facet normal 0 0 1
    outer loop
      vertex 8.1222 34.8449 5.50004
      vertex 7.45008 35.5877 5.50004
      vertex 8.0493 34.7871 5.50004
    endloop
  endfacet
  facet normal -0 0 1
    outer loop
      vertex 7.40961 35.558 5.50004
      vertex 8.0493 34.7871 5.50004
      vertex 7.45008 35.5877 5.50004
    endloop
  endfacet
  facet normal 0 0 1
    outer loop
      vertex 8.0493 34.7871 5.50004
      vertex 7.40961 35.558 5.50004
      vertex 7.97404 34.7325 5.50004
    endloop
  endfacet
  facet normal -0 0 1
    outer loop
      vertex 7.3679 35.5301 5.50004
      vertex 7.97404 34.7325 5.50004
      vertex 7.40961 35.558 5.50004
    endloop
  endfacet
  facet normal 0 0 1
    outer loop
      vertex 7.97404 34.7325 5.50004
      vertex 7.3679 35.5301 5.50004
      vertex 7.89645 34.6812 5.50004
    endloop
  endfacet
  facet normal -0 0 1
    outer loop
      vertex 7.325 35.5041 5.50004
      vertex 7.89645 34.6812 5.50004
      vertex 7.3679 35.5301 5.50004
    endloop
  endfacet
  facet normal 0 0 1
    outer loop
      vertex 7.89645 34.6812 5.50004
      vertex 7.325 35.5041 5.50004
      vertex 7.81672 34.6333 5.50004
    endloop
  endfacet
  facet normal -0 0 1
    outer loop
      vertex 7.28101 35.48 5.50004
      vertex 7.81672 34.6333 5.50004
      vertex 7.325 35.5041 5.50004
    endloop
  endfacet
  facet normal 0 0 1
    outer loop
      vertex 7.81672 34.6333 5.50004
      vertex 7.28101 35.48 5.50004
      vertex 7.73498 34.5889 5.50004
    endloop
  endfacet
  facet normal -0 0 1
    outer loop
      vertex 7.23601 35.4578 5.50004
      vertex 7.73498 34.5889 5.50004
      vertex 7.28101 35.48 5.50004
    endloop
  endfacet
  facet normal 0 0 1
    outer loop
      vertex 7.73498 34.5889 5.50004
      vertex 7.23601 35.4578 5.50004
      vertex 7.65141 34.5481 5.50004
    endloop
  endfacet
  facet normal -0 0 1
    outer loop
      vertex 7.19009 35.4376 5.50004
      vertex 7.65141 34.5481 5.50004
      vertex 7.23601 35.4578 5.50004
    endloop
  endfacet
  facet normal 0 0 1
    outer loop
      vertex 7.65141 34.5481 5.50004
      vertex 7.19009 35.4376 5.50004
      vertex 7.56615 34.511 5.50004
    endloop
  endfacet
  facet normal -0 0 1
    outer loop
      vertex 7.14333 35.4194 5.50004
      vertex 7.56615 34.511 5.50004
      vertex 7.19009 35.4376 5.50004
    endloop
  endfacet
  facet normal 0 0 1
    outer loop
      vertex 7.56615 34.511 5.50004
      vertex 7.14333 35.4194 5.50004
      vertex 7.47936 34.4775 5.50004
    endloop
  endfacet
  facet normal 0 0 1
    outer loop
      vertex 7.47936 34.4775 5.50004
      vertex 7.14333 35.4194 5.50004
      vertex 7.3912 34.4479 5.50004
    endloop
  endfacet
  facet normal -0 0 1
    outer loop
      vertex 7.09581 35.4033 5.50004
      vertex 7.3912 34.4479 5.50004
      vertex 7.14333 35.4194 5.50004
    endloop
  endfacet
  facet normal 0 0 1
    outer loop
      vertex 7.3912 34.4479 5.50004
      vertex 7.09581 35.4033 5.50004
      vertex 7.30185 34.4221 5.50004
    endloop
  endfacet
  facet normal -0 0 1
    outer loop
      vertex 7.04764 35.3892 5.50004
      vertex 7.30185 34.4221 5.50004
      vertex 7.09581 35.4033 5.50004
    endloop
  endfacet
  facet normal 0 0 1
    outer loop
      vertex 7.30185 34.4221 5.50004
      vertex 7.04764 35.3892 5.50004
      vertex 7.21146 34.4001 5.50004
    endloop
  endfacet
  facet normal -0 0 1
    outer loop
      vertex 6.99891 35.3773 5.50004
      vertex 7.21146 34.4001 5.50004
      vertex 7.04764 35.3892 5.50004
    endloop
  endfacet
  facet normal 0 0 1
    outer loop
      vertex 7.21146 34.4001 5.50004
      vertex 6.99891 35.3773 5.50004
      vertex 7.12021 34.3822 5.50004
    endloop
  endfacet
  facet normal -0 0 1
    outer loop
      vertex 6.9497 35.3675 5.50004
      vertex 7.12021 34.3822 5.50004
      vertex 6.99891 35.3773 5.50004
    endloop
  endfacet
  facet normal 0 0 1
    outer loop
      vertex 7.12021 34.3822 5.50004
      vertex 6.9497 35.3675 5.50004
      vertex 7.02827 34.3681 5.50004
    endloop
  endfacet
  facet normal -0 0 1
    outer loop
      vertex 6.90011 35.3599 5.50004
      vertex 7.02827 34.3681 5.50004
      vertex 6.9497 35.3675 5.50004
    endloop
  endfacet
  facet normal 0 0 1
    outer loop
      vertex 7.02827 34.3681 5.50004
      vertex 6.90011 35.3599 5.50004
      vertex 6.9358 34.3581 5.50004
    endloop
  endfacet
  facet normal -0 0 1
    outer loop
      vertex 6.85023 35.3544 5.50004
      vertex 6.9358 34.3581 5.50004
      vertex 6.90011 35.3599 5.50004
    endloop
  endfacet
  facet normal 0 0 1
    outer loop
      vertex 6.85023 35.3544 5.50004
      vertex 6.84299 34.3521 5.50004
      vertex 6.9358 34.3581 5.50004
    endloop
  endfacet
  facet normal -0 0 1
    outer loop
      vertex 6.80016 35.3511 5.50004
      vertex 6.84299 34.3521 5.50004
      vertex 6.85023 35.3544 5.50004
    endloop
  endfacet
  facet normal -0 0 1
    outer loop
      vertex 6.75 35.35 5.50004
      vertex 6.84299 34.3521 5.50004
      vertex 6.80016 35.3511 5.50004
    endloop
  endfacet
  facet normal 0 0 1
    outer loop
      vertex 6.75 35.35 5.50004
      vertex 6.75 34.35 5.50004
      vertex 6.84299 34.3521 5.50004
    endloop
  endfacet
  facet normal 0 0 1
    outer loop
      vertex 6.69984 35.3511 5.50004
      vertex 6.75 34.35 5.50004
      vertex 6.75 35.35 5.50004
    endloop
  endfacet
  facet normal 0 0 1
    outer loop
      vertex 6.64977 35.3544 5.50004
      vertex 6.75 34.35 5.50004
      vertex 6.69984 35.3511 5.50004
    endloop
  endfacet
  facet normal 0 0 1
    outer loop
      vertex 6.5999 35.3599 5.50004
      vertex 6.75 34.35 5.50004
      vertex 6.64977 35.3544 5.50004
    endloop
  endfacet
  facet normal 0 0 1
    outer loop
      vertex 6.55031 35.3675 5.50004
      vertex 6.75 34.35 5.50004
      vertex 6.5999 35.3599 5.50004
    endloop
  endfacet
  facet normal 0 0 1
    outer loop
      vertex 6.5011 35.3773 5.50004
      vertex 6.75 34.35 5.50004
      vertex 6.55031 35.3675 5.50004
    endloop
  endfacet
  facet normal 0 0 1
    outer loop
      vertex 6.45236 35.3892 5.50004
      vertex 6.75 34.35 5.50004
      vertex 6.5011 35.3773 5.50004
    endloop
  endfacet
  facet normal 0 0 1
    outer loop
      vertex 6.40419 35.4033 5.50004
      vertex 6.75 34.35 5.50004
      vertex 6.45236 35.3892 5.50004
    endloop
  endfacet
  facet normal 0 0 1
    outer loop
      vertex 6.35668 35.4194 5.50004
      vertex 6.75 34.35 5.50004
      vertex 6.40419 35.4033 5.50004
    endloop
  endfacet
  facet normal 0 0 1
    outer loop
      vertex 6.30992 35.4376 5.50004
      vertex 6.75 34.35 5.50004
      vertex 6.35668 35.4194 5.50004
    endloop
  endfacet
  facet normal 0 0 1
    outer loop
      vertex 6.26399 35.4578 5.50004
      vertex 6.75 34.35 5.50004
      vertex 6.30992 35.4376 5.50004
    endloop
  endfacet
  facet normal 0 0 1
    outer loop
      vertex 5.00275 34.35 5.50004
      vertex 6.26399 35.4578 5.50004
      vertex 6.21899 35.48 5.50004
    endloop
  endfacet
  facet normal 0 0 1
    outer loop
      vertex 5.00275 34.35 5.50004
      vertex 6.21899 35.48 5.50004
      vertex 6.175 35.5041 5.50004
    endloop
  endfacet
  facet normal 0 0 1
    outer loop
      vertex 5.00275 34.35 5.50004
      vertex 6.175 35.5041 5.50004
      vertex 6.13211 35.5301 5.50004
    endloop
  endfacet
  facet normal 0 0 1
    outer loop
      vertex 5.00275 34.35 5.50004
      vertex 6.13211 35.5301 5.50004
      vertex 6.09039 35.558 5.50004
    endloop
  endfacet
  facet normal 0 0 1
    outer loop
      vertex 5.00275 34.35 5.50004
      vertex 6.09039 35.558 5.50004
      vertex 6.04993 35.5877 5.50004
    endloop
  endfacet
  facet normal 0 0 1
    outer loop
      vertex 5.00275 34.35 5.50004
      vertex 6.04993 35.5877 5.50004
      vertex 6.0108 35.6191 5.50004
    endloop
  endfacet
  facet normal 0 0 1
    outer loop
      vertex 5.00275 34.35 5.50004
      vertex 6.0108 35.6191 5.50004
      vertex 5.97307 35.6522 5.50004
    endloop
  endfacet
  facet normal 0 0 1
    outer loop
      vertex 5.00275 34.35 5.50004
      vertex 5.97307 35.6522 5.50004
      vertex 5.93683 35.6869 5.50004
    endloop
  endfacet
  facet normal 0 0 1
    outer loop
      vertex 5.00275 34.35 5.50004
      vertex 5.93683 35.6869 5.50004
      vertex 5.90213 35.7231 5.50004
    endloop
  endfacet
  facet normal 0 0 1
    outer loop
      vertex 5.00275 34.35 5.50004
      vertex 5.90213 35.7231 5.50004
      vertex 5.86905 35.7608 5.50004
    endloop
  endfacet
  facet normal 0 0 1
    outer loop
      vertex 5.00275 34.35 5.50004
      vertex 5.86905 35.7608 5.50004
      vertex 5.83765 35.8 5.50004
    endloop
  endfacet
  facet normal 0 0 1
    outer loop
      vertex 5.00275 34.35 5.50004
      vertex 5.83765 35.8 5.50004
      vertex 5.80798 35.8404 5.50004
    endloop
  endfacet
  facet normal 0 0 1
    outer loop
      vertex 5.00275 34.35 5.50004
      vertex 5.80798 35.8404 5.50004
      vertex 5.7801 35.8821 5.50004
    endloop
  endfacet
  facet normal -0 0 1
    outer loop
      vertex 4.83569 37.4788 5.50004
      vertex 5.72994 37.0311 5.50004
      vertex 4.87981 37.5606 5.50004
    endloop
  endfacet
  facet normal 0 0 1
    outer loop
      vertex 5.72994 37.0311 5.50004
      vertex 4.83569 37.4788 5.50004
      vertex 5.70775 36.9861 5.50004
    endloop
  endfacet
  facet normal -0 0 1
    outer loop
      vertex 4.79515 37.3951 5.50004
      vertex 5.70775 36.9861 5.50004
      vertex 4.83569 37.4788 5.50004
    endloop
  endfacet
  facet normal 0 0 1
    outer loop
      vertex 5.70775 36.9861 5.50004
      vertex 4.79515 37.3951 5.50004
      vertex 5.68754 36.9401 5.50004
    endloop
  endfacet
  facet normal -0 0 1
    outer loop
      vertex 4.75828 37.3097 5.50004
      vertex 5.68754 36.9401 5.50004
      vertex 4.79515 37.3951 5.50004
    endloop
  endfacet
  facet normal 0 0 1
    outer loop
      vertex 5.68754 36.9401 5.50004
      vertex 4.75828 37.3097 5.50004
      vertex 5.66936 36.8934 5.50004
    endloop
  endfacet
  facet normal -0 0 1
    outer loop
      vertex 4.72512 37.2228 5.50004
      vertex 5.66936 36.8934 5.50004
      vertex 4.75828 37.3097 5.50004
    endloop
  endfacet
  facet normal 0 0 1
    outer loop
      vertex 5.66936 36.8934 5.50004
      vertex 4.72512 37.2228 5.50004
      vertex 5.65323 36.8459 5.50004
    endloop
  endfacet
  facet normal -0 0 1
    outer loop
      vertex 4.69576 37.1345 5.50004
      vertex 5.65323 36.8459 5.50004
      vertex 4.72512 37.2228 5.50004
    endloop
  endfacet
  facet normal 0 0 1
    outer loop
      vertex 5.65323 36.8459 5.50004
      vertex 4.69576 37.1345 5.50004
      vertex 5.63919 36.7977 5.50004
    endloop
  endfacet
  facet normal -0 0 1
    outer loop
      vertex 4.67024 37.0451 5.50004
      vertex 5.63919 36.7977 5.50004
      vertex 4.69576 37.1345 5.50004
    endloop
  endfacet
  facet normal 0 0 1
    outer loop
      vertex 5.63919 36.7977 5.50004
      vertex 4.67024 37.0451 5.50004
      vertex 5.62726 36.7489 5.50004
    endloop
  endfacet
  facet normal -0 0 1
    outer loop
      vertex 4.64861 36.9546 5.50004
      vertex 5.62726 36.7489 5.50004
      vertex 4.67024 37.0451 5.50004
    endloop
  endfacet
  facet normal 0 0 1
    outer loop
      vertex 5.62726 36.7489 5.50004
      vertex 4.64861 36.9546 5.50004
      vertex 5.61747 36.6997 5.50004
    endloop
  endfacet
  facet normal -0 0 1
    outer loop
      vertex 4.63092 36.8633 5.50004
      vertex 5.61747 36.6997 5.50004
      vertex 4.64861 36.9546 5.50004
    endloop
  endfacet
  facet normal 0 0 1
    outer loop
      vertex 5.61747 36.6997 5.50004
      vertex 4.63092 36.8633 5.50004
      vertex 5.60984 36.6501 5.50004
    endloop
  endfacet
  facet normal 0 0 1
    outer loop
      vertex 6.26399 35.4578 5.50004
      vertex 5.00275 34.35 5.50004
      vertex 6.75 34.35 5.50004
    endloop
  endfacet
  facet normal 0 0 1
    outer loop
      vertex 4.91913 34.3483 5.50004
      vertex 5.7801 35.8821 5.50004
      vertex 5.75407 35.925 5.50004
    endloop
  endfacet
  facet normal 0 0 1
    outer loop
      vertex 4.60233 36.4 5.50004
      vertex 5.75407 35.925 5.50004
      vertex 5.72994 35.969 5.50004
    endloop
  endfacet
  facet normal 0 0 1
    outer loop
      vertex 4.60233 36.4 5.50004
      vertex 5.72994 35.969 5.50004
      vertex 5.70775 36.014 5.50004
    endloop
  endfacet
  facet normal 0 0 1
    outer loop
      vertex 4.60233 36.4 5.50004
      vertex 5.70775 36.014 5.50004
      vertex 5.68754 36.06 5.50004
    endloop
  endfacet
  facet normal 0 0 1
    outer loop
      vertex 4.60233 36.4 5.50004
      vertex 5.68754 36.06 5.50004
      vertex 5.66936 36.1067 5.50004
    endloop
  endfacet
  facet normal -0 0 1
    outer loop
      vertex 4.61719 36.7713 5.50004
      vertex 5.60984 36.6501 5.50004
      vertex 4.63092 36.8633 5.50004
    endloop
  endfacet
  facet normal 0 0 1
    outer loop
      vertex 5.60984 36.6501 5.50004
      vertex 4.61719 36.7713 5.50004
      vertex 5.60438 36.6003 5.50004
    endloop
  endfacet
  facet normal -0 0 1
    outer loop
      vertex 4.60745 36.6788 5.50004
      vertex 5.60438 36.6003 5.50004
      vertex 4.61719 36.7713 5.50004
    endloop
  endfacet
  facet normal 0 0 1
    outer loop
      vertex 5.75407 35.925 5.50004
      vertex 4.60233 36.4 5.50004
      vertex 4.91913 34.3483 5.50004
    endloop
  endfacet
  facet normal 0 0 1
    outer loop
      vertex 5.60438 36.6003 5.50004
      vertex 4.60745 36.6788 5.50004
      vertex 5.6011 36.5502 5.50004
    endloop
  endfacet
  facet normal -0 0 1
    outer loop
      vertex 4.60172 36.586 5.50004
      vertex 5.6011 36.5502 5.50004
      vertex 4.60745 36.6788 5.50004
    endloop
  endfacet
  facet normal 0 0 1
    outer loop
      vertex 5.7801 35.8821 5.50004
      vertex 4.91913 34.3483 5.50004
      vertex 5.00275 34.35 5.50004
    endloop
  endfacet
  facet normal 0 0 1
    outer loop
      vertex 5.6011 36.5502 5.50004
      vertex 4.60172 36.586 5.50004
      vertex 5.6 36.5 5.50004
    endloop
  endfacet
  facet normal 0 0 1
    outer loop
      vertex 5.6 36.5 5.50004
      vertex 4.60233 36.4 5.50004
      vertex 5.6011 36.4499 5.50004
    endloop
  endfacet
  facet normal 0 0 1
    outer loop
      vertex 4.91913 34.3483 5.50004
      vertex 4.60233 36.4 5.50004
      vertex 4.83565 34.343 5.50004
    endloop
  endfacet
  facet normal 0 0 1
    outer loop
      vertex 5.6011 36.4499 5.50004
      vertex 4.60233 36.4 5.50004
      vertex 5.60438 36.3998 5.50004
    endloop
  endfacet
  facet normal 0 0 1
    outer loop
      vertex 5.60438 36.3998 5.50004
      vertex 4.60233 36.4 5.50004
      vertex 5.60984 36.3499 5.50004
    endloop
  endfacet
  facet normal 0 0 1
    outer loop
      vertex 5.60984 36.3499 5.50004
      vertex 4.60233 36.4 5.50004
      vertex 5.61747 36.3003 5.50004
    endloop
  endfacet
  facet normal 0 0 1
    outer loop
      vertex 4.83565 34.343 5.50004
      vertex 4.60233 36.4 5.50004
      vertex 4.75247 34.3343 5.50004
    endloop
  endfacet
  facet normal 0 0 1
    outer loop
      vertex 5.61747 36.3003 5.50004
      vertex 4.60233 36.4 5.50004
      vertex 5.62726 36.2511 5.50004
    endloop
  endfacet
  facet normal 0 0 1
    outer loop
      vertex 5.62726 36.2511 5.50004
      vertex 4.60233 36.4 5.50004
      vertex 5.63919 36.2024 5.50004
    endloop
  endfacet
  facet normal 0 0 1
    outer loop
      vertex 5.63919 36.2024 5.50004
      vertex 4.60233 36.4 5.50004
      vertex 5.65323 36.1542 5.50004
    endloop
  endfacet
  facet normal 0 0 1
    outer loop
      vertex 5.65323 36.1542 5.50004
      vertex 4.60233 36.4 5.50004
      vertex 5.66936 36.1067 5.50004
    endloop
  endfacet
  facet normal 0 0 1
    outer loop
      vertex 4.75247 34.3343 5.50004
      vertex 4.60233 36.4 5.50004
      vertex 4.66972 34.3221 5.50004
    endloop
  endfacet
  facet normal 0 0 1
    outer loop
      vertex 4.60233 36.4 5.50004
      vertex 4.58756 34.3065 5.50004
      vertex 4.66972 34.3221 5.50004
    endloop
  endfacet
  facet normal 0 0 1
    outer loop
      vertex 4.60233 36.4 5.50004
      vertex 4.50612 34.2874 5.50004
      vertex 4.58756 34.3065 5.50004
    endloop
  endfacet
  facet normal 0 0 1
    outer loop
      vertex 4.60233 36.4 5.50004
      vertex 4.42555 34.2649 5.50004
      vertex 4.50612 34.2874 5.50004
    endloop
  endfacet
  facet normal 0 0 1
    outer loop
      vertex 4.60233 36.4 5.50004
      vertex 4.34599 34.2391 5.50004
      vertex 4.42555 34.2649 5.50004
    endloop
  endfacet
  facet normal 0 0 1
    outer loop
      vertex 4.60233 36.4 5.50004
      vertex 4.26758 34.21 5.50004
      vertex 4.34599 34.2391 5.50004
    endloop
  endfacet
  facet normal 0 0 1
    outer loop
      vertex 4.60233 36.4 5.50004
      vertex 4.19045 34.1777 5.50004
      vertex 4.26758 34.21 5.50004
    endloop
  endfacet
  facet normal -0 0 1
    outer loop
      vertex 2.38928 35.7643 5.50004
      vertex 4.19045 34.1777 5.50004
      vertex 4.60233 36.4 5.50004
    endloop
  endfacet
  facet normal 0 0 1
    outer loop
      vertex 4.19045 34.1777 5.50004
      vertex 2.38928 35.7643 5.50004
      vertex 4.11475 34.1421 5.50004
    endloop
  endfacet
  facet normal -0 0 1
    outer loop
      vertex 2.35534 35.6619 5.50004
      vertex 4.11475 34.1421 5.50004
      vertex 2.38928 35.7643 5.50004
    endloop
  endfacet
  facet normal 0 0 1
    outer loop
      vertex 4.11475 34.1421 5.50004
      vertex 2.35534 35.6619 5.50004
      vertex 4.04059 34.1034 5.50004
    endloop
  endfacet
  facet normal -0 0 1
    outer loop
      vertex 2.31702 35.5612 5.50004
      vertex 4.04059 34.1034 5.50004
      vertex 2.35534 35.6619 5.50004
    endloop
  endfacet
  facet normal 0 0 1
    outer loop
      vertex 4.04059 34.1034 5.50004
      vertex 2.31702 35.5612 5.50004
      vertex 3.96812 34.0616 5.50004
    endloop
  endfacet
  facet normal -0 0 1
    outer loop
      vertex 2.2744 35.4622 5.50004
      vertex 3.96812 34.0616 5.50004
      vertex 2.31702 35.5612 5.50004
    endloop
  endfacet
  facet normal 0 0 1
    outer loop
      vertex 2.49137 36.2925 5.50004
      vertex 4.60233 36.4 5.50004
      vertex 2.498 36.4 5.50004
    endloop
  endfacet
  facet normal 0 0 1
    outer loop
      vertex 2.4801 36.1852 5.50004
      vertex 4.60233 36.4 5.50004
      vertex 2.49137 36.2925 5.50004
    endloop
  endfacet
  facet normal 0 0 1
    outer loop
      vertex 2.46423 36.0786 5.50004
      vertex 4.60233 36.4 5.50004
      vertex 2.4801 36.1852 5.50004
    endloop
  endfacet
  facet normal 0 0 1
    outer loop
      vertex 2.44377 35.9728 5.50004
      vertex 4.60233 36.4 5.50004
      vertex 2.46423 36.0786 5.50004
    endloop
  endfacet
  facet normal 0 0 1
    outer loop
      vertex 2.41877 35.8679 5.50004
      vertex 4.60233 36.4 5.50004
      vertex 2.44377 35.9728 5.50004
    endloop
  endfacet
  facet normal 0 0 1
    outer loop
      vertex 2.38928 35.7643 5.50004
      vertex 4.60233 36.4 5.50004
      vertex 2.41877 35.8679 5.50004
    endloop
  endfacet
  facet normal 0 0 1
    outer loop
      vertex 3.96812 34.0616 5.50004
      vertex 2.2744 35.4622 5.50004
      vertex 3.89747 34.0169 5.50004
    endloop
  endfacet
  facet normal -0 0 1
    outer loop
      vertex 2.22754 35.3651 5.50004
      vertex 3.89747 34.0169 5.50004
      vertex 2.2744 35.4622 5.50004
    endloop
  endfacet
  facet normal 0 0 1
    outer loop
      vertex 3.89747 34.0169 5.50004
      vertex 2.22754 35.3651 5.50004
      vertex 3.82874 33.9692 5.50004
    endloop
  endfacet
  facet normal 0 0 1
    outer loop
      vertex 3.82874 33.9692 5.50004
      vertex 2.22754 35.3651 5.50004
      vertex 3.76207 33.9187 5.50004
    endloop
  endfacet
  facet normal -0 0 1
    outer loop
      vertex 2.17655 35.2701 5.50004
      vertex 3.76207 33.9187 5.50004
      vertex 2.22754 35.3651 5.50004
    endloop
  endfacet
  facet normal 0 0 1
    outer loop
      vertex 3.76207 33.9187 5.50004
      vertex 2.17655 35.2701 5.50004
      vertex 3.73939 33.9 5.50004
    endloop
  endfacet
  facet normal -0 0 1
    outer loop
      vertex 2.12151 35.1775 5.50004
      vertex 3.73939 33.9 5.50004
      vertex 2.17655 35.2701 5.50004
    endloop
  endfacet
  facet normal -0 0 1
    outer loop
      vertex 2.06252 35.0872 5.50004
      vertex 3.73939 33.9 5.50004
      vertex 2.12151 35.1775 5.50004
    endloop
  endfacet
  facet normal -0 0 1
    outer loop
      vertex 1.9997 34.9996 5.50004
      vertex 3.73939 33.9 5.50004
      vertex 2.06252 35.0872 5.50004
    endloop
  endfacet
  facet normal -0 0 1
    outer loop
      vertex 1.93317 34.9148 5.50004
      vertex 3.73939 33.9 5.50004
      vertex 1.9997 34.9996 5.50004
    endloop
  endfacet
  facet normal -0 0 1
    outer loop
      vertex 1.86303 34.833 5.50004
      vertex 3.73939 33.9 5.50004
      vertex 1.93317 34.9148 5.50004
    endloop
  endfacet
  facet normal -0 0 1
    outer loop
      vertex 1.78944 34.7542 5.50004
      vertex 3.73939 33.9 5.50004
      vertex 1.86303 34.833 5.50004
    endloop
  endfacet
  facet normal -0 0 1
    outer loop
      vertex 1.71252 34.6787 5.50004
      vertex 3.73939 33.9 5.50004
      vertex 1.78944 34.7542 5.50004
    endloop
  endfacet
  facet normal -0 0 1
    outer loop
      vertex 1.63241 34.6066 5.50004
      vertex 3.73939 33.9 5.50004
      vertex 1.71252 34.6787 5.50004
    endloop
  endfacet
  facet normal -0 0 1
    outer loop
      vertex 1.54927 34.538 5.50004
      vertex 3.73939 33.9 5.50004
      vertex 1.63241 34.6066 5.50004
    endloop
  endfacet
  facet normal -0 0 1
    outer loop
      vertex 1.46325 34.473 5.50004
      vertex 3.73939 33.9 5.50004
      vertex 1.54927 34.538 5.50004
    endloop
  endfacet
  facet normal -0 0 1
    outer loop
      vertex 1.37451 34.4118 5.50004
      vertex 3.73939 33.9 5.50004
      vertex 1.46325 34.473 5.50004
    endloop
  endfacet
  facet normal -0 0 1
    outer loop
      vertex 1.28322 34.3545 5.50004
      vertex 3.73939 33.9 5.50004
      vertex 1.37451 34.4118 5.50004
    endloop
  endfacet
  facet normal -0 0 1
    outer loop
      vertex 1.18953 34.3012 5.50004
      vertex 3.73939 33.9 5.50004
      vertex 1.28322 34.3545 5.50004
    endloop
  endfacet
  facet normal -0 0 1
    outer loop
      vertex 1.09364 34.2519 5.50004
      vertex 3.73939 33.9 5.50004
      vertex 1.18953 34.3012 5.50004
    endloop
  endfacet
  facet normal -0 0 1
    outer loop
      vertex 0.99572 34.2069 5.50004
      vertex 3.73939 33.9 5.50004
      vertex 1.09364 34.2519 5.50004
    endloop
  endfacet
  facet normal -0 0 1
    outer loop
      vertex 0.89594 34.1661 5.50004
      vertex 3.73939 33.9 5.50004
      vertex 0.99572 34.2069 5.50004
    endloop
  endfacet
  facet normal -0 0 1
    outer loop
      vertex 0.79449 34.1296 5.50004
      vertex 3.73939 33.9 5.50004
      vertex 0.89594 34.1661 5.50004
    endloop
  endfacet
  facet normal -0 0 1
    outer loop
      vertex 0.69158 34.0976 5.50004
      vertex 3.73939 33.9 5.50004
      vertex 0.79449 34.1296 5.50004
    endloop
  endfacet
  facet normal -0 0 1
    outer loop
      vertex 0.58737 34.07 5.50004
      vertex 3.73939 33.9 5.50004
      vertex 0.69158 34.0976 5.50004
    endloop
  endfacet
  facet normal -0 0 1
    outer loop
      vertex 0.48207 34.047 5.50004
      vertex 3.73939 33.9 5.50004
      vertex 0.58737 34.07 5.50004
    endloop
  endfacet
  facet normal -0 0 1
    outer loop
      vertex 0.375879 34.0285 5.50004
      vertex 3.73939 33.9 5.50004
      vertex 0.48207 34.047 5.50004
    endloop
  endfacet
  facet normal -0 0 1
    outer loop
      vertex 0.26899 34.0146 5.50004
      vertex 3.73939 33.9 5.50004
      vertex 0.375879 34.0285 5.50004
    endloop
  endfacet
  facet normal -0 0 1
    outer loop
      vertex 0.16159 34.0053 5.50004
      vertex 3.73939 33.9 5.50004
      vertex 0.26899 34.0146 5.50004
    endloop
  endfacet
  facet normal -0 0 1
    outer loop
      vertex 0.0538998 34.0006 5.50004
      vertex 3.73939 33.9 5.50004
      vertex 0.16159 34.0053 5.50004
    endloop
  endfacet
  facet normal -0 0 1
    outer loop
      vertex -0.0538902 34.0006 5.50004
      vertex 3.73939 33.9 5.50004
      vertex 0.0538998 34.0006 5.50004
    endloop
  endfacet
  facet normal 0 0 1
    outer loop
      vertex -0.0538902 34.0006 5.50004
      vertex -3.6727 33.9 5.50004
      vertex 3.73939 33.9 5.50004
    endloop
  endfacet
  facet normal 0 0 1
    outer loop
      vertex -0.161591 34.0053 5.50004
      vertex -3.6727 33.9 5.50004
      vertex -0.0538902 34.0006 5.50004
    endloop
  endfacet
  facet normal 0 0 1
    outer loop
      vertex -0.26898 34.0146 5.50004
      vertex -3.6727 33.9 5.50004
      vertex -0.161591 34.0053 5.50004
    endloop
  endfacet
  facet normal 0 0 1
    outer loop
      vertex -0.375871 34.0285 5.50004
      vertex -3.6727 33.9 5.50004
      vertex -0.26898 34.0146 5.50004
    endloop
  endfacet
  facet normal 0 0 1
    outer loop
      vertex -0.482071 34.047 5.50004
      vertex -3.6727 33.9 5.50004
      vertex -0.375871 34.0285 5.50004
    endloop
  endfacet
  facet normal 0 0 1
    outer loop
      vertex -0.587371 34.07 5.50004
      vertex -3.6727 33.9 5.50004
      vertex -0.482071 34.047 5.50004
    endloop
  endfacet
  facet normal 0 0 1
    outer loop
      vertex -0.69157 34.0976 5.50004
      vertex -3.6727 33.9 5.50004
      vertex -0.587371 34.07 5.50004
    endloop
  endfacet
  facet normal 0 0 1
    outer loop
      vertex -0.794491 34.1296 5.50004
      vertex -3.6727 33.9 5.50004
      vertex -0.69157 34.0976 5.50004
    endloop
  endfacet
  facet normal 0 0 1
    outer loop
      vertex -0.89593 34.1661 5.50004
      vertex -3.6727 33.9 5.50004
      vertex -0.794491 34.1296 5.50004
    endloop
  endfacet
  facet normal 0 0 1
    outer loop
      vertex -0.99571 34.2069 5.50004
      vertex -3.6727 33.9 5.50004
      vertex -0.89593 34.1661 5.50004
    endloop
  endfacet
  facet normal 0 0 1
    outer loop
      vertex -1.09364 34.2519 5.50004
      vertex -3.6727 33.9 5.50004
      vertex -0.99571 34.2069 5.50004
    endloop
  endfacet
  facet normal 0 0 1
    outer loop
      vertex -1.18953 34.3012 5.50004
      vertex -3.6727 33.9 5.50004
      vertex -1.09364 34.2519 5.50004
    endloop
  endfacet
  facet normal 0 0 1
    outer loop
      vertex -1.28322 34.3545 5.50004
      vertex -3.6727 33.9 5.50004
      vertex -1.18953 34.3012 5.50004
    endloop
  endfacet
  facet normal 0 0 1
    outer loop
      vertex -1.37451 34.4118 5.50004
      vertex -3.6727 33.9 5.50004
      vertex -1.28322 34.3545 5.50004
    endloop
  endfacet
  facet normal 0 0 1
    outer loop
      vertex -1.46325 34.473 5.50004
      vertex -3.6727 33.9 5.50004
      vertex -1.37451 34.4118 5.50004
    endloop
  endfacet
  facet normal 0 0 1
    outer loop
      vertex -1.54927 34.538 5.50004
      vertex -3.6727 33.9 5.50004
      vertex -1.46325 34.473 5.50004
    endloop
  endfacet
  facet normal 0 0 1
    outer loop
      vertex -1.63241 34.6066 5.50004
      vertex -3.6727 33.9 5.50004
      vertex -1.54927 34.538 5.50004
    endloop
  endfacet
  facet normal 0 0 1
    outer loop
      vertex -1.71252 34.6787 5.50004
      vertex -3.6727 33.9 5.50004
      vertex -1.63241 34.6066 5.50004
    endloop
  endfacet
  facet normal 0 0 1
    outer loop
      vertex -1.78944 34.7542 5.50004
      vertex -3.6727 33.9 5.50004
      vertex -1.71252 34.6787 5.50004
    endloop
  endfacet
  facet normal 0 0 1
    outer loop
      vertex -1.86303 34.833 5.50004
      vertex -3.6727 33.9 5.50004
      vertex -1.78944 34.7542 5.50004
    endloop
  endfacet
  facet normal 0 0 1
    outer loop
      vertex -1.93316 34.9148 5.50004
      vertex -3.6727 33.9 5.50004
      vertex -1.86303 34.833 5.50004
    endloop
  endfacet
  facet normal 0 0 1
    outer loop
      vertex -1.9997 34.9996 5.50004
      vertex -3.6727 33.9 5.50004
      vertex -1.93316 34.9148 5.50004
    endloop
  endfacet
  facet normal 0 0 1
    outer loop
      vertex -2.06252 35.0872 5.50004
      vertex -3.6727 33.9 5.50004
      vertex -1.9997 34.9996 5.50004
    endloop
  endfacet
  facet normal 0 0 1
    outer loop
      vertex -3.78326 34.0635 5.50004
      vertex -2.06252 35.0872 5.50004
      vertex -2.1215 35.1775 5.50004
    endloop
  endfacet
  facet normal 0 0 1
    outer loop
      vertex -3.88292 34.2256 5.50004
      vertex -2.1215 35.1775 5.50004
      vertex -2.17654 35.2701 5.50004
    endloop
  endfacet
  facet normal 0 0 1
    outer loop
      vertex -3.97564 34.3919 5.50004
      vertex -2.17654 35.2701 5.50004
      vertex -2.22753 35.3651 5.50004
    endloop
  endfacet
  facet normal 0 0 1
    outer loop
      vertex -4.06124 34.5619 5.50004
      vertex -2.22753 35.3651 5.50004
      vertex -2.27439 35.4622 5.50004
    endloop
  endfacet
  facet normal 0 0 1
    outer loop
      vertex -4.13957 34.7354 5.50004
      vertex -2.27439 35.4622 5.50004
      vertex -2.31701 35.5612 5.50004
    endloop
  endfacet
  facet normal 0 0 1
    outer loop
      vertex -4.21049 34.912 5.50004
      vertex -2.31701 35.5612 5.50004
      vertex -2.35533 35.6619 5.50004
    endloop
  endfacet
  facet normal 0 0 1
    outer loop
      vertex -4.27388 35.0915 5.50004
      vertex -2.35533 35.6619 5.50004
      vertex -2.38927 35.7643 5.50004
    endloop
  endfacet
  facet normal 0 0 1
    outer loop
      vertex -4.32963 35.2735 5.50004
      vertex -2.38927 35.7643 5.50004
      vertex -2.41877 35.8679 5.50004
    endloop
  endfacet
  facet normal 0 0 1
    outer loop
      vertex -4.37763 35.4577 5.50004
      vertex -2.41877 35.8679 5.50004
      vertex -2.44377 35.9728 5.50004
    endloop
  endfacet
  facet normal 0 0 1
    outer loop
      vertex -4.41779 35.6438 5.50004
      vertex -2.44377 35.9728 5.50004
      vertex -2.46422 36.0786 5.50004
    endloop
  endfacet
  facet normal 0 0 1
    outer loop
      vertex -4.45005 35.8314 5.50004
      vertex -2.46422 36.0786 5.50004
      vertex -2.4801 36.1852 5.50004
    endloop
  endfacet
  facet normal 0 0 1
    outer loop
      vertex -4.47434 36.0202 5.50004
      vertex -2.4801 36.1852 5.50004
      vertex -2.49136 36.2925 5.50004
    endloop
  endfacet
  facet normal 0 0 1
    outer loop
      vertex -4.49063 36.2099 5.50004
      vertex -2.49136 36.2925 5.50004
      vertex -2.49799 36.4 5.50004
    endloop
  endfacet
  facet normal 0 0 1
    outer loop
      vertex -2.06252 35.0872 5.50004
      vertex -3.67683 33.9056 5.50004
      vertex -3.6727 33.9 5.50004
    endloop
  endfacet
  facet normal 0 0 1
    outer loop
      vertex -2.06252 35.0872 5.50004
      vertex -3.78326 34.0635 5.50004
      vertex -3.67683 33.9056 5.50004
    endloop
  endfacet
  facet normal 0 0 1
    outer loop
      vertex -2.1215 35.1775 5.50004
      vertex -3.88292 34.2256 5.50004
      vertex -3.78326 34.0635 5.50004
    endloop
  endfacet
  facet normal 0 0 1
    outer loop
      vertex -2.17654 35.2701 5.50004
      vertex -3.97564 34.3919 5.50004
      vertex -3.88292 34.2256 5.50004
    endloop
  endfacet
  facet normal 0 0 1
    outer loop
      vertex -2.22753 35.3651 5.50004
      vertex -4.06124 34.5619 5.50004
      vertex -3.97564 34.3919 5.50004
    endloop
  endfacet
  facet normal 0 0 1
    outer loop
      vertex -2.27439 35.4622 5.50004
      vertex -4.13957 34.7354 5.50004
      vertex -4.06124 34.5619 5.50004
    endloop
  endfacet
  facet normal 0 0 1
    outer loop
      vertex -2.31701 35.5612 5.50004
      vertex -4.21049 34.912 5.50004
      vertex -4.13957 34.7354 5.50004
    endloop
  endfacet
  facet normal 0 0 1
    outer loop
      vertex -2.35533 35.6619 5.50004
      vertex -4.27388 35.0915 5.50004
      vertex -4.21049 34.912 5.50004
    endloop
  endfacet
  facet normal 0 0 1
    outer loop
      vertex -2.38927 35.7643 5.50004
      vertex -4.32963 35.2735 5.50004
      vertex -4.27388 35.0915 5.50004
    endloop
  endfacet
  facet normal 0 0 1
    outer loop
      vertex -2.41877 35.8679 5.50004
      vertex -4.37763 35.4577 5.50004
      vertex -4.32963 35.2735 5.50004
    endloop
  endfacet
  facet normal 0 0 1
    outer loop
      vertex -2.44377 35.9728 5.50004
      vertex -4.41779 35.6438 5.50004
      vertex -4.37763 35.4577 5.50004
    endloop
  endfacet
  facet normal 0 0 1
    outer loop
      vertex -2.46422 36.0786 5.50004
      vertex -4.45005 35.8314 5.50004
      vertex -4.41779 35.6438 5.50004
    endloop
  endfacet
  facet normal 0 0 1
    outer loop
      vertex -2.4801 36.1852 5.50004
      vertex -4.47434 36.0202 5.50004
      vertex -4.45005 35.8314 5.50004
    endloop
  endfacet
  facet normal 0 0 1
    outer loop
      vertex -2.49136 36.2925 5.50004
      vertex -4.49063 36.2099 5.50004
      vertex -4.47434 36.0202 5.50004
    endloop
  endfacet
  facet normal 0 -0 1
    outer loop
      vertex -4.49063 36.2099 5.50004
      vertex -2.49799 36.4 5.50004
      vertex -4.49889 36.4 5.50004
    endloop
  endfacet
  facet normal 0 -1 0
    outer loop
      vertex -3.6727 33.9 5.50004
      vertex 3.67271 33.9 3.50004
      vertex 3.73939 33.9 5.50004
    endloop
  endfacet
  facet normal 0 -1 0
    outer loop
      vertex -3.6727 33.9 3
      vertex 3.67271 33.9 3.50004
      vertex -3.6727 33.9 5.50004
    endloop
  endfacet
  facet normal 0 -1 -0
    outer loop
      vertex 3.67271 33.9 3.50004
      vertex -3.6727 33.9 3
      vertex 3.67271 33.9 3
    endloop
  endfacet
  facet normal 0 -1 -0
    outer loop
      vertex 3.73939 33.9 5.50004
      vertex 3.67271 33.9 3.50004
      vertex 3.73939 33.9 3.50004
    endloop
  endfacet
  facet normal 0 -1 0
    outer loop
      vertex -3.6727 33.9 1
      vertex 3.67271 33.9 0.50004
      vertex 3.67271 33.9 1
    endloop
  endfacet
  facet normal 0 -1 0
    outer loop
      vertex -3.6727 33.9 -1.49996
      vertex 3.67271 33.9 0.50004
      vertex -3.6727 33.9 1
    endloop
  endfacet
  facet normal 0 -1 0
    outer loop
      vertex 3.73939 33.9 -1.49996
      vertex 3.67271 33.9 0.50004
      vertex -3.6727 33.9 -1.49996
    endloop
  endfacet
  facet normal 0 -1 0
    outer loop
      vertex 3.67271 33.9 0.50004
      vertex 3.73939 33.9 -1.49996
      vertex 3.73939 33.9 0.50004
    endloop
  endfacet
  facet normal 1 -0 0
    outer loop
      vertex 2.5 29 3
      vertex 2.5 31 1
      vertex 2.5 31 3
    endloop
  endfacet
  facet normal 1 0 0
    outer loop
      vertex 2.5 31 1
      vertex 2.5 29 3
      vertex 2.5 29 1
    endloop
  endfacet
  facet normal -1 0 0
    outer loop
      vertex -2.5 29 1
      vertex -2.5 31 3
      vertex -2.5 31 1
    endloop
  endfacet
  facet normal -1 -0 0
    outer loop
      vertex -2.5 31 3
      vertex -2.5 29 1
      vertex -2.5 29 3
    endloop
  endfacet
  facet normal 0 -1 0
    outer loop
      vertex -2.5 29 1
      vertex -1 29 3
      vertex -2.5 29 3
    endloop
  endfacet
  facet normal 0 -1 -0
    outer loop
      vertex -1 29 3
      vertex -2.5 29 1
      vertex -1 29 1
    endloop
  endfacet
  facet normal 0 -1 0
    outer loop
      vertex 1 29 1
      vertex 2.5 29 3
      vertex 1 29 3
    endloop
  endfacet
  facet normal 0 -1 -0
    outer loop
      vertex 2.5 29 3
      vertex 1 29 1
      vertex 2.5 29 1
    endloop
  endfacet
endsolid OpenSCAD_Model
