solid OpenSCAD_Model
  facet normal 1 0 0
    outer loop
      vertex 1 2.99914 15.7607
      vertex 1 4 18
      vertex 1 3 15.8
    endloop
  endfacet
  facet normal 1 0 0
    outer loop
      vertex 1 4 18
      vertex 1 2.99914 15.8393
      vertex 1 3 15.8
    endloop
  endfacet
  facet normal 1 0 0
    outer loop
      vertex 1 4 18
      vertex 1 2.99657 15.8784
      vertex 1 2.99914 15.8393
    endloop
  endfacet
  facet normal 1 0 0
    outer loop
      vertex 1 4 18
      vertex 1 2.9923 15.9175
      vertex 1 2.99657 15.8784
    endloop
  endfacet
  facet normal 1 0 0
    outer loop
      vertex 1 4 18
      vertex 1 2.98633 15.9563
      vertex 1 2.9923 15.9175
    endloop
  endfacet
  facet normal 1 0 0
    outer loop
      vertex 1 4 18
      vertex 1 2.97867 15.9948
      vertex 1 2.98633 15.9563
    endloop
  endfacet
  facet normal 1 0 0
    outer loop
      vertex 1 4 18
      vertex 1 2.96933 16.0329
      vertex 1 2.97867 15.9948
    endloop
  endfacet
  facet normal 1 0 0
    outer loop
      vertex 1 4 18
      vertex 1 2.95834 16.0706
      vertex 1 2.96933 16.0329
    endloop
  endfacet
  facet normal 1 0 0
    outer loop
      vertex 1 4 18
      vertex 1 2.94572 16.1078
      vertex 1 2.95834 16.0706
    endloop
  endfacet
  facet normal 1 0 0
    outer loop
      vertex 1 4 18
      vertex 1 2.93149 16.1444
      vertex 1 2.94572 16.1078
    endloop
  endfacet
  facet normal 1 0 0
    outer loop
      vertex 1 4 18
      vertex 1 2.91568 16.1804
      vertex 1 2.93149 16.1444
    endloop
  endfacet
  facet normal 1 0 0
    outer loop
      vertex 1 4 18
      vertex 1 2.89831 16.2156
      vertex 1 2.91568 16.1804
    endloop
  endfacet
  facet normal 1 0 0
    outer loop
      vertex 1 4 18
      vertex 1 2.87942 16.25
      vertex 1 2.89831 16.2156
    endloop
  endfacet
  facet normal 1 0 0
    outer loop
      vertex 1 4 18
      vertex 1 2.85905 16.2836
      vertex 1 2.87942 16.25
    endloop
  endfacet
  facet normal 1 0 0
    outer loop
      vertex 1 4 18
      vertex 1 2.83724 16.3162
      vertex 1 2.85905 16.2836
    endloop
  endfacet
  facet normal 1 0 0
    outer loop
      vertex 1 4 18
      vertex 1 2.81402 16.3479
      vertex 1 2.83724 16.3162
    endloop
  endfacet
  facet normal 1 0 0
    outer loop
      vertex 1 4 18
      vertex 1 2.78944 16.3785
      vertex 1 2.81402 16.3479
    endloop
  endfacet
  facet normal 1 0 0
    outer loop
      vertex 1 4 18
      vertex 1 2.76355 16.408
      vertex 1 2.78944 16.3785
    endloop
  endfacet
  facet normal 1 0 0
    outer loop
      vertex 1 4 18
      vertex 1 2.7364 16.4364
      vertex 1 2.76355 16.408
    endloop
  endfacet
  facet normal 1 0 0
    outer loop
      vertex 1 4 18
      vertex 1 2.70803 16.4635
      vertex 1 2.7364 16.4364
    endloop
  endfacet
  facet normal 1 0 0
    outer loop
      vertex 1 4 18
      vertex 1 2.67851 16.4894
      vertex 1 2.70803 16.4635
    endloop
  endfacet
  facet normal 1 0 0
    outer loop
      vertex 1 4 18
      vertex 1 2.64788 16.514
      vertex 1 2.67851 16.4894
    endloop
  endfacet
  facet normal 1 0 0
    outer loop
      vertex 1 4 18
      vertex 1 2.61622 16.5372
      vertex 1 2.64788 16.514
    endloop
  endfacet
  facet normal 1 0 0
    outer loop
      vertex 1 4 18
      vertex 1 2.58357 16.5591
      vertex 1 2.61622 16.5372
    endloop
  endfacet
  facet normal 1 0 0
    outer loop
      vertex 1 4 18
      vertex 1 2.55 16.5794
      vertex 1 2.58357 16.5591
    endloop
  endfacet
  facet normal 1 0 0
    outer loop
      vertex 1 4 18
      vertex 1 2.51557 16.5983
      vertex 1 2.55 16.5794
    endloop
  endfacet
  facet normal 1 0 0
    outer loop
      vertex 1 4 18
      vertex 1 2.48036 16.6157
      vertex 1 2.51557 16.5983
    endloop
  endfacet
  facet normal 1 0 0
    outer loop
      vertex 1 4 18
      vertex 1 2.44441 16.6315
      vertex 1 2.48036 16.6157
    endloop
  endfacet
  facet normal 1 0 0
    outer loop
      vertex 1 4 18
      vertex 1 2.40782 16.6457
      vertex 1 2.44441 16.6315
    endloop
  endfacet
  facet normal 1 0 0
    outer loop
      vertex 1 4 18
      vertex 1 2.37064 16.6583
      vertex 1 2.40782 16.6457
    endloop
  endfacet
  facet normal 1 0 0
    outer loop
      vertex 1 4 18
      vertex 1 2.33294 16.6693
      vertex 1 2.37064 16.6583
    endloop
  endfacet
  facet normal 1 0 0
    outer loop
      vertex 1 4 18
      vertex 1 2.2948 16.6787
      vertex 1 2.33294 16.6693
    endloop
  endfacet
  facet normal 1 0 0
    outer loop
      vertex 1 4 18
      vertex 1 2.25628 16.6863
      vertex 1 2.2948 16.6787
    endloop
  endfacet
  facet normal 1 0 0
    outer loop
      vertex 1 4 18
      vertex 1 2.21747 16.6923
      vertex 1 2.25628 16.6863
    endloop
  endfacet
  facet normal 1 0 0
    outer loop
      vertex 1 4 18
      vertex 1 2.17844 16.6966
      vertex 1 2.21747 16.6923
    endloop
  endfacet
  facet normal 1 0 0
    outer loop
      vertex 1 4 18
      vertex 1 2.13926 16.6991
      vertex 1 2.17844 16.6966
    endloop
  endfacet
  facet normal 1 0 0
    outer loop
      vertex 1 4 18
      vertex 1 2.1 16.7
      vertex 1 2.13926 16.6991
    endloop
  endfacet
  facet normal 1 0 0
    outer loop
      vertex 1 4 18
      vertex 1 2.06074 16.6991
      vertex 1 2.1 16.7
    endloop
  endfacet
  facet normal 1 -0 0
    outer loop
      vertex 1 0 18
      vertex 1 2.06074 16.6991
      vertex 1 4 18
    endloop
  endfacet
  facet normal 1 0 0
    outer loop
      vertex 1 2.06074 16.6991
      vertex 1 0 18
      vertex 1 2.02156 16.6966
    endloop
  endfacet
  facet normal 1 0 0
    outer loop
      vertex 1 2.02156 16.6966
      vertex 1 0 18
      vertex 1 1.98253 16.6923
    endloop
  endfacet
  facet normal 1 0 0
    outer loop
      vertex 1 1.98253 16.6923
      vertex 1 0 18
      vertex 1 1.94372 16.6863
    endloop
  endfacet
  facet normal 1 0 0
    outer loop
      vertex 1 1.94372 16.6863
      vertex 1 0 18
      vertex 1 1.9052 16.6787
    endloop
  endfacet
  facet normal 1 0 0
    outer loop
      vertex 1 1.9052 16.6787
      vertex 1 0 18
      vertex 1 1.86706 16.6693
    endloop
  endfacet
  facet normal 1 0 0
    outer loop
      vertex 1 1.86706 16.6693
      vertex 1 0 18
      vertex 1 1.82936 16.6583
    endloop
  endfacet
  facet normal 1 0 0
    outer loop
      vertex 1 1.82936 16.6583
      vertex 1 0 18
      vertex 1 1.79218 16.6457
    endloop
  endfacet
  facet normal 1 0 0
    outer loop
      vertex 1 1.79218 16.6457
      vertex 1 0 18
      vertex 1 1.75558 16.6315
    endloop
  endfacet
  facet normal 1 0 0
    outer loop
      vertex 1 1.75558 16.6315
      vertex 1 0 18
      vertex 1 1.71964 16.6157
    endloop
  endfacet
  facet normal 1 0 0
    outer loop
      vertex 1 1.71964 16.6157
      vertex 1 0 18
      vertex 1 1.68443 16.5983
    endloop
  endfacet
  facet normal 1 0 0
    outer loop
      vertex 1 1.20086 15.8393
      vertex 1 0 18
      vertex 1 1.2 15.8
    endloop
  endfacet
  facet normal 1 0 0
    outer loop
      vertex 1 1.20342 15.8784
      vertex 1 0 18
      vertex 1 1.20086 15.8393
    endloop
  endfacet
  facet normal 1 0 0
    outer loop
      vertex 1 1.2077 15.9175
      vertex 1 0 18
      vertex 1 1.20342 15.8784
    endloop
  endfacet
  facet normal 1 0 0
    outer loop
      vertex 1 1.21367 15.9563
      vertex 1 0 18
      vertex 1 1.2077 15.9175
    endloop
  endfacet
  facet normal 1 0 0
    outer loop
      vertex 1 1.22133 15.9948
      vertex 1 0 18
      vertex 1 1.21367 15.9563
    endloop
  endfacet
  facet normal 1 0 0
    outer loop
      vertex 1 1.23067 16.0329
      vertex 1 0 18
      vertex 1 1.22133 15.9948
    endloop
  endfacet
  facet normal 1 0 0
    outer loop
      vertex 1 1.24165 16.0706
      vertex 1 0 18
      vertex 1 1.23067 16.0329
    endloop
  endfacet
  facet normal 1 0 0
    outer loop
      vertex 1 1.25428 16.1078
      vertex 1 0 18
      vertex 1 1.24165 16.0706
    endloop
  endfacet
  facet normal 1 0 0
    outer loop
      vertex 1 1.26851 16.1444
      vertex 1 0 18
      vertex 1 1.25428 16.1078
    endloop
  endfacet
  facet normal 1 0 0
    outer loop
      vertex 1 1.28432 16.1804
      vertex 1 0 18
      vertex 1 1.26851 16.1444
    endloop
  endfacet
  facet normal 1 0 0
    outer loop
      vertex 1 1.30169 16.2156
      vertex 1 0 18
      vertex 1 1.28432 16.1804
    endloop
  endfacet
  facet normal 1 0 0
    outer loop
      vertex 1 1.32058 16.25
      vertex 1 0 18
      vertex 1 1.30169 16.2156
    endloop
  endfacet
  facet normal 1 0 0
    outer loop
      vertex 1 1.34095 16.2836
      vertex 1 0 18
      vertex 1 1.32058 16.25
    endloop
  endfacet
  facet normal 1 0 0
    outer loop
      vertex 1 1.36276 16.3162
      vertex 1 0 18
      vertex 1 1.34095 16.2836
    endloop
  endfacet
  facet normal 1 0 0
    outer loop
      vertex 1 1.38598 16.3479
      vertex 1 0 18
      vertex 1 1.36276 16.3162
    endloop
  endfacet
  facet normal 1 0 0
    outer loop
      vertex 1 1.41056 16.3785
      vertex 1 0 18
      vertex 1 1.38598 16.3479
    endloop
  endfacet
  facet normal 1 0 0
    outer loop
      vertex 1 1.43645 16.408
      vertex 1 0 18
      vertex 1 1.41056 16.3785
    endloop
  endfacet
  facet normal 1 0 0
    outer loop
      vertex 1 1.4636 16.4364
      vertex 1 0 18
      vertex 1 1.43645 16.408
    endloop
  endfacet
  facet normal 1 0 0
    outer loop
      vertex 1 1.49197 16.4635
      vertex 1 0 18
      vertex 1 1.4636 16.4364
    endloop
  endfacet
  facet normal 1 0 0
    outer loop
      vertex 1 1.52149 16.4894
      vertex 1 0 18
      vertex 1 1.49197 16.4635
    endloop
  endfacet
  facet normal 1 0 0
    outer loop
      vertex 1 1.55211 16.514
      vertex 1 0 18
      vertex 1 1.52149 16.4894
    endloop
  endfacet
  facet normal 1 0 0
    outer loop
      vertex 1 1.58378 16.5372
      vertex 1 0 18
      vertex 1 1.55211 16.514
    endloop
  endfacet
  facet normal 1 0 0
    outer loop
      vertex 1 1.61643 16.5591
      vertex 1 0 18
      vertex 1 1.58378 16.5372
    endloop
  endfacet
  facet normal 1 0 0
    outer loop
      vertex 1 1.65 16.5794
      vertex 1 0 18
      vertex 1 1.61643 16.5591
    endloop
  endfacet
  facet normal 1 0 0
    outer loop
      vertex 1 1.68443 16.5983
      vertex 1 0 18
      vertex 1 1.65 16.5794
    endloop
  endfacet
  facet normal 1 0 0
    outer loop
      vertex 1 24.2991 15.7607
      vertex 1 25.5 18
      vertex 1 24.3 15.8
    endloop
  endfacet
  facet normal 1 0 0
    outer loop
      vertex 1 25.5 18
      vertex 1 24.2991 15.8393
      vertex 1 24.3 15.8
    endloop
  endfacet
  facet normal 1 0 0
    outer loop
      vertex 1 25.5 18
      vertex 1 24.2966 15.8784
      vertex 1 24.2991 15.8393
    endloop
  endfacet
  facet normal 1 0 0
    outer loop
      vertex 1 25.5 18
      vertex 1 24.2923 15.9175
      vertex 1 24.2966 15.8784
    endloop
  endfacet
  facet normal 1 0 0
    outer loop
      vertex 1 25.5 18
      vertex 1 24.2863 15.9563
      vertex 1 24.2923 15.9175
    endloop
  endfacet
  facet normal 1 0 0
    outer loop
      vertex 1 25.5 18
      vertex 1 24.2787 15.9948
      vertex 1 24.2863 15.9563
    endloop
  endfacet
  facet normal 1 0 0
    outer loop
      vertex 1 25.5 18
      vertex 1 24.2693 16.0329
      vertex 1 24.2787 15.9948
    endloop
  endfacet
  facet normal 1 0 0
    outer loop
      vertex 1 25.5 18
      vertex 1 24.2583 16.0706
      vertex 1 24.2693 16.0329
    endloop
  endfacet
  facet normal 1 0 0
    outer loop
      vertex 1 25.5 18
      vertex 1 24.2457 16.1078
      vertex 1 24.2583 16.0706
    endloop
  endfacet
  facet normal 1 0 0
    outer loop
      vertex 1 25.5 18
      vertex 1 24.2315 16.1444
      vertex 1 24.2457 16.1078
    endloop
  endfacet
  facet normal 1 0 0
    outer loop
      vertex 1 25.5 18
      vertex 1 24.2157 16.1804
      vertex 1 24.2315 16.1444
    endloop
  endfacet
  facet normal 1 0 0
    outer loop
      vertex 1 25.5 18
      vertex 1 24.1983 16.2156
      vertex 1 24.2157 16.1804
    endloop
  endfacet
  facet normal 1 0 0
    outer loop
      vertex 1 25.5 18
      vertex 1 24.1794 16.25
      vertex 1 24.1983 16.2156
    endloop
  endfacet
  facet normal 1 0 0
    outer loop
      vertex 1 25.5 18
      vertex 1 24.1591 16.2836
      vertex 1 24.1794 16.25
    endloop
  endfacet
  facet normal 1 0 0
    outer loop
      vertex 1 25.5 18
      vertex 1 24.1372 16.3162
      vertex 1 24.1591 16.2836
    endloop
  endfacet
  facet normal 1 0 0
    outer loop
      vertex 1 25.5 18
      vertex 1 24.114 16.3479
      vertex 1 24.1372 16.3162
    endloop
  endfacet
  facet normal 1 0 0
    outer loop
      vertex 1 25.5 18
      vertex 1 24.0894 16.3785
      vertex 1 24.114 16.3479
    endloop
  endfacet
  facet normal 1 0 0
    outer loop
      vertex 1 25.5 18
      vertex 1 24.0635 16.408
      vertex 1 24.0894 16.3785
    endloop
  endfacet
  facet normal 1 0 0
    outer loop
      vertex 1 25.5 18
      vertex 1 24.0364 16.4364
      vertex 1 24.0635 16.408
    endloop
  endfacet
  facet normal 1 0 0
    outer loop
      vertex 1 25.5 18
      vertex 1 24.008 16.4635
      vertex 1 24.0364 16.4364
    endloop
  endfacet
  facet normal 1 0 0
    outer loop
      vertex 1 25.5 18
      vertex 1 23.9785 16.4894
      vertex 1 24.008 16.4635
    endloop
  endfacet
  facet normal 1 0 0
    outer loop
      vertex 1 25.5 18
      vertex 1 23.9479 16.514
      vertex 1 23.9785 16.4894
    endloop
  endfacet
  facet normal 1 0 0
    outer loop
      vertex 1 25.5 18
      vertex 1 23.9162 16.5372
      vertex 1 23.9479 16.514
    endloop
  endfacet
  facet normal 1 0 0
    outer loop
      vertex 1 25.5 18
      vertex 1 23.8836 16.5591
      vertex 1 23.9162 16.5372
    endloop
  endfacet
  facet normal 1 0 0
    outer loop
      vertex 1 25.5 18
      vertex 1 23.85 16.5794
      vertex 1 23.8836 16.5591
    endloop
  endfacet
  facet normal 1 0 0
    outer loop
      vertex 1 25.5 18
      vertex 1 23.8156 16.5983
      vertex 1 23.85 16.5794
    endloop
  endfacet
  facet normal 1 0 0
    outer loop
      vertex 1 25.5 18
      vertex 1 23.7804 16.6157
      vertex 1 23.8156 16.5983
    endloop
  endfacet
  facet normal 1 0 0
    outer loop
      vertex 1 25.5 18
      vertex 1 23.7444 16.6315
      vertex 1 23.7804 16.6157
    endloop
  endfacet
  facet normal 1 0 0
    outer loop
      vertex 1 25.5 18
      vertex 1 23.7078 16.6457
      vertex 1 23.7444 16.6315
    endloop
  endfacet
  facet normal 1 0 0
    outer loop
      vertex 1 25.5 18
      vertex 1 23.6706 16.6583
      vertex 1 23.7078 16.6457
    endloop
  endfacet
  facet normal 1 0 0
    outer loop
      vertex 1 25.5 18
      vertex 1 23.6329 16.6693
      vertex 1 23.6706 16.6583
    endloop
  endfacet
  facet normal 1 0 0
    outer loop
      vertex 1 25.5 18
      vertex 1 23.5948 16.6787
      vertex 1 23.6329 16.6693
    endloop
  endfacet
  facet normal 1 0 0
    outer loop
      vertex 1 25.5 18
      vertex 1 23.5563 16.6863
      vertex 1 23.5948 16.6787
    endloop
  endfacet
  facet normal 1 0 0
    outer loop
      vertex 1 25.5 18
      vertex 1 23.5175 16.6923
      vertex 1 23.5563 16.6863
    endloop
  endfacet
  facet normal 1 0 0
    outer loop
      vertex 1 25.5 18
      vertex 1 23.4784 16.6966
      vertex 1 23.5175 16.6923
    endloop
  endfacet
  facet normal 1 0 0
    outer loop
      vertex 1 25.5 18
      vertex 1 23.4393 16.6991
      vertex 1 23.4784 16.6966
    endloop
  endfacet
  facet normal 1 -0 0
    outer loop
      vertex 1 21.5 18
      vertex 1 23.4393 16.6991
      vertex 1 25.5 18
    endloop
  endfacet
  facet normal 1 0 0
    outer loop
      vertex 1 23.4393 16.6991
      vertex 1 21.5 18
      vertex 1 23.4 16.7
    endloop
  endfacet
  facet normal 1 0 0
    outer loop
      vertex 1 23.4 16.7
      vertex 1 21.5 18
      vertex 1 23.3607 16.6991
    endloop
  endfacet
  facet normal 1 0 0
    outer loop
      vertex 1 23.3607 16.6991
      vertex 1 21.5 18
      vertex 1 23.3216 16.6966
    endloop
  endfacet
  facet normal 1 0 0
    outer loop
      vertex 1 23.3216 16.6966
      vertex 1 21.5 18
      vertex 1 23.2825 16.6923
    endloop
  endfacet
  facet normal 1 0 0
    outer loop
      vertex 1 23.2825 16.6923
      vertex 1 21.5 18
      vertex 1 23.2437 16.6863
    endloop
  endfacet
  facet normal 1 0 0
    outer loop
      vertex 1 23.2437 16.6863
      vertex 1 21.5 18
      vertex 1 23.2052 16.6787
    endloop
  endfacet
  facet normal 1 0 0
    outer loop
      vertex 1 23.2052 16.6787
      vertex 1 21.5 18
      vertex 1 23.1671 16.6693
    endloop
  endfacet
  facet normal 1 0 0
    outer loop
      vertex 1 23.1671 16.6693
      vertex 1 21.5 18
      vertex 1 23.1294 16.6583
    endloop
  endfacet
  facet normal 1 0 0
    outer loop
      vertex 1 23.1294 16.6583
      vertex 1 21.5 18
      vertex 1 23.0922 16.6457
    endloop
  endfacet
  facet normal 1 0 0
    outer loop
      vertex 1 23.0922 16.6457
      vertex 1 21.5 18
      vertex 1 23.0556 16.6315
    endloop
  endfacet
  facet normal 1 0 0
    outer loop
      vertex 1 23.0556 16.6315
      vertex 1 21.5 18
      vertex 1 23.0196 16.6157
    endloop
  endfacet
  facet normal 1 0 0
    outer loop
      vertex 1 23.0196 16.6157
      vertex 1 21.5 18
      vertex 1 22.9844 16.5983
    endloop
  endfacet
  facet normal 1 0 0
    outer loop
      vertex 1 22.5009 15.8393
      vertex 1 21.5 18
      vertex 1 22.5 15.8
    endloop
  endfacet
  facet normal 1 0 0
    outer loop
      vertex 1 22.5034 15.8784
      vertex 1 21.5 18
      vertex 1 22.5009 15.8393
    endloop
  endfacet
  facet normal 1 0 0
    outer loop
      vertex 1 22.5077 15.9175
      vertex 1 21.5 18
      vertex 1 22.5034 15.8784
    endloop
  endfacet
  facet normal 1 0 0
    outer loop
      vertex 1 22.5137 15.9563
      vertex 1 21.5 18
      vertex 1 22.5077 15.9175
    endloop
  endfacet
  facet normal 1 0 0
    outer loop
      vertex 1 22.5213 15.9948
      vertex 1 21.5 18
      vertex 1 22.5137 15.9563
    endloop
  endfacet
  facet normal 1 0 0
    outer loop
      vertex 1 22.5307 16.0329
      vertex 1 21.5 18
      vertex 1 22.5213 15.9948
    endloop
  endfacet
  facet normal 1 0 0
    outer loop
      vertex 1 22.5417 16.0706
      vertex 1 21.5 18
      vertex 1 22.5307 16.0329
    endloop
  endfacet
  facet normal 1 0 0
    outer loop
      vertex 1 22.5543 16.1078
      vertex 1 21.5 18
      vertex 1 22.5417 16.0706
    endloop
  endfacet
  facet normal 1 0 0
    outer loop
      vertex 1 22.5685 16.1444
      vertex 1 21.5 18
      vertex 1 22.5543 16.1078
    endloop
  endfacet
  facet normal 1 0 0
    outer loop
      vertex 1 22.5843 16.1804
      vertex 1 21.5 18
      vertex 1 22.5685 16.1444
    endloop
  endfacet
  facet normal 1 0 0
    outer loop
      vertex 1 22.6017 16.2156
      vertex 1 21.5 18
      vertex 1 22.5843 16.1804
    endloop
  endfacet
  facet normal 1 0 0
    outer loop
      vertex 1 22.6206 16.25
      vertex 1 21.5 18
      vertex 1 22.6017 16.2156
    endloop
  endfacet
  facet normal 1 0 0
    outer loop
      vertex 1 22.6409 16.2836
      vertex 1 21.5 18
      vertex 1 22.6206 16.25
    endloop
  endfacet
  facet normal 1 0 0
    outer loop
      vertex 1 22.6628 16.3162
      vertex 1 21.5 18
      vertex 1 22.6409 16.2836
    endloop
  endfacet
  facet normal 1 0 0
    outer loop
      vertex 1 22.686 16.3479
      vertex 1 21.5 18
      vertex 1 22.6628 16.3162
    endloop
  endfacet
  facet normal 1 0 0
    outer loop
      vertex 1 22.7106 16.3785
      vertex 1 21.5 18
      vertex 1 22.686 16.3479
    endloop
  endfacet
  facet normal 1 0 0
    outer loop
      vertex 1 22.7365 16.408
      vertex 1 21.5 18
      vertex 1 22.7106 16.3785
    endloop
  endfacet
  facet normal 1 0 0
    outer loop
      vertex 1 22.7636 16.4364
      vertex 1 21.5 18
      vertex 1 22.7365 16.408
    endloop
  endfacet
  facet normal 1 0 0
    outer loop
      vertex 1 22.792 16.4635
      vertex 1 21.5 18
      vertex 1 22.7636 16.4364
    endloop
  endfacet
  facet normal 1 0 0
    outer loop
      vertex 1 22.8215 16.4894
      vertex 1 21.5 18
      vertex 1 22.792 16.4635
    endloop
  endfacet
  facet normal 1 0 0
    outer loop
      vertex 1 22.8521 16.514
      vertex 1 21.5 18
      vertex 1 22.8215 16.4894
    endloop
  endfacet
  facet normal 1 0 0
    outer loop
      vertex 1 22.8838 16.5372
      vertex 1 21.5 18
      vertex 1 22.8521 16.514
    endloop
  endfacet
  facet normal 1 0 0
    outer loop
      vertex 1 22.9164 16.5591
      vertex 1 21.5 18
      vertex 1 22.8838 16.5372
    endloop
  endfacet
  facet normal 1 0 0
    outer loop
      vertex 1 22.95 16.5794
      vertex 1 21.5 18
      vertex 1 22.9164 16.5591
    endloop
  endfacet
  facet normal 1 0 0
    outer loop
      vertex 1 22.9844 16.5983
      vertex 1 21.5 18
      vertex 1 22.95 16.5794
    endloop
  endfacet
  facet normal 1 -0 0
    outer loop
      vertex 1 25.5 4
      vertex 1 26 0
      vertex 1 26 4
    endloop
  endfacet
  facet normal 1 0 0
    outer loop
      vertex 1 24.2966 15.7216
      vertex 1 25.5 18
      vertex 1 24.2991 15.7607
    endloop
  endfacet
  facet normal 1 0 0
    outer loop
      vertex 1 24.2923 15.6825
      vertex 1 25.5 18
      vertex 1 24.2966 15.7216
    endloop
  endfacet
  facet normal 1 0 0
    outer loop
      vertex 1 24.2863 15.6437
      vertex 1 25.5 18
      vertex 1 24.2923 15.6825
    endloop
  endfacet
  facet normal 1 0 0
    outer loop
      vertex 1 24.2787 15.6052
      vertex 1 25.5 18
      vertex 1 24.2863 15.6437
    endloop
  endfacet
  facet normal 1 0 0
    outer loop
      vertex 1 24.2693 15.5671
      vertex 1 25.5 18
      vertex 1 24.2787 15.6052
    endloop
  endfacet
  facet normal 1 0 0
    outer loop
      vertex 1 24.2583 15.5294
      vertex 1 25.5 18
      vertex 1 24.2693 15.5671
    endloop
  endfacet
  facet normal 1 0 0
    outer loop
      vertex 1 24.2457 15.4922
      vertex 1 25.5 18
      vertex 1 24.2583 15.5294
    endloop
  endfacet
  facet normal 1 0 0
    outer loop
      vertex 1 25.5 18
      vertex 1 24.2457 15.4922
      vertex 1 25.5 4
    endloop
  endfacet
  facet normal 1 -0 0
    outer loop
      vertex 1 24.2315 15.4556
      vertex 1 25.5 4
      vertex 1 24.2457 15.4922
    endloop
  endfacet
  facet normal 1 -0 0
    outer loop
      vertex 1 24.2157 15.4196
      vertex 1 25.5 4
      vertex 1 24.2315 15.4556
    endloop
  endfacet
  facet normal 1 -0 0
    outer loop
      vertex 1 24.1983 15.3844
      vertex 1 25.5 4
      vertex 1 24.2157 15.4196
    endloop
  endfacet
  facet normal 1 -0 0
    outer loop
      vertex 1 24.1794 15.35
      vertex 1 25.5 4
      vertex 1 24.1983 15.3844
    endloop
  endfacet
  facet normal 1 -0 0
    outer loop
      vertex 1 24.1591 15.3164
      vertex 1 25.5 4
      vertex 1 24.1794 15.35
    endloop
  endfacet
  facet normal 1 -0 0
    outer loop
      vertex 1 24.1372 15.2838
      vertex 1 25.5 4
      vertex 1 24.1591 15.3164
    endloop
  endfacet
  facet normal 1 -0 0
    outer loop
      vertex 1 24.114 15.2521
      vertex 1 25.5 4
      vertex 1 24.1372 15.2838
    endloop
  endfacet
  facet normal 1 -0 0
    outer loop
      vertex 1 24.0894 15.2215
      vertex 1 25.5 4
      vertex 1 24.114 15.2521
    endloop
  endfacet
  facet normal 1 -0 0
    outer loop
      vertex 1 24.0635 15.192
      vertex 1 25.5 4
      vertex 1 24.0894 15.2215
    endloop
  endfacet
  facet normal 1 -0 0
    outer loop
      vertex 1 24.0364 15.1636
      vertex 1 25.5 4
      vertex 1 24.0635 15.192
    endloop
  endfacet
  facet normal 1 -0 0
    outer loop
      vertex 1 24.008 15.1364
      vertex 1 25.5 4
      vertex 1 24.0364 15.1636
    endloop
  endfacet
  facet normal 1 -0 0
    outer loop
      vertex 1 23.9785 15.1106
      vertex 1 25.5 4
      vertex 1 24.008 15.1364
    endloop
  endfacet
  facet normal 1 -0 0
    outer loop
      vertex 1 23.9479 15.086
      vertex 1 25.5 4
      vertex 1 23.9785 15.1106
    endloop
  endfacet
  facet normal 1 -0 0
    outer loop
      vertex 1 23.9162 15.0628
      vertex 1 25.5 4
      vertex 1 23.9479 15.086
    endloop
  endfacet
  facet normal 1 -0 0
    outer loop
      vertex 1 23.8836 15.0409
      vertex 1 25.5 4
      vertex 1 23.9162 15.0628
    endloop
  endfacet
  facet normal 1 -0 0
    outer loop
      vertex 1 23.85 15.0206
      vertex 1 25.5 4
      vertex 1 23.8836 15.0409
    endloop
  endfacet
  facet normal 1 -0 0
    outer loop
      vertex 1 23.8156 15.0017
      vertex 1 25.5 4
      vertex 1 23.85 15.0206
    endloop
  endfacet
  facet normal 1 -0 0
    outer loop
      vertex 1 23.7804 14.9843
      vertex 1 25.5 4
      vertex 1 23.8156 15.0017
    endloop
  endfacet
  facet normal 1 -0 0
    outer loop
      vertex 1 23.7444 14.9685
      vertex 1 25.5 4
      vertex 1 23.7804 14.9843
    endloop
  endfacet
  facet normal 1 -0 0
    outer loop
      vertex 1 23.7078 14.9543
      vertex 1 25.5 4
      vertex 1 23.7444 14.9685
    endloop
  endfacet
  facet normal 1 -0 0
    outer loop
      vertex 1 23.6706 14.9417
      vertex 1 25.5 4
      vertex 1 23.7078 14.9543
    endloop
  endfacet
  facet normal 1 -0 0
    outer loop
      vertex 1 23.6329 14.9307
      vertex 1 25.5 4
      vertex 1 23.6706 14.9417
    endloop
  endfacet
  facet normal 1 -0 0
    outer loop
      vertex 1 23.5948 14.9213
      vertex 1 25.5 4
      vertex 1 23.6329 14.9307
    endloop
  endfacet
  facet normal 1 -0 0
    outer loop
      vertex 1 23.5563 14.9137
      vertex 1 25.5 4
      vertex 1 23.5948 14.9213
    endloop
  endfacet
  facet normal 1 -0 0
    outer loop
      vertex 1 23.5175 14.9077
      vertex 1 25.5 4
      vertex 1 23.5563 14.9137
    endloop
  endfacet
  facet normal 1 -0 0
    outer loop
      vertex 1 23.4784 14.9034
      vertex 1 25.5 4
      vertex 1 23.5175 14.9077
    endloop
  endfacet
  facet normal 1 -0 0
    outer loop
      vertex 1 23.4393 14.9009
      vertex 1 25.5 4
      vertex 1 23.4784 14.9034
    endloop
  endfacet
  facet normal 1 0 0
    outer loop
      vertex 1 25.5 4
      vertex 1 23.4393 14.9009
      vertex 1 21.5 4
    endloop
  endfacet
  facet normal 1 0 0
    outer loop
      vertex 1 21.5 4
      vertex 1 23.4393 14.9009
      vertex 1 23.4 14.9
    endloop
  endfacet
  facet normal 1 0 0
    outer loop
      vertex 1 21.5 4
      vertex 1 23.4 14.9
      vertex 1 23.3607 14.9009
    endloop
  endfacet
  facet normal 1 0 0
    outer loop
      vertex 1 21.5 4
      vertex 1 23.3607 14.9009
      vertex 1 23.3216 14.9034
    endloop
  endfacet
  facet normal 1 0 0
    outer loop
      vertex 1 21.5 4
      vertex 1 23.3216 14.9034
      vertex 1 23.2825 14.9077
    endloop
  endfacet
  facet normal 1 0 0
    outer loop
      vertex 1 21.5 4
      vertex 1 23.2825 14.9077
      vertex 1 23.2437 14.9137
    endloop
  endfacet
  facet normal 1 0 0
    outer loop
      vertex 1 21.5 4
      vertex 1 23.2437 14.9137
      vertex 1 23.2052 14.9213
    endloop
  endfacet
  facet normal 1 0 0
    outer loop
      vertex 1 21.5 4
      vertex 1 23.2052 14.9213
      vertex 1 23.1671 14.9307
    endloop
  endfacet
  facet normal 1 0 0
    outer loop
      vertex 1 21.5 4
      vertex 1 23.1671 14.9307
      vertex 1 23.1294 14.9417
    endloop
  endfacet
  facet normal 1 0 0
    outer loop
      vertex 1 21.5 4
      vertex 1 23.1294 14.9417
      vertex 1 23.0922 14.9543
    endloop
  endfacet
  facet normal 1 0 0
    outer loop
      vertex 1 21.5 4
      vertex 1 23.0922 14.9543
      vertex 1 23.0556 14.9685
    endloop
  endfacet
  facet normal 1 0 0
    outer loop
      vertex 1 21.5 4
      vertex 1 23.0556 14.9685
      vertex 1 23.0196 14.9843
    endloop
  endfacet
  facet normal 1 0 0
    outer loop
      vertex 1 21.5 4
      vertex 1 23.0196 14.9843
      vertex 1 22.9844 15.0017
    endloop
  endfacet
  facet normal 1 0 0
    outer loop
      vertex 1 21.5 4
      vertex 1 22.9844 15.0017
      vertex 1 22.95 15.0206
    endloop
  endfacet
  facet normal 1 0 0
    outer loop
      vertex 1 21.5 4
      vertex 1 22.95 15.0206
      vertex 1 22.9164 15.0409
    endloop
  endfacet
  facet normal 1 0 0
    outer loop
      vertex 1 21.5 4
      vertex 1 22.9164 15.0409
      vertex 1 22.8838 15.0628
    endloop
  endfacet
  facet normal 1 0 0
    outer loop
      vertex 1 21.5 4
      vertex 1 22.8838 15.0628
      vertex 1 22.8521 15.086
    endloop
  endfacet
  facet normal 1 0 0
    outer loop
      vertex 1 21.5 4
      vertex 1 22.8521 15.086
      vertex 1 22.8215 15.1106
    endloop
  endfacet
  facet normal 1 0 0
    outer loop
      vertex 1 21.5 4
      vertex 1 22.8215 15.1106
      vertex 1 22.792 15.1364
    endloop
  endfacet
  facet normal 1 0 0
    outer loop
      vertex 1 21.5 4
      vertex 1 22.792 15.1364
      vertex 1 22.7636 15.1636
    endloop
  endfacet
  facet normal 1 0 0
    outer loop
      vertex 1 21.5 4
      vertex 1 22.7636 15.1636
      vertex 1 22.7365 15.192
    endloop
  endfacet
  facet normal 1 0 0
    outer loop
      vertex 1 21.5 4
      vertex 1 22.7365 15.192
      vertex 1 22.7106 15.2215
    endloop
  endfacet
  facet normal 1 0 0
    outer loop
      vertex 1 21.5 4
      vertex 1 22.7106 15.2215
      vertex 1 22.686 15.2521
    endloop
  endfacet
  facet normal 1 0 0
    outer loop
      vertex 1 21.5 4
      vertex 1 22.686 15.2521
      vertex 1 22.6628 15.2838
    endloop
  endfacet
  facet normal 1 0 0
    outer loop
      vertex 1 21.5 4
      vertex 1 22.6628 15.2838
      vertex 1 22.6409 15.3164
    endloop
  endfacet
  facet normal 1 0 0
    outer loop
      vertex 1 21.5 4
      vertex 1 22.6409 15.3164
      vertex 1 22.6206 15.35
    endloop
  endfacet
  facet normal 1 0 0
    outer loop
      vertex 1 21.5 4
      vertex 1 22.6206 15.35
      vertex 1 22.6017 15.3844
    endloop
  endfacet
  facet normal 1 0 0
    outer loop
      vertex 1 21.5 4
      vertex 1 22.6017 15.3844
      vertex 1 22.5843 15.4196
    endloop
  endfacet
  facet normal 1 0 0
    outer loop
      vertex 1 21.5 4
      vertex 1 22.5843 15.4196
      vertex 1 22.5685 15.4556
    endloop
  endfacet
  facet normal 1 0 0
    outer loop
      vertex 1 21.5 4
      vertex 1 22.5685 15.4556
      vertex 1 22.5543 15.4922
    endloop
  endfacet
  facet normal 1 0 0
    outer loop
      vertex 1 21.5 4
      vertex 1 22.5543 15.4922
      vertex 1 22.5417 15.5294
    endloop
  endfacet
  facet normal 1 0 0
    outer loop
      vertex 1 21.5 18
      vertex 1 22.5417 15.5294
      vertex 1 22.5307 15.5671
    endloop
  endfacet
  facet normal 1 0 0
    outer loop
      vertex 1 21.5 18
      vertex 1 22.5307 15.5671
      vertex 1 22.5213 15.6052
    endloop
  endfacet
  facet normal 1 0 0
    outer loop
      vertex 1 21.5 18
      vertex 1 22.5009 15.7607
      vertex 1 22.5 15.8
    endloop
  endfacet
  facet normal 1 0 0
    outer loop
      vertex 1 21.5 18
      vertex 1 22.5034 15.7216
      vertex 1 22.5009 15.7607
    endloop
  endfacet
  facet normal 1 0 0
    outer loop
      vertex 1 21.5 18
      vertex 1 22.5077 15.6825
      vertex 1 22.5034 15.7216
    endloop
  endfacet
  facet normal 1 0 0
    outer loop
      vertex 1 21.5 18
      vertex 1 22.5137 15.6437
      vertex 1 22.5077 15.6825
    endloop
  endfacet
  facet normal 1 0 0
    outer loop
      vertex 1 21.5 18
      vertex 1 22.5213 15.6052
      vertex 1 22.5137 15.6437
    endloop
  endfacet
  facet normal 1 0 0
    outer loop
      vertex 1 22.5417 15.5294
      vertex 1 21.5 18
      vertex 1 21.5 4
    endloop
  endfacet
  facet normal 1 0 0
    outer loop
      vertex 1 25.5 4
      vertex 1 21.5 4
      vertex 1 26 0
    endloop
  endfacet
  facet normal 1 0 0
    outer loop
      vertex 1 0 0
      vertex 1 21.5 4
      vertex 1 4 4
    endloop
  endfacet
  facet normal 1 0 0
    outer loop
      vertex 1 2.99657 15.7216
      vertex 1 4 18
      vertex 1 2.99914 15.7607
    endloop
  endfacet
  facet normal 1 0 0
    outer loop
      vertex 1 2.9923 15.6825
      vertex 1 4 18
      vertex 1 2.99657 15.7216
    endloop
  endfacet
  facet normal 1 0 0
    outer loop
      vertex 1 2.98633 15.6437
      vertex 1 4 18
      vertex 1 2.9923 15.6825
    endloop
  endfacet
  facet normal 1 0 0
    outer loop
      vertex 1 2.97867 15.6052
      vertex 1 4 18
      vertex 1 2.98633 15.6437
    endloop
  endfacet
  facet normal 1 0 0
    outer loop
      vertex 1 2.96933 15.5671
      vertex 1 4 18
      vertex 1 2.97867 15.6052
    endloop
  endfacet
  facet normal 1 0 0
    outer loop
      vertex 1 2.95834 15.5294
      vertex 1 4 18
      vertex 1 2.96933 15.5671
    endloop
  endfacet
  facet normal 1 0 0
    outer loop
      vertex 1 4 18
      vertex 1 2.95834 15.5294
      vertex 1 4 4
    endloop
  endfacet
  facet normal 1 -0 0
    outer loop
      vertex 1 2.94572 15.4922
      vertex 1 4 4
      vertex 1 2.95834 15.5294
    endloop
  endfacet
  facet normal 1 -0 0
    outer loop
      vertex 1 2.93149 15.4556
      vertex 1 4 4
      vertex 1 2.94572 15.4922
    endloop
  endfacet
  facet normal 1 -0 0
    outer loop
      vertex 1 2.91568 15.4196
      vertex 1 4 4
      vertex 1 2.93149 15.4556
    endloop
  endfacet
  facet normal 1 -0 0
    outer loop
      vertex 1 2.89831 15.3844
      vertex 1 4 4
      vertex 1 2.91568 15.4196
    endloop
  endfacet
  facet normal 1 -0 0
    outer loop
      vertex 1 2.87942 15.35
      vertex 1 4 4
      vertex 1 2.89831 15.3844
    endloop
  endfacet
  facet normal 1 -0 0
    outer loop
      vertex 1 2.85905 15.3164
      vertex 1 4 4
      vertex 1 2.87942 15.35
    endloop
  endfacet
  facet normal 1 -0 0
    outer loop
      vertex 1 2.83724 15.2838
      vertex 1 4 4
      vertex 1 2.85905 15.3164
    endloop
  endfacet
  facet normal 1 -0 0
    outer loop
      vertex 1 2.81402 15.2521
      vertex 1 4 4
      vertex 1 2.83724 15.2838
    endloop
  endfacet
  facet normal 1 -0 0
    outer loop
      vertex 1 2.78944 15.2215
      vertex 1 4 4
      vertex 1 2.81402 15.2521
    endloop
  endfacet
  facet normal 1 -0 0
    outer loop
      vertex 1 2.76355 15.192
      vertex 1 4 4
      vertex 1 2.78944 15.2215
    endloop
  endfacet
  facet normal 1 -0 0
    outer loop
      vertex 1 2.7364 15.1636
      vertex 1 4 4
      vertex 1 2.76355 15.192
    endloop
  endfacet
  facet normal 1 -0 0
    outer loop
      vertex 1 2.70803 15.1364
      vertex 1 4 4
      vertex 1 2.7364 15.1636
    endloop
  endfacet
  facet normal 1 -0 0
    outer loop
      vertex 1 2.67851 15.1106
      vertex 1 4 4
      vertex 1 2.70803 15.1364
    endloop
  endfacet
  facet normal 1 -0 0
    outer loop
      vertex 1 2.64788 15.086
      vertex 1 4 4
      vertex 1 2.67851 15.1106
    endloop
  endfacet
  facet normal 1 -0 0
    outer loop
      vertex 1 2.61622 15.0628
      vertex 1 4 4
      vertex 1 2.64788 15.086
    endloop
  endfacet
  facet normal 1 -0 0
    outer loop
      vertex 1 2.58357 15.0409
      vertex 1 4 4
      vertex 1 2.61622 15.0628
    endloop
  endfacet
  facet normal 1 -0 0
    outer loop
      vertex 1 2.55 15.0206
      vertex 1 4 4
      vertex 1 2.58357 15.0409
    endloop
  endfacet
  facet normal 1 -0 0
    outer loop
      vertex 1 2.51557 15.0017
      vertex 1 4 4
      vertex 1 2.55 15.0206
    endloop
  endfacet
  facet normal 1 -0 0
    outer loop
      vertex 1 2.48036 14.9843
      vertex 1 4 4
      vertex 1 2.51557 15.0017
    endloop
  endfacet
  facet normal 1 -0 0
    outer loop
      vertex 1 2.44441 14.9685
      vertex 1 4 4
      vertex 1 2.48036 14.9843
    endloop
  endfacet
  facet normal 1 -0 0
    outer loop
      vertex 1 2.40782 14.9543
      vertex 1 4 4
      vertex 1 2.44441 14.9685
    endloop
  endfacet
  facet normal 1 -0 0
    outer loop
      vertex 1 2.37064 14.9417
      vertex 1 4 4
      vertex 1 2.40782 14.9543
    endloop
  endfacet
  facet normal 1 -0 0
    outer loop
      vertex 1 2.33294 14.9307
      vertex 1 4 4
      vertex 1 2.37064 14.9417
    endloop
  endfacet
  facet normal 1 -0 0
    outer loop
      vertex 1 2.2948 14.9213
      vertex 1 4 4
      vertex 1 2.33294 14.9307
    endloop
  endfacet
  facet normal 1 -0 0
    outer loop
      vertex 1 2.25628 14.9137
      vertex 1 4 4
      vertex 1 2.2948 14.9213
    endloop
  endfacet
  facet normal 1 -0 0
    outer loop
      vertex 1 2.21747 14.9077
      vertex 1 4 4
      vertex 1 2.25628 14.9137
    endloop
  endfacet
  facet normal 1 -0 0
    outer loop
      vertex 1 2.17844 14.9034
      vertex 1 4 4
      vertex 1 2.21747 14.9077
    endloop
  endfacet
  facet normal 1 -0 0
    outer loop
      vertex 1 2.13926 14.9009
      vertex 1 4 4
      vertex 1 2.17844 14.9034
    endloop
  endfacet
  facet normal 1 -0 0
    outer loop
      vertex 1 2.1 14.9
      vertex 1 4 4
      vertex 1 2.13926 14.9009
    endloop
  endfacet
  facet normal 1 0 0
    outer loop
      vertex 1 2.06074 14.9009
      vertex 1 4 4
      vertex 1 2.1 14.9
    endloop
  endfacet
  facet normal 1 0 0
    outer loop
      vertex 1 2.02156 14.9034
      vertex 1 4 4
      vertex 1 2.06074 14.9009
    endloop
  endfacet
  facet normal 1 0 0
    outer loop
      vertex 1 1.98253 14.9077
      vertex 1 4 4
      vertex 1 2.02156 14.9034
    endloop
  endfacet
  facet normal 1 0 0
    outer loop
      vertex 1 1.94372 14.9137
      vertex 1 4 4
      vertex 1 1.98253 14.9077
    endloop
  endfacet
  facet normal 1 0 0
    outer loop
      vertex 1 1.9052 14.9213
      vertex 1 4 4
      vertex 1 1.94372 14.9137
    endloop
  endfacet
  facet normal 1 0 0
    outer loop
      vertex 1 1.86706 14.9307
      vertex 1 4 4
      vertex 1 1.9052 14.9213
    endloop
  endfacet
  facet normal 1 0 0
    outer loop
      vertex 1 1.82936 14.9417
      vertex 1 4 4
      vertex 1 1.86706 14.9307
    endloop
  endfacet
  facet normal 1 0 0
    outer loop
      vertex 1 1.79218 14.9543
      vertex 1 4 4
      vertex 1 1.82936 14.9417
    endloop
  endfacet
  facet normal 1 0 0
    outer loop
      vertex 1 1.75558 14.9685
      vertex 1 4 4
      vertex 1 1.79218 14.9543
    endloop
  endfacet
  facet normal 1 0 0
    outer loop
      vertex 1 1.71964 14.9843
      vertex 1 4 4
      vertex 1 1.75558 14.9685
    endloop
  endfacet
  facet normal 1 0 0
    outer loop
      vertex 1 1.68443 15.0017
      vertex 1 4 4
      vertex 1 1.71964 14.9843
    endloop
  endfacet
  facet normal 1 0 0
    outer loop
      vertex 1 1.65 15.0206
      vertex 1 4 4
      vertex 1 1.68443 15.0017
    endloop
  endfacet
  facet normal 1 0 0
    outer loop
      vertex 1 1.61643 15.0409
      vertex 1 4 4
      vertex 1 1.65 15.0206
    endloop
  endfacet
  facet normal 1 0 0
    outer loop
      vertex 1 1.58378 15.0628
      vertex 1 4 4
      vertex 1 1.61643 15.0409
    endloop
  endfacet
  facet normal 1 0 0
    outer loop
      vertex 1 1.55211 15.086
      vertex 1 4 4
      vertex 1 1.58378 15.0628
    endloop
  endfacet
  facet normal 1 0 0
    outer loop
      vertex 1 1.52149 15.1106
      vertex 1 4 4
      vertex 1 1.55211 15.086
    endloop
  endfacet
  facet normal 1 0 0
    outer loop
      vertex 1 0 0
      vertex 1 1.52149 15.1106
      vertex 1 1.49197 15.1364
    endloop
  endfacet
  facet normal 1 0 0
    outer loop
      vertex 1 0 0
      vertex 1 1.49197 15.1364
      vertex 1 1.4636 15.1636
    endloop
  endfacet
  facet normal 1 0 0
    outer loop
      vertex 1 0 0
      vertex 1 1.4636 15.1636
      vertex 1 1.43645 15.192
    endloop
  endfacet
  facet normal 1 0 0
    outer loop
      vertex 1 0 0
      vertex 1 1.43645 15.192
      vertex 1 1.41056 15.2215
    endloop
  endfacet
  facet normal 1 0 0
    outer loop
      vertex 1 0 0
      vertex 1 1.41056 15.2215
      vertex 1 1.38598 15.2521
    endloop
  endfacet
  facet normal 1 0 0
    outer loop
      vertex 1 0 0
      vertex 1 1.38598 15.2521
      vertex 1 1.36276 15.2838
    endloop
  endfacet
  facet normal 1 0 0
    outer loop
      vertex 1 0 0
      vertex 1 1.36276 15.2838
      vertex 1 1.34095 15.3164
    endloop
  endfacet
  facet normal 1 0 0
    outer loop
      vertex 1 0 0
      vertex 1 1.34095 15.3164
      vertex 1 1.32058 15.35
    endloop
  endfacet
  facet normal 1 0 0
    outer loop
      vertex 1 0 0
      vertex 1 1.32058 15.35
      vertex 1 1.30169 15.3844
    endloop
  endfacet
  facet normal 1 0 0
    outer loop
      vertex 1 0 0
      vertex 1 1.30169 15.3844
      vertex 1 1.28432 15.4196
    endloop
  endfacet
  facet normal 1 0 0
    outer loop
      vertex 1 0 0
      vertex 1 1.28432 15.4196
      vertex 1 1.26851 15.4556
    endloop
  endfacet
  facet normal 1 0 0
    outer loop
      vertex 1 0 18
      vertex 1 1.26851 15.4556
      vertex 1 1.25428 15.4922
    endloop
  endfacet
  facet normal 1 0 0
    outer loop
      vertex 1 0 18
      vertex 1 1.25428 15.4922
      vertex 1 1.24165 15.5294
    endloop
  endfacet
  facet normal 1 0 0
    outer loop
      vertex 1 0 18
      vertex 1 1.24165 15.5294
      vertex 1 1.23067 15.5671
    endloop
  endfacet
  facet normal 1 0 0
    outer loop
      vertex 1 0 18
      vertex 1 1.23067 15.5671
      vertex 1 1.22133 15.6052
    endloop
  endfacet
  facet normal 1 0 0
    outer loop
      vertex 1 0 18
      vertex 1 1.20086 15.7607
      vertex 1 1.2 15.8
    endloop
  endfacet
  facet normal 1 0 0
    outer loop
      vertex 1 0 18
      vertex 1 1.20342 15.7216
      vertex 1 1.20086 15.7607
    endloop
  endfacet
  facet normal 1 0 0
    outer loop
      vertex 1 0 18
      vertex 1 1.2077 15.6825
      vertex 1 1.20342 15.7216
    endloop
  endfacet
  facet normal 1 0 0
    outer loop
      vertex 1 0 18
      vertex 1 1.21367 15.6437
      vertex 1 1.2077 15.6825
    endloop
  endfacet
  facet normal 1 0 0
    outer loop
      vertex 1 0 18
      vertex 1 1.22133 15.6052
      vertex 1 1.21367 15.6437
    endloop
  endfacet
  facet normal 1 0 0
    outer loop
      vertex 1 1.26851 15.4556
      vertex 1 0 18
      vertex 1 0 0
    endloop
  endfacet
  facet normal 1 0 0
    outer loop
      vertex 1 21.5 4
      vertex 1 0 0
      vertex 1 26 0
    endloop
  endfacet
  facet normal 1 0 0
    outer loop
      vertex 1 1.52149 15.1106
      vertex 1 0 0
      vertex 1 4 4
    endloop
  endfacet
  facet normal 1 -0 0
    outer loop
      vertex 1 33.7525 5.56383
      vertex 1 33.9 -1.6727
      vertex 1 33.9 5.67271
    endloop
  endfacet
  facet normal 1 0 0
    outer loop
      vertex 1 33.7525 5.56383
      vertex 1 33.7525 -1.56382
      vertex 1 33.9 -1.6727
    endloop
  endfacet
  facet normal 1 -0 0
    outer loop
      vertex 1 33.627 5.46344
      vertex 1 33.7525 -1.56382
      vertex 1 33.7525 5.56383
    endloop
  endfacet
  facet normal 1 -0 0
    outer loop
      vertex 1 33.6042 5.44444
      vertex 1 33.7525 -1.56382
      vertex 1 33.627 5.46344
    endloop
  endfacet
  facet normal 1 0 0
    outer loop
      vertex 1 33.6042 5.44444
      vertex 1 33.6042 -1.44443
      vertex 1 33.7525 -1.56382
    endloop
  endfacet
  facet normal 1 -0 0
    outer loop
      vertex 1 31 4.5
      vertex 1 33.6042 -1.44443
      vertex 1 33.6042 5.44444
    endloop
  endfacet
  facet normal 1 0 0
    outer loop
      vertex 1 31 4.5
      vertex 1 31 -0.499995
      vertex 1 33.6042 -1.44443
    endloop
  endfacet
  facet normal 1 0 0
    outer loop
      vertex 1 26 4
      vertex 1 31 4.5
      vertex 1 26 4.5
    endloop
  endfacet
  facet normal 1 0 0
    outer loop
      vertex 1 31 4.5
      vertex 1 26 4
      vertex 1 31 -0.499995
    endloop
  endfacet
  facet normal 1 -0 0
    outer loop
      vertex 1 26 0
      vertex 1 31 -0.499995
      vertex 1 26 4
    endloop
  endfacet
  facet normal 1 0 0
    outer loop
      vertex 1 31 -0.499995
      vertex 1 26 0
      vertex 1 26 -0.499995
    endloop
  endfacet
  facet normal -0 0 1
    outer loop
      vertex -1 21.5 4
      vertex 1 4 4
      vertex 1 21.5 4
    endloop
  endfacet
  facet normal 0 0 1
    outer loop
      vertex 1 4 4
      vertex -1 21.5 4
      vertex -1 4 4
    endloop
  endfacet
  facet normal 0 0 -1
    outer loop
      vertex -1 0 0
      vertex 1 26 0
      vertex 1 0 0
    endloop
  endfacet
  facet normal -0 0 -1
    outer loop
      vertex 1 26 0
      vertex -1 0 0
      vertex -1 26 0
    endloop
  endfacet
  facet normal -1 0 0
    outer loop
      vertex -1 26 0
      vertex -1 25.5 4
      vertex -1 26 4
    endloop
  endfacet
  facet normal -1 0 0
    outer loop
      vertex -1 24.2457 15.4922
      vertex -1 25.5 18
      vertex -1 25.5 4
    endloop
  endfacet
  facet normal -1 0 0
    outer loop
      vertex -1 25.5 18
      vertex -1 24.2991 15.7607
      vertex -1 24.3 15.8
    endloop
  endfacet
  facet normal -1 0 0
    outer loop
      vertex -1 25.5 18
      vertex -1 24.2966 15.7216
      vertex -1 24.2991 15.7607
    endloop
  endfacet
  facet normal -1 0 0
    outer loop
      vertex -1 25.5 18
      vertex -1 24.2923 15.6825
      vertex -1 24.2966 15.7216
    endloop
  endfacet
  facet normal -1 0 0
    outer loop
      vertex -1 25.5 18
      vertex -1 24.2863 15.6437
      vertex -1 24.2923 15.6825
    endloop
  endfacet
  facet normal -1 0 0
    outer loop
      vertex -1 25.5 18
      vertex -1 24.2787 15.6052
      vertex -1 24.2863 15.6437
    endloop
  endfacet
  facet normal -1 0 0
    outer loop
      vertex -1 25.5 18
      vertex -1 24.2693 15.5671
      vertex -1 24.2787 15.6052
    endloop
  endfacet
  facet normal -1 0 0
    outer loop
      vertex -1 25.5 18
      vertex -1 24.2583 15.5294
      vertex -1 24.2693 15.5671
    endloop
  endfacet
  facet normal -1 0 0
    outer loop
      vertex -1 25.5 18
      vertex -1 24.2457 15.4922
      vertex -1 24.2583 15.5294
    endloop
  endfacet
  facet normal -1 0 0
    outer loop
      vertex -1 25.5 4
      vertex -1 24.2315 15.4556
      vertex -1 24.2457 15.4922
    endloop
  endfacet
  facet normal -1 0 0
    outer loop
      vertex -1 25.5 4
      vertex -1 24.2157 15.4196
      vertex -1 24.2315 15.4556
    endloop
  endfacet
  facet normal -1 0 0
    outer loop
      vertex -1 25.5 4
      vertex -1 24.1983 15.3844
      vertex -1 24.2157 15.4196
    endloop
  endfacet
  facet normal -1 0 0
    outer loop
      vertex -1 25.5 4
      vertex -1 24.1794 15.35
      vertex -1 24.1983 15.3844
    endloop
  endfacet
  facet normal -1 0 0
    outer loop
      vertex -1 25.5 4
      vertex -1 24.1591 15.3164
      vertex -1 24.1794 15.35
    endloop
  endfacet
  facet normal -1 0 0
    outer loop
      vertex -1 25.5 4
      vertex -1 24.1372 15.2838
      vertex -1 24.1591 15.3164
    endloop
  endfacet
  facet normal -1 0 0
    outer loop
      vertex -1 25.5 4
      vertex -1 24.114 15.2521
      vertex -1 24.1372 15.2838
    endloop
  endfacet
  facet normal -1 0 0
    outer loop
      vertex -1 25.5 4
      vertex -1 24.0894 15.2215
      vertex -1 24.114 15.2521
    endloop
  endfacet
  facet normal -1 0 0
    outer loop
      vertex -1 21.5 4
      vertex -1 25.5 4
      vertex -1 26 0
    endloop
  endfacet
  facet normal -1 0 0
    outer loop
      vertex -1 25.5 4
      vertex -1 24.0635 15.192
      vertex -1 24.0894 15.2215
    endloop
  endfacet
  facet normal -1 0 0
    outer loop
      vertex -1 25.5 4
      vertex -1 24.0364 15.1636
      vertex -1 24.0635 15.192
    endloop
  endfacet
  facet normal -1 0 0
    outer loop
      vertex -1 25.5 4
      vertex -1 24.008 15.1364
      vertex -1 24.0364 15.1636
    endloop
  endfacet
  facet normal -1 0 0
    outer loop
      vertex -1 25.5 4
      vertex -1 23.9785 15.1106
      vertex -1 24.008 15.1364
    endloop
  endfacet
  facet normal -1 0 0
    outer loop
      vertex -1 25.5 4
      vertex -1 23.9479 15.086
      vertex -1 23.9785 15.1106
    endloop
  endfacet
  facet normal -1 0 -0
    outer loop
      vertex -1 23.4393 14.9009
      vertex -1 25.5 4
      vertex -1 21.5 4
    endloop
  endfacet
  facet normal -1 0 0
    outer loop
      vertex -1 25.5 4
      vertex -1 23.9162 15.0628
      vertex -1 23.9479 15.086
    endloop
  endfacet
  facet normal -1 0 0
    outer loop
      vertex -1 25.5 4
      vertex -1 23.8836 15.0409
      vertex -1 23.9162 15.0628
    endloop
  endfacet
  facet normal -1 0 0
    outer loop
      vertex -1 25.5 4
      vertex -1 23.85 15.0206
      vertex -1 23.8836 15.0409
    endloop
  endfacet
  facet normal -1 0 0
    outer loop
      vertex -1 25.5 4
      vertex -1 23.8156 15.0017
      vertex -1 23.85 15.0206
    endloop
  endfacet
  facet normal -1 0 0
    outer loop
      vertex -1 25.5 4
      vertex -1 23.7804 14.9843
      vertex -1 23.8156 15.0017
    endloop
  endfacet
  facet normal -1 0 0
    outer loop
      vertex -1 25.5 4
      vertex -1 23.7444 14.9685
      vertex -1 23.7804 14.9843
    endloop
  endfacet
  facet normal -1 0 0
    outer loop
      vertex -1 25.5 4
      vertex -1 23.7078 14.9543
      vertex -1 23.7444 14.9685
    endloop
  endfacet
  facet normal -1 0 0
    outer loop
      vertex -1 25.5 4
      vertex -1 23.6706 14.9417
      vertex -1 23.7078 14.9543
    endloop
  endfacet
  facet normal -1 0 0
    outer loop
      vertex -1 25.5 4
      vertex -1 23.6329 14.9307
      vertex -1 23.6706 14.9417
    endloop
  endfacet
  facet normal -1 0 0
    outer loop
      vertex -1 25.5 4
      vertex -1 23.5948 14.9213
      vertex -1 23.6329 14.9307
    endloop
  endfacet
  facet normal -1 0 0
    outer loop
      vertex -1 25.5 4
      vertex -1 23.5563 14.9137
      vertex -1 23.5948 14.9213
    endloop
  endfacet
  facet normal -1 0 0
    outer loop
      vertex -1 25.5 4
      vertex -1 23.5175 14.9077
      vertex -1 23.5563 14.9137
    endloop
  endfacet
  facet normal -1 0 0
    outer loop
      vertex -1 25.5 4
      vertex -1 23.4784 14.9034
      vertex -1 23.5175 14.9077
    endloop
  endfacet
  facet normal -1 0 0
    outer loop
      vertex -1 25.5 4
      vertex -1 23.4393 14.9009
      vertex -1 23.4784 14.9034
    endloop
  endfacet
  facet normal -1 0 0
    outer loop
      vertex -1 23.4393 14.9009
      vertex -1 21.5 4
      vertex -1 23.4 14.9
    endloop
  endfacet
  facet normal -1 -0 0
    outer loop
      vertex -1 23.4 14.9
      vertex -1 21.5 4
      vertex -1 23.3607 14.9009
    endloop
  endfacet
  facet normal -1 -0 0
    outer loop
      vertex -1 23.3607 14.9009
      vertex -1 21.5 4
      vertex -1 23.3216 14.9034
    endloop
  endfacet
  facet normal -1 -0 0
    outer loop
      vertex -1 23.3216 14.9034
      vertex -1 21.5 4
      vertex -1 23.2825 14.9077
    endloop
  endfacet
  facet normal -1 -0 0
    outer loop
      vertex -1 23.2825 14.9077
      vertex -1 21.5 4
      vertex -1 23.2437 14.9137
    endloop
  endfacet
  facet normal -1 -0 0
    outer loop
      vertex -1 23.2437 14.9137
      vertex -1 21.5 4
      vertex -1 23.2052 14.9213
    endloop
  endfacet
  facet normal -1 -0 0
    outer loop
      vertex -1 23.2052 14.9213
      vertex -1 21.5 4
      vertex -1 23.1671 14.9307
    endloop
  endfacet
  facet normal -1 -0 0
    outer loop
      vertex -1 23.1671 14.9307
      vertex -1 21.5 4
      vertex -1 23.1294 14.9417
    endloop
  endfacet
  facet normal -1 -0 0
    outer loop
      vertex -1 23.1294 14.9417
      vertex -1 21.5 4
      vertex -1 23.0922 14.9543
    endloop
  endfacet
  facet normal -1 -0 0
    outer loop
      vertex -1 23.0922 14.9543
      vertex -1 21.5 4
      vertex -1 23.0556 14.9685
    endloop
  endfacet
  facet normal -1 -0 0
    outer loop
      vertex -1 23.0556 14.9685
      vertex -1 21.5 4
      vertex -1 23.0196 14.9843
    endloop
  endfacet
  facet normal -1 -0 0
    outer loop
      vertex -1 23.0196 14.9843
      vertex -1 21.5 4
      vertex -1 22.9844 15.0017
    endloop
  endfacet
  facet normal -1 -0 0
    outer loop
      vertex -1 22.9844 15.0017
      vertex -1 21.5 4
      vertex -1 22.95 15.0206
    endloop
  endfacet
  facet normal -1 -0 0
    outer loop
      vertex -1 22.95 15.0206
      vertex -1 21.5 4
      vertex -1 22.9164 15.0409
    endloop
  endfacet
  facet normal -1 -0 0
    outer loop
      vertex -1 22.9164 15.0409
      vertex -1 21.5 4
      vertex -1 22.8838 15.0628
    endloop
  endfacet
  facet normal -1 -0 0
    outer loop
      vertex -1 22.8838 15.0628
      vertex -1 21.5 4
      vertex -1 22.8521 15.086
    endloop
  endfacet
  facet normal -1 -0 0
    outer loop
      vertex -1 22.8521 15.086
      vertex -1 21.5 4
      vertex -1 22.8215 15.1106
    endloop
  endfacet
  facet normal -1 -0 0
    outer loop
      vertex -1 22.8215 15.1106
      vertex -1 21.5 4
      vertex -1 22.792 15.1364
    endloop
  endfacet
  facet normal -1 -0 0
    outer loop
      vertex -1 22.792 15.1364
      vertex -1 21.5 4
      vertex -1 22.7636 15.1636
    endloop
  endfacet
  facet normal -1 -0 0
    outer loop
      vertex -1 22.7636 15.1636
      vertex -1 21.5 4
      vertex -1 22.7365 15.192
    endloop
  endfacet
  facet normal -1 -0 0
    outer loop
      vertex -1 22.7365 15.192
      vertex -1 21.5 4
      vertex -1 22.7106 15.2215
    endloop
  endfacet
  facet normal -1 -0 0
    outer loop
      vertex -1 22.7106 15.2215
      vertex -1 21.5 4
      vertex -1 22.686 15.2521
    endloop
  endfacet
  facet normal -1 -0 0
    outer loop
      vertex -1 22.686 15.2521
      vertex -1 21.5 4
      vertex -1 22.6628 15.2838
    endloop
  endfacet
  facet normal -1 -0 0
    outer loop
      vertex -1 22.6628 15.2838
      vertex -1 21.5 4
      vertex -1 22.6409 15.3164
    endloop
  endfacet
  facet normal -1 -0 0
    outer loop
      vertex -1 22.6409 15.3164
      vertex -1 21.5 4
      vertex -1 22.6206 15.35
    endloop
  endfacet
  facet normal -1 -0 0
    outer loop
      vertex -1 22.6206 15.35
      vertex -1 21.5 4
      vertex -1 22.6017 15.3844
    endloop
  endfacet
  facet normal -1 -0 0
    outer loop
      vertex -1 22.6017 15.3844
      vertex -1 21.5 4
      vertex -1 22.5843 15.4196
    endloop
  endfacet
  facet normal -1 -0 0
    outer loop
      vertex -1 22.5843 15.4196
      vertex -1 21.5 4
      vertex -1 22.5685 15.4556
    endloop
  endfacet
  facet normal -1 -0 0
    outer loop
      vertex -1 22.5685 15.4556
      vertex -1 21.5 4
      vertex -1 22.5543 15.4922
    endloop
  endfacet
  facet normal -1 -0 0
    outer loop
      vertex -1 22.5543 15.4922
      vertex -1 21.5 4
      vertex -1 22.5417 15.5294
    endloop
  endfacet
  facet normal -1 0 0
    outer loop
      vertex -1 21.5 18
      vertex -1 22.5417 15.5294
      vertex -1 21.5 4
    endloop
  endfacet
  facet normal -1 0 0
    outer loop
      vertex -1 22.5034 15.7216
      vertex -1 21.5 18
      vertex -1 22.5009 15.7607
    endloop
  endfacet
  facet normal -1 0 0
    outer loop
      vertex -1 22.5077 15.6825
      vertex -1 21.5 18
      vertex -1 22.5034 15.7216
    endloop
  endfacet
  facet normal -1 0 0
    outer loop
      vertex -1 22.5137 15.6437
      vertex -1 21.5 18
      vertex -1 22.5077 15.6825
    endloop
  endfacet
  facet normal -1 0 0
    outer loop
      vertex -1 22.5213 15.6052
      vertex -1 21.5 18
      vertex -1 22.5137 15.6437
    endloop
  endfacet
  facet normal -1 0 0
    outer loop
      vertex -1 22.5307 15.5671
      vertex -1 21.5 18
      vertex -1 22.5213 15.6052
    endloop
  endfacet
  facet normal -1 0 0
    outer loop
      vertex -1 22.5417 15.5294
      vertex -1 21.5 18
      vertex -1 22.5307 15.5671
    endloop
  endfacet
  facet normal -1 0 0
    outer loop
      vertex -1 0 0
      vertex -1 21.5 4
      vertex -1 26 0
    endloop
  endfacet
  facet normal -1 0 0
    outer loop
      vertex -1 2.95834 15.5294
      vertex -1 4 18
      vertex -1 4 4
    endloop
  endfacet
  facet normal -1 0 0
    outer loop
      vertex -1 4 18
      vertex -1 2.99914 15.7607
      vertex -1 3 15.8
    endloop
  endfacet
  facet normal -1 0 0
    outer loop
      vertex -1 4 18
      vertex -1 2.99657 15.7216
      vertex -1 2.99914 15.7607
    endloop
  endfacet
  facet normal -1 0 0
    outer loop
      vertex -1 4 18
      vertex -1 2.9923 15.6825
      vertex -1 2.99657 15.7216
    endloop
  endfacet
  facet normal -1 0 0
    outer loop
      vertex -1 4 18
      vertex -1 2.98633 15.6437
      vertex -1 2.9923 15.6825
    endloop
  endfacet
  facet normal -1 0 0
    outer loop
      vertex -1 4 18
      vertex -1 2.97867 15.6052
      vertex -1 2.98633 15.6437
    endloop
  endfacet
  facet normal -1 0 0
    outer loop
      vertex -1 4 18
      vertex -1 2.96933 15.5671
      vertex -1 2.97867 15.6052
    endloop
  endfacet
  facet normal -1 0 0
    outer loop
      vertex -1 4 18
      vertex -1 2.95834 15.5294
      vertex -1 2.96933 15.5671
    endloop
  endfacet
  facet normal -1 0 0
    outer loop
      vertex -1 4 4
      vertex -1 2.94572 15.4922
      vertex -1 2.95834 15.5294
    endloop
  endfacet
  facet normal -1 0 0
    outer loop
      vertex -1 4 4
      vertex -1 2.93149 15.4556
      vertex -1 2.94572 15.4922
    endloop
  endfacet
  facet normal -1 0 0
    outer loop
      vertex -1 4 4
      vertex -1 2.91568 15.4196
      vertex -1 2.93149 15.4556
    endloop
  endfacet
  facet normal -1 0 0
    outer loop
      vertex -1 4 4
      vertex -1 2.89831 15.3844
      vertex -1 2.91568 15.4196
    endloop
  endfacet
  facet normal -1 0 0
    outer loop
      vertex -1 4 4
      vertex -1 2.87942 15.35
      vertex -1 2.89831 15.3844
    endloop
  endfacet
  facet normal -1 0 0
    outer loop
      vertex -1 4 4
      vertex -1 2.85905 15.3164
      vertex -1 2.87942 15.35
    endloop
  endfacet
  facet normal -1 0 0
    outer loop
      vertex -1 4 4
      vertex -1 2.83724 15.2838
      vertex -1 2.85905 15.3164
    endloop
  endfacet
  facet normal -1 0 0
    outer loop
      vertex -1 4 4
      vertex -1 2.81402 15.2521
      vertex -1 2.83724 15.2838
    endloop
  endfacet
  facet normal -1 0 0
    outer loop
      vertex -1 4 4
      vertex -1 2.78944 15.2215
      vertex -1 2.81402 15.2521
    endloop
  endfacet
  facet normal -1 0 0
    outer loop
      vertex -1 4 4
      vertex -1 2.76355 15.192
      vertex -1 2.78944 15.2215
    endloop
  endfacet
  facet normal -1 0 0
    outer loop
      vertex -1 4 4
      vertex -1 2.7364 15.1636
      vertex -1 2.76355 15.192
    endloop
  endfacet
  facet normal -1 0 0
    outer loop
      vertex -1 4 4
      vertex -1 2.70803 15.1364
      vertex -1 2.7364 15.1636
    endloop
  endfacet
  facet normal -1 0 0
    outer loop
      vertex -1 4 4
      vertex -1 2.67851 15.1106
      vertex -1 2.70803 15.1364
    endloop
  endfacet
  facet normal -1 0 0
    outer loop
      vertex -1 4 4
      vertex -1 2.64788 15.086
      vertex -1 2.67851 15.1106
    endloop
  endfacet
  facet normal -1 0 0
    outer loop
      vertex -1 4 4
      vertex -1 2.61622 15.0628
      vertex -1 2.64788 15.086
    endloop
  endfacet
  facet normal -1 0 0
    outer loop
      vertex -1 4 4
      vertex -1 2.58357 15.0409
      vertex -1 2.61622 15.0628
    endloop
  endfacet
  facet normal -1 0 0
    outer loop
      vertex -1 4 4
      vertex -1 2.55 15.0206
      vertex -1 2.58357 15.0409
    endloop
  endfacet
  facet normal -1 0 0
    outer loop
      vertex -1 4 4
      vertex -1 2.51557 15.0017
      vertex -1 2.55 15.0206
    endloop
  endfacet
  facet normal -1 0 0
    outer loop
      vertex -1 4 4
      vertex -1 2.48036 14.9843
      vertex -1 2.51557 15.0017
    endloop
  endfacet
  facet normal -1 0 0
    outer loop
      vertex -1 4 4
      vertex -1 2.44441 14.9685
      vertex -1 2.48036 14.9843
    endloop
  endfacet
  facet normal -1 0 0
    outer loop
      vertex -1 4 4
      vertex -1 2.40782 14.9543
      vertex -1 2.44441 14.9685
    endloop
  endfacet
  facet normal -1 0 0
    outer loop
      vertex -1 4 4
      vertex -1 2.37064 14.9417
      vertex -1 2.40782 14.9543
    endloop
  endfacet
  facet normal -1 0 0
    outer loop
      vertex -1 4 4
      vertex -1 2.33294 14.9307
      vertex -1 2.37064 14.9417
    endloop
  endfacet
  facet normal -1 0 0
    outer loop
      vertex -1 4 4
      vertex -1 2.2948 14.9213
      vertex -1 2.33294 14.9307
    endloop
  endfacet
  facet normal -1 0 0
    outer loop
      vertex -1 4 4
      vertex -1 2.25628 14.9137
      vertex -1 2.2948 14.9213
    endloop
  endfacet
  facet normal -1 0 0
    outer loop
      vertex -1 4 4
      vertex -1 2.21747 14.9077
      vertex -1 2.25628 14.9137
    endloop
  endfacet
  facet normal -1 0 0
    outer loop
      vertex -1 4 4
      vertex -1 2.17844 14.9034
      vertex -1 2.21747 14.9077
    endloop
  endfacet
  facet normal -1 0 0
    outer loop
      vertex -1 4 4
      vertex -1 2.13926 14.9009
      vertex -1 2.17844 14.9034
    endloop
  endfacet
  facet normal -1 0 0
    outer loop
      vertex -1 4 4
      vertex -1 2.1 14.9
      vertex -1 2.13926 14.9009
    endloop
  endfacet
  facet normal -1 0 0
    outer loop
      vertex -1 4 4
      vertex -1 2.06074 14.9009
      vertex -1 2.1 14.9
    endloop
  endfacet
  facet normal -1 0 0
    outer loop
      vertex -1 4 4
      vertex -1 2.02156 14.9034
      vertex -1 2.06074 14.9009
    endloop
  endfacet
  facet normal -1 0 0
    outer loop
      vertex -1 4 4
      vertex -1 1.98253 14.9077
      vertex -1 2.02156 14.9034
    endloop
  endfacet
  facet normal -1 0 0
    outer loop
      vertex -1 4 4
      vertex -1 1.94372 14.9137
      vertex -1 1.98253 14.9077
    endloop
  endfacet
  facet normal -1 0 0
    outer loop
      vertex -1 4 4
      vertex -1 1.9052 14.9213
      vertex -1 1.94372 14.9137
    endloop
  endfacet
  facet normal -1 0 0
    outer loop
      vertex -1 4 4
      vertex -1 1.86706 14.9307
      vertex -1 1.9052 14.9213
    endloop
  endfacet
  facet normal -1 0 0
    outer loop
      vertex -1 4 4
      vertex -1 1.82936 14.9417
      vertex -1 1.86706 14.9307
    endloop
  endfacet
  facet normal -1 0 0
    outer loop
      vertex -1 4 4
      vertex -1 1.79218 14.9543
      vertex -1 1.82936 14.9417
    endloop
  endfacet
  facet normal -1 0 0
    outer loop
      vertex -1 4 4
      vertex -1 1.75558 14.9685
      vertex -1 1.79218 14.9543
    endloop
  endfacet
  facet normal -1 0 0
    outer loop
      vertex -1 4 4
      vertex -1 1.71964 14.9843
      vertex -1 1.75558 14.9685
    endloop
  endfacet
  facet normal -1 0 0
    outer loop
      vertex -1 4 4
      vertex -1 1.68443 15.0017
      vertex -1 1.71964 14.9843
    endloop
  endfacet
  facet normal -1 0 0
    outer loop
      vertex -1 4 4
      vertex -1 1.65 15.0206
      vertex -1 1.68443 15.0017
    endloop
  endfacet
  facet normal -1 0 0
    outer loop
      vertex -1 4 4
      vertex -1 1.61643 15.0409
      vertex -1 1.65 15.0206
    endloop
  endfacet
  facet normal -1 0 0
    outer loop
      vertex -1 4 4
      vertex -1 1.58378 15.0628
      vertex -1 1.61643 15.0409
    endloop
  endfacet
  facet normal -1 0 0
    outer loop
      vertex -1 4 4
      vertex -1 1.55211 15.086
      vertex -1 1.58378 15.0628
    endloop
  endfacet
  facet normal -1 0 0
    outer loop
      vertex -1 4 4
      vertex -1 1.52149 15.1106
      vertex -1 1.55211 15.086
    endloop
  endfacet
  facet normal -1 0 0
    outer loop
      vertex -1 0 0
      vertex -1 1.52149 15.1106
      vertex -1 4 4
    endloop
  endfacet
  facet normal -1 -0 0
    outer loop
      vertex -1 1.52149 15.1106
      vertex -1 0 0
      vertex -1 1.49197 15.1364
    endloop
  endfacet
  facet normal -1 -0 0
    outer loop
      vertex -1 1.49197 15.1364
      vertex -1 0 0
      vertex -1 1.4636 15.1636
    endloop
  endfacet
  facet normal -1 -0 0
    outer loop
      vertex -1 1.4636 15.1636
      vertex -1 0 0
      vertex -1 1.43645 15.192
    endloop
  endfacet
  facet normal -1 -0 0
    outer loop
      vertex -1 1.43645 15.192
      vertex -1 0 0
      vertex -1 1.41056 15.2215
    endloop
  endfacet
  facet normal -1 -0 0
    outer loop
      vertex -1 1.41056 15.2215
      vertex -1 0 0
      vertex -1 1.38598 15.2521
    endloop
  endfacet
  facet normal -1 -0 0
    outer loop
      vertex -1 1.38598 15.2521
      vertex -1 0 0
      vertex -1 1.36276 15.2838
    endloop
  endfacet
  facet normal -1 -0 0
    outer loop
      vertex -1 1.36276 15.2838
      vertex -1 0 0
      vertex -1 1.34095 15.3164
    endloop
  endfacet
  facet normal -1 -0 0
    outer loop
      vertex -1 1.34095 15.3164
      vertex -1 0 0
      vertex -1 1.32058 15.35
    endloop
  endfacet
  facet normal -1 -0 0
    outer loop
      vertex -1 1.32058 15.35
      vertex -1 0 0
      vertex -1 1.30169 15.3844
    endloop
  endfacet
  facet normal -1 -0 0
    outer loop
      vertex -1 1.30169 15.3844
      vertex -1 0 0
      vertex -1 1.28432 15.4196
    endloop
  endfacet
  facet normal -1 -0 0
    outer loop
      vertex -1 1.28432 15.4196
      vertex -1 0 0
      vertex -1 1.26851 15.4556
    endloop
  endfacet
  facet normal -1 0 0
    outer loop
      vertex -1 0 18
      vertex -1 1.26851 15.4556
      vertex -1 0 0
    endloop
  endfacet
  facet normal -1 0 0
    outer loop
      vertex -1 1.26851 15.4556
      vertex -1 0 18
      vertex -1 1.25428 15.4922
    endloop
  endfacet
  facet normal -1 0 0
    outer loop
      vertex -1 1.25428 15.4922
      vertex -1 0 18
      vertex -1 1.24165 15.5294
    endloop
  endfacet
  facet normal -1 0 0
    outer loop
      vertex -1 1.20342 15.7216
      vertex -1 0 18
      vertex -1 1.20086 15.7607
    endloop
  endfacet
  facet normal -1 0 0
    outer loop
      vertex -1 1.2077 15.6825
      vertex -1 0 18
      vertex -1 1.20342 15.7216
    endloop
  endfacet
  facet normal -1 0 0
    outer loop
      vertex -1 1.21367 15.6437
      vertex -1 0 18
      vertex -1 1.2077 15.6825
    endloop
  endfacet
  facet normal -1 0 0
    outer loop
      vertex -1 1.22133 15.6052
      vertex -1 0 18
      vertex -1 1.21367 15.6437
    endloop
  endfacet
  facet normal -1 0 0
    outer loop
      vertex -1 1.23067 15.5671
      vertex -1 0 18
      vertex -1 1.22133 15.6052
    endloop
  endfacet
  facet normal -1 0 0
    outer loop
      vertex -1 1.24165 15.5294
      vertex -1 0 18
      vertex -1 1.23067 15.5671
    endloop
  endfacet
  facet normal -1 -0 0
    outer loop
      vertex -1 21.5 4
      vertex -1 0 0
      vertex -1 4 4
    endloop
  endfacet
  facet normal -1 0 0
    outer loop
      vertex -1 33.7525 -1.56382
      vertex -1 33.9 5.67271
      vertex -1 33.9 -1.6727
    endloop
  endfacet
  facet normal -1 0 0
    outer loop
      vertex -1 33.7525 -1.56382
      vertex -1 33.7525 5.56383
      vertex -1 33.9 5.67271
    endloop
  endfacet
  facet normal -1 0 0
    outer loop
      vertex -1 33.7525 -1.56382
      vertex -1 33.627 5.46344
      vertex -1 33.7525 5.56383
    endloop
  endfacet
  facet normal -1 0 0
    outer loop
      vertex -1 33.6042 -1.44443
      vertex -1 33.627 5.46344
      vertex -1 33.7525 -1.56382
    endloop
  endfacet
  facet normal -1 0 0
    outer loop
      vertex -1 33.6042 -1.44443
      vertex -1 33.6042 5.44444
      vertex -1 33.627 5.46344
    endloop
  endfacet
  facet normal -1 0 0
    outer loop
      vertex -1 31 -0.499995
      vertex -1 33.6042 5.44444
      vertex -1 33.6042 -1.44443
    endloop
  endfacet
  facet normal -1 0 0
    outer loop
      vertex -1 31 -0.499995
      vertex -1 31 4.5
      vertex -1 33.6042 5.44444
    endloop
  endfacet
  facet normal -1 0 0
    outer loop
      vertex -1 26 0
      vertex -1 31 -0.499995
      vertex -1 26 -0.499995
    endloop
  endfacet
  facet normal -1 0 0
    outer loop
      vertex -1 31 -0.499995
      vertex -1 26 0
      vertex -1 31 4.5
    endloop
  endfacet
  facet normal -1 0 0
    outer loop
      vertex -1 26 4
      vertex -1 31 4.5
      vertex -1 26 0
    endloop
  endfacet
  facet normal -1 -0 0
    outer loop
      vertex -1 31 4.5
      vertex -1 26 4
      vertex -1 26 4.5
    endloop
  endfacet
  facet normal -1 0 0
    outer loop
      vertex -1 24.2991 15.8393
      vertex -1 25.5 18
      vertex -1 24.3 15.8
    endloop
  endfacet
  facet normal -1 0 0
    outer loop
      vertex -1 24.2966 15.8784
      vertex -1 25.5 18
      vertex -1 24.2991 15.8393
    endloop
  endfacet
  facet normal -1 0 0
    outer loop
      vertex -1 24.2923 15.9175
      vertex -1 25.5 18
      vertex -1 24.2966 15.8784
    endloop
  endfacet
  facet normal -1 0 0
    outer loop
      vertex -1 24.2863 15.9563
      vertex -1 25.5 18
      vertex -1 24.2923 15.9175
    endloop
  endfacet
  facet normal -1 0 0
    outer loop
      vertex -1 24.2787 15.9948
      vertex -1 25.5 18
      vertex -1 24.2863 15.9563
    endloop
  endfacet
  facet normal -1 0 0
    outer loop
      vertex -1 24.2693 16.0329
      vertex -1 25.5 18
      vertex -1 24.2787 15.9948
    endloop
  endfacet
  facet normal -1 0 0
    outer loop
      vertex -1 24.2583 16.0706
      vertex -1 25.5 18
      vertex -1 24.2693 16.0329
    endloop
  endfacet
  facet normal -1 0 0
    outer loop
      vertex -1 24.2457 16.1078
      vertex -1 25.5 18
      vertex -1 24.2583 16.0706
    endloop
  endfacet
  facet normal -1 0 0
    outer loop
      vertex -1 24.2315 16.1444
      vertex -1 25.5 18
      vertex -1 24.2457 16.1078
    endloop
  endfacet
  facet normal -1 0 0
    outer loop
      vertex -1 24.2157 16.1804
      vertex -1 25.5 18
      vertex -1 24.2315 16.1444
    endloop
  endfacet
  facet normal -1 0 0
    outer loop
      vertex -1 24.1983 16.2156
      vertex -1 25.5 18
      vertex -1 24.2157 16.1804
    endloop
  endfacet
  facet normal -1 0 0
    outer loop
      vertex -1 24.1794 16.25
      vertex -1 25.5 18
      vertex -1 24.1983 16.2156
    endloop
  endfacet
  facet normal -1 0 0
    outer loop
      vertex -1 24.1591 16.2836
      vertex -1 25.5 18
      vertex -1 24.1794 16.25
    endloop
  endfacet
  facet normal -1 0 0
    outer loop
      vertex -1 24.1372 16.3162
      vertex -1 25.5 18
      vertex -1 24.1591 16.2836
    endloop
  endfacet
  facet normal -1 0 0
    outer loop
      vertex -1 24.114 16.3479
      vertex -1 25.5 18
      vertex -1 24.1372 16.3162
    endloop
  endfacet
  facet normal -1 0 0
    outer loop
      vertex -1 24.0894 16.3785
      vertex -1 25.5 18
      vertex -1 24.114 16.3479
    endloop
  endfacet
  facet normal -1 0 0
    outer loop
      vertex -1 24.0635 16.408
      vertex -1 25.5 18
      vertex -1 24.0894 16.3785
    endloop
  endfacet
  facet normal -1 0 0
    outer loop
      vertex -1 24.0364 16.4364
      vertex -1 25.5 18
      vertex -1 24.0635 16.408
    endloop
  endfacet
  facet normal -1 0 0
    outer loop
      vertex -1 24.008 16.4635
      vertex -1 25.5 18
      vertex -1 24.0364 16.4364
    endloop
  endfacet
  facet normal -1 0 0
    outer loop
      vertex -1 23.9785 16.4894
      vertex -1 25.5 18
      vertex -1 24.008 16.4635
    endloop
  endfacet
  facet normal -1 0 0
    outer loop
      vertex -1 23.9479 16.514
      vertex -1 25.5 18
      vertex -1 23.9785 16.4894
    endloop
  endfacet
  facet normal -1 0 0
    outer loop
      vertex -1 23.9162 16.5372
      vertex -1 25.5 18
      vertex -1 23.9479 16.514
    endloop
  endfacet
  facet normal -1 0 0
    outer loop
      vertex -1 23.8836 16.5591
      vertex -1 25.5 18
      vertex -1 23.9162 16.5372
    endloop
  endfacet
  facet normal -1 0 0
    outer loop
      vertex -1 23.85 16.5794
      vertex -1 25.5 18
      vertex -1 23.8836 16.5591
    endloop
  endfacet
  facet normal -1 0 0
    outer loop
      vertex -1 23.8156 16.5983
      vertex -1 25.5 18
      vertex -1 23.85 16.5794
    endloop
  endfacet
  facet normal -1 0 0
    outer loop
      vertex -1 23.7804 16.6157
      vertex -1 25.5 18
      vertex -1 23.8156 16.5983
    endloop
  endfacet
  facet normal -1 0 0
    outer loop
      vertex -1 23.7444 16.6315
      vertex -1 25.5 18
      vertex -1 23.7804 16.6157
    endloop
  endfacet
  facet normal -1 0 0
    outer loop
      vertex -1 23.7078 16.6457
      vertex -1 25.5 18
      vertex -1 23.7444 16.6315
    endloop
  endfacet
  facet normal -1 0 0
    outer loop
      vertex -1 23.6706 16.6583
      vertex -1 25.5 18
      vertex -1 23.7078 16.6457
    endloop
  endfacet
  facet normal -1 0 0
    outer loop
      vertex -1 23.6329 16.6693
      vertex -1 25.5 18
      vertex -1 23.6706 16.6583
    endloop
  endfacet
  facet normal -1 0 0
    outer loop
      vertex -1 23.5948 16.6787
      vertex -1 25.5 18
      vertex -1 23.6329 16.6693
    endloop
  endfacet
  facet normal -1 0 0
    outer loop
      vertex -1 23.5563 16.6863
      vertex -1 25.5 18
      vertex -1 23.5948 16.6787
    endloop
  endfacet
  facet normal -1 0 0
    outer loop
      vertex -1 23.5175 16.6923
      vertex -1 25.5 18
      vertex -1 23.5563 16.6863
    endloop
  endfacet
  facet normal -1 0 0
    outer loop
      vertex -1 23.4784 16.6966
      vertex -1 25.5 18
      vertex -1 23.5175 16.6923
    endloop
  endfacet
  facet normal -1 0 0
    outer loop
      vertex -1 23.4393 16.6991
      vertex -1 25.5 18
      vertex -1 23.4784 16.6966
    endloop
  endfacet
  facet normal -1 0 0
    outer loop
      vertex -1 21.5 18
      vertex -1 23.4393 16.6991
      vertex -1 23.4 16.7
    endloop
  endfacet
  facet normal -1 0 0
    outer loop
      vertex -1 21.5 18
      vertex -1 23.4 16.7
      vertex -1 23.3607 16.6991
    endloop
  endfacet
  facet normal -1 0 0
    outer loop
      vertex -1 21.5 18
      vertex -1 23.3607 16.6991
      vertex -1 23.3216 16.6966
    endloop
  endfacet
  facet normal -1 0 0
    outer loop
      vertex -1 21.5 18
      vertex -1 23.3216 16.6966
      vertex -1 23.2825 16.6923
    endloop
  endfacet
  facet normal -1 0 0
    outer loop
      vertex -1 21.5 18
      vertex -1 23.2825 16.6923
      vertex -1 23.2437 16.6863
    endloop
  endfacet
  facet normal -1 0 0
    outer loop
      vertex -1 21.5 18
      vertex -1 23.2437 16.6863
      vertex -1 23.2052 16.6787
    endloop
  endfacet
  facet normal -1 0 0
    outer loop
      vertex -1 21.5 18
      vertex -1 23.2052 16.6787
      vertex -1 23.1671 16.6693
    endloop
  endfacet
  facet normal -1 0 0
    outer loop
      vertex -1 21.5 18
      vertex -1 23.1671 16.6693
      vertex -1 23.1294 16.6583
    endloop
  endfacet
  facet normal -1 0 0
    outer loop
      vertex -1 21.5 18
      vertex -1 23.1294 16.6583
      vertex -1 23.0922 16.6457
    endloop
  endfacet
  facet normal -1 0 0
    outer loop
      vertex -1 21.5 18
      vertex -1 23.0922 16.6457
      vertex -1 23.0556 16.6315
    endloop
  endfacet
  facet normal -1 0 0
    outer loop
      vertex -1 21.5 18
      vertex -1 23.0556 16.6315
      vertex -1 23.0196 16.6157
    endloop
  endfacet
  facet normal -1 0 0
    outer loop
      vertex -1 21.5 18
      vertex -1 23.0196 16.6157
      vertex -1 22.9844 16.5983
    endloop
  endfacet
  facet normal -1 0 0
    outer loop
      vertex -1 21.5 18
      vertex -1 22.9844 16.5983
      vertex -1 22.95 16.5794
    endloop
  endfacet
  facet normal -1 0 0
    outer loop
      vertex -1 22.5009 15.7607
      vertex -1 21.5 18
      vertex -1 22.5 15.8
    endloop
  endfacet
  facet normal -1 0 0
    outer loop
      vertex -1 22.5 15.8
      vertex -1 21.5 18
      vertex -1 22.5009 15.8393
    endloop
  endfacet
  facet normal -1 0 0
    outer loop
      vertex -1 23.4393 16.6991
      vertex -1 21.5 18
      vertex -1 25.5 18
    endloop
  endfacet
  facet normal -1 0 0
    outer loop
      vertex -1 22.9164 16.5591
      vertex -1 21.5 18
      vertex -1 22.95 16.5794
    endloop
  endfacet
  facet normal -1 0 0
    outer loop
      vertex -1 22.8838 16.5372
      vertex -1 21.5 18
      vertex -1 22.9164 16.5591
    endloop
  endfacet
  facet normal -1 0 0
    outer loop
      vertex -1 22.8521 16.514
      vertex -1 21.5 18
      vertex -1 22.8838 16.5372
    endloop
  endfacet
  facet normal -1 0 0
    outer loop
      vertex -1 22.8215 16.4894
      vertex -1 21.5 18
      vertex -1 22.8521 16.514
    endloop
  endfacet
  facet normal -1 0 0
    outer loop
      vertex -1 22.792 16.4635
      vertex -1 21.5 18
      vertex -1 22.8215 16.4894
    endloop
  endfacet
  facet normal -1 0 0
    outer loop
      vertex -1 22.7636 16.4364
      vertex -1 21.5 18
      vertex -1 22.792 16.4635
    endloop
  endfacet
  facet normal -1 0 0
    outer loop
      vertex -1 22.7365 16.408
      vertex -1 21.5 18
      vertex -1 22.7636 16.4364
    endloop
  endfacet
  facet normal -1 0 0
    outer loop
      vertex -1 22.7106 16.3785
      vertex -1 21.5 18
      vertex -1 22.7365 16.408
    endloop
  endfacet
  facet normal -1 0 0
    outer loop
      vertex -1 22.686 16.3479
      vertex -1 21.5 18
      vertex -1 22.7106 16.3785
    endloop
  endfacet
  facet normal -1 0 0
    outer loop
      vertex -1 22.6628 16.3162
      vertex -1 21.5 18
      vertex -1 22.686 16.3479
    endloop
  endfacet
  facet normal -1 0 0
    outer loop
      vertex -1 22.6409 16.2836
      vertex -1 21.5 18
      vertex -1 22.6628 16.3162
    endloop
  endfacet
  facet normal -1 0 0
    outer loop
      vertex -1 22.6206 16.25
      vertex -1 21.5 18
      vertex -1 22.6409 16.2836
    endloop
  endfacet
  facet normal -1 0 0
    outer loop
      vertex -1 22.6017 16.2156
      vertex -1 21.5 18
      vertex -1 22.6206 16.25
    endloop
  endfacet
  facet normal -1 0 0
    outer loop
      vertex -1 22.5843 16.1804
      vertex -1 21.5 18
      vertex -1 22.6017 16.2156
    endloop
  endfacet
  facet normal -1 0 0
    outer loop
      vertex -1 22.5685 16.1444
      vertex -1 21.5 18
      vertex -1 22.5843 16.1804
    endloop
  endfacet
  facet normal -1 0 0
    outer loop
      vertex -1 22.5543 16.1078
      vertex -1 21.5 18
      vertex -1 22.5685 16.1444
    endloop
  endfacet
  facet normal -1 0 0
    outer loop
      vertex -1 22.5417 16.0706
      vertex -1 21.5 18
      vertex -1 22.5543 16.1078
    endloop
  endfacet
  facet normal -1 0 0
    outer loop
      vertex -1 22.5307 16.0329
      vertex -1 21.5 18
      vertex -1 22.5417 16.0706
    endloop
  endfacet
  facet normal -1 0 0
    outer loop
      vertex -1 22.5213 15.9948
      vertex -1 21.5 18
      vertex -1 22.5307 16.0329
    endloop
  endfacet
  facet normal -1 0 0
    outer loop
      vertex -1 22.5137 15.9563
      vertex -1 21.5 18
      vertex -1 22.5213 15.9948
    endloop
  endfacet
  facet normal -1 0 0
    outer loop
      vertex -1 22.5077 15.9175
      vertex -1 21.5 18
      vertex -1 22.5137 15.9563
    endloop
  endfacet
  facet normal -1 0 0
    outer loop
      vertex -1 22.5034 15.8784
      vertex -1 21.5 18
      vertex -1 22.5077 15.9175
    endloop
  endfacet
  facet normal -1 0 0
    outer loop
      vertex -1 22.5009 15.8393
      vertex -1 21.5 18
      vertex -1 22.5034 15.8784
    endloop
  endfacet
  facet normal -1 0 0
    outer loop
      vertex -1 2.99914 15.8393
      vertex -1 4 18
      vertex -1 3 15.8
    endloop
  endfacet
  facet normal -1 0 0
    outer loop
      vertex -1 2.99657 15.8784
      vertex -1 4 18
      vertex -1 2.99914 15.8393
    endloop
  endfacet
  facet normal -1 0 0
    outer loop
      vertex -1 2.9923 15.9175
      vertex -1 4 18
      vertex -1 2.99657 15.8784
    endloop
  endfacet
  facet normal -1 0 0
    outer loop
      vertex -1 2.98633 15.9563
      vertex -1 4 18
      vertex -1 2.9923 15.9175
    endloop
  endfacet
  facet normal -1 0 0
    outer loop
      vertex -1 2.97867 15.9948
      vertex -1 4 18
      vertex -1 2.98633 15.9563
    endloop
  endfacet
  facet normal -1 0 0
    outer loop
      vertex -1 2.96933 16.0329
      vertex -1 4 18
      vertex -1 2.97867 15.9948
    endloop
  endfacet
  facet normal -1 0 0
    outer loop
      vertex -1 2.95834 16.0706
      vertex -1 4 18
      vertex -1 2.96933 16.0329
    endloop
  endfacet
  facet normal -1 0 0
    outer loop
      vertex -1 2.94572 16.1078
      vertex -1 4 18
      vertex -1 2.95834 16.0706
    endloop
  endfacet
  facet normal -1 0 0
    outer loop
      vertex -1 2.93149 16.1444
      vertex -1 4 18
      vertex -1 2.94572 16.1078
    endloop
  endfacet
  facet normal -1 0 0
    outer loop
      vertex -1 2.91568 16.1804
      vertex -1 4 18
      vertex -1 2.93149 16.1444
    endloop
  endfacet
  facet normal -1 0 0
    outer loop
      vertex -1 2.89831 16.2156
      vertex -1 4 18
      vertex -1 2.91568 16.1804
    endloop
  endfacet
  facet normal -1 0 0
    outer loop
      vertex -1 2.87942 16.25
      vertex -1 4 18
      vertex -1 2.89831 16.2156
    endloop
  endfacet
  facet normal -1 0 0
    outer loop
      vertex -1 2.85905 16.2836
      vertex -1 4 18
      vertex -1 2.87942 16.25
    endloop
  endfacet
  facet normal -1 0 0
    outer loop
      vertex -1 2.83724 16.3162
      vertex -1 4 18
      vertex -1 2.85905 16.2836
    endloop
  endfacet
  facet normal -1 0 0
    outer loop
      vertex -1 2.81402 16.3479
      vertex -1 4 18
      vertex -1 2.83724 16.3162
    endloop
  endfacet
  facet normal -1 0 0
    outer loop
      vertex -1 2.78944 16.3785
      vertex -1 4 18
      vertex -1 2.81402 16.3479
    endloop
  endfacet
  facet normal -1 0 0
    outer loop
      vertex -1 2.76355 16.408
      vertex -1 4 18
      vertex -1 2.78944 16.3785
    endloop
  endfacet
  facet normal -1 0 0
    outer loop
      vertex -1 2.7364 16.4364
      vertex -1 4 18
      vertex -1 2.76355 16.408
    endloop
  endfacet
  facet normal -1 0 0
    outer loop
      vertex -1 2.70803 16.4635
      vertex -1 4 18
      vertex -1 2.7364 16.4364
    endloop
  endfacet
  facet normal -1 0 0
    outer loop
      vertex -1 2.67851 16.4894
      vertex -1 4 18
      vertex -1 2.70803 16.4635
    endloop
  endfacet
  facet normal -1 0 0
    outer loop
      vertex -1 2.64788 16.514
      vertex -1 4 18
      vertex -1 2.67851 16.4894
    endloop
  endfacet
  facet normal -1 0 0
    outer loop
      vertex -1 2.61622 16.5372
      vertex -1 4 18
      vertex -1 2.64788 16.514
    endloop
  endfacet
  facet normal -1 0 0
    outer loop
      vertex -1 2.58357 16.5591
      vertex -1 4 18
      vertex -1 2.61622 16.5372
    endloop
  endfacet
  facet normal -1 0 0
    outer loop
      vertex -1 2.55 16.5794
      vertex -1 4 18
      vertex -1 2.58357 16.5591
    endloop
  endfacet
  facet normal -1 0 0
    outer loop
      vertex -1 2.51557 16.5983
      vertex -1 4 18
      vertex -1 2.55 16.5794
    endloop
  endfacet
  facet normal -1 0 0
    outer loop
      vertex -1 2.48036 16.6157
      vertex -1 4 18
      vertex -1 2.51557 16.5983
    endloop
  endfacet
  facet normal -1 0 0
    outer loop
      vertex -1 2.44441 16.6315
      vertex -1 4 18
      vertex -1 2.48036 16.6157
    endloop
  endfacet
  facet normal -1 0 0
    outer loop
      vertex -1 2.40782 16.6457
      vertex -1 4 18
      vertex -1 2.44441 16.6315
    endloop
  endfacet
  facet normal -1 0 0
    outer loop
      vertex -1 2.37064 16.6583
      vertex -1 4 18
      vertex -1 2.40782 16.6457
    endloop
  endfacet
  facet normal -1 0 0
    outer loop
      vertex -1 2.33294 16.6693
      vertex -1 4 18
      vertex -1 2.37064 16.6583
    endloop
  endfacet
  facet normal -1 0 0
    outer loop
      vertex -1 2.2948 16.6787
      vertex -1 4 18
      vertex -1 2.33294 16.6693
    endloop
  endfacet
  facet normal -1 0 0
    outer loop
      vertex -1 2.25628 16.6863
      vertex -1 4 18
      vertex -1 2.2948 16.6787
    endloop
  endfacet
  facet normal -1 0 0
    outer loop
      vertex -1 2.21747 16.6923
      vertex -1 4 18
      vertex -1 2.25628 16.6863
    endloop
  endfacet
  facet normal -1 0 0
    outer loop
      vertex -1 2.17844 16.6966
      vertex -1 4 18
      vertex -1 2.21747 16.6923
    endloop
  endfacet
  facet normal -1 0 0
    outer loop
      vertex -1 2.13926 16.6991
      vertex -1 4 18
      vertex -1 2.17844 16.6966
    endloop
  endfacet
  facet normal -1 0 0
    outer loop
      vertex -1 2.1 16.7
      vertex -1 4 18
      vertex -1 2.13926 16.6991
    endloop
  endfacet
  facet normal -1 0 0
    outer loop
      vertex -1 2.06074 16.6991
      vertex -1 4 18
      vertex -1 2.1 16.7
    endloop
  endfacet
  facet normal -1 0 0
    outer loop
      vertex -1 0 18
      vertex -1 2.06074 16.6991
      vertex -1 2.02156 16.6966
    endloop
  endfacet
  facet normal -1 0 0
    outer loop
      vertex -1 0 18
      vertex -1 2.02156 16.6966
      vertex -1 1.98253 16.6923
    endloop
  endfacet
  facet normal -1 0 0
    outer loop
      vertex -1 0 18
      vertex -1 1.98253 16.6923
      vertex -1 1.94372 16.6863
    endloop
  endfacet
  facet normal -1 0 0
    outer loop
      vertex -1 0 18
      vertex -1 1.94372 16.6863
      vertex -1 1.9052 16.6787
    endloop
  endfacet
  facet normal -1 0 0
    outer loop
      vertex -1 0 18
      vertex -1 1.9052 16.6787
      vertex -1 1.86706 16.6693
    endloop
  endfacet
  facet normal -1 0 0
    outer loop
      vertex -1 0 18
      vertex -1 1.86706 16.6693
      vertex -1 1.82936 16.6583
    endloop
  endfacet
  facet normal -1 0 0
    outer loop
      vertex -1 0 18
      vertex -1 1.82936 16.6583
      vertex -1 1.79218 16.6457
    endloop
  endfacet
  facet normal -1 0 0
    outer loop
      vertex -1 0 18
      vertex -1 1.79218 16.6457
      vertex -1 1.75558 16.6315
    endloop
  endfacet
  facet normal -1 0 0
    outer loop
      vertex -1 0 18
      vertex -1 1.75558 16.6315
      vertex -1 1.71964 16.6157
    endloop
  endfacet
  facet normal -1 0 0
    outer loop
      vertex -1 0 18
      vertex -1 1.71964 16.6157
      vertex -1 1.68443 16.5983
    endloop
  endfacet
  facet normal -1 0 0
    outer loop
      vertex -1 0 18
      vertex -1 1.68443 16.5983
      vertex -1 1.65 16.5794
    endloop
  endfacet
  facet normal -1 0 0
    outer loop
      vertex -1 1.20086 15.7607
      vertex -1 0 18
      vertex -1 1.2 15.8
    endloop
  endfacet
  facet normal -1 0 0
    outer loop
      vertex -1 1.2 15.8
      vertex -1 0 18
      vertex -1 1.20086 15.8393
    endloop
  endfacet
  facet normal -1 0 0
    outer loop
      vertex -1 2.06074 16.6991
      vertex -1 0 18
      vertex -1 4 18
    endloop
  endfacet
  facet normal -1 0 0
    outer loop
      vertex -1 1.61643 16.5591
      vertex -1 0 18
      vertex -1 1.65 16.5794
    endloop
  endfacet
  facet normal -1 0 0
    outer loop
      vertex -1 1.58378 16.5372
      vertex -1 0 18
      vertex -1 1.61643 16.5591
    endloop
  endfacet
  facet normal -1 0 0
    outer loop
      vertex -1 1.55211 16.514
      vertex -1 0 18
      vertex -1 1.58378 16.5372
    endloop
  endfacet
  facet normal -1 0 0
    outer loop
      vertex -1 1.52149 16.4894
      vertex -1 0 18
      vertex -1 1.55211 16.514
    endloop
  endfacet
  facet normal -1 0 0
    outer loop
      vertex -1 1.49197 16.4635
      vertex -1 0 18
      vertex -1 1.52149 16.4894
    endloop
  endfacet
  facet normal -1 0 0
    outer loop
      vertex -1 1.4636 16.4364
      vertex -1 0 18
      vertex -1 1.49197 16.4635
    endloop
  endfacet
  facet normal -1 0 0
    outer loop
      vertex -1 1.43645 16.408
      vertex -1 0 18
      vertex -1 1.4636 16.4364
    endloop
  endfacet
  facet normal -1 0 0
    outer loop
      vertex -1 1.41056 16.3785
      vertex -1 0 18
      vertex -1 1.43645 16.408
    endloop
  endfacet
  facet normal -1 0 0
    outer loop
      vertex -1 1.38598 16.3479
      vertex -1 0 18
      vertex -1 1.41056 16.3785
    endloop
  endfacet
  facet normal -1 0 0
    outer loop
      vertex -1 1.36276 16.3162
      vertex -1 0 18
      vertex -1 1.38598 16.3479
    endloop
  endfacet
  facet normal -1 0 0
    outer loop
      vertex -1 1.34095 16.2836
      vertex -1 0 18
      vertex -1 1.36276 16.3162
    endloop
  endfacet
  facet normal -1 0 0
    outer loop
      vertex -1 1.32058 16.25
      vertex -1 0 18
      vertex -1 1.34095 16.2836
    endloop
  endfacet
  facet normal -1 0 0
    outer loop
      vertex -1 1.30169 16.2156
      vertex -1 0 18
      vertex -1 1.32058 16.25
    endloop
  endfacet
  facet normal -1 0 0
    outer loop
      vertex -1 1.28432 16.1804
      vertex -1 0 18
      vertex -1 1.30169 16.2156
    endloop
  endfacet
  facet normal -1 0 0
    outer loop
      vertex -1 1.26851 16.1444
      vertex -1 0 18
      vertex -1 1.28432 16.1804
    endloop
  endfacet
  facet normal -1 0 0
    outer loop
      vertex -1 1.25428 16.1078
      vertex -1 0 18
      vertex -1 1.26851 16.1444
    endloop
  endfacet
  facet normal -1 0 0
    outer loop
      vertex -1 1.24165 16.0706
      vertex -1 0 18
      vertex -1 1.25428 16.1078
    endloop
  endfacet
  facet normal -1 0 0
    outer loop
      vertex -1 1.23067 16.0329
      vertex -1 0 18
      vertex -1 1.24165 16.0706
    endloop
  endfacet
  facet normal -1 0 0
    outer loop
      vertex -1 1.22133 15.9948
      vertex -1 0 18
      vertex -1 1.23067 16.0329
    endloop
  endfacet
  facet normal -1 0 0
    outer loop
      vertex -1 1.21367 15.9563
      vertex -1 0 18
      vertex -1 1.22133 15.9948
    endloop
  endfacet
  facet normal -1 0 0
    outer loop
      vertex -1 1.2077 15.9175
      vertex -1 0 18
      vertex -1 1.21367 15.9563
    endloop
  endfacet
  facet normal -1 0 0
    outer loop
      vertex -1 1.20342 15.8784
      vertex -1 0 18
      vertex -1 1.2077 15.9175
    endloop
  endfacet
  facet normal -1 0 0
    outer loop
      vertex -1 1.20086 15.8393
      vertex -1 0 18
      vertex -1 1.20342 15.8784
    endloop
  endfacet
  facet normal 0 1 -0
    outer loop
      vertex 1 25.5 4
      vertex -1 25.5 18
      vertex 1 25.5 18
    endloop
  endfacet
  facet normal 0 1 0
    outer loop
      vertex -1 25.5 18
      vertex 1 25.5 4
      vertex -1 25.5 4
    endloop
  endfacet
  facet normal 0 -1 0
    outer loop
      vertex -1 0 0
      vertex 1 0 18
      vertex -1 0 18
    endloop
  endfacet
  facet normal 0 -1 -0
    outer loop
      vertex 1 0 18
      vertex -1 0 0
      vertex 1 0 0
    endloop
  endfacet
  facet normal -0 0 1
    outer loop
      vertex -1 4 18
      vertex 1 0 18
      vertex 1 4 18
    endloop
  endfacet
  facet normal 0 0 1
    outer loop
      vertex 1 0 18
      vertex -1 4 18
      vertex -1 0 18
    endloop
  endfacet
  facet normal 0 1 -0
    outer loop
      vertex 1 4 4
      vertex -1 4 18
      vertex 1 4 18
    endloop
  endfacet
  facet normal 0 1 0
    outer loop
      vertex -1 4 18
      vertex 1 4 4
      vertex -1 4 4
    endloop
  endfacet
  facet normal -0 0 1
    outer loop
      vertex -1 25.5 18
      vertex 1 21.5 18
      vertex 1 25.5 18
    endloop
  endfacet
  facet normal 0 0 1
    outer loop
      vertex 1 21.5 18
      vertex -1 25.5 18
      vertex -1 21.5 18
    endloop
  endfacet
  facet normal 0 -1 0
    outer loop
      vertex -1 21.5 4
      vertex 1 21.5 18
      vertex -1 21.5 18
    endloop
  endfacet
  facet normal 0 -1 -0
    outer loop
      vertex 1 21.5 18
      vertex -1 21.5 4
      vertex 1 21.5 4
    endloop
  endfacet
  facet normal -0 0.361709 0.932291
    outer loop
      vertex -1 1.79218 14.9543
      vertex 1 1.75558 14.9685
      vertex 1 1.79218 14.9543
    endloop
  endfacet
  facet normal 0 0.361709 0.932291
    outer loop
      vertex 1 1.75558 14.9685
      vertex -1 1.79218 14.9543
      vertex -1 1.75558 14.9685
    endloop
  endfacet
  facet normal -0 0.517454 0.855711
    outer loop
      vertex -1 1.65 15.0206
      vertex 1 1.61643 15.0409
      vertex 1 1.65 15.0206
    endloop
  endfacet
  facet normal 0 0.517454 0.855711
    outer loop
      vertex 1 1.61643 15.0409
      vertex -1 1.65 15.0206
      vertex -1 1.61643 15.0409
    endloop
  endfacet
  facet normal 0 -0.690736 -0.723107
    outer loop
      vertex -1 2.70803 16.4635
      vertex 1 2.7364 16.4364
      vertex 1 2.70803 16.4635
    endloop
  endfacet
  facet normal -0 -0.690736 -0.723107
    outer loop
      vertex 1 2.7364 16.4364
      vertex -1 2.70803 16.4635
      vertex -1 2.7364 16.4364
    endloop
  endfacet
  facet normal -0 0.402448 0.915443
    outer loop
      vertex -1 1.75558 14.9685
      vertex 1 1.71964 14.9843
      vertex 1 1.75558 14.9685
    endloop
  endfacet
  facet normal 0 0.402448 0.915443
    outer loop
      vertex 1 1.71964 14.9843
      vertex -1 1.75558 14.9685
      vertex -1 1.71964 14.9843
    endloop
  endfacet
  facet normal -0 0.193569 0.981087
    outer loop
      vertex -1 1.94372 14.9137
      vertex 1 1.9052 14.9213
      vertex 1 1.94372 14.9137
    endloop
  endfacet
  facet normal 0 0.193569 0.981087
    outer loop
      vertex 1 1.9052 14.9213
      vertex -1 1.94372 14.9137
      vertex -1 1.9052 14.9213
    endloop
  endfacet
  facet normal 0 0.481205 -0.876608
    outer loop
      vertex -1 1.65 16.5794
      vertex 1 1.68443 16.5983
      vertex 1 1.65 16.5794
    endloop
  endfacet
  facet normal 0 0.481205 -0.876608
    outer loop
      vertex 1 1.68443 16.5983
      vertex -1 1.65 16.5794
      vertex -1 1.68443 16.5983
    endloop
  endfacet
  facet normal 0 -0.0229181 0.999737
    outer loop
      vertex -1 2.13926 14.9009
      vertex 1 2.1 14.9
      vertex 1 2.13926 14.9009
    endloop
  endfacet
  facet normal 0 -0.0229181 0.999737
    outer loop
      vertex 1 2.1 14.9
      vertex -1 2.13926 14.9009
      vertex -1 2.1 14.9
    endloop
  endfacet
  facet normal 0 -0.2393 0.970946
    outer loop
      vertex -1 2.33294 14.9307
      vertex 1 2.2948 14.9213
      vertex 1 2.33294 14.9307
    endloop
  endfacet
  facet normal 0 -0.2393 0.970946
    outer loop
      vertex 1 2.2948 14.9213
      vertex -1 2.33294 14.9307
      vertex -1 2.2948 14.9213
    endloop
  endfacet
  facet normal 0 -0.517454 -0.855711
    outer loop
      vertex -1 2.55 16.5794
      vertex 1 2.58357 16.5591
      vertex 1 2.55 16.5794
    endloop
  endfacet
  facet normal -0 -0.517454 -0.855711
    outer loop
      vertex 1 2.58357 16.5591
      vertex -1 2.55 16.5794
      vertex -1 2.58357 16.5591
    endloop
  endfacet
  facet normal 0 -0.999761 0.0218777
    outer loop
      vertex -1 2.99914 15.7607
      vertex 1 3 15.8
      vertex -1 3 15.8
    endloop
  endfacet
  facet normal 0 -0.999761 0.0218777
    outer loop
      vertex 1 3 15.8
      vertex -1 2.99914 15.7607
      vertex 1 2.99914 15.7607
    endloop
  endfacet
  facet normal -0 0.109509 0.993986
    outer loop
      vertex -1 2.02156 14.9034
      vertex 1 1.98253 14.9077
      vertex 1 2.02156 14.9034
    endloop
  endfacet
  facet normal 0 0.109509 0.993986
    outer loop
      vertex 1 1.98253 14.9077
      vertex -1 2.02156 14.9034
      vertex -1 1.98253 14.9077
    endloop
  endfacet
  facet normal 0 -0.320962 0.947092
    outer loop
      vertex -1 2.40782 14.9543
      vertex 1 2.37064 14.9417
      vertex 1 2.40782 14.9543
    endloop
  endfacet
  facet normal 0 -0.320962 0.947092
    outer loop
      vertex 1 2.37064 14.9417
      vertex -1 2.40782 14.9543
      vertex -1 2.37064 14.9417
    endloop
  endfacet
  facet normal 0 0.722835 0.69102
    outer loop
      vertex 1 1.4636 15.1636
      vertex -1 1.43645 15.192
      vertex 1 1.43645 15.192
    endloop
  endfacet
  facet normal 0 0.722835 0.69102
    outer loop
      vertex -1 1.43645 15.192
      vertex 1 1.4636 15.1636
      vertex -1 1.4636 15.1636
    endloop
  endfacet
  facet normal 0 -0.896759 -0.44252
    outer loop
      vertex -1 2.91568 16.1804
      vertex 1 2.89831 16.2156
      vertex -1 2.89831 16.2156
    endloop
  endfacet
  facet normal 0 -0.896759 -0.44252
    outer loop
      vertex 1 2.89831 16.2156
      vertex -1 2.91568 16.1804
      vertex 1 2.91568 16.1804
    endloop
  endfacet
  facet normal 0 -0.806729 0.590922
    outer loop
      vertex -1 2.81402 15.2521
      vertex 1 2.83724 15.2838
      vertex -1 2.83724 15.2838
    endloop
  endfacet
  facet normal 0 -0.806729 0.590922
    outer loop
      vertex 1 2.83724 15.2838
      vertex -1 2.81402 15.2521
      vertex 1 2.81402 15.2521
    endloop
  endfacet
  facet normal 0 0.994062 -0.108813
    outer loop
      vertex 1 1.20342 15.8784
      vertex -1 1.2077 15.9175
      vertex 1 1.2077 15.9175
    endloop
  endfacet
  facet normal 0 0.994062 -0.108813
    outer loop
      vertex -1 1.2077 15.9175
      vertex 1 1.20342 15.8784
      vertex -1 1.20342 15.8784
    endloop
  endfacet
  facet normal 0 0.980776 0.195136
    outer loop
      vertex 1 1.22133 15.6052
      vertex -1 1.21367 15.6437
      vertex 1 1.21367 15.6437
    endloop
  endfacet
  facet normal 0 0.980776 0.195136
    outer loop
      vertex -1 1.21367 15.6437
      vertex 1 1.22133 15.6052
      vertex -1 1.22133 15.6052
    endloop
  endfacet
  facet normal 0 0.320962 -0.947092
    outer loop
      vertex -1 1.79218 16.6457
      vertex 1 1.82936 16.6583
      vertex 1 1.79218 16.6457
    endloop
  endfacet
  facet normal 0 0.320962 -0.947092
    outer loop
      vertex 1 1.82936 16.6583
      vertex -1 1.79218 16.6457
      vertex -1 1.82936 16.6583
    endloop
  endfacet
  facet normal 0 -0.806729 -0.590922
    outer loop
      vertex -1 2.83724 16.3162
      vertex 1 2.81402 16.3479
      vertex -1 2.81402 16.3479
    endloop
  endfacet
  facet normal 0 -0.806729 -0.590922
    outer loop
      vertex 1 2.81402 16.3479
      vertex -1 2.83724 16.3162
      vertex 1 2.83724 16.3162
    endloop
  endfacet
  facet normal 0 0.876539 -0.481332
    outer loop
      vertex 1 1.30169 16.2156
      vertex -1 1.32058 16.25
      vertex 1 1.32058 16.25
    endloop
  endfacet
  facet normal 0 0.876539 -0.481332
    outer loop
      vertex -1 1.32058 16.25
      vertex 1 1.30169 16.2156
      vertex -1 1.30169 16.2156
    endloop
  endfacet
  facet normal 0 0.999761 0.0218777
    outer loop
      vertex 1 1.20086 15.7607
      vertex -1 1.2 15.8
      vertex 1 1.2 15.8
    endloop
  endfacet
  facet normal 0 0.999761 0.0218777
    outer loop
      vertex -1 1.2 15.8
      vertex 1 1.20086 15.7607
      vertex -1 1.20086 15.7607
    endloop
  endfacet
  facet normal 0 -0.980776 -0.195136
    outer loop
      vertex -1 2.98633 15.9563
      vertex 1 2.97867 15.9948
      vertex -1 2.97867 15.9948
    endloop
  endfacet
  facet normal 0 -0.980776 -0.195136
    outer loop
      vertex 1 2.97867 15.9948
      vertex -1 2.98633 15.9563
      vertex 1 2.98633 15.9563
    endloop
  endfacet
  facet normal 0 -0.980776 0.195136
    outer loop
      vertex -1 2.97867 15.6052
      vertex 1 2.98633 15.6437
      vertex -1 2.98633 15.6437
    endloop
  endfacet
  facet normal 0 -0.980776 0.195136
    outer loop
      vertex 1 2.98633 15.6437
      vertex -1 2.97867 15.6052
      vertex 1 2.97867 15.6052
    endloop
  endfacet
  facet normal 0 0.109509 -0.993986
    outer loop
      vertex -1 1.98253 16.6923
      vertex 1 2.02156 16.6966
      vertex 1 1.98253 16.6923
    endloop
  endfacet
  facet normal 0 0.109509 -0.993986
    outer loop
      vertex 1 2.02156 16.6966
      vertex -1 1.98253 16.6923
      vertex -1 2.02156 16.6966
    endloop
  endfacet
  facet normal 0 0.590955 -0.806705
    outer loop
      vertex -1 1.55211 16.514
      vertex 1 1.58378 16.5372
      vertex 1 1.55211 16.514
    endloop
  endfacet
  facet normal 0 0.590955 -0.806705
    outer loop
      vertex 1 1.58378 16.5372
      vertex -1 1.55211 16.514
      vertex -1 1.58378 16.5372
    endloop
  endfacet
  facet normal 0 -0.876539 0.481332
    outer loop
      vertex -1 2.87942 15.35
      vertex 1 2.89831 15.3844
      vertex -1 2.89831 15.3844
    endloop
  endfacet
  facet normal 0 -0.876539 0.481332
    outer loop
      vertex 1 2.89831 15.3844
      vertex -1 2.87942 15.35
      vertex 1 2.87942 15.35
    endloop
  endfacet
  facet normal -0 0.658071 0.752956
    outer loop
      vertex -1 1.52149 15.1106
      vertex 1 1.49197 15.1364
      vertex 1 1.52149 15.1106
    endloop
  endfacet
  facet normal 0 0.658071 0.752956
    outer loop
      vertex 1 1.49197 15.1364
      vertex -1 1.52149 15.1106
      vertex -1 1.49197 15.1364
    endloop
  endfacet
  facet normal 0 -0.152784 -0.98826
    outer loop
      vertex -1 2.21747 16.6923
      vertex 1 2.25628 16.6863
      vertex 1 2.21747 16.6923
    endloop
  endfacet
  facet normal -0 -0.152784 -0.98826
    outer loop
      vertex 1 2.25628 16.6863
      vertex -1 2.21747 16.6923
      vertex -1 2.25628 16.6863
    endloop
  endfacet
  facet normal 0 -0.193569 0.981087
    outer loop
      vertex -1 2.2948 14.9213
      vertex 1 2.25628 14.9137
      vertex 1 2.2948 14.9213
    endloop
  endfacet
  facet normal 0 -0.193569 0.981087
    outer loop
      vertex 1 2.25628 14.9137
      vertex -1 2.2948 14.9213
      vertex -1 2.25628 14.9137
    endloop
  endfacet
  facet normal 0 -0.751597 -0.659622
    outer loop
      vertex -1 2.78944 16.3785
      vertex 1 2.76355 16.408
      vertex -1 2.76355 16.408
    endloop
  endfacet
  facet normal 0 -0.751597 -0.659622
    outer loop
      vertex 1 2.76355 16.408
      vertex -1 2.78944 16.3785
      vertex 1 2.78944 16.3785
    endloop
  endfacet
  facet normal 0 -0.443033 0.896505
    outer loop
      vertex -1 2.51557 15.0017
      vertex 1 2.48036 14.9843
      vertex 1 2.51557 15.0017
    endloop
  endfacet
  facet normal 0 -0.443033 0.896505
    outer loop
      vertex 1 2.48036 14.9843
      vertex -1 2.51557 15.0017
      vertex -1 2.48036 14.9843
    endloop
  endfacet
  facet normal 0 -0.988369 0.152076
    outer loop
      vertex -1 2.98633 15.6437
      vertex 1 2.9923 15.6825
      vertex -1 2.9923 15.6825
    endloop
  endfacet
  facet normal 0 -0.988369 0.152076
    outer loop
      vertex 1 2.9923 15.6825
      vertex -1 2.98633 15.6437
      vertex 1 2.98633 15.6437
    endloop
  endfacet
  facet normal 0 0.443033 -0.896505
    outer loop
      vertex -1 1.68443 16.5983
      vertex 1 1.71964 16.6157
      vertex 1 1.68443 16.5983
    endloop
  endfacet
  facet normal 0 0.443033 -0.896505
    outer loop
      vertex 1 1.71964 16.6157
      vertex -1 1.68443 16.5983
      vertex -1 1.71964 16.6157
    endloop
  endfacet
  facet normal 0 0.915596 -0.402099
    outer loop
      vertex 1 1.26851 16.1444
      vertex -1 1.28432 16.1804
      vertex 1 1.28432 16.1804
    endloop
  endfacet
  facet normal 0 0.915596 -0.402099
    outer loop
      vertex -1 1.28432 16.1804
      vertex 1 1.26851 16.1444
      vertex -1 1.26851 16.1444
    endloop
  endfacet
  facet normal 0 0.831147 -0.556053
    outer loop
      vertex 1 1.34095 16.2836
      vertex -1 1.36276 16.3162
      vertex 1 1.36276 16.3162
    endloop
  endfacet
  facet normal 0 0.831147 -0.556053
    outer loop
      vertex -1 1.36276 16.3162
      vertex 1 1.34095 16.2836
      vertex -1 1.34095 16.2836
    endloop
  endfacet
  facet normal 0 0.806729 0.590922
    outer loop
      vertex 1 1.38598 15.2521
      vertex -1 1.36276 15.2838
      vertex 1 1.36276 15.2838
    endloop
  endfacet
  facet normal 0 0.806729 0.590922
    outer loop
      vertex -1 1.36276 15.2838
      vertex 1 1.38598 15.2521
      vertex -1 1.38598 15.2521
    endloop
  endfacet
  facet normal 0 0.971242 0.238094
    outer loop
      vertex 1 1.23067 15.5671
      vertex -1 1.22133 15.6052
      vertex 1 1.22133 15.6052
    endloop
  endfacet
  facet normal 0 0.971242 0.238094
    outer loop
      vertex -1 1.22133 15.6052
      vertex 1 1.23067 15.5671
      vertex -1 1.23067 15.5671
    endloop
  endfacet
  facet normal 0 0.402448 -0.915443
    outer loop
      vertex -1 1.71964 16.6157
      vertex 1 1.75558 16.6315
      vertex 1 1.71964 16.6157
    endloop
  endfacet
  facet normal 0 0.402448 -0.915443
    outer loop
      vertex 1 1.75558 16.6315
      vertex -1 1.71964 16.6157
      vertex -1 1.75558 16.6315
    endloop
  endfacet
  facet normal 0 -0.517454 0.855711
    outer loop
      vertex -1 2.58357 15.0409
      vertex 1 2.55 15.0206
      vertex 1 2.58357 15.0409
    endloop
  endfacet
  facet normal 0 -0.517454 0.855711
    outer loop
      vertex 1 2.55 15.0206
      vertex -1 2.58357 15.0409
      vertex -1 2.55 15.0206
    endloop
  endfacet
  facet normal 0 -0.751597 0.659622
    outer loop
      vertex -1 2.76355 15.192
      vertex 1 2.78944 15.2215
      vertex -1 2.78944 15.2215
    endloop
  endfacet
  facet normal 0 -0.751597 0.659622
    outer loop
      vertex 1 2.78944 15.2215
      vertex -1 2.76355 15.192
      vertex 1 2.76355 15.192
    endloop
  endfacet
  facet normal 0 0.361709 -0.932291
    outer loop
      vertex -1 1.75558 16.6315
      vertex 1 1.79218 16.6457
      vertex 1 1.75558 16.6315
    endloop
  endfacet
  facet normal 0 0.361709 -0.932291
    outer loop
      vertex 1 1.79218 16.6457
      vertex -1 1.75558 16.6315
      vertex -1 1.79218 16.6457
    endloop
  endfacet
  facet normal 0 0.0636786 -0.99797
    outer loop
      vertex -1 2.02156 16.6966
      vertex 1 2.06074 16.6991
      vertex 1 2.02156 16.6966
    endloop
  endfacet
  facet normal 0 0.0636786 -0.99797
    outer loop
      vertex 1 2.06074 16.6991
      vertex -1 2.02156 16.6966
      vertex -1 2.06074 16.6991
    endloop
  endfacet
  facet normal 0 0.960108 0.279628
    outer loop
      vertex 1 1.24165 15.5294
      vertex -1 1.23067 15.5671
      vertex 1 1.23067 15.5671
    endloop
  endfacet
  facet normal 0 0.960108 0.279628
    outer loop
      vertex -1 1.23067 15.5671
      vertex 1 1.24165 15.5294
      vertex -1 1.24165 15.5294
    endloop
  endfacet
  facet normal 0 -0.0636786 0.99797
    outer loop
      vertex -1 2.17844 14.9034
      vertex 1 2.13926 14.9009
      vertex 1 2.17844 14.9034
    endloop
  endfacet
  facet normal 0 -0.0636786 0.99797
    outer loop
      vertex 1 2.13926 14.9009
      vertex -1 2.17844 14.9034
      vertex -1 2.13926 14.9009
    endloop
  endfacet
  facet normal 0 -0.779624 -0.626247
    outer loop
      vertex -1 2.81402 16.3479
      vertex 1 2.78944 16.3785
      vertex -1 2.78944 16.3785
    endloop
  endfacet
  facet normal 0 -0.779624 -0.626247
    outer loop
      vertex 1 2.78944 16.3785
      vertex -1 2.81402 16.3479
      vertex 1 2.81402 16.3479
    endloop
  endfacet
  facet normal 0 -0.109509 -0.993986
    outer loop
      vertex -1 2.17844 16.6966
      vertex 1 2.21747 16.6923
      vertex 1 2.17844 16.6966
    endloop
  endfacet
  facet normal -0 -0.109509 -0.993986
    outer loop
      vertex 1 2.21747 16.6923
      vertex -1 2.17844 16.6966
      vertex -1 2.21747 16.6923
    endloop
  endfacet
  facet normal 0 0.896759 -0.44252
    outer loop
      vertex 1 1.28432 16.1804
      vertex -1 1.30169 16.2156
      vertex 1 1.30169 16.2156
    endloop
  endfacet
  facet normal 0 0.896759 -0.44252
    outer loop
      vertex -1 1.30169 16.2156
      vertex 1 1.28432 16.1804
      vertex -1 1.28432 16.1804
    endloop
  endfacet
  facet normal 0 -0.626184 -0.779675
    outer loop
      vertex -1 2.64788 16.514
      vertex 1 2.67851 16.4894
      vertex 1 2.64788 16.514
    endloop
  endfacet
  facet normal -0 -0.626184 -0.779675
    outer loop
      vertex 1 2.67851 16.4894
      vertex -1 2.64788 16.514
      vertex -1 2.67851 16.4894
    endloop
  endfacet
  facet normal 0 -0.896759 0.44252
    outer loop
      vertex -1 2.89831 15.3844
      vertex 1 2.91568 15.4196
      vertex -1 2.91568 15.4196
    endloop
  endfacet
  facet normal 0 -0.896759 0.44252
    outer loop
      vertex 1 2.91568 15.4196
      vertex -1 2.89831 15.3844
      vertex 1 2.89831 15.3844
    endloop
  endfacet
  facet normal 0 -0.320962 -0.947092
    outer loop
      vertex -1 2.37064 16.6583
      vertex 1 2.40782 16.6457
      vertex 1 2.37064 16.6583
    endloop
  endfacet
  facet normal -0 -0.320962 -0.947092
    outer loop
      vertex 1 2.40782 16.6457
      vertex -1 2.37064 16.6583
      vertex -1 2.40782 16.6457
    endloop
  endfacet
  facet normal -0 0.0229181 0.999737
    outer loop
      vertex -1 2.1 14.9
      vertex 1 2.06074 14.9009
      vertex 1 2.1 14.9
    endloop
  endfacet
  facet normal 0 0.0229181 0.999737
    outer loop
      vertex 1 2.06074 14.9009
      vertex -1 2.1 14.9
      vertex -1 2.06074 14.9009
    endloop
  endfacet
  facet normal 0 0.722835 -0.69102
    outer loop
      vertex 1 1.43645 16.408
      vertex -1 1.4636 16.4364
      vertex 1 1.4636 16.4364
    endloop
  endfacet
  facet normal 0 0.722835 -0.69102
    outer loop
      vertex -1 1.4636 16.4364
      vertex 1 1.43645 16.408
      vertex -1 1.43645 16.408
    endloop
  endfacet
  facet normal 0 0.932033 0.362373
    outer loop
      vertex 1 1.26851 15.4556
      vertex -1 1.25428 15.4922
      vertex 1 1.25428 15.4922
    endloop
  endfacet
  facet normal 0 0.932033 0.362373
    outer loop
      vertex -1 1.25428 15.4922
      vertex 1 1.26851 15.4556
      vertex -1 1.26851 15.4556
    endloop
  endfacet
  facet normal 0 -0.855126 0.51842
    outer loop
      vertex -1 2.85905 15.3164
      vertex 1 2.87942 15.35
      vertex -1 2.87942 15.35
    endloop
  endfacet
  facet normal 0 -0.855126 0.51842
    outer loop
      vertex 1 2.87942 15.35
      vertex -1 2.85905 15.3164
      vertex 1 2.85905 15.3164
    endloop
  endfacet
  facet normal -0 0.0636786 0.99797
    outer loop
      vertex -1 2.06074 14.9009
      vertex 1 2.02156 14.9034
      vertex 1 2.06074 14.9009
    endloop
  endfacet
  facet normal 0 0.0636786 0.99797
    outer loop
      vertex 1 2.02156 14.9034
      vertex -1 2.06074 14.9009
      vertex -1 2.02156 14.9034
    endloop
  endfacet
  facet normal 0 0.932033 -0.362373
    outer loop
      vertex 1 1.25428 16.1078
      vertex -1 1.26851 16.1444
      vertex 1 1.26851 16.1444
    endloop
  endfacet
  facet normal 0 0.932033 -0.362373
    outer loop
      vertex -1 1.26851 16.1444
      vertex 1 1.25428 16.1078
      vertex -1 1.25428 16.1078
    endloop
  endfacet
  facet normal 0 -0.94699 -0.321264
    outer loop
      vertex -1 2.95834 16.0706
      vertex 1 2.94572 16.1078
      vertex -1 2.94572 16.1078
    endloop
  endfacet
  facet normal 0 -0.94699 -0.321264
    outer loop
      vertex 1 2.94572 16.1078
      vertex -1 2.95834 16.0706
      vertex 1 2.95834 16.0706
    endloop
  endfacet
  facet normal 0 -0.591076 -0.806616
    outer loop
      vertex -1 2.61622 16.5372
      vertex 1 2.64788 16.514
      vertex 1 2.61622 16.5372
    endloop
  endfacet
  facet normal -0 -0.591076 -0.806616
    outer loop
      vertex 1 2.64788 16.514
      vertex -1 2.61622 16.5372
      vertex -1 2.64788 16.514
    endloop
  endfacet
  facet normal 0 0.751597 0.659622
    outer loop
      vertex 1 1.43645 15.192
      vertex -1 1.41056 15.2215
      vertex 1 1.41056 15.2215
    endloop
  endfacet
  facet normal 0 0.751597 0.659622
    outer loop
      vertex -1 1.41056 15.2215
      vertex 1 1.43645 15.192
      vertex -1 1.43645 15.192
    endloop
  endfacet
  facet normal 0 -0.659514 -0.751693
    outer loop
      vertex -1 2.67851 16.4894
      vertex 1 2.70803 16.4635
      vertex 1 2.67851 16.4894
    endloop
  endfacet
  facet normal -0 -0.659514 -0.751693
    outer loop
      vertex 1 2.70803 16.4635
      vertex -1 2.67851 16.4894
      vertex -1 2.70803 16.4635
    endloop
  endfacet
  facet normal 0 -0.722835 0.69102
    outer loop
      vertex -1 2.7364 15.1636
      vertex 1 2.76355 15.192
      vertex -1 2.76355 15.192
    endloop
  endfacet
  facet normal 0 -0.722835 0.69102
    outer loop
      vertex 1 2.76355 15.192
      vertex -1 2.7364 15.1636
      vertex 1 2.7364 15.1636
    endloop
  endfacet
  facet normal 0 0.193569 -0.981087
    outer loop
      vertex -1 1.9052 16.6787
      vertex 1 1.94372 16.6863
      vertex 1 1.9052 16.6787
    endloop
  endfacet
  facet normal 0 0.193569 -0.981087
    outer loop
      vertex 1 1.94372 16.6863
      vertex -1 1.9052 16.6787
      vertex -1 1.94372 16.6863
    endloop
  endfacet
  facet normal 0 -0.831147 -0.556053
    outer loop
      vertex -1 2.85905 16.2836
      vertex 1 2.83724 16.3162
      vertex -1 2.83724 16.3162
    endloop
  endfacet
  facet normal 0 -0.831147 -0.556053
    outer loop
      vertex 1 2.83724 16.3162
      vertex -1 2.85905 16.2836
      vertex 1 2.85905 16.2836
    endloop
  endfacet
  facet normal 0 0.626308 -0.779576
    outer loop
      vertex -1 1.52149 16.4894
      vertex 1 1.55211 16.514
      vertex 1 1.52149 16.4894
    endloop
  endfacet
  facet normal 0 0.626308 -0.779576
    outer loop
      vertex 1 1.55211 16.514
      vertex -1 1.52149 16.4894
      vertex -1 1.55211 16.514
    endloop
  endfacet
  facet normal 0 -0.557046 0.830482
    outer loop
      vertex -1 2.61622 15.0628
      vertex 1 2.58357 15.0409
      vertex 1 2.61622 15.0628
    endloop
  endfacet
  facet normal 0 -0.557046 0.830482
    outer loop
      vertex 1 2.58357 15.0409
      vertex -1 2.61622 15.0628
      vertex -1 2.58357 15.0409
    endloop
  endfacet
  facet normal 0 -0.988369 -0.152076
    outer loop
      vertex -1 2.9923 15.9175
      vertex 1 2.98633 15.9563
      vertex -1 2.98633 15.9563
    endloop
  endfacet
  facet normal 0 -0.988369 -0.152076
    outer loop
      vertex 1 2.98633 15.9563
      vertex -1 2.9923 15.9175
      vertex 1 2.9923 15.9175
    endloop
  endfacet
  facet normal 0 0.152784 -0.98826
    outer loop
      vertex -1 1.94372 16.6863
      vertex 1 1.98253 16.6923
      vertex 1 1.94372 16.6863
    endloop
  endfacet
  facet normal 0 0.152784 -0.98826
    outer loop
      vertex 1 1.98253 16.6923
      vertex -1 1.94372 16.6863
      vertex -1 1.98253 16.6923
    endloop
  endfacet
  facet normal 0 0.915596 0.402099
    outer loop
      vertex 1 1.28432 15.4196
      vertex -1 1.26851 15.4556
      vertex 1 1.26851 15.4556
    endloop
  endfacet
  facet normal 0 0.915596 0.402099
    outer loop
      vertex -1 1.26851 15.4556
      vertex 1 1.28432 15.4196
      vertex -1 1.28432 15.4196
    endloop
  endfacet
  facet normal -0 0.692066 0.721835
    outer loop
      vertex -1 1.49197 15.1364
      vertex 1 1.4636 15.1636
      vertex 1 1.49197 15.1364
    endloop
  endfacet
  facet normal 0 0.692066 0.721835
    outer loop
      vertex 1 1.4636 15.1636
      vertex -1 1.49197 15.1364
      vertex -1 1.4636 15.1636
    endloop
  endfacet
  facet normal -0 0.280098 0.959971
    outer loop
      vertex -1 1.86706 14.9307
      vertex 1 1.82936 14.9417
      vertex 1 1.86706 14.9307
    endloop
  endfacet
  facet normal 0 0.280098 0.959971
    outer loop
      vertex 1 1.82936 14.9417
      vertex -1 1.86706 14.9307
      vertex -1 1.82936 14.9417
    endloop
  endfacet
  facet normal 0 0.988369 0.152076
    outer loop
      vertex 1 1.21367 15.6437
      vertex -1 1.2077 15.6825
      vertex 1 1.2077 15.6825
    endloop
  endfacet
  facet normal 0 0.988369 0.152076
    outer loop
      vertex -1 1.2077 15.6825
      vertex 1 1.21367 15.6437
      vertex -1 1.21367 15.6437
    endloop
  endfacet
  facet normal -0 0.481205 0.876608
    outer loop
      vertex -1 1.68443 15.0017
      vertex 1 1.65 15.0206
      vertex 1 1.68443 15.0017
    endloop
  endfacet
  facet normal 0 0.481205 0.876608
    outer loop
      vertex 1 1.65 15.0206
      vertex -1 1.68443 15.0017
      vertex -1 1.65 15.0206
    endloop
  endfacet
  facet normal 0 0.997864 -0.0653333
    outer loop
      vertex 1 1.20086 15.8393
      vertex -1 1.20342 15.8784
      vertex 1 1.20342 15.8784
    endloop
  endfacet
  facet normal 0 0.997864 -0.0653333
    outer loop
      vertex -1 1.20342 15.8784
      vertex 1 1.20086 15.8393
      vertex -1 1.20086 15.8393
    endloop
  endfacet
  facet normal 0 -0.932033 -0.362373
    outer loop
      vertex -1 2.94572 16.1078
      vertex 1 2.93149 16.1444
      vertex -1 2.93149 16.1444
    endloop
  endfacet
  facet normal 0 -0.932033 -0.362373
    outer loop
      vertex 1 2.93149 16.1444
      vertex -1 2.94572 16.1078
      vertex 1 2.94572 16.1078
    endloop
  endfacet
  facet normal 0 -0.915596 0.402099
    outer loop
      vertex -1 2.91568 15.4196
      vertex 1 2.93149 15.4556
      vertex -1 2.93149 15.4556
    endloop
  endfacet
  facet normal 0 -0.915596 0.402099
    outer loop
      vertex 1 2.93149 15.4556
      vertex -1 2.91568 15.4196
      vertex 1 2.91568 15.4196
    endloop
  endfacet
  facet normal 0 -0.971242 -0.238094
    outer loop
      vertex -1 2.97867 15.9948
      vertex 1 2.96933 16.0329
      vertex -1 2.96933 16.0329
    endloop
  endfacet
  facet normal 0 -0.971242 -0.238094
    outer loop
      vertex 1 2.96933 16.0329
      vertex -1 2.97867 15.9948
      vertex 1 2.97867 15.9948
    endloop
  endfacet
  facet normal 0 -0.997847 -0.0655874
    outer loop
      vertex -1 2.99914 15.8393
      vertex 1 2.99657 15.8784
      vertex -1 2.99657 15.8784
    endloop
  endfacet
  facet normal 0 -0.997847 -0.0655874
    outer loop
      vertex 1 2.99657 15.8784
      vertex -1 2.99914 15.8393
      vertex 1 2.99914 15.8393
    endloop
  endfacet
  facet normal 0 -0.481205 0.876608
    outer loop
      vertex -1 2.55 15.0206
      vertex 1 2.51557 15.0017
      vertex 1 2.55 15.0206
    endloop
  endfacet
  facet normal 0 -0.481205 0.876608
    outer loop
      vertex 1 2.51557 15.0017
      vertex -1 2.55 15.0206
      vertex -1 2.51557 15.0017
    endloop
  endfacet
  facet normal 0 0.779624 -0.626247
    outer loop
      vertex 1 1.38598 16.3479
      vertex -1 1.41056 16.3785
      vertex 1 1.41056 16.3785
    endloop
  endfacet
  facet normal 0 0.779624 -0.626247
    outer loop
      vertex -1 1.41056 16.3785
      vertex 1 1.38598 16.3479
      vertex -1 1.38598 16.3479
    endloop
  endfacet
  facet normal -0 0.443033 0.896505
    outer loop
      vertex -1 1.71964 14.9843
      vertex 1 1.68443 15.0017
      vertex 1 1.71964 14.9843
    endloop
  endfacet
  facet normal 0 0.443033 0.896505
    outer loop
      vertex 1 1.68443 15.0017
      vertex -1 1.71964 14.9843
      vertex -1 1.68443 15.0017
    endloop
  endfacet
  facet normal 0 0.2393 -0.970946
    outer loop
      vertex -1 1.86706 16.6693
      vertex 1 1.9052 16.6787
      vertex 1 1.86706 16.6693
    endloop
  endfacet
  facet normal 0 0.2393 -0.970946
    outer loop
      vertex 1 1.9052 16.6787
      vertex -1 1.86706 16.6693
      vertex -1 1.9052 16.6787
    endloop
  endfacet
  facet normal 0 -0.280098 0.959971
    outer loop
      vertex -1 2.37064 14.9417
      vertex 1 2.33294 14.9307
      vertex 1 2.37064 14.9417
    endloop
  endfacet
  facet normal 0 -0.280098 0.959971
    outer loop
      vertex 1 2.33294 14.9307
      vertex -1 2.37064 14.9417
      vertex -1 2.33294 14.9307
    endloop
  endfacet
  facet normal 0 -0.831147 0.556053
    outer loop
      vertex -1 2.83724 15.2838
      vertex 1 2.85905 15.3164
      vertex -1 2.85905 15.3164
    endloop
  endfacet
  facet normal 0 -0.831147 0.556053
    outer loop
      vertex 1 2.85905 15.3164
      vertex -1 2.83724 15.2838
      vertex 1 2.83724 15.2838
    endloop
  endfacet
  facet normal 0 -0.96004 0.279863
    outer loop
      vertex -1 2.95834 15.5294
      vertex 1 2.96933 15.5671
      vertex -1 2.96933 15.5671
    endloop
  endfacet
  facet normal 0 -0.96004 0.279863
    outer loop
      vertex 1 2.96933 15.5671
      vertex -1 2.95834 15.5294
      vertex 1 2.95834 15.5294
    endloop
  endfacet
  facet normal 0 -0.855126 -0.51842
    outer loop
      vertex -1 2.87942 16.25
      vertex 1 2.85905 16.2836
      vertex -1 2.85905 16.2836
    endloop
  endfacet
  facet normal 0 -0.855126 -0.51842
    outer loop
      vertex 1 2.85905 16.2836
      vertex -1 2.87942 16.25
      vertex 1 2.87942 16.25
    endloop
  endfacet
  facet normal 0 0.946912 0.321492
    outer loop
      vertex 1 1.25428 15.4922
      vertex -1 1.24165 15.5294
      vertex 1 1.24165 15.5294
    endloop
  endfacet
  facet normal 0 0.946912 0.321492
    outer loop
      vertex -1 1.24165 15.5294
      vertex 1 1.25428 15.4922
      vertex -1 1.25428 15.4922
    endloop
  endfacet
  facet normal 0 -0.280098 -0.959971
    outer loop
      vertex -1 2.33294 16.6693
      vertex 1 2.37064 16.6583
      vertex 1 2.33294 16.6693
    endloop
  endfacet
  facet normal -0 -0.280098 -0.959971
    outer loop
      vertex 1 2.37064 16.6583
      vertex -1 2.33294 16.6693
      vertex -1 2.37064 16.6583
    endloop
  endfacet
  facet normal 0 -0.99409 -0.108562
    outer loop
      vertex -1 2.99657 15.8784
      vertex 1 2.9923 15.9175
      vertex -1 2.9923 15.9175
    endloop
  endfacet
  facet normal 0 -0.99409 -0.108562
    outer loop
      vertex 1 2.9923 15.9175
      vertex -1 2.99657 15.8784
      vertex 1 2.99657 15.8784
    endloop
  endfacet
  facet normal 0 -0.193569 -0.981087
    outer loop
      vertex -1 2.25628 16.6863
      vertex 1 2.2948 16.6787
      vertex 1 2.25628 16.6863
    endloop
  endfacet
  facet normal -0 -0.193569 -0.981087
    outer loop
      vertex 1 2.2948 16.6787
      vertex -1 2.25628 16.6863
      vertex -1 2.2948 16.6787
    endloop
  endfacet
  facet normal 0 -0.932033 0.362373
    outer loop
      vertex -1 2.93149 15.4556
      vertex 1 2.94572 15.4922
      vertex -1 2.94572 15.4922
    endloop
  endfacet
  facet normal 0 -0.932033 0.362373
    outer loop
      vertex 1 2.94572 15.4922
      vertex -1 2.93149 15.4556
      vertex 1 2.93149 15.4556
    endloop
  endfacet
  facet normal 0 -0.779624 0.626247
    outer loop
      vertex -1 2.78944 15.2215
      vertex 1 2.81402 15.2521
      vertex -1 2.81402 15.2521
    endloop
  endfacet
  facet normal 0 -0.779624 0.626247
    outer loop
      vertex 1 2.81402 15.2521
      vertex -1 2.78944 15.2215
      vertex 1 2.78944 15.2215
    endloop
  endfacet
  facet normal 0 0.690736 -0.723107
    outer loop
      vertex -1 1.4636 16.4364
      vertex 1 1.49197 16.4635
      vertex 1 1.4636 16.4364
    endloop
  endfacet
  facet normal 0 0.690736 -0.723107
    outer loop
      vertex 1 1.49197 16.4635
      vertex -1 1.4636 16.4364
      vertex -1 1.49197 16.4635
    endloop
  endfacet
  facet normal 0 -0.722835 -0.69102
    outer loop
      vertex -1 2.76355 16.408
      vertex 1 2.7364 16.4364
      vertex -1 2.7364 16.4364
    endloop
  endfacet
  facet normal 0 -0.722835 -0.69102
    outer loop
      vertex 1 2.7364 16.4364
      vertex -1 2.76355 16.408
      vertex 1 2.76355 16.408
    endloop
  endfacet
  facet normal 0 0.896759 0.44252
    outer loop
      vertex 1 1.30169 15.3844
      vertex -1 1.28432 15.4196
      vertex 1 1.28432 15.4196
    endloop
  endfacet
  facet normal 0 0.896759 0.44252
    outer loop
      vertex -1 1.28432 15.4196
      vertex 1 1.30169 15.3844
      vertex -1 1.30169 15.3844
    endloop
  endfacet
  facet normal -0 0.590955 0.806705
    outer loop
      vertex -1 1.58378 15.0628
      vertex 1 1.55211 15.086
      vertex 1 1.58378 15.0628
    endloop
  endfacet
  facet normal 0 0.590955 0.806705
    outer loop
      vertex 1 1.55211 15.086
      vertex -1 1.58378 15.0628
      vertex -1 1.55211 15.086
    endloop
  endfacet
  facet normal 0 0.971242 -0.238094
    outer loop
      vertex 1 1.22133 15.9948
      vertex -1 1.23067 16.0329
      vertex 1 1.23067 16.0329
    endloop
  endfacet
  facet normal 0 0.971242 -0.238094
    outer loop
      vertex -1 1.23067 16.0329
      vertex 1 1.22133 15.9948
      vertex -1 1.22133 15.9948
    endloop
  endfacet
  facet normal 0 -0.999761 -0.0218777
    outer loop
      vertex -1 3 15.8
      vertex 1 2.99914 15.8393
      vertex -1 2.99914 15.8393
    endloop
  endfacet
  facet normal 0 -0.999761 -0.0218777
    outer loop
      vertex 1 2.99914 15.8393
      vertex -1 3 15.8
      vertex 1 3 15.8
    endloop
  endfacet
  facet normal 0 0.751597 -0.659622
    outer loop
      vertex 1 1.41056 16.3785
      vertex -1 1.43645 16.408
      vertex 1 1.43645 16.408
    endloop
  endfacet
  facet normal 0 0.751597 -0.659622
    outer loop
      vertex -1 1.43645 16.408
      vertex 1 1.41056 16.3785
      vertex -1 1.41056 16.3785
    endloop
  endfacet
  facet normal -0 0.2393 0.970946
    outer loop
      vertex -1 1.9052 14.9213
      vertex 1 1.86706 14.9307
      vertex 1 1.9052 14.9213
    endloop
  endfacet
  facet normal 0 0.2393 0.970946
    outer loop
      vertex 1 1.86706 14.9307
      vertex -1 1.9052 14.9213
      vertex -1 1.86706 14.9307
    endloop
  endfacet
  facet normal 0 -0.152784 0.98826
    outer loop
      vertex -1 2.25628 14.9137
      vertex 1 2.21747 14.9077
      vertex 1 2.25628 14.9137
    endloop
  endfacet
  facet normal 0 -0.152784 0.98826
    outer loop
      vertex 1 2.21747 14.9077
      vertex -1 2.25628 14.9137
      vertex -1 2.21747 14.9077
    endloop
  endfacet
  facet normal 0 -0.658071 0.752956
    outer loop
      vertex -1 2.70803 15.1364
      vertex 1 2.67851 15.1106
      vertex 1 2.70803 15.1364
    endloop
  endfacet
  facet normal 0 -0.658071 0.752956
    outer loop
      vertex 1 2.67851 15.1106
      vertex -1 2.70803 15.1364
      vertex -1 2.67851 15.1106
    endloop
  endfacet
  facet normal 0 0.999761 -0.0218777
    outer loop
      vertex 1 1.2 15.8
      vertex -1 1.20086 15.8393
      vertex 1 1.20086 15.8393
    endloop
  endfacet
  facet normal 0 0.999761 -0.0218777
    outer loop
      vertex -1 1.20086 15.8393
      vertex 1 1.2 15.8
      vertex -1 1.2 15.8
    endloop
  endfacet
  facet normal 0 0.831147 0.556053
    outer loop
      vertex 1 1.36276 15.2838
      vertex -1 1.34095 15.3164
      vertex 1 1.34095 15.3164
    endloop
  endfacet
  facet normal 0 0.831147 0.556053
    outer loop
      vertex -1 1.34095 15.3164
      vertex 1 1.36276 15.2838
      vertex -1 1.36276 15.2838
    endloop
  endfacet
  facet normal 0 -0.94699 0.321264
    outer loop
      vertex -1 2.94572 15.4922
      vertex 1 2.95834 15.5294
      vertex -1 2.95834 15.5294
    endloop
  endfacet
  facet normal 0 -0.94699 0.321264
    outer loop
      vertex 1 2.95834 15.5294
      vertex -1 2.94572 15.4922
      vertex 1 2.94572 15.4922
    endloop
  endfacet
  facet normal 0 -0.402355 0.915484
    outer loop
      vertex -1 2.48036 14.9843
      vertex 1 2.44441 14.9685
      vertex 1 2.48036 14.9843
    endloop
  endfacet
  facet normal 0 -0.402355 0.915484
    outer loop
      vertex 1 2.44441 14.9685
      vertex -1 2.48036 14.9843
      vertex -1 2.44441 14.9685
    endloop
  endfacet
  facet normal 0 -0.361795 0.932258
    outer loop
      vertex -1 2.44441 14.9685
      vertex 1 2.40782 14.9543
      vertex 1 2.44441 14.9685
    endloop
  endfacet
  facet normal 0 -0.361795 0.932258
    outer loop
      vertex 1 2.40782 14.9543
      vertex -1 2.44441 14.9685
      vertex -1 2.40782 14.9543
    endloop
  endfacet
  facet normal 0 -0.997847 0.0655874
    outer loop
      vertex -1 2.99657 15.7216
      vertex 1 2.99914 15.7607
      vertex -1 2.99914 15.7607
    endloop
  endfacet
  facet normal 0 -0.997847 0.0655874
    outer loop
      vertex 1 2.99914 15.7607
      vertex -1 2.99657 15.7216
      vertex 1 2.99657 15.7216
    endloop
  endfacet
  facet normal 0 0.659514 -0.751693
    outer loop
      vertex -1 1.49197 16.4635
      vertex 1 1.52149 16.4894
      vertex 1 1.49197 16.4635
    endloop
  endfacet
  facet normal 0 0.659514 -0.751693
    outer loop
      vertex 1 1.52149 16.4894
      vertex -1 1.49197 16.4635
      vertex -1 1.52149 16.4894
    endloop
  endfacet
  facet normal 0 0.855126 -0.51842
    outer loop
      vertex 1 1.32058 16.25
      vertex -1 1.34095 16.2836
      vertex 1 1.34095 16.2836
    endloop
  endfacet
  facet normal 0 0.855126 -0.51842
    outer loop
      vertex -1 1.34095 16.2836
      vertex 1 1.32058 16.25
      vertex -1 1.32058 16.25
    endloop
  endfacet
  facet normal 0 -0.591076 0.806616
    outer loop
      vertex -1 2.64788 15.086
      vertex 1 2.61622 15.0628
      vertex 1 2.64788 15.086
    endloop
  endfacet
  facet normal 0 -0.591076 0.806616
    outer loop
      vertex 1 2.61622 15.0628
      vertex -1 2.64788 15.086
      vertex -1 2.61622 15.0628
    endloop
  endfacet
  facet normal -0 0.626308 0.779576
    outer loop
      vertex -1 1.55211 15.086
      vertex 1 1.52149 15.1106
      vertex 1 1.55211 15.086
    endloop
  endfacet
  facet normal 0 0.626308 0.779576
    outer loop
      vertex 1 1.52149 15.1106
      vertex -1 1.55211 15.086
      vertex -1 1.52149 15.1106
    endloop
  endfacet
  facet normal 0 0.0229181 -0.999737
    outer loop
      vertex -1 2.06074 16.6991
      vertex 1 2.1 16.7
      vertex 1 2.06074 16.6991
    endloop
  endfacet
  facet normal 0 0.0229181 -0.999737
    outer loop
      vertex 1 2.1 16.7
      vertex -1 2.06074 16.6991
      vertex -1 2.1 16.7
    endloop
  endfacet
  facet normal 0 -0.361795 -0.932258
    outer loop
      vertex -1 2.40782 16.6457
      vertex 1 2.44441 16.6315
      vertex 1 2.40782 16.6457
    endloop
  endfacet
  facet normal -0 -0.361795 -0.932258
    outer loop
      vertex 1 2.44441 16.6315
      vertex -1 2.40782 16.6457
      vertex -1 2.44441 16.6315
    endloop
  endfacet
  facet normal -0 0.557046 0.830482
    outer loop
      vertex -1 1.61643 15.0409
      vertex 1 1.58378 15.0628
      vertex 1 1.61643 15.0409
    endloop
  endfacet
  facet normal 0 0.557046 0.830482
    outer loop
      vertex 1 1.58378 15.0628
      vertex -1 1.61643 15.0409
      vertex -1 1.58378 15.0628
    endloop
  endfacet
  facet normal 0 0.960108 -0.279628
    outer loop
      vertex 1 1.23067 16.0329
      vertex -1 1.24165 16.0706
      vertex 1 1.24165 16.0706
    endloop
  endfacet
  facet normal 0 0.960108 -0.279628
    outer loop
      vertex -1 1.24165 16.0706
      vertex 1 1.23067 16.0329
      vertex -1 1.23067 16.0329
    endloop
  endfacet
  facet normal 0 0.876539 0.481332
    outer loop
      vertex 1 1.32058 15.35
      vertex -1 1.30169 15.3844
      vertex 1 1.30169 15.3844
    endloop
  endfacet
  facet normal 0 0.876539 0.481332
    outer loop
      vertex -1 1.30169 15.3844
      vertex 1 1.32058 15.35
      vertex -1 1.32058 15.35
    endloop
  endfacet
  facet normal 0 0.806729 -0.590922
    outer loop
      vertex 1 1.36276 16.3162
      vertex -1 1.38598 16.3479
      vertex 1 1.38598 16.3479
    endloop
  endfacet
  facet normal 0 0.806729 -0.590922
    outer loop
      vertex -1 1.38598 16.3479
      vertex 1 1.36276 16.3162
      vertex -1 1.36276 16.3162
    endloop
  endfacet
  facet normal 0 -0.876539 -0.481332
    outer loop
      vertex -1 2.89831 16.2156
      vertex 1 2.87942 16.25
      vertex -1 2.87942 16.25
    endloop
  endfacet
  facet normal 0 -0.876539 -0.481332
    outer loop
      vertex 1 2.87942 16.25
      vertex -1 2.89831 16.2156
      vertex 1 2.89831 16.2156
    endloop
  endfacet
  facet normal 0 0.997864 0.0653333
    outer loop
      vertex 1 1.20342 15.7216
      vertex -1 1.20086 15.7607
      vertex 1 1.20086 15.7607
    endloop
  endfacet
  facet normal 0 0.997864 0.0653333
    outer loop
      vertex -1 1.20086 15.7607
      vertex 1 1.20342 15.7216
      vertex -1 1.20342 15.7216
    endloop
  endfacet
  facet normal 0 0.994062 0.108813
    outer loop
      vertex 1 1.2077 15.6825
      vertex -1 1.20342 15.7216
      vertex 1 1.20342 15.7216
    endloop
  endfacet
  facet normal 0 0.994062 0.108813
    outer loop
      vertex -1 1.20342 15.7216
      vertex 1 1.2077 15.6825
      vertex -1 1.2077 15.6825
    endloop
  endfacet
  facet normal 0 0.855126 0.51842
    outer loop
      vertex 1 1.34095 15.3164
      vertex -1 1.32058 15.35
      vertex 1 1.32058 15.35
    endloop
  endfacet
  facet normal 0 0.855126 0.51842
    outer loop
      vertex -1 1.32058 15.35
      vertex 1 1.34095 15.3164
      vertex -1 1.34095 15.3164
    endloop
  endfacet
  facet normal 0 -0.99409 0.108562
    outer loop
      vertex -1 2.9923 15.6825
      vertex 1 2.99657 15.7216
      vertex -1 2.99657 15.7216
    endloop
  endfacet
  facet normal 0 -0.99409 0.108562
    outer loop
      vertex 1 2.99657 15.7216
      vertex -1 2.9923 15.6825
      vertex 1 2.9923 15.6825
    endloop
  endfacet
  facet normal 0 -0.626184 0.779675
    outer loop
      vertex -1 2.67851 15.1106
      vertex 1 2.64788 15.086
      vertex 1 2.67851 15.1106
    endloop
  endfacet
  facet normal 0 -0.626184 0.779675
    outer loop
      vertex 1 2.64788 15.086
      vertex -1 2.67851 15.1106
      vertex -1 2.64788 15.086
    endloop
  endfacet
  facet normal 0 0.779624 0.626247
    outer loop
      vertex 1 1.41056 15.2215
      vertex -1 1.38598 15.2521
      vertex 1 1.38598 15.2521
    endloop
  endfacet
  facet normal 0 0.779624 0.626247
    outer loop
      vertex -1 1.38598 15.2521
      vertex 1 1.41056 15.2215
      vertex -1 1.41056 15.2215
    endloop
  endfacet
  facet normal 0 -0.109509 0.993986
    outer loop
      vertex -1 2.21747 14.9077
      vertex 1 2.17844 14.9034
      vertex 1 2.21747 14.9077
    endloop
  endfacet
  facet normal 0 -0.109509 0.993986
    outer loop
      vertex 1 2.17844 14.9034
      vertex -1 2.21747 14.9077
      vertex -1 2.17844 14.9034
    endloop
  endfacet
  facet normal 0 -0.0229181 -0.999737
    outer loop
      vertex -1 2.1 16.7
      vertex 1 2.13926 16.6991
      vertex 1 2.1 16.7
    endloop
  endfacet
  facet normal -0 -0.0229181 -0.999737
    outer loop
      vertex 1 2.13926 16.6991
      vertex -1 2.1 16.7
      vertex -1 2.13926 16.6991
    endloop
  endfacet
  facet normal 0 -0.481205 -0.876608
    outer loop
      vertex -1 2.51557 16.5983
      vertex 1 2.55 16.5794
      vertex 1 2.51557 16.5983
    endloop
  endfacet
  facet normal -0 -0.481205 -0.876608
    outer loop
      vertex 1 2.55 16.5794
      vertex -1 2.51557 16.5983
      vertex -1 2.55 16.5794
    endloop
  endfacet
  facet normal -0 0.320962 0.947092
    outer loop
      vertex -1 1.82936 14.9417
      vertex 1 1.79218 14.9543
      vertex 1 1.82936 14.9417
    endloop
  endfacet
  facet normal 0 0.320962 0.947092
    outer loop
      vertex 1 1.79218 14.9543
      vertex -1 1.82936 14.9417
      vertex -1 1.79218 14.9543
    endloop
  endfacet
  facet normal 0 -0.0636786 -0.99797
    outer loop
      vertex -1 2.13926 16.6991
      vertex 1 2.17844 16.6966
      vertex 1 2.13926 16.6991
    endloop
  endfacet
  facet normal -0 -0.0636786 -0.99797
    outer loop
      vertex 1 2.17844 16.6966
      vertex -1 2.13926 16.6991
      vertex -1 2.17844 16.6966
    endloop
  endfacet
  facet normal 0 -0.443033 -0.896505
    outer loop
      vertex -1 2.48036 16.6157
      vertex 1 2.51557 16.5983
      vertex 1 2.48036 16.6157
    endloop
  endfacet
  facet normal -0 -0.443033 -0.896505
    outer loop
      vertex 1 2.51557 16.5983
      vertex -1 2.48036 16.6157
      vertex -1 2.51557 16.5983
    endloop
  endfacet
  facet normal 0 -0.96004 -0.279863
    outer loop
      vertex -1 2.96933 16.0329
      vertex 1 2.95834 16.0706
      vertex -1 2.95834 16.0706
    endloop
  endfacet
  facet normal 0 -0.96004 -0.279863
    outer loop
      vertex 1 2.95834 16.0706
      vertex -1 2.96933 16.0329
      vertex 1 2.96933 16.0329
    endloop
  endfacet
  facet normal 0 -0.971242 0.238094
    outer loop
      vertex -1 2.96933 15.5671
      vertex 1 2.97867 15.6052
      vertex -1 2.97867 15.6052
    endloop
  endfacet
  facet normal 0 -0.971242 0.238094
    outer loop
      vertex 1 2.97867 15.6052
      vertex -1 2.96933 15.5671
      vertex 1 2.96933 15.5671
    endloop
  endfacet
  facet normal -0 0.152784 0.98826
    outer loop
      vertex -1 1.98253 14.9077
      vertex 1 1.94372 14.9137
      vertex 1 1.98253 14.9077
    endloop
  endfacet
  facet normal 0 0.152784 0.98826
    outer loop
      vertex 1 1.94372 14.9137
      vertex -1 1.98253 14.9077
      vertex -1 1.94372 14.9137
    endloop
  endfacet
  facet normal 0 -0.2393 -0.970946
    outer loop
      vertex -1 2.2948 16.6787
      vertex 1 2.33294 16.6693
      vertex 1 2.2948 16.6787
    endloop
  endfacet
  facet normal -0 -0.2393 -0.970946
    outer loop
      vertex 1 2.33294 16.6693
      vertex -1 2.2948 16.6787
      vertex -1 2.33294 16.6693
    endloop
  endfacet
  facet normal 0 -0.557046 -0.830482
    outer loop
      vertex -1 2.58357 16.5591
      vertex 1 2.61622 16.5372
      vertex 1 2.58357 16.5591
    endloop
  endfacet
  facet normal -0 -0.557046 -0.830482
    outer loop
      vertex 1 2.61622 16.5372
      vertex -1 2.58357 16.5591
      vertex -1 2.61622 16.5372
    endloop
  endfacet
  facet normal 0 0.557046 -0.830482
    outer loop
      vertex -1 1.58378 16.5372
      vertex 1 1.61643 16.5591
      vertex 1 1.58378 16.5372
    endloop
  endfacet
  facet normal 0 0.557046 -0.830482
    outer loop
      vertex 1 1.61643 16.5591
      vertex -1 1.58378 16.5372
      vertex -1 1.61643 16.5591
    endloop
  endfacet
  facet normal 0 -0.402355 -0.915484
    outer loop
      vertex -1 2.44441 16.6315
      vertex 1 2.48036 16.6157
      vertex 1 2.44441 16.6315
    endloop
  endfacet
  facet normal -0 -0.402355 -0.915484
    outer loop
      vertex 1 2.48036 16.6157
      vertex -1 2.44441 16.6315
      vertex -1 2.48036 16.6157
    endloop
  endfacet
  facet normal 0 0.280098 -0.959971
    outer loop
      vertex -1 1.82936 16.6583
      vertex 1 1.86706 16.6693
      vertex 1 1.82936 16.6583
    endloop
  endfacet
  facet normal 0 0.280098 -0.959971
    outer loop
      vertex 1 1.86706 16.6693
      vertex -1 1.82936 16.6583
      vertex -1 1.86706 16.6693
    endloop
  endfacet
  facet normal 0 -0.692066 0.721835
    outer loop
      vertex -1 2.7364 15.1636
      vertex 1 2.70803 15.1364
      vertex 1 2.7364 15.1636
    endloop
  endfacet
  facet normal 0 -0.692066 0.721835
    outer loop
      vertex 1 2.70803 15.1364
      vertex -1 2.7364 15.1636
      vertex -1 2.70803 15.1364
    endloop
  endfacet
  facet normal 0 0.980776 -0.195136
    outer loop
      vertex 1 1.21367 15.9563
      vertex -1 1.22133 15.9948
      vertex 1 1.22133 15.9948
    endloop
  endfacet
  facet normal 0 0.980776 -0.195136
    outer loop
      vertex -1 1.22133 15.9948
      vertex 1 1.21367 15.9563
      vertex -1 1.21367 15.9563
    endloop
  endfacet
  facet normal 0 0.946912 -0.321492
    outer loop
      vertex 1 1.24165 16.0706
      vertex -1 1.25428 16.1078
      vertex 1 1.25428 16.1078
    endloop
  endfacet
  facet normal 0 0.946912 -0.321492
    outer loop
      vertex -1 1.25428 16.1078
      vertex 1 1.24165 16.0706
      vertex -1 1.24165 16.0706
    endloop
  endfacet
  facet normal 0 -0.915596 -0.402099
    outer loop
      vertex -1 2.93149 16.1444
      vertex 1 2.91568 16.1804
      vertex -1 2.91568 16.1804
    endloop
  endfacet
  facet normal 0 -0.915596 -0.402099
    outer loop
      vertex 1 2.91568 16.1804
      vertex -1 2.93149 16.1444
      vertex 1 2.93149 16.1444
    endloop
  endfacet
  facet normal 0 0.988369 -0.152076
    outer loop
      vertex 1 1.2077 15.9175
      vertex -1 1.21367 15.9563
      vertex 1 1.21367 15.9563
    endloop
  endfacet
  facet normal 0 0.988369 -0.152076
    outer loop
      vertex -1 1.21367 15.9563
      vertex 1 1.2077 15.9175
      vertex -1 1.2077 15.9175
    endloop
  endfacet
  facet normal 0 0.517454 -0.855711
    outer loop
      vertex -1 1.61643 16.5591
      vertex 1 1.65 16.5794
      vertex 1 1.61643 16.5591
    endloop
  endfacet
  facet normal 0 0.517454 -0.855711
    outer loop
      vertex 1 1.65 16.5794
      vertex -1 1.61643 16.5591
      vertex -1 1.65 16.5794
    endloop
  endfacet
  facet normal 0 0.690355 -0.723471
    outer loop
      vertex -1 22.7636 16.4364
      vertex 1 22.792 16.4635
      vertex 1 22.7636 16.4364
    endloop
  endfacet
  facet normal 0 0.690355 -0.723471
    outer loop
      vertex 1 22.792 16.4635
      vertex -1 22.7636 16.4364
      vertex -1 22.792 16.4635
    endloop
  endfacet
  facet normal 0 0.947145 -0.320807
    outer loop
      vertex 1 22.5417 16.0706
      vertex -1 22.5543 16.1078
      vertex 1 22.5543 16.1078
    endloop
  endfacet
  facet normal 0 0.947145 -0.320807
    outer loop
      vertex -1 22.5543 16.1078
      vertex 1 22.5417 16.0706
      vertex -1 22.5417 16.0706
    endloop
  endfacet
  facet normal 0 -0.401886 0.91569
    outer loop
      vertex -1 23.7804 14.9843
      vertex 1 23.7444 14.9685
      vertex 1 23.7804 14.9843
    endloop
  endfacet
  facet normal 0 -0.401886 0.91569
    outer loop
      vertex 1 23.7444 14.9685
      vertex -1 23.7804 14.9843
      vertex -1 23.7444 14.9685
    endloop
  endfacet
  facet normal 0 0.723471 -0.690355
    outer loop
      vertex 1 22.7365 16.408
      vertex -1 22.7636 16.4364
      vertex 1 22.7636 16.4364
    endloop
  endfacet
  facet normal 0 0.723471 -0.690355
    outer loop
      vertex -1 22.7636 16.4364
      vertex 1 22.7365 16.408
      vertex -1 22.7365 16.408
    endloop
  endfacet
  facet normal 0 -0.557635 0.830086
    outer loop
      vertex -1 23.9162 15.0628
      vertex 1 23.8836 15.0409
      vertex 1 23.9162 15.0628
    endloop
  endfacet
  facet normal 0 -0.557635 0.830086
    outer loop
      vertex 1 23.8836 15.0409
      vertex -1 23.9162 15.0628
      vertex -1 23.8836 15.0409
    endloop
  endfacet
  facet normal 0 -0.994007 -0.109315
    outer loop
      vertex -1 24.2966 15.8784
      vertex 1 24.2923 15.9175
      vertex -1 24.2923 15.9175
    endloop
  endfacet
  facet normal 0 -0.994007 -0.109315
    outer loop
      vertex 1 24.2923 15.9175
      vertex -1 24.2966 15.8784
      vertex 1 24.2966 15.8784
    endloop
  endfacet
  facet normal 0 -0.91569 0.401886
    outer loop
      vertex -1 24.2157 15.4196
      vertex 1 24.2315 15.4556
      vertex -1 24.2315 15.4556
    endloop
  endfacet
  facet normal 0 -0.91569 0.401886
    outer loop
      vertex 1 24.2315 15.4556
      vertex -1 24.2157 15.4196
      vertex 1 24.2157 15.4196
    endloop
  endfacet
  facet normal -0 0.557635 0.830086
    outer loop
      vertex -1 22.9164 15.0409
      vertex 1 22.8838 15.0628
      vertex 1 22.9164 15.0409
    endloop
  endfacet
  facet normal 0 0.557635 0.830086
    outer loop
      vertex 1 22.8838 15.0628
      vertex -1 22.9164 15.0409
      vertex -1 22.8838 15.0628
    endloop
  endfacet
  facet normal 0 0.876431 0.481527
    outer loop
      vertex 1 22.6206 15.35
      vertex -1 22.6017 15.3844
      vertex 1 22.6017 15.3844
    endloop
  endfacet
  facet normal 0 0.876431 0.481527
    outer loop
      vertex -1 22.6017 15.3844
      vertex 1 22.6206 15.35
      vertex -1 22.6206 15.35
    endloop
  endfacet
  facet normal 0 -0.0638083 0.997962
    outer loop
      vertex -1 23.4784 14.9034
      vertex 1 23.4393 14.9009
      vertex 1 23.4784 14.9034
    endloop
  endfacet
  facet normal 0 -0.0638083 0.997962
    outer loop
      vertex 1 23.4393 14.9009
      vertex -1 23.4784 14.9034
      vertex -1 23.4393 14.9009
    endloop
  endfacet
  facet normal 0 0.239537 -0.970887
    outer loop
      vertex -1 23.1671 16.6693
      vertex 1 23.2052 16.6787
      vertex 1 23.1671 16.6693
    endloop
  endfacet
  facet normal 0 0.239537 -0.970887
    outer loop
      vertex 1 23.2052 16.6787
      vertex -1 23.1671 16.6693
      vertex -1 23.2052 16.6787
    endloop
  endfacet
  facet normal 0 -0.947145 -0.320807
    outer loop
      vertex -1 24.2583 16.0706
      vertex 1 24.2457 16.1078
      vertex -1 24.2457 16.1078
    endloop
  endfacet
  facet normal 0 -0.947145 -0.320807
    outer loop
      vertex 1 24.2457 16.1078
      vertex -1 24.2583 16.0706
      vertex 1 24.2583 16.0706
    endloop
  endfacet
  facet normal 0 0.999738 -0.0228948
    outer loop
      vertex 1 22.5 15.8
      vertex -1 22.5009 15.8393
      vertex 1 22.5009 15.8393
    endloop
  endfacet
  facet normal 0 0.999738 -0.0228948
    outer loop
      vertex -1 22.5009 15.8393
      vertex 1 22.5 15.8
      vertex -1 22.5 15.8
    endloop
  endfacet
  facet normal -0 0.193665 0.981068
    outer loop
      vertex -1 23.2437 14.9137
      vertex 1 23.2052 14.9213
      vertex 1 23.2437 14.9137
    endloop
  endfacet
  facet normal 0 0.193665 0.981068
    outer loop
      vertex 1 23.2052 14.9213
      vertex -1 23.2437 14.9137
      vertex -1 23.2052 14.9213
    endloop
  endfacet
  facet normal 0 -0.193665 0.981068
    outer loop
      vertex -1 23.5948 14.9213
      vertex 1 23.5563 14.9137
      vertex 1 23.5948 14.9213
    endloop
  endfacet
  facet normal 0 -0.193665 0.981068
    outer loop
      vertex 1 23.5563 14.9137
      vertex -1 23.5948 14.9213
      vertex -1 23.5563 14.9137
    endloop
  endfacet
  facet normal 0 -0.239537 -0.970887
    outer loop
      vertex -1 23.5948 16.6787
      vertex 1 23.6329 16.6693
      vertex 1 23.5948 16.6787
    endloop
  endfacet
  facet normal -0 -0.239537 -0.970887
    outer loop
      vertex 1 23.6329 16.6693
      vertex -1 23.5948 16.6787
      vertex -1 23.6329 16.6693
    endloop
  endfacet
  facet normal 0 0.997962 0.0638083
    outer loop
      vertex 1 22.5034 15.7216
      vertex -1 22.5009 15.7607
      vertex 1 22.5009 15.7607
    endloop
  endfacet
  facet normal 0 0.997962 0.0638083
    outer loop
      vertex -1 22.5009 15.7607
      vertex 1 22.5034 15.7216
      vertex -1 22.5034 15.7216
    endloop
  endfacet
  facet normal 0 -0.997962 -0.0638083
    outer loop
      vertex -1 24.2991 15.8393
      vertex 1 24.2966 15.8784
      vertex -1 24.2966 15.8784
    endloop
  endfacet
  facet normal 0 -0.997962 -0.0638083
    outer loop
      vertex 1 24.2966 15.8784
      vertex -1 24.2991 15.8393
      vertex 1 24.2991 15.8393
    endloop
  endfacet
  facet normal 0 -0.723471 0.690355
    outer loop
      vertex -1 24.0364 15.1636
      vertex 1 24.0635 15.192
      vertex -1 24.0635 15.192
    endloop
  endfacet
  facet normal 0 -0.723471 0.690355
    outer loop
      vertex 1 24.0635 15.192
      vertex -1 24.0364 15.1636
      vertex 1 24.0364 15.1636
    endloop
  endfacet
  facet normal 0 -0.751471 -0.659766
    outer loop
      vertex -1 24.0894 16.3785
      vertex 1 24.0635 16.408
      vertex -1 24.0635 16.408
    endloop
  endfacet
  facet normal 0 -0.751471 -0.659766
    outer loop
      vertex 1 24.0635 16.408
      vertex -1 24.0894 16.3785
      vertex 1 24.0894 16.3785
    endloop
  endfacet
  facet normal 0 -0.970887 -0.239537
    outer loop
      vertex -1 24.2787 15.9948
      vertex 1 24.2693 16.0329
      vertex -1 24.2693 16.0329
    endloop
  endfacet
  facet normal 0 -0.970887 -0.239537
    outer loop
      vertex 1 24.2693 16.0329
      vertex -1 24.2787 15.9948
      vertex 1 24.2787 15.9948
    endloop
  endfacet
  facet normal 0 0.932291 -0.361709
    outer loop
      vertex 1 22.5543 16.1078
      vertex -1 22.5685 16.1444
      vertex 1 22.5685 16.1444
    endloop
  endfacet
  facet normal 0 0.932291 -0.361709
    outer loop
      vertex -1 22.5685 16.1444
      vertex 1 22.5543 16.1078
      vertex -1 22.5543 16.1078
    endloop
  endfacet
  facet normal 0 0.0638083 -0.997962
    outer loop
      vertex -1 23.3216 16.6966
      vertex 1 23.3607 16.6991
      vertex 1 23.3216 16.6966
    endloop
  endfacet
  facet normal 0 0.0638083 -0.997962
    outer loop
      vertex 1 23.3607 16.6991
      vertex -1 23.3216 16.6966
      vertex -1 23.3607 16.6991
    endloop
  endfacet
  facet normal 0 0.970887 0.239537
    outer loop
      vertex 1 22.5307 15.5671
      vertex -1 22.5213 15.6052
      vertex 1 22.5213 15.6052
    endloop
  endfacet
  facet normal 0 0.970887 0.239537
    outer loop
      vertex -1 22.5213 15.6052
      vertex 1 22.5307 15.5671
      vertex -1 22.5307 15.5671
    endloop
  endfacet
  facet normal 0 -0.932291 0.361709
    outer loop
      vertex -1 24.2315 15.4556
      vertex 1 24.2457 15.4922
      vertex -1 24.2457 15.4922
    endloop
  endfacet
  facet normal 0 -0.932291 0.361709
    outer loop
      vertex 1 24.2457 15.4922
      vertex -1 24.2315 15.4556
      vertex 1 24.2315 15.4556
    endloop
  endfacet
  facet normal -0 0.691684 0.7222
    outer loop
      vertex -1 22.792 15.1364
      vertex 1 22.7636 15.1636
      vertex 1 22.792 15.1364
    endloop
  endfacet
  facet normal 0 0.691684 0.7222
    outer loop
      vertex 1 22.7636 15.1636
      vertex -1 22.792 15.1364
      vertex -1 22.7636 15.1636
    endloop
  endfacet
  facet normal 0 -0.751471 0.659766
    outer loop
      vertex -1 24.0635 15.192
      vertex 1 24.0894 15.2215
      vertex -1 24.0894 15.2215
    endloop
  endfacet
  facet normal 0 -0.751471 0.659766
    outer loop
      vertex 1 24.0894 15.2215
      vertex -1 24.0635 15.192
      vertex 1 24.0635 15.192
    endloop
  endfacet
  facet normal 0 -0.280098 0.959971
    outer loop
      vertex -1 23.6706 14.9417
      vertex 1 23.6329 14.9307
      vertex 1 23.6706 14.9417
    endloop
  endfacet
  facet normal 0 -0.280098 0.959971
    outer loop
      vertex 1 23.6329 14.9307
      vertex -1 23.6706 14.9417
      vertex -1 23.6329 14.9307
    endloop
  endfacet
  facet normal 0 -0.443134 -0.896455
    outer loop
      vertex -1 23.7804 16.6157
      vertex 1 23.8156 16.5983
      vertex 1 23.7804 16.6157
    endloop
  endfacet
  facet normal -0 -0.443134 -0.896455
    outer loop
      vertex 1 23.8156 16.5983
      vertex -1 23.7804 16.6157
      vertex -1 23.8156 16.5983
    endloop
  endfacet
  facet normal 0 -0.970887 0.239537
    outer loop
      vertex -1 24.2693 15.5671
      vertex 1 24.2787 15.6052
      vertex -1 24.2787 15.6052
    endloop
  endfacet
  facet normal 0 -0.970887 0.239537
    outer loop
      vertex 1 24.2787 15.6052
      vertex -1 24.2693 15.5671
      vertex 1 24.2693 15.5671
    endloop
  endfacet
  facet normal 0 -0.401886 -0.91569
    outer loop
      vertex -1 23.7444 16.6315
      vertex 1 23.7804 16.6157
      vertex 1 23.7444 16.6315
    endloop
  endfacet
  facet normal -0 -0.401886 -0.91569
    outer loop
      vertex 1 23.7804 16.6157
      vertex -1 23.7444 16.6315
      vertex -1 23.7804 16.6157
    endloop
  endfacet
  facet normal 0 -0.0228948 0.999738
    outer loop
      vertex -1 23.4393 14.9009
      vertex 1 23.4 14.9
      vertex 1 23.4393 14.9009
    endloop
  endfacet
  facet normal 0 -0.0228948 0.999738
    outer loop
      vertex 1 23.4 14.9
      vertex -1 23.4393 14.9009
      vertex -1 23.4 14.9
    endloop
  endfacet
  facet normal 0 0.443134 -0.896455
    outer loop
      vertex -1 22.9844 16.5983
      vertex 1 23.0196 16.6157
      vertex 1 22.9844 16.5983
    endloop
  endfacet
  facet normal 0 0.443134 -0.896455
    outer loop
      vertex 1 23.0196 16.6157
      vertex -1 22.9844 16.5983
      vertex -1 23.0196 16.6157
    endloop
  endfacet
  facet normal 0 0.994007 0.109315
    outer loop
      vertex 1 22.5077 15.6825
      vertex -1 22.5034 15.7216
      vertex 1 22.5034 15.7216
    endloop
  endfacet
  facet normal 0 0.994007 0.109315
    outer loop
      vertex -1 22.5034 15.7216
      vertex 1 22.5077 15.6825
      vertex -1 22.5077 15.6825
    endloop
  endfacet
  facet normal 0 -0.855916 0.517116
    outer loop
      vertex -1 24.1591 15.3164
      vertex 1 24.1794 15.35
      vertex -1 24.1794 15.35
    endloop
  endfacet
  facet normal 0 -0.855916 0.517116
    outer loop
      vertex 1 24.1794 15.35
      vertex -1 24.1591 15.3164
      vertex 1 24.1591 15.3164
    endloop
  endfacet
  facet normal 0 0.481527 -0.876431
    outer loop
      vertex -1 22.95 16.5794
      vertex 1 22.9844 16.5983
      vertex 1 22.95 16.5794
    endloop
  endfacet
  facet normal 0 0.481527 -0.876431
    outer loop
      vertex 1 22.9844 16.5983
      vertex -1 22.95 16.5794
      vertex -1 22.9844 16.5983
    endloop
  endfacet
  facet normal -0 0.0638083 0.997962
    outer loop
      vertex -1 23.3607 14.9009
      vertex 1 23.3216 14.9034
      vertex 1 23.3607 14.9009
    endloop
  endfacet
  facet normal 0 0.0638083 0.997962
    outer loop
      vertex 1 23.3216 14.9034
      vertex -1 23.3607 14.9009
      vertex -1 23.3216 14.9034
    endloop
  endfacet
  facet normal 0 0.981068 0.193665
    outer loop
      vertex 1 22.5213 15.6052
      vertex -1 22.5137 15.6437
      vertex 1 22.5137 15.6437
    endloop
  endfacet
  facet normal 0 0.981068 0.193665
    outer loop
      vertex -1 22.5137 15.6437
      vertex 1 22.5213 15.6052
      vertex -1 22.5213 15.6052
    endloop
  endfacet
  facet normal -0 0.590591 0.806971
    outer loop
      vertex -1 22.8838 15.0628
      vertex 1 22.8521 15.086
      vertex 1 22.8838 15.0628
    endloop
  endfacet
  facet normal 0 0.590591 0.806971
    outer loop
      vertex 1 22.8521 15.086
      vertex -1 22.8838 15.0628
      vertex -1 22.8521 15.086
    endloop
  endfacet
  facet normal -0 0.152823 0.988254
    outer loop
      vertex -1 23.2825 14.9077
      vertex 1 23.2437 14.9137
      vertex 1 23.2825 14.9077
    endloop
  endfacet
  facet normal 0 0.152823 0.988254
    outer loop
      vertex 1 23.2437 14.9137
      vertex -1 23.2825 14.9077
      vertex -1 23.2437 14.9137
    endloop
  endfacet
  facet normal 0 -0.590591 -0.806971
    outer loop
      vertex -1 23.9162 16.5372
      vertex 1 23.9479 16.514
      vertex 1 23.9162 16.5372
    endloop
  endfacet
  facet normal -0 -0.590591 -0.806971
    outer loop
      vertex 1 23.9479 16.514
      vertex -1 23.9162 16.5372
      vertex -1 23.9479 16.514
    endloop
  endfacet
  facet normal 0 -0.361709 -0.932291
    outer loop
      vertex -1 23.7078 16.6457
      vertex 1 23.7444 16.6315
      vertex 1 23.7078 16.6457
    endloop
  endfacet
  facet normal -0 -0.361709 -0.932291
    outer loop
      vertex 1 23.7444 16.6315
      vertex -1 23.7078 16.6457
      vertex -1 23.7444 16.6315
    endloop
  endfacet
  facet normal 0 -0.855916 -0.517116
    outer loop
      vertex -1 24.1794 16.25
      vertex 1 24.1591 16.2836
      vertex -1 24.1591 16.2836
    endloop
  endfacet
  facet normal 0 -0.855916 -0.517116
    outer loop
      vertex 1 24.1591 16.2836
      vertex -1 24.1794 16.25
      vertex 1 24.1794 16.25
    endloop
  endfacet
  facet normal -0 0.443134 0.896455
    outer loop
      vertex -1 23.0196 14.9843
      vertex 1 22.9844 15.0017
      vertex 1 23.0196 14.9843
    endloop
  endfacet
  facet normal 0 0.443134 0.896455
    outer loop
      vertex 1 22.9844 15.0017
      vertex -1 23.0196 14.9843
      vertex -1 22.9844 15.0017
    endloop
  endfacet
  facet normal 0 0.988254 0.152823
    outer loop
      vertex 1 22.5137 15.6437
      vertex -1 22.5077 15.6825
      vertex 1 22.5077 15.6825
    endloop
  endfacet
  facet normal 0 0.988254 0.152823
    outer loop
      vertex -1 22.5077 15.6825
      vertex 1 22.5137 15.6437
      vertex -1 22.5137 15.6437
    endloop
  endfacet
  facet normal 0 -0.691684 0.7222
    outer loop
      vertex -1 24.0364 15.1636
      vertex 1 24.008 15.1364
      vertex 1 24.0364 15.1636
    endloop
  endfacet
  facet normal 0 -0.691684 0.7222
    outer loop
      vertex 1 24.008 15.1364
      vertex -1 24.0364 15.1636
      vertex -1 24.008 15.1364
    endloop
  endfacet
  facet normal -0 0.280098 0.959971
    outer loop
      vertex -1 23.1671 14.9307
      vertex 1 23.1294 14.9417
      vertex 1 23.1671 14.9307
    endloop
  endfacet
  facet normal 0 0.280098 0.959971
    outer loop
      vertex 1 23.1294 14.9417
      vertex -1 23.1671 14.9307
      vertex -1 23.1294 14.9417
    endloop
  endfacet
  facet normal 0 -0.830086 0.557635
    outer loop
      vertex -1 24.1372 15.2838
      vertex 1 24.1591 15.3164
      vertex -1 24.1591 15.3164
    endloop
  endfacet
  facet normal 0 -0.830086 0.557635
    outer loop
      vertex 1 24.1591 15.3164
      vertex -1 24.1372 15.2838
      vertex 1 24.1372 15.2838
    endloop
  endfacet
  facet normal 0 0.896455 -0.443134
    outer loop
      vertex 1 22.5843 16.1804
      vertex -1 22.6017 16.2156
      vertex 1 22.6017 16.2156
    endloop
  endfacet
  facet normal 0 0.896455 -0.443134
    outer loop
      vertex -1 22.6017 16.2156
      vertex 1 22.5843 16.1804
      vertex -1 22.5843 16.1804
    endloop
  endfacet
  facet normal 0 -0.999738 -0.0228948
    outer loop
      vertex -1 24.3 15.8
      vertex 1 24.2991 15.8393
      vertex -1 24.2991 15.8393
    endloop
  endfacet
  facet normal 0 -0.999738 -0.0228948
    outer loop
      vertex 1 24.2991 15.8393
      vertex -1 24.3 15.8
      vertex 1 24.3 15.8
    endloop
  endfacet
  facet normal 0 -0.988254 -0.152823
    outer loop
      vertex -1 24.2923 15.9175
      vertex 1 24.2863 15.9563
      vertex -1 24.2863 15.9563
    endloop
  endfacet
  facet normal 0 -0.988254 -0.152823
    outer loop
      vertex 1 24.2863 15.9563
      vertex -1 24.2923 15.9175
      vertex 1 24.2923 15.9175
    endloop
  endfacet
  facet normal 0 0.806971 0.590591
    outer loop
      vertex 1 22.686 15.2521
      vertex -1 22.6628 15.2838
      vertex 1 22.6628 15.2838
    endloop
  endfacet
  facet normal 0 0.806971 0.590591
    outer loop
      vertex -1 22.6628 15.2838
      vertex 1 22.686 15.2521
      vertex -1 22.686 15.2521
    endloop
  endfacet
  facet normal 0 0.779376 -0.626557
    outer loop
      vertex 1 22.686 16.3479
      vertex -1 22.7106 16.3785
      vertex 1 22.7106 16.3785
    endloop
  endfacet
  facet normal 0 0.779376 -0.626557
    outer loop
      vertex -1 22.7106 16.3785
      vertex 1 22.686 16.3479
      vertex -1 22.686 16.3479
    endloop
  endfacet
  facet normal 0 0.932291 0.361709
    outer loop
      vertex 1 22.5685 15.4556
      vertex -1 22.5543 15.4922
      vertex 1 22.5543 15.4922
    endloop
  endfacet
  facet normal 0 0.932291 0.361709
    outer loop
      vertex -1 22.5543 15.4922
      vertex 1 22.5685 15.4556
      vertex -1 22.5685 15.4556
    endloop
  endfacet
  facet normal 0 0.91569 0.401886
    outer loop
      vertex 1 22.5843 15.4196
      vertex -1 22.5685 15.4556
      vertex 1 22.5685 15.4556
    endloop
  endfacet
  facet normal 0 0.91569 0.401886
    outer loop
      vertex -1 22.5685 15.4556
      vertex 1 22.5843 15.4196
      vertex -1 22.5843 15.4196
    endloop
  endfacet
  facet normal 0 0.109315 -0.994007
    outer loop
      vertex -1 23.2825 16.6923
      vertex 1 23.3216 16.6966
      vertex 1 23.2825 16.6923
    endloop
  endfacet
  facet normal 0 0.109315 -0.994007
    outer loop
      vertex 1 23.3216 16.6966
      vertex -1 23.2825 16.6923
      vertex -1 23.3216 16.6966
    endloop
  endfacet
  facet normal 0 0.988254 -0.152823
    outer loop
      vertex 1 22.5077 15.9175
      vertex -1 22.5137 15.9563
      vertex 1 22.5137 15.9563
    endloop
  endfacet
  facet normal 0 0.988254 -0.152823
    outer loop
      vertex -1 22.5137 15.9563
      vertex 1 22.5077 15.9175
      vertex -1 22.5077 15.9175
    endloop
  endfacet
  facet normal 0 -0.947145 0.320807
    outer loop
      vertex -1 24.2457 15.4922
      vertex 1 24.2583 15.5294
      vertex -1 24.2583 15.5294
    endloop
  endfacet
  facet normal 0 -0.947145 0.320807
    outer loop
      vertex 1 24.2583 15.5294
      vertex -1 24.2457 15.4922
      vertex 1 24.2457 15.4922
    endloop
  endfacet
  facet normal 0 -0.830086 -0.557635
    outer loop
      vertex -1 24.1591 16.2836
      vertex 1 24.1372 16.3162
      vertex -1 24.1372 16.3162
    endloop
  endfacet
  facet normal 0 -0.830086 -0.557635
    outer loop
      vertex 1 24.1372 16.3162
      vertex -1 24.1591 16.2836
      vertex 1 24.1591 16.2836
    endloop
  endfacet
  facet normal 0 -0.517116 0.855916
    outer loop
      vertex -1 23.8836 15.0409
      vertex 1 23.85 15.0206
      vertex 1 23.8836 15.0409
    endloop
  endfacet
  facet normal 0 -0.517116 0.855916
    outer loop
      vertex 1 23.85 15.0206
      vertex -1 23.8836 15.0409
      vertex -1 23.85 15.0206
    endloop
  endfacet
  facet normal 0 -0.999738 0.0228948
    outer loop
      vertex -1 24.2991 15.7607
      vertex 1 24.3 15.8
      vertex -1 24.3 15.8
    endloop
  endfacet
  facet normal 0 -0.999738 0.0228948
    outer loop
      vertex 1 24.3 15.8
      vertex -1 24.2991 15.7607
      vertex 1 24.2991 15.7607
    endloop
  endfacet
  facet normal 0 -0.320807 -0.947145
    outer loop
      vertex -1 23.6706 16.6583
      vertex 1 23.7078 16.6457
      vertex 1 23.6706 16.6583
    endloop
  endfacet
  facet normal -0 -0.320807 -0.947145
    outer loop
      vertex 1 23.7078 16.6457
      vertex -1 23.6706 16.6583
      vertex -1 23.7078 16.6457
    endloop
  endfacet
  facet normal -0 0.0228948 0.999738
    outer loop
      vertex -1 23.4 14.9
      vertex 1 23.3607 14.9009
      vertex 1 23.4 14.9
    endloop
  endfacet
  facet normal 0 0.0228948 0.999738
    outer loop
      vertex 1 23.3607 14.9009
      vertex -1 23.4 14.9
      vertex -1 23.3607 14.9009
    endloop
  endfacet
  facet normal 0 -0.320807 0.947145
    outer loop
      vertex -1 23.7078 14.9543
      vertex 1 23.6706 14.9417
      vertex 1 23.7078 14.9543
    endloop
  endfacet
  facet normal 0 -0.320807 0.947145
    outer loop
      vertex 1 23.6706 14.9417
      vertex -1 23.7078 14.9543
      vertex -1 23.6706 14.9417
    endloop
  endfacet
  facet normal 0 0.876431 -0.481527
    outer loop
      vertex 1 22.6017 16.2156
      vertex -1 22.6206 16.25
      vertex 1 22.6206 16.25
    endloop
  endfacet
  facet normal 0 0.876431 -0.481527
    outer loop
      vertex -1 22.6206 16.25
      vertex 1 22.6017 16.2156
      vertex -1 22.6017 16.2156
    endloop
  endfacet
  facet normal -0 0.658324 0.752735
    outer loop
      vertex -1 22.8215 15.1106
      vertex 1 22.792 15.1364
      vertex 1 22.8215 15.1106
    endloop
  endfacet
  facet normal 0 0.658324 0.752735
    outer loop
      vertex 1 22.792 15.1364
      vertex -1 22.8215 15.1106
      vertex -1 22.792 15.1364
    endloop
  endfacet
  facet normal 0 0.997962 -0.0638083
    outer loop
      vertex 1 22.5009 15.8393
      vertex -1 22.5034 15.8784
      vertex 1 22.5034 15.8784
    endloop
  endfacet
  facet normal 0 0.997962 -0.0638083
    outer loop
      vertex -1 22.5034 15.8784
      vertex 1 22.5009 15.8393
      vertex -1 22.5009 15.8393
    endloop
  endfacet
  facet normal 0 -0.361709 0.932291
    outer loop
      vertex -1 23.7444 14.9685
      vertex 1 23.7078 14.9543
      vertex 1 23.7444 14.9685
    endloop
  endfacet
  facet normal 0 -0.361709 0.932291
    outer loop
      vertex 1 23.7078 14.9543
      vertex -1 23.7444 14.9685
      vertex -1 23.7078 14.9543
    endloop
  endfacet
  facet normal 0 0.626557 -0.779376
    outer loop
      vertex -1 22.8215 16.4894
      vertex 1 22.8521 16.514
      vertex 1 22.8215 16.4894
    endloop
  endfacet
  facet normal 0 0.626557 -0.779376
    outer loop
      vertex 1 22.8521 16.514
      vertex -1 22.8215 16.4894
      vertex -1 22.8521 16.514
    endloop
  endfacet
  facet normal 0 -0.239537 0.970887
    outer loop
      vertex -1 23.6329 14.9307
      vertex 1 23.5948 14.9213
      vertex 1 23.6329 14.9307
    endloop
  endfacet
  facet normal 0 -0.239537 0.970887
    outer loop
      vertex 1 23.5948 14.9213
      vertex -1 23.6329 14.9307
      vertex -1 23.5948 14.9213
    endloop
  endfacet
  facet normal 0 -0.481527 -0.876431
    outer loop
      vertex -1 23.8156 16.5983
      vertex 1 23.85 16.5794
      vertex 1 23.8156 16.5983
    endloop
  endfacet
  facet normal -0 -0.481527 -0.876431
    outer loop
      vertex 1 23.85 16.5794
      vertex -1 23.8156 16.5983
      vertex -1 23.85 16.5794
    endloop
  endfacet
  facet normal 0 -0.481527 0.876431
    outer loop
      vertex -1 23.85 15.0206
      vertex 1 23.8156 15.0017
      vertex 1 23.85 15.0206
    endloop
  endfacet
  facet normal 0 -0.481527 0.876431
    outer loop
      vertex 1 23.8156 15.0017
      vertex -1 23.85 15.0206
      vertex -1 23.8156 15.0017
    endloop
  endfacet
  facet normal 0 -0.443134 0.896455
    outer loop
      vertex -1 23.8156 15.0017
      vertex 1 23.7804 14.9843
      vertex 1 23.8156 15.0017
    endloop
  endfacet
  facet normal 0 -0.443134 0.896455
    outer loop
      vertex 1 23.7804 14.9843
      vertex -1 23.8156 15.0017
      vertex -1 23.7804 14.9843
    endloop
  endfacet
  facet normal 0 -0.109315 0.994007
    outer loop
      vertex -1 23.5175 14.9077
      vertex 1 23.4784 14.9034
      vertex 1 23.5175 14.9077
    endloop
  endfacet
  facet normal 0 -0.109315 0.994007
    outer loop
      vertex 1 23.4784 14.9034
      vertex -1 23.5175 14.9077
      vertex -1 23.4784 14.9034
    endloop
  endfacet
  facet normal 0 0.855916 0.517116
    outer loop
      vertex 1 22.6409 15.3164
      vertex -1 22.6206 15.35
      vertex 1 22.6206 15.35
    endloop
  endfacet
  facet normal 0 0.855916 0.517116
    outer loop
      vertex -1 22.6206 15.35
      vertex 1 22.6409 15.3164
      vertex -1 22.6409 15.3164
    endloop
  endfacet
  facet normal 0 0.779376 0.626557
    outer loop
      vertex 1 22.7106 15.2215
      vertex -1 22.686 15.2521
      vertex 1 22.686 15.2521
    endloop
  endfacet
  facet normal 0 0.779376 0.626557
    outer loop
      vertex -1 22.686 15.2521
      vertex 1 22.7106 15.2215
      vertex -1 22.7106 15.2215
    endloop
  endfacet
  facet normal 0 0.659766 -0.751471
    outer loop
      vertex -1 22.792 16.4635
      vertex 1 22.8215 16.4894
      vertex 1 22.792 16.4635
    endloop
  endfacet
  facet normal 0 0.659766 -0.751471
    outer loop
      vertex 1 22.8215 16.4894
      vertex -1 22.792 16.4635
      vertex -1 22.8215 16.4894
    endloop
  endfacet
  facet normal 0 0.361709 -0.932291
    outer loop
      vertex -1 23.0556 16.6315
      vertex 1 23.0922 16.6457
      vertex 1 23.0556 16.6315
    endloop
  endfacet
  facet normal 0 0.361709 -0.932291
    outer loop
      vertex 1 23.0922 16.6457
      vertex -1 23.0556 16.6315
      vertex -1 23.0922 16.6457
    endloop
  endfacet
  facet normal 0 0.557635 -0.830086
    outer loop
      vertex -1 22.8838 16.5372
      vertex 1 22.9164 16.5591
      vertex 1 22.8838 16.5372
    endloop
  endfacet
  facet normal 0 0.557635 -0.830086
    outer loop
      vertex 1 22.9164 16.5591
      vertex -1 22.8838 16.5372
      vertex -1 22.9164 16.5591
    endloop
  endfacet
  facet normal 0 -0.152823 -0.988254
    outer loop
      vertex -1 23.5175 16.6923
      vertex 1 23.5563 16.6863
      vertex 1 23.5175 16.6923
    endloop
  endfacet
  facet normal -0 -0.152823 -0.988254
    outer loop
      vertex 1 23.5563 16.6863
      vertex -1 23.5175 16.6923
      vertex -1 23.5563 16.6863
    endloop
  endfacet
  facet normal 0 -0.280098 -0.959971
    outer loop
      vertex -1 23.6329 16.6693
      vertex 1 23.6706 16.6583
      vertex 1 23.6329 16.6693
    endloop
  endfacet
  facet normal -0 -0.280098 -0.959971
    outer loop
      vertex 1 23.6706 16.6583
      vertex -1 23.6329 16.6693
      vertex -1 23.6706 16.6583
    endloop
  endfacet
  facet normal 0 -0.0638083 -0.997962
    outer loop
      vertex -1 23.4393 16.6991
      vertex 1 23.4784 16.6966
      vertex 1 23.4393 16.6991
    endloop
  endfacet
  facet normal -0 -0.0638083 -0.997962
    outer loop
      vertex 1 23.4784 16.6966
      vertex -1 23.4393 16.6991
      vertex -1 23.4784 16.6966
    endloop
  endfacet
  facet normal 0 -0.876431 -0.481527
    outer loop
      vertex -1 24.1983 16.2156
      vertex 1 24.1794 16.25
      vertex -1 24.1794 16.25
    endloop
  endfacet
  facet normal 0 -0.876431 -0.481527
    outer loop
      vertex 1 24.1794 16.25
      vertex -1 24.1983 16.2156
      vertex 1 24.1983 16.2156
    endloop
  endfacet
  facet normal 0 -0.723471 -0.690355
    outer loop
      vertex -1 24.0635 16.408
      vertex 1 24.0364 16.4364
      vertex -1 24.0364 16.4364
    endloop
  endfacet
  facet normal 0 -0.723471 -0.690355
    outer loop
      vertex 1 24.0364 16.4364
      vertex -1 24.0635 16.408
      vertex 1 24.0635 16.408
    endloop
  endfacet
  facet normal 0 -0.806971 0.590591
    outer loop
      vertex -1 24.114 15.2521
      vertex 1 24.1372 15.2838
      vertex -1 24.1372 15.2838
    endloop
  endfacet
  facet normal 0 -0.806971 0.590591
    outer loop
      vertex 1 24.1372 15.2838
      vertex -1 24.114 15.2521
      vertex 1 24.114 15.2521
    endloop
  endfacet
  facet normal 0 0.959971 -0.280098
    outer loop
      vertex 1 22.5307 16.0329
      vertex -1 22.5417 16.0706
      vertex 1 22.5417 16.0706
    endloop
  endfacet
  facet normal 0 0.959971 -0.280098
    outer loop
      vertex -1 22.5417 16.0706
      vertex 1 22.5307 16.0329
      vertex -1 22.5307 16.0329
    endloop
  endfacet
  facet normal 0 0.0228948 -0.999738
    outer loop
      vertex -1 23.3607 16.6991
      vertex 1 23.4 16.7
      vertex 1 23.3607 16.6991
    endloop
  endfacet
  facet normal 0 0.0228948 -0.999738
    outer loop
      vertex 1 23.4 16.7
      vertex -1 23.3607 16.6991
      vertex -1 23.4 16.7
    endloop
  endfacet
  facet normal 0 -0.690355 -0.723471
    outer loop
      vertex -1 24.008 16.4635
      vertex 1 24.0364 16.4364
      vertex 1 24.008 16.4635
    endloop
  endfacet
  facet normal -0 -0.690355 -0.723471
    outer loop
      vertex 1 24.0364 16.4364
      vertex -1 24.008 16.4635
      vertex -1 24.0364 16.4364
    endloop
  endfacet
  facet normal 0 -0.152823 0.988254
    outer loop
      vertex -1 23.5563 14.9137
      vertex 1 23.5175 14.9077
      vertex 1 23.5563 14.9137
    endloop
  endfacet
  facet normal 0 -0.152823 0.988254
    outer loop
      vertex 1 23.5175 14.9077
      vertex -1 23.5563 14.9137
      vertex -1 23.5175 14.9077
    endloop
  endfacet
  facet normal 0 -0.997962 0.0638083
    outer loop
      vertex -1 24.2966 15.7216
      vertex 1 24.2991 15.7607
      vertex -1 24.2991 15.7607
    endloop
  endfacet
  facet normal 0 -0.997962 0.0638083
    outer loop
      vertex 1 24.2991 15.7607
      vertex -1 24.2966 15.7216
      vertex 1 24.2966 15.7216
    endloop
  endfacet
  facet normal 0 -0.994007 0.109315
    outer loop
      vertex -1 24.2923 15.6825
      vertex 1 24.2966 15.7216
      vertex -1 24.2966 15.7216
    endloop
  endfacet
  facet normal 0 -0.994007 0.109315
    outer loop
      vertex 1 24.2966 15.7216
      vertex -1 24.2923 15.6825
      vertex 1 24.2923 15.6825
    endloop
  endfacet
  facet normal 0 -0.981068 -0.193665
    outer loop
      vertex -1 24.2863 15.9563
      vertex 1 24.2787 15.9948
      vertex -1 24.2787 15.9948
    endloop
  endfacet
  facet normal 0 -0.981068 -0.193665
    outer loop
      vertex 1 24.2787 15.9948
      vertex -1 24.2863 15.9563
      vertex 1 24.2863 15.9563
    endloop
  endfacet
  facet normal 0 -0.932291 -0.361709
    outer loop
      vertex -1 24.2457 16.1078
      vertex 1 24.2315 16.1444
      vertex -1 24.2315 16.1444
    endloop
  endfacet
  facet normal 0 -0.932291 -0.361709
    outer loop
      vertex 1 24.2315 16.1444
      vertex -1 24.2457 16.1078
      vertex 1 24.2457 16.1078
    endloop
  endfacet
  facet normal 0 -0.590591 0.806971
    outer loop
      vertex -1 23.9479 15.086
      vertex 1 23.9162 15.0628
      vertex 1 23.9479 15.086
    endloop
  endfacet
  facet normal 0 -0.590591 0.806971
    outer loop
      vertex 1 23.9162 15.0628
      vertex -1 23.9479 15.086
      vertex -1 23.9162 15.0628
    endloop
  endfacet
  facet normal 0 -0.959971 0.280098
    outer loop
      vertex -1 24.2583 15.5294
      vertex 1 24.2693 15.5671
      vertex -1 24.2693 15.5671
    endloop
  endfacet
  facet normal 0 -0.959971 0.280098
    outer loop
      vertex 1 24.2693 15.5671
      vertex -1 24.2583 15.5294
      vertex 1 24.2583 15.5294
    endloop
  endfacet
  facet normal 0 0.981068 -0.193665
    outer loop
      vertex 1 22.5137 15.9563
      vertex -1 22.5213 15.9948
      vertex 1 22.5213 15.9948
    endloop
  endfacet
  facet normal 0 0.981068 -0.193665
    outer loop
      vertex -1 22.5213 15.9948
      vertex 1 22.5137 15.9563
      vertex -1 22.5137 15.9563
    endloop
  endfacet
  facet normal -0 0.320807 0.947145
    outer loop
      vertex -1 23.1294 14.9417
      vertex 1 23.0922 14.9543
      vertex 1 23.1294 14.9417
    endloop
  endfacet
  facet normal 0 0.320807 0.947145
    outer loop
      vertex 1 23.0922 14.9543
      vertex -1 23.1294 14.9417
      vertex -1 23.0922 14.9543
    endloop
  endfacet
  facet normal 0 0.855916 -0.517116
    outer loop
      vertex 1 22.6206 16.25
      vertex -1 22.6409 16.2836
      vertex 1 22.6409 16.2836
    endloop
  endfacet
  facet normal 0 0.855916 -0.517116
    outer loop
      vertex -1 22.6409 16.2836
      vertex 1 22.6206 16.25
      vertex -1 22.6206 16.25
    endloop
  endfacet
  facet normal 0 -0.981068 0.193665
    outer loop
      vertex -1 24.2787 15.6052
      vertex 1 24.2863 15.6437
      vertex -1 24.2863 15.6437
    endloop
  endfacet
  facet normal 0 -0.981068 0.193665
    outer loop
      vertex 1 24.2863 15.6437
      vertex -1 24.2787 15.6052
      vertex 1 24.2787 15.6052
    endloop
  endfacet
  facet normal 0 0.896455 0.443134
    outer loop
      vertex 1 22.6017 15.3844
      vertex -1 22.5843 15.4196
      vertex 1 22.5843 15.4196
    endloop
  endfacet
  facet normal 0 0.896455 0.443134
    outer loop
      vertex -1 22.5843 15.4196
      vertex 1 22.6017 15.3844
      vertex -1 22.6017 15.3844
    endloop
  endfacet
  facet normal 0 0.999738 0.0228948
    outer loop
      vertex 1 22.5009 15.7607
      vertex -1 22.5 15.8
      vertex 1 22.5 15.8
    endloop
  endfacet
  facet normal 0 0.999738 0.0228948
    outer loop
      vertex -1 22.5 15.8
      vertex 1 22.5009 15.7607
      vertex -1 22.5009 15.7607
    endloop
  endfacet
  facet normal 0 0.830086 0.557635
    outer loop
      vertex 1 22.6628 15.2838
      vertex -1 22.6409 15.3164
      vertex 1 22.6409 15.3164
    endloop
  endfacet
  facet normal 0 0.830086 0.557635
    outer loop
      vertex -1 22.6409 15.3164
      vertex 1 22.6628 15.2838
      vertex -1 22.6628 15.2838
    endloop
  endfacet
  facet normal 0 -0.626557 -0.779376
    outer loop
      vertex -1 23.9479 16.514
      vertex 1 23.9785 16.4894
      vertex 1 23.9479 16.514
    endloop
  endfacet
  facet normal -0 -0.626557 -0.779376
    outer loop
      vertex 1 23.9785 16.4894
      vertex -1 23.9479 16.514
      vertex -1 23.9785 16.4894
    endloop
  endfacet
  facet normal 0 0.193665 -0.981068
    outer loop
      vertex -1 23.2052 16.6787
      vertex 1 23.2437 16.6863
      vertex 1 23.2052 16.6787
    endloop
  endfacet
  facet normal 0 0.193665 -0.981068
    outer loop
      vertex 1 23.2437 16.6863
      vertex -1 23.2052 16.6787
      vertex -1 23.2437 16.6863
    endloop
  endfacet
  facet normal 0 -0.876431 0.481527
    outer loop
      vertex -1 24.1794 15.35
      vertex 1 24.1983 15.3844
      vertex -1 24.1983 15.3844
    endloop
  endfacet
  facet normal 0 -0.876431 0.481527
    outer loop
      vertex 1 24.1983 15.3844
      vertex -1 24.1794 15.35
      vertex 1 24.1794 15.35
    endloop
  endfacet
  facet normal 0 -0.896455 0.443134
    outer loop
      vertex -1 24.1983 15.3844
      vertex 1 24.2157 15.4196
      vertex -1 24.2157 15.4196
    endloop
  endfacet
  facet normal 0 -0.896455 0.443134
    outer loop
      vertex 1 24.2157 15.4196
      vertex -1 24.1983 15.3844
      vertex 1 24.1983 15.3844
    endloop
  endfacet
  facet normal 0 0.320807 -0.947145
    outer loop
      vertex -1 23.0922 16.6457
      vertex 1 23.1294 16.6583
      vertex 1 23.0922 16.6457
    endloop
  endfacet
  facet normal 0 0.320807 -0.947145
    outer loop
      vertex 1 23.1294 16.6583
      vertex -1 23.0922 16.6457
      vertex -1 23.1294 16.6583
    endloop
  endfacet
  facet normal 0 0.401886 -0.91569
    outer loop
      vertex -1 23.0196 16.6157
      vertex 1 23.0556 16.6315
      vertex 1 23.0196 16.6157
    endloop
  endfacet
  facet normal 0 0.401886 -0.91569
    outer loop
      vertex 1 23.0556 16.6315
      vertex -1 23.0196 16.6157
      vertex -1 23.0556 16.6315
    endloop
  endfacet
  facet normal 0 -0.779376 0.626557
    outer loop
      vertex -1 24.0894 15.2215
      vertex 1 24.114 15.2521
      vertex -1 24.114 15.2521
    endloop
  endfacet
  facet normal 0 -0.779376 0.626557
    outer loop
      vertex 1 24.114 15.2521
      vertex -1 24.0894 15.2215
      vertex 1 24.0894 15.2215
    endloop
  endfacet
  facet normal 0 0.994007 -0.109315
    outer loop
      vertex 1 22.5034 15.8784
      vertex -1 22.5077 15.9175
      vertex 1 22.5077 15.9175
    endloop
  endfacet
  facet normal 0 0.994007 -0.109315
    outer loop
      vertex -1 22.5077 15.9175
      vertex 1 22.5034 15.8784
      vertex -1 22.5034 15.8784
    endloop
  endfacet
  facet normal 0 -0.659766 -0.751471
    outer loop
      vertex -1 23.9785 16.4894
      vertex 1 24.008 16.4635
      vertex 1 23.9785 16.4894
    endloop
  endfacet
  facet normal -0 -0.659766 -0.751471
    outer loop
      vertex 1 24.008 16.4635
      vertex -1 23.9785 16.4894
      vertex -1 24.008 16.4635
    endloop
  endfacet
  facet normal 0 -0.109315 -0.994007
    outer loop
      vertex -1 23.4784 16.6966
      vertex 1 23.5175 16.6923
      vertex 1 23.4784 16.6966
    endloop
  endfacet
  facet normal -0 -0.109315 -0.994007
    outer loop
      vertex 1 23.5175 16.6923
      vertex -1 23.4784 16.6966
      vertex -1 23.5175 16.6923
    endloop
  endfacet
  facet normal 0 0.970887 -0.239537
    outer loop
      vertex 1 22.5213 15.9948
      vertex -1 22.5307 16.0329
      vertex 1 22.5307 16.0329
    endloop
  endfacet
  facet normal 0 0.970887 -0.239537
    outer loop
      vertex -1 22.5307 16.0329
      vertex 1 22.5213 15.9948
      vertex -1 22.5213 15.9948
    endloop
  endfacet
  facet normal 0 -0.557635 -0.830086
    outer loop
      vertex -1 23.8836 16.5591
      vertex 1 23.9162 16.5372
      vertex 1 23.8836 16.5591
    endloop
  endfacet
  facet normal -0 -0.557635 -0.830086
    outer loop
      vertex 1 23.9162 16.5372
      vertex -1 23.8836 16.5591
      vertex -1 23.9162 16.5372
    endloop
  endfacet
  facet normal 0 0.723471 0.690355
    outer loop
      vertex 1 22.7636 15.1636
      vertex -1 22.7365 15.192
      vertex 1 22.7365 15.192
    endloop
  endfacet
  facet normal 0 0.723471 0.690355
    outer loop
      vertex -1 22.7365 15.192
      vertex 1 22.7636 15.1636
      vertex -1 22.7636 15.1636
    endloop
  endfacet
  facet normal -0 0.239537 0.970887
    outer loop
      vertex -1 23.2052 14.9213
      vertex 1 23.1671 14.9307
      vertex 1 23.2052 14.9213
    endloop
  endfacet
  facet normal 0 0.239537 0.970887
    outer loop
      vertex 1 23.1671 14.9307
      vertex -1 23.2052 14.9213
      vertex -1 23.1671 14.9307
    endloop
  endfacet
  facet normal 0 -0.626557 0.779376
    outer loop
      vertex -1 23.9785 15.1106
      vertex 1 23.9479 15.086
      vertex 1 23.9785 15.1106
    endloop
  endfacet
  facet normal 0 -0.626557 0.779376
    outer loop
      vertex 1 23.9479 15.086
      vertex -1 23.9785 15.1106
      vertex -1 23.9479 15.086
    endloop
  endfacet
  facet normal 0 -0.779376 -0.626557
    outer loop
      vertex -1 24.114 16.3479
      vertex 1 24.0894 16.3785
      vertex -1 24.0894 16.3785
    endloop
  endfacet
  facet normal 0 -0.779376 -0.626557
    outer loop
      vertex 1 24.0894 16.3785
      vertex -1 24.114 16.3479
      vertex 1 24.114 16.3479
    endloop
  endfacet
  facet normal 0 -0.193665 -0.981068
    outer loop
      vertex -1 23.5563 16.6863
      vertex 1 23.5948 16.6787
      vertex 1 23.5563 16.6863
    endloop
  endfacet
  facet normal -0 -0.193665 -0.981068
    outer loop
      vertex 1 23.5948 16.6787
      vertex -1 23.5563 16.6863
      vertex -1 23.5948 16.6787
    endloop
  endfacet
  facet normal 0 -0.988254 0.152823
    outer loop
      vertex -1 24.2863 15.6437
      vertex 1 24.2923 15.6825
      vertex -1 24.2923 15.6825
    endloop
  endfacet
  facet normal 0 -0.988254 0.152823
    outer loop
      vertex 1 24.2923 15.6825
      vertex -1 24.2863 15.6437
      vertex 1 24.2863 15.6437
    endloop
  endfacet
  facet normal 0 -0.0228948 -0.999738
    outer loop
      vertex -1 23.4 16.7
      vertex 1 23.4393 16.6991
      vertex 1 23.4 16.7
    endloop
  endfacet
  facet normal -0 -0.0228948 -0.999738
    outer loop
      vertex 1 23.4393 16.6991
      vertex -1 23.4 16.7
      vertex -1 23.4393 16.6991
    endloop
  endfacet
  facet normal -0 0.517116 0.855916
    outer loop
      vertex -1 22.95 15.0206
      vertex 1 22.9164 15.0409
      vertex 1 22.95 15.0206
    endloop
  endfacet
  facet normal 0 0.517116 0.855916
    outer loop
      vertex 1 22.9164 15.0409
      vertex -1 22.95 15.0206
      vertex -1 22.9164 15.0409
    endloop
  endfacet
  facet normal 0 0.152823 -0.988254
    outer loop
      vertex -1 23.2437 16.6863
      vertex 1 23.2825 16.6923
      vertex 1 23.2437 16.6863
    endloop
  endfacet
  facet normal 0 0.152823 -0.988254
    outer loop
      vertex 1 23.2825 16.6923
      vertex -1 23.2437 16.6863
      vertex -1 23.2825 16.6923
    endloop
  endfacet
  facet normal -0 0.626557 0.779376
    outer loop
      vertex -1 22.8521 15.086
      vertex 1 22.8215 15.1106
      vertex 1 22.8521 15.086
    endloop
  endfacet
  facet normal 0 0.626557 0.779376
    outer loop
      vertex 1 22.8215 15.1106
      vertex -1 22.8521 15.086
      vertex -1 22.8215 15.1106
    endloop
  endfacet
  facet normal -0 0.481527 0.876431
    outer loop
      vertex -1 22.9844 15.0017
      vertex 1 22.95 15.0206
      vertex 1 22.9844 15.0017
    endloop
  endfacet
  facet normal 0 0.481527 0.876431
    outer loop
      vertex 1 22.95 15.0206
      vertex -1 22.9844 15.0017
      vertex -1 22.95 15.0206
    endloop
  endfacet
  facet normal 0 -0.806971 -0.590591
    outer loop
      vertex -1 24.1372 16.3162
      vertex 1 24.114 16.3479
      vertex -1 24.114 16.3479
    endloop
  endfacet
  facet normal 0 -0.806971 -0.590591
    outer loop
      vertex 1 24.114 16.3479
      vertex -1 24.1372 16.3162
      vertex 1 24.1372 16.3162
    endloop
  endfacet
  facet normal 0 -0.959971 -0.280098
    outer loop
      vertex -1 24.2693 16.0329
      vertex 1 24.2583 16.0706
      vertex -1 24.2583 16.0706
    endloop
  endfacet
  facet normal 0 -0.959971 -0.280098
    outer loop
      vertex 1 24.2583 16.0706
      vertex -1 24.2693 16.0329
      vertex 1 24.2693 16.0329
    endloop
  endfacet
  facet normal -0 0.109315 0.994007
    outer loop
      vertex -1 23.3216 14.9034
      vertex 1 23.2825 14.9077
      vertex 1 23.3216 14.9034
    endloop
  endfacet
  facet normal 0 0.109315 0.994007
    outer loop
      vertex 1 23.2825 14.9077
      vertex -1 23.3216 14.9034
      vertex -1 23.2825 14.9077
    endloop
  endfacet
  facet normal 0 0.91569 -0.401886
    outer loop
      vertex 1 22.5685 16.1444
      vertex -1 22.5843 16.1804
      vertex 1 22.5843 16.1804
    endloop
  endfacet
  facet normal 0 0.91569 -0.401886
    outer loop
      vertex -1 22.5843 16.1804
      vertex 1 22.5685 16.1444
      vertex -1 22.5685 16.1444
    endloop
  endfacet
  facet normal 0 0.751471 0.659766
    outer loop
      vertex 1 22.7365 15.192
      vertex -1 22.7106 15.2215
      vertex 1 22.7106 15.2215
    endloop
  endfacet
  facet normal 0 0.751471 0.659766
    outer loop
      vertex -1 22.7106 15.2215
      vertex 1 22.7365 15.192
      vertex -1 22.7365 15.192
    endloop
  endfacet
  facet normal -0 0.401886 0.91569
    outer loop
      vertex -1 23.0556 14.9685
      vertex 1 23.0196 14.9843
      vertex 1 23.0556 14.9685
    endloop
  endfacet
  facet normal 0 0.401886 0.91569
    outer loop
      vertex 1 23.0196 14.9843
      vertex -1 23.0556 14.9685
      vertex -1 23.0196 14.9843
    endloop
  endfacet
  facet normal -0 0.361709 0.932291
    outer loop
      vertex -1 23.0922 14.9543
      vertex 1 23.0556 14.9685
      vertex 1 23.0922 14.9543
    endloop
  endfacet
  facet normal 0 0.361709 0.932291
    outer loop
      vertex 1 23.0556 14.9685
      vertex -1 23.0922 14.9543
      vertex -1 23.0556 14.9685
    endloop
  endfacet
  facet normal 0 0.751471 -0.659766
    outer loop
      vertex 1 22.7106 16.3785
      vertex -1 22.7365 16.408
      vertex 1 22.7365 16.408
    endloop
  endfacet
  facet normal 0 0.751471 -0.659766
    outer loop
      vertex -1 22.7365 16.408
      vertex 1 22.7106 16.3785
      vertex -1 22.7106 16.3785
    endloop
  endfacet
  facet normal 0 0.517116 -0.855916
    outer loop
      vertex -1 22.9164 16.5591
      vertex 1 22.95 16.5794
      vertex 1 22.9164 16.5591
    endloop
  endfacet
  facet normal 0 0.517116 -0.855916
    outer loop
      vertex 1 22.95 16.5794
      vertex -1 22.9164 16.5591
      vertex -1 22.95 16.5794
    endloop
  endfacet
  facet normal 0 0.280098 -0.959971
    outer loop
      vertex -1 23.1294 16.6583
      vertex 1 23.1671 16.6693
      vertex 1 23.1294 16.6583
    endloop
  endfacet
  facet normal 0 0.280098 -0.959971
    outer loop
      vertex 1 23.1671 16.6693
      vertex -1 23.1294 16.6583
      vertex -1 23.1671 16.6693
    endloop
  endfacet
  facet normal 0 0.590591 -0.806971
    outer loop
      vertex -1 22.8521 16.514
      vertex 1 22.8838 16.5372
      vertex 1 22.8521 16.514
    endloop
  endfacet
  facet normal 0 0.590591 -0.806971
    outer loop
      vertex 1 22.8838 16.5372
      vertex -1 22.8521 16.514
      vertex -1 22.8838 16.5372
    endloop
  endfacet
  facet normal 0 -0.896455 -0.443134
    outer loop
      vertex -1 24.2157 16.1804
      vertex 1 24.1983 16.2156
      vertex -1 24.1983 16.2156
    endloop
  endfacet
  facet normal 0 -0.896455 -0.443134
    outer loop
      vertex 1 24.1983 16.2156
      vertex -1 24.2157 16.1804
      vertex 1 24.2157 16.1804
    endloop
  endfacet
  facet normal 0 0.830086 -0.557635
    outer loop
      vertex 1 22.6409 16.2836
      vertex -1 22.6628 16.3162
      vertex 1 22.6628 16.3162
    endloop
  endfacet
  facet normal 0 0.830086 -0.557635
    outer loop
      vertex -1 22.6628 16.3162
      vertex 1 22.6409 16.2836
      vertex -1 22.6409 16.2836
    endloop
  endfacet
  facet normal 0 -0.91569 -0.401886
    outer loop
      vertex -1 24.2315 16.1444
      vertex 1 24.2157 16.1804
      vertex -1 24.2157 16.1804
    endloop
  endfacet
  facet normal 0 -0.91569 -0.401886
    outer loop
      vertex 1 24.2157 16.1804
      vertex -1 24.2315 16.1444
      vertex 1 24.2315 16.1444
    endloop
  endfacet
  facet normal 0 0.806971 -0.590591
    outer loop
      vertex 1 22.6628 16.3162
      vertex -1 22.686 16.3479
      vertex 1 22.686 16.3479
    endloop
  endfacet
  facet normal 0 0.806971 -0.590591
    outer loop
      vertex -1 22.686 16.3479
      vertex 1 22.6628 16.3162
      vertex -1 22.6628 16.3162
    endloop
  endfacet
  facet normal 0 0.947145 0.320807
    outer loop
      vertex 1 22.5543 15.4922
      vertex -1 22.5417 15.5294
      vertex 1 22.5417 15.5294
    endloop
  endfacet
  facet normal 0 0.947145 0.320807
    outer loop
      vertex -1 22.5417 15.5294
      vertex 1 22.5543 15.4922
      vertex -1 22.5543 15.4922
    endloop
  endfacet
  facet normal 0 0.959971 0.280098
    outer loop
      vertex 1 22.5417 15.5294
      vertex -1 22.5307 15.5671
      vertex 1 22.5307 15.5671
    endloop
  endfacet
  facet normal 0 0.959971 0.280098
    outer loop
      vertex -1 22.5307 15.5671
      vertex 1 22.5417 15.5294
      vertex -1 22.5417 15.5294
    endloop
  endfacet
  facet normal 0 -0.517116 -0.855916
    outer loop
      vertex -1 23.85 16.5794
      vertex 1 23.8836 16.5591
      vertex 1 23.85 16.5794
    endloop
  endfacet
  facet normal -0 -0.517116 -0.855916
    outer loop
      vertex 1 23.8836 16.5591
      vertex -1 23.85 16.5794
      vertex -1 23.8836 16.5591
    endloop
  endfacet
  facet normal 0 -0.658324 0.752735
    outer loop
      vertex -1 24.008 15.1364
      vertex 1 23.9785 15.1106
      vertex 1 24.008 15.1364
    endloop
  endfacet
  facet normal 0 -0.658324 0.752735
    outer loop
      vertex 1 23.9785 15.1106
      vertex -1 24.008 15.1364
      vertex -1 23.9785 15.1106
    endloop
  endfacet
  facet normal -0 0 1
    outer loop
      vertex -1 26 4
      vertex 1 25.5 4
      vertex 1 26 4
    endloop
  endfacet
  facet normal 0 0 1
    outer loop
      vertex 1 25.5 4
      vertex -1 26 4
      vertex -1 25.5 4
    endloop
  endfacet
  facet normal 0 -1 0
    outer loop
      vertex -1 26 4
      vertex 1 26 4.5
      vertex -1 26 4.5
    endloop
  endfacet
  facet normal 0 -1 -0
    outer loop
      vertex 1 26 4.5
      vertex -1 26 4
      vertex 1 26 4
    endloop
  endfacet
  facet normal 0 -1 0
    outer loop
      vertex -1 26 -0.499995
      vertex 1 26 0
      vertex -1 26 0
    endloop
  endfacet
  facet normal 0 -1 -0
    outer loop
      vertex 1 26 0
      vertex -1 26 -0.499995
      vertex 1 26 -0.499995
    endloop
  endfacet
  facet normal 0 0 -1
    outer loop
      vertex -1 26 -0.499995
      vertex 1 31 -0.499995
      vertex 1 26 -0.499995
    endloop
  endfacet
  facet normal -0 0 -1
    outer loop
      vertex 1 31 -0.499995
      vertex -1 26 -0.499995
      vertex -1 31 -0.499995
    endloop
  endfacet
  facet normal -0 0 1
    outer loop
      vertex -1 31 4.5
      vertex 1 26 4.5
      vertex 1 31 4.5
    endloop
  endfacet
  facet normal 0 0 1
    outer loop
      vertex 1 26 4.5
      vertex -1 31 4.5
      vertex -1 26 4.5
    endloop
  endfacet
  facet normal -0.0216936 0 0.999765
    outer loop
      vertex -4.1008e-05 36.4 -6.94165
      vertex 0.0741568 34 -6.94004
      vertex 0.0741568 36.4 -6.94004
    endloop
  endfacet
  facet normal -0.0216936 0 0.999765
    outer loop
      vertex 0.0741568 34 -6.94004
      vertex -4.1008e-05 36.4 -6.94165
      vertex -4.1008e-05 34 -6.94165
    endloop
  endfacet
  facet normal -0.0654018 0 0.997859
    outer loop
      vertex 0.0741568 36.4 -6.94004
      vertex 0.148155 34 -6.93519
      vertex 0.148155 36.4 -6.93519
    endloop
  endfacet
  facet normal -0.0654018 0 0.997859
    outer loop
      vertex 0.148155 34 -6.93519
      vertex 0.0741568 36.4 -6.94004
      vertex 0.0741568 34 -6.94004
    endloop
  endfacet
  facet normal -0.108979 0 0.994044
    outer loop
      vertex 0.148155 36.4 -6.93519
      vertex 0.221856 34 -6.92711
      vertex 0.221856 36.4 -6.92711
    endloop
  endfacet
  facet normal -0.108979 0 0.994044
    outer loop
      vertex 0.221856 34 -6.92711
      vertex 0.148155 36.4 -6.93519
      vertex 0.148155 34 -6.93519
    endloop
  endfacet
  facet normal -0.152098 0 0.988365
    outer loop
      vertex 0.221856 36.4 -6.92711
      vertex 0.295156 34 -6.91583
      vertex 0.295156 36.4 -6.91583
    endloop
  endfacet
  facet normal -0.152098 0 0.988365
    outer loop
      vertex 0.295156 34 -6.91583
      vertex 0.221856 36.4 -6.92711
      vertex 0.221856 34 -6.92711
    endloop
  endfacet
  facet normal -0.194953 0 0.980813
    outer loop
      vertex 0.295156 36.4 -6.91583
      vertex 0.367955 34 -6.90136
      vertex 0.367955 36.4 -6.90136
    endloop
  endfacet
  facet normal -0.194953 0 0.980813
    outer loop
      vertex 0.367955 34 -6.90136
      vertex 0.295156 36.4 -6.91583
      vertex 0.295156 34 -6.91583
    endloop
  endfacet
  facet normal -0.237826 0 0.971308
    outer loop
      vertex 0.367955 36.4 -6.90136
      vertex 0.439958 34 -6.88373
      vertex 0.439958 36.4 -6.88373
    endloop
  endfacet
  facet normal -0.237826 0 0.971308
    outer loop
      vertex 0.439958 34 -6.88373
      vertex 0.367955 36.4 -6.90136
      vertex 0.367955 34 -6.90136
    endloop
  endfacet
  facet normal -0.279917 0 0.960024
    outer loop
      vertex 0.439958 36.4 -6.88373
      vertex 0.511158 34 -6.86297
      vertex 0.511158 36.4 -6.86297
    endloop
  endfacet
  facet normal -0.279917 0 0.960024
    outer loop
      vertex 0.511158 34 -6.86297
      vertex 0.439958 36.4 -6.88373
      vertex 0.439958 34 -6.88373
    endloop
  endfacet
  facet normal -0.321166 0 0.947023
    outer loop
      vertex 0.511158 36.4 -6.86297
      vertex 0.581455 34 -6.83913
      vertex 0.581455 36.4 -6.83913
    endloop
  endfacet
  facet normal -0.321166 0 0.947023
    outer loop
      vertex 0.581455 34 -6.83913
      vertex 0.511158 36.4 -6.86297
      vertex 0.511158 34 -6.86297
    endloop
  endfacet
  facet normal -0.362524 0 0.931975
    outer loop
      vertex 0.581455 36.4 -6.83913
      vertex 0.650558 34 -6.81225
      vertex 0.650558 36.4 -6.81225
    endloop
  endfacet
  facet normal -0.362524 0 0.931975
    outer loop
      vertex 0.650558 34 -6.81225
      vertex 0.581455 36.4 -6.83913
      vertex 0.581455 34 -6.83913
    endloop
  endfacet
  facet normal -0.402686 0 0.915338
    outer loop
      vertex 0.650558 36.4 -6.81225
      vertex 0.718455 34 -6.78238
      vertex 0.718455 36.4 -6.78238
    endloop
  endfacet
  facet normal -0.402686 0 0.915338
    outer loop
      vertex 0.718455 34 -6.78238
      vertex 0.650558 36.4 -6.81225
      vertex 0.650558 34 -6.81225
    endloop
  endfacet
  facet normal -0.442444 0 0.896796
    outer loop
      vertex 0.718455 36.4 -6.78238
      vertex 0.784958 34 -6.74957
      vertex 0.784958 36.4 -6.74957
    endloop
  endfacet
  facet normal -0.442444 0 0.896796
    outer loop
      vertex 0.784958 34 -6.74957
      vertex 0.718455 36.4 -6.78238
      vertex 0.718455 34 -6.78238
    endloop
  endfacet
  facet normal -0.481096 0 0.876668
    outer loop
      vertex 0.784958 36.4 -6.74957
      vertex 0.849957 34 -6.7139
      vertex 0.849957 36.4 -6.7139
    endloop
  endfacet
  facet normal -0.481096 0 0.876668
    outer loop
      vertex 0.849957 34 -6.7139
      vertex 0.784958 36.4 -6.74957
      vertex 0.784958 34 -6.74957
    endloop
  endfacet
  facet normal -0.518248 0 0.85523
    outer loop
      vertex 0.849957 36.4 -6.7139
      vertex 0.913458 34 -6.67542
      vertex 0.913458 36.4 -6.67542
    endloop
  endfacet
  facet normal -0.518248 0 0.85523
    outer loop
      vertex 0.913458 34 -6.67542
      vertex 0.849957 36.4 -6.7139
      vertex 0.849957 34 -6.7139
    endloop
  endfacet
  facet normal -0.556038 0 0.831157
    outer loop
      vertex 0.913458 36.4 -6.67542
      vertex 0.975058 34 -6.63421
      vertex 0.975058 36.4 -6.63421
    endloop
  endfacet
  facet normal -0.556038 0 0.831157
    outer loop
      vertex 0.975058 34 -6.63421
      vertex 0.913458 36.4 -6.67542
      vertex 0.913458 34 -6.67542
    endloop
  endfacet
  facet normal -0.591322 0 0.806436
    outer loop
      vertex 0.975058 36.4 -6.63421
      vertex 1.03486 34 -6.59036
      vertex 1.03486 36.4 -6.59036
    endloop
  endfacet
  facet normal -0.591322 0 0.806436
    outer loop
      vertex 1.03486 34 -6.59036
      vertex 0.975058 36.4 -6.63421
      vertex 0.975058 34 -6.63421
    endloop
  endfacet
  facet normal -0.591322 0 -0.806436
    outer loop
      vertex 0.975058 34 -3.8491
      vertex 1.03486 36.4 -3.89295
      vertex 1.03486 34 -3.89295
    endloop
  endfacet
  facet normal -0.591322 0 -0.806436
    outer loop
      vertex 1.03486 36.4 -3.89295
      vertex 0.975058 34 -3.8491
      vertex 0.975058 36.4 -3.8491
    endloop
  endfacet
  facet normal -0.556038 0 -0.831157
    outer loop
      vertex 0.913458 34 -3.80789
      vertex 0.975058 36.4 -3.8491
      vertex 0.975058 34 -3.8491
    endloop
  endfacet
  facet normal -0.556038 0 -0.831157
    outer loop
      vertex 0.975058 36.4 -3.8491
      vertex 0.913458 34 -3.80789
      vertex 0.913458 36.4 -3.80789
    endloop
  endfacet
  facet normal -0.518248 0 -0.85523
    outer loop
      vertex 0.849957 34 -3.76941
      vertex 0.913458 36.4 -3.80789
      vertex 0.913458 34 -3.80789
    endloop
  endfacet
  facet normal -0.518248 0 -0.85523
    outer loop
      vertex 0.913458 36.4 -3.80789
      vertex 0.849957 34 -3.76941
      vertex 0.849957 36.4 -3.76941
    endloop
  endfacet
  facet normal -0.481096 0 -0.876668
    outer loop
      vertex 0.784958 34 -3.73374
      vertex 0.849957 36.4 -3.76941
      vertex 0.849957 34 -3.76941
    endloop
  endfacet
  facet normal -0.481096 0 -0.876668
    outer loop
      vertex 0.849957 36.4 -3.76941
      vertex 0.784958 34 -3.73374
      vertex 0.784958 36.4 -3.73374
    endloop
  endfacet
  facet normal -0.442444 0 -0.896796
    outer loop
      vertex 0.718455 34 -3.70093
      vertex 0.784958 36.4 -3.73374
      vertex 0.784958 34 -3.73374
    endloop
  endfacet
  facet normal -0.442444 0 -0.896796
    outer loop
      vertex 0.784958 36.4 -3.73374
      vertex 0.718455 34 -3.70093
      vertex 0.718455 36.4 -3.70093
    endloop
  endfacet
  facet normal -0.402686 0 -0.915338
    outer loop
      vertex 0.650558 34 -3.67106
      vertex 0.718455 36.4 -3.70093
      vertex 0.718455 34 -3.70093
    endloop
  endfacet
  facet normal -0.402686 0 -0.915338
    outer loop
      vertex 0.718455 36.4 -3.70093
      vertex 0.650558 34 -3.67106
      vertex 0.650558 36.4 -3.67106
    endloop
  endfacet
  facet normal -0.362524 0 -0.931975
    outer loop
      vertex 0.581455 34 -3.64418
      vertex 0.650558 36.4 -3.67106
      vertex 0.650558 34 -3.67106
    endloop
  endfacet
  facet normal -0.362524 0 -0.931975
    outer loop
      vertex 0.650558 36.4 -3.67106
      vertex 0.581455 34 -3.64418
      vertex 0.581455 36.4 -3.64418
    endloop
  endfacet
  facet normal -0.321166 0 -0.947023
    outer loop
      vertex 0.511158 34 -3.62034
      vertex 0.581455 36.4 -3.64418
      vertex 0.581455 34 -3.64418
    endloop
  endfacet
  facet normal -0.321166 0 -0.947023
    outer loop
      vertex 0.581455 36.4 -3.64418
      vertex 0.511158 34 -3.62034
      vertex 0.511158 36.4 -3.62034
    endloop
  endfacet
  facet normal -0.279917 0 -0.960024
    outer loop
      vertex 0.439958 34 -3.59958
      vertex 0.511158 36.4 -3.62034
      vertex 0.511158 34 -3.62034
    endloop
  endfacet
  facet normal -0.279917 0 -0.960024
    outer loop
      vertex 0.511158 36.4 -3.62034
      vertex 0.439958 34 -3.59958
      vertex 0.439958 36.4 -3.59958
    endloop
  endfacet
  facet normal -0.237826 0 -0.971308
    outer loop
      vertex 0.367955 34 -3.58195
      vertex 0.439958 36.4 -3.59958
      vertex 0.439958 34 -3.59958
    endloop
  endfacet
  facet normal -0.237826 0 -0.971308
    outer loop
      vertex 0.439958 36.4 -3.59958
      vertex 0.367955 34 -3.58195
      vertex 0.367955 36.4 -3.58195
    endloop
  endfacet
  facet normal -0.194953 0 -0.980813
    outer loop
      vertex 0.295156 34 -3.56748
      vertex 0.367955 36.4 -3.58195
      vertex 0.367955 34 -3.58195
    endloop
  endfacet
  facet normal -0.194953 0 -0.980813
    outer loop
      vertex 0.367955 36.4 -3.58195
      vertex 0.295156 34 -3.56748
      vertex 0.295156 36.4 -3.56748
    endloop
  endfacet
  facet normal -0.152098 0 -0.988365
    outer loop
      vertex 0.221856 34 -3.5562
      vertex 0.295156 36.4 -3.56748
      vertex 0.295156 34 -3.56748
    endloop
  endfacet
  facet normal -0.152098 0 -0.988365
    outer loop
      vertex 0.295156 36.4 -3.56748
      vertex 0.221856 34 -3.5562
      vertex 0.221856 36.4 -3.5562
    endloop
  endfacet
  facet normal -0.108979 0 -0.994044
    outer loop
      vertex 0.148155 34 -3.54812
      vertex 0.221856 36.4 -3.5562
      vertex 0.221856 34 -3.5562
    endloop
  endfacet
  facet normal -0.108979 0 -0.994044
    outer loop
      vertex 0.221856 36.4 -3.5562
      vertex 0.148155 34 -3.54812
      vertex 0.148155 36.4 -3.54812
    endloop
  endfacet
  facet normal -0.0654018 0 -0.997859
    outer loop
      vertex 0.0741568 34 -3.54327
      vertex 0.148155 36.4 -3.54812
      vertex 0.148155 34 -3.54812
    endloop
  endfacet
  facet normal -0.0654018 0 -0.997859
    outer loop
      vertex 0.148155 36.4 -3.54812
      vertex 0.0741568 34 -3.54327
      vertex 0.0741568 36.4 -3.54327
    endloop
  endfacet
  facet normal -0.0218283 0 -0.999762
    outer loop
      vertex -4.1008e-05 34 -3.54165
      vertex 0.0741568 36.4 -3.54327
      vertex 0.0741568 34 -3.54327
    endloop
  endfacet
  facet normal -0.0218283 0 -0.999762
    outer loop
      vertex 0.0741568 36.4 -3.54327
      vertex -4.1008e-05 34 -3.54165
      vertex -4.1008e-05 36.4 -3.54165
    endloop
  endfacet
  facet normal 0.0218575 0 -0.999761
    outer loop
      vertex -0.0741396 34 -3.54327
      vertex -4.1008e-05 36.4 -3.54165
      vertex -4.1008e-05 34 -3.54165
    endloop
  endfacet
  facet normal 0.0218575 0 -0.999761
    outer loop
      vertex -4.1008e-05 36.4 -3.54165
      vertex -0.0741396 34 -3.54327
      vertex -0.0741396 36.4 -3.54327
    endloop
  endfacet
  facet normal 0.0653981 0 -0.997859
    outer loop
      vertex -0.148142 34 -3.54812
      vertex -0.0741396 36.4 -3.54327
      vertex -0.0741396 34 -3.54327
    endloop
  endfacet
  facet normal 0.0653981 0 -0.997859
    outer loop
      vertex -0.0741396 36.4 -3.54327
      vertex -0.148142 34 -3.54812
      vertex -0.148142 36.4 -3.54812
    endloop
  endfacet
  facet normal 0.108835 0 -0.99406
    outer loop
      vertex -0.221942 34 -3.5562
      vertex -0.148142 36.4 -3.54812
      vertex -0.148142 34 -3.54812
    endloop
  endfacet
  facet normal 0.108835 0 -0.99406
    outer loop
      vertex -0.148142 36.4 -3.54812
      vertex -0.221942 34 -3.5562
      vertex -0.221942 36.4 -3.5562
    endloop
  endfacet
  facet normal 0.152104 0 -0.988365
    outer loop
      vertex -0.295239 34 -3.56748
      vertex -0.221942 36.4 -3.5562
      vertex -0.221942 34 -3.5562
    endloop
  endfacet
  facet normal 0.152104 0 -0.988365
    outer loop
      vertex -0.221942 36.4 -3.5562
      vertex -0.295239 34 -3.56748
      vertex -0.295239 36.4 -3.56748
    endloop
  endfacet
  facet normal 0.1952 0 -0.980763
    outer loop
      vertex -0.367942 34 -3.58195
      vertex -0.295239 36.4 -3.56748
      vertex -0.295239 34 -3.56748
    endloop
  endfacet
  facet normal 0.1952 0 -0.980763
    outer loop
      vertex -0.295239 36.4 -3.56748
      vertex -0.367942 34 -3.58195
      vertex -0.367942 36.4 -3.58195
    endloop
  endfacet
  facet normal 0.237524 0 -0.971382
    outer loop
      vertex -0.440042 34 -3.59958
      vertex -0.367942 36.4 -3.58195
      vertex -0.367942 34 -3.58195
    endloop
  endfacet
  facet normal 0.237524 0 -0.971382
    outer loop
      vertex -0.367942 36.4 -3.58195
      vertex -0.440042 34 -3.59958
      vertex -0.440042 36.4 -3.59958
    endloop
  endfacet
  facet normal 0.279917 0 -0.960024
    outer loop
      vertex -0.511242 34 -3.62034
      vertex -0.440042 36.4 -3.59958
      vertex -0.440042 34 -3.59958
    endloop
  endfacet
  facet normal 0.279917 0 -0.960024
    outer loop
      vertex -0.440042 36.4 -3.59958
      vertex -0.511242 34 -3.62034
      vertex -0.511242 36.4 -3.62034
    endloop
  endfacet
  facet normal 0.321564 0 -0.946888
    outer loop
      vertex -0.581442 34 -3.64418
      vertex -0.511242 36.4 -3.62034
      vertex -0.511242 34 -3.62034
    endloop
  endfacet
  facet normal 0.321564 0 -0.946888
    outer loop
      vertex -0.511242 36.4 -3.62034
      vertex -0.581442 34 -3.64418
      vertex -0.581442 36.4 -3.64418
    endloop
  endfacet
  facet normal 0.362551 0 -0.931964
    outer loop
      vertex -0.650539 34 -3.67106
      vertex -0.581442 36.4 -3.64418
      vertex -0.581442 34 -3.64418
    endloop
  endfacet
  facet normal 0.362551 0 -0.931964
    outer loop
      vertex -0.581442 36.4 -3.64418
      vertex -0.650539 34 -3.67106
      vertex -0.650539 36.4 -3.67106
    endloop
  endfacet
  facet normal 0.402671 0 -0.915345
    outer loop
      vertex -0.718439 34 -3.70093
      vertex -0.650539 36.4 -3.67106
      vertex -0.650539 34 -3.67106
    endloop
  endfacet
  facet normal 0.402671 0 -0.915345
    outer loop
      vertex -0.650539 36.4 -3.67106
      vertex -0.718439 34 -3.70093
      vertex -0.718439 36.4 -3.70093
    endloop
  endfacet
  facet normal 0.442444 0 -0.896796
    outer loop
      vertex -0.784942 34 -3.73374
      vertex -0.718439 36.4 -3.70093
      vertex -0.718439 34 -3.70093
    endloop
  endfacet
  facet normal 0.442444 0 -0.896796
    outer loop
      vertex -0.718439 36.4 -3.70093
      vertex -0.784942 34 -3.73374
      vertex -0.784942 36.4 -3.73374
    endloop
  endfacet
  facet normal 0.480539 0 -0.876973
    outer loop
      vertex -0.850039 34 -3.76941
      vertex -0.784942 36.4 -3.73374
      vertex -0.784942 34 -3.73374
    endloop
  endfacet
  facet normal 0.480539 0 -0.876973
    outer loop
      vertex -0.784942 36.4 -3.73374
      vertex -0.850039 34 -3.76941
      vertex -0.850039 36.4 -3.76941
    endloop
  endfacet
  facet normal 0.518834 0 -0.854875
    outer loop
      vertex -0.913442 34 -3.80789
      vertex -0.850039 36.4 -3.76941
      vertex -0.850039 34 -3.76941
    endloop
  endfacet
  facet normal 0.518834 0 -0.854875
    outer loop
      vertex -0.850039 36.4 -3.76941
      vertex -0.913442 34 -3.80789
      vertex -0.913442 36.4 -3.80789
    endloop
  endfacet
  facet normal 0.556057 0 -0.831144
    outer loop
      vertex -0.975039 34 -3.8491
      vertex -0.913442 36.4 -3.80789
      vertex -0.913442 34 -3.80789
    endloop
  endfacet
  facet normal 0.556057 0 -0.831144
    outer loop
      vertex -0.913442 36.4 -3.80789
      vertex -0.975039 34 -3.8491
      vertex -0.975039 36.4 -3.8491
    endloop
  endfacet
  facet normal 0.590685 0 -0.806902
    outer loop
      vertex -1.03494 34 -3.89295
      vertex -0.975039 36.4 -3.8491
      vertex -0.975039 34 -3.8491
    endloop
  endfacet
  facet normal 0.590685 0 -0.806902
    outer loop
      vertex -0.975039 36.4 -3.8491
      vertex -1.03494 34 -3.89295
      vertex -1.03494 36.4 -3.89295
    endloop
  endfacet
  facet normal 0.590685 0 0.806902
    outer loop
      vertex -1.03494 36.4 -6.59036
      vertex -0.975039 34 -6.63421
      vertex -0.975039 36.4 -6.63421
    endloop
  endfacet
  facet normal 0.590685 0 0.806902
    outer loop
      vertex -0.975039 34 -6.63421
      vertex -1.03494 36.4 -6.59036
      vertex -1.03494 34 -6.59036
    endloop
  endfacet
  facet normal 0.556057 0 0.831144
    outer loop
      vertex -0.975039 36.4 -6.63421
      vertex -0.913442 34 -6.67542
      vertex -0.913442 36.4 -6.67542
    endloop
  endfacet
  facet normal 0.556057 0 0.831144
    outer loop
      vertex -0.913442 34 -6.67542
      vertex -0.975039 36.4 -6.63421
      vertex -0.975039 34 -6.63421
    endloop
  endfacet
  facet normal 0.518834 0 0.854875
    outer loop
      vertex -0.913442 36.4 -6.67542
      vertex -0.850039 34 -6.7139
      vertex -0.850039 36.4 -6.7139
    endloop
  endfacet
  facet normal 0.518834 0 0.854875
    outer loop
      vertex -0.850039 34 -6.7139
      vertex -0.913442 36.4 -6.67542
      vertex -0.913442 34 -6.67542
    endloop
  endfacet
  facet normal 0.480539 0 0.876973
    outer loop
      vertex -0.850039 36.4 -6.7139
      vertex -0.784942 34 -6.74957
      vertex -0.784942 36.4 -6.74957
    endloop
  endfacet
  facet normal 0.480539 0 0.876973
    outer loop
      vertex -0.784942 34 -6.74957
      vertex -0.850039 36.4 -6.7139
      vertex -0.850039 34 -6.7139
    endloop
  endfacet
  facet normal 0.442444 0 0.896796
    outer loop
      vertex -0.784942 36.4 -6.74957
      vertex -0.718439 34 -6.78238
      vertex -0.718439 36.4 -6.78238
    endloop
  endfacet
  facet normal 0.442444 0 0.896796
    outer loop
      vertex -0.718439 34 -6.78238
      vertex -0.784942 36.4 -6.74957
      vertex -0.784942 34 -6.74957
    endloop
  endfacet
  facet normal 0.402671 0 0.915345
    outer loop
      vertex -0.718439 36.4 -6.78238
      vertex -0.650539 34 -6.81225
      vertex -0.650539 36.4 -6.81225
    endloop
  endfacet
  facet normal 0.402671 0 0.915345
    outer loop
      vertex -0.650539 34 -6.81225
      vertex -0.718439 36.4 -6.78238
      vertex -0.718439 34 -6.78238
    endloop
  endfacet
  facet normal 0.362551 0 0.931964
    outer loop
      vertex -0.650539 36.4 -6.81225
      vertex -0.581442 34 -6.83913
      vertex -0.581442 36.4 -6.83913
    endloop
  endfacet
  facet normal 0.362551 0 0.931964
    outer loop
      vertex -0.581442 34 -6.83913
      vertex -0.650539 36.4 -6.81225
      vertex -0.650539 34 -6.81225
    endloop
  endfacet
  facet normal 0.321564 0 0.946888
    outer loop
      vertex -0.581442 36.4 -6.83913
      vertex -0.511242 34 -6.86297
      vertex -0.511242 36.4 -6.86297
    endloop
  endfacet
  facet normal 0.321564 0 0.946888
    outer loop
      vertex -0.511242 34 -6.86297
      vertex -0.581442 36.4 -6.83913
      vertex -0.581442 34 -6.83913
    endloop
  endfacet
  facet normal 0.279917 0 0.960024
    outer loop
      vertex -0.511242 36.4 -6.86297
      vertex -0.440042 34 -6.88373
      vertex -0.440042 36.4 -6.88373
    endloop
  endfacet
  facet normal 0.279917 0 0.960024
    outer loop
      vertex -0.440042 34 -6.88373
      vertex -0.511242 36.4 -6.86297
      vertex -0.511242 34 -6.86297
    endloop
  endfacet
  facet normal 0.237524 0 0.971382
    outer loop
      vertex -0.440042 36.4 -6.88373
      vertex -0.367942 34 -6.90136
      vertex -0.367942 36.4 -6.90136
    endloop
  endfacet
  facet normal 0.237524 0 0.971382
    outer loop
      vertex -0.367942 34 -6.90136
      vertex -0.440042 36.4 -6.88373
      vertex -0.440042 34 -6.88373
    endloop
  endfacet
  facet normal 0.1952 0 0.980763
    outer loop
      vertex -0.367942 36.4 -6.90136
      vertex -0.295239 34 -6.91583
      vertex -0.295239 36.4 -6.91583
    endloop
  endfacet
  facet normal 0.1952 0 0.980763
    outer loop
      vertex -0.295239 34 -6.91583
      vertex -0.367942 36.4 -6.90136
      vertex -0.367942 34 -6.90136
    endloop
  endfacet
  facet normal 0.152104 0 0.988365
    outer loop
      vertex -0.295239 36.4 -6.91583
      vertex -0.221942 34 -6.92711
      vertex -0.221942 36.4 -6.92711
    endloop
  endfacet
  facet normal 0.152104 0 0.988365
    outer loop
      vertex -0.221942 34 -6.92711
      vertex -0.295239 36.4 -6.91583
      vertex -0.295239 34 -6.91583
    endloop
  endfacet
  facet normal 0.108835 0 0.99406
    outer loop
      vertex -0.221942 36.4 -6.92711
      vertex -0.148142 34 -6.93519
      vertex -0.148142 36.4 -6.93519
    endloop
  endfacet
  facet normal 0.108835 0 0.99406
    outer loop
      vertex -0.148142 34 -6.93519
      vertex -0.221942 36.4 -6.92711
      vertex -0.221942 34 -6.92711
    endloop
  endfacet
  facet normal 0.0653981 0 0.997859
    outer loop
      vertex -0.148142 36.4 -6.93519
      vertex -0.0741396 34 -6.94004
      vertex -0.0741396 36.4 -6.94004
    endloop
  endfacet
  facet normal 0.0653981 0 0.997859
    outer loop
      vertex -0.0741396 34 -6.94004
      vertex -0.148142 36.4 -6.93519
      vertex -0.148142 34 -6.93519
    endloop
  endfacet
  facet normal 0.0217227 0 0.999764
    outer loop
      vertex -0.0741396 36.4 -6.94004
      vertex -4.1008e-05 34 -6.94165
      vertex -4.1008e-05 36.4 -6.94165
    endloop
  endfacet
  facet normal 0.0217227 0 0.999764
    outer loop
      vertex -4.1008e-05 34 -6.94165
      vertex -0.0741396 36.4 -6.94004
      vertex -0.0741396 34 -6.94004
    endloop
  endfacet
  facet normal 0 0 -1
    outer loop
      vertex -3.00004 34 -8.74166
      vertex 2.99996 36.4 -8.74166
      vertex 2.99996 34 -8.74166
    endloop
  endfacet
  facet normal -0 0 -1
    outer loop
      vertex 2.99996 36.4 -8.74166
      vertex -3.00004 34 -8.74166
      vertex -3.00004 36.4 -8.74166
    endloop
  endfacet
  facet normal 0 -1 0
    outer loop
      vertex -3.00004 34 -1.74166
      vertex -4.1008e-05 34 -3.54165
      vertex 2.99996 34 -1.74166
    endloop
  endfacet
  facet normal 0 -1 0
    outer loop
      vertex -3.00004 34 -1.74166
      vertex -0.0741396 34 -3.54327
      vertex -4.1008e-05 34 -3.54165
    endloop
  endfacet
  facet normal 0 -1 0
    outer loop
      vertex -3.00004 34 -1.74166
      vertex -0.148142 34 -3.54812
      vertex -0.0741396 34 -3.54327
    endloop
  endfacet
  facet normal 0 -1 0
    outer loop
      vertex -3.00004 34 -1.74166
      vertex -0.221942 34 -3.5562
      vertex -0.148142 34 -3.54812
    endloop
  endfacet
  facet normal 0 -1 0
    outer loop
      vertex -3.00004 34 -1.74166
      vertex -0.295239 34 -3.56748
      vertex -0.221942 34 -3.5562
    endloop
  endfacet
  facet normal 0 -1 0
    outer loop
      vertex -3.00004 34 -1.74166
      vertex -0.367942 34 -3.58195
      vertex -0.295239 34 -3.56748
    endloop
  endfacet
  facet normal 0 -1 0
    outer loop
      vertex -3.00004 34 -1.74166
      vertex -0.440042 34 -3.59958
      vertex -0.367942 34 -3.58195
    endloop
  endfacet
  facet normal 0 -1 0
    outer loop
      vertex -3.00004 34 -1.74166
      vertex -0.511242 34 -3.62034
      vertex -0.440042 34 -3.59958
    endloop
  endfacet
  facet normal 0 -1 0
    outer loop
      vertex -3.00004 34 -1.74166
      vertex -0.581442 34 -3.64418
      vertex -0.511242 34 -3.62034
    endloop
  endfacet
  facet normal 0 -1 0
    outer loop
      vertex -3.00004 34 -1.74166
      vertex -0.650539 34 -3.67106
      vertex -0.581442 34 -3.64418
    endloop
  endfacet
  facet normal 0 -1 0
    outer loop
      vertex -3.00004 34 -1.74166
      vertex -0.718439 34 -3.70093
      vertex -0.650539 34 -3.67106
    endloop
  endfacet
  facet normal 0 -1 0
    outer loop
      vertex -3.00004 34 -1.74166
      vertex -0.784942 34 -3.73374
      vertex -0.718439 34 -3.70093
    endloop
  endfacet
  facet normal 0 -1 0
    outer loop
      vertex -3.00004 34 -1.74166
      vertex -0.850039 34 -3.76941
      vertex -0.784942 34 -3.73374
    endloop
  endfacet
  facet normal 0 -1 0
    outer loop
      vertex -3.00004 34 -1.74166
      vertex -0.913442 34 -3.80789
      vertex -0.850039 34 -3.76941
    endloop
  endfacet
  facet normal 0 -1 0
    outer loop
      vertex -3.00004 34 -1.74166
      vertex -0.975039 34 -3.8491
      vertex -0.913442 34 -3.80789
    endloop
  endfacet
  facet normal 0 -1 0
    outer loop
      vertex -3.00004 34 -1.74166
      vertex -1.03494 34 -3.89295
      vertex -0.975039 34 -3.8491
    endloop
  endfacet
  facet normal 0 -1 0
    outer loop
      vertex -3.00004 34 -1.74166
      vertex -1.09274 34 -3.93938
      vertex -1.03494 34 -3.89295
    endloop
  endfacet
  facet normal 0 -1 0
    outer loop
      vertex -3.00004 34 -1.74166
      vertex -1.14854 34 -3.98828
      vertex -1.09274 34 -3.93938
    endloop
  endfacet
  facet normal 0 -1 0
    outer loop
      vertex -3.00004 34 -1.74166
      vertex -1.20204 34 -4.03957
      vertex -1.14854 34 -3.98828
    endloop
  endfacet
  facet normal 0 -1 0
    outer loop
      vertex -3.00004 34 -1.74166
      vertex -1.25334 34 -4.09315
      vertex -1.20204 34 -4.03957
    endloop
  endfacet
  facet normal 0 -1 0
    outer loop
      vertex -3.00004 34 -1.74166
      vertex -1.30224 34 -4.14892
      vertex -1.25334 34 -4.09315
    endloop
  endfacet
  facet normal 0 -1 0
    outer loop
      vertex -3.00004 34 -1.74166
      vertex -1.34874 34 -4.20676
      vertex -1.30224 34 -4.14892
    endloop
  endfacet
  facet normal 0 -1 0
    outer loop
      vertex -3.00004 34 -1.74166
      vertex -1.39254 34 -4.26658
      vertex -1.34874 34 -4.20676
    endloop
  endfacet
  facet normal 0 -1 0
    outer loop
      vertex -3.00004 34 -1.74166
      vertex -1.43374 34 -4.32825
      vertex -1.39254 34 -4.26658
    endloop
  endfacet
  facet normal 0 -1 0
    outer loop
      vertex -3.00004 34 -1.74166
      vertex -1.47224 34 -4.39165
      vertex -1.43374 34 -4.32825
    endloop
  endfacet
  facet normal 0 -1 0
    outer loop
      vertex -3.00004 34 -1.74166
      vertex -1.50794 34 -4.45668
      vertex -1.47224 34 -4.39165
    endloop
  endfacet
  facet normal 0 -1 0
    outer loop
      vertex -3.00004 34 -1.74166
      vertex -1.54074 34 -4.5232
      vertex -1.50794 34 -4.45668
    endloop
  endfacet
  facet normal 0 -1 0
    outer loop
      vertex -3.00004 34 -1.74166
      vertex -1.57064 34 -4.59109
      vertex -1.54074 34 -4.5232
    endloop
  endfacet
  facet normal 0 -1 0
    outer loop
      vertex -3.00004 34 -1.74166
      vertex -1.59744 34 -4.66022
      vertex -1.57064 34 -4.59109
    endloop
  endfacet
  facet normal 0 -1 0
    outer loop
      vertex -3.00004 34 -1.74166
      vertex -1.62134 34 -4.73046
      vertex -1.59744 34 -4.66022
    endloop
  endfacet
  facet normal 0 -1 0
    outer loop
      vertex -3.00004 34 -1.74166
      vertex -1.64204 34 -4.80166
      vertex -1.62134 34 -4.73046
    endloop
  endfacet
  facet normal 0 -1 0
    outer loop
      vertex -3.00004 34 -1.74166
      vertex -1.65974 34 -4.87371
      vertex -1.64204 34 -4.80166
    endloop
  endfacet
  facet normal 0 -1 0
    outer loop
      vertex -3.00004 34 -1.74166
      vertex -1.67414 34 -4.94645
      vertex -1.65974 34 -4.87371
    endloop
  endfacet
  facet normal 0 -1 0
    outer loop
      vertex -3.00004 34 -1.74166
      vertex -1.68544 34 -5.01976
      vertex -1.67414 34 -4.94645
    endloop
  endfacet
  facet normal 0 -1 0
    outer loop
      vertex -3.00004 34 -1.74166
      vertex -1.69354 34 -5.09349
      vertex -1.68544 34 -5.01976
    endloop
  endfacet
  facet normal 0 -1 0
    outer loop
      vertex -3.00004 34 -1.74166
      vertex -1.69834 34 -5.1675
      vertex -1.69354 34 -5.09349
    endloop
  endfacet
  facet normal 0 -1 0
    outer loop
      vertex -3.00004 34 -1.74166
      vertex -1.70004 34 -5.24166
      vertex -1.69834 34 -5.1675
    endloop
  endfacet
  facet normal 0 -1 0
    outer loop
      vertex -3.00004 34 -8.74166
      vertex -1.70004 34 -5.24166
      vertex -3.00004 34 -1.74166
    endloop
  endfacet
  facet normal 0 -1 -0
    outer loop
      vertex -1.70004 34 -5.24166
      vertex -3.00004 34 -8.74166
      vertex -1.69834 34 -5.31581
    endloop
  endfacet
  facet normal 0 -1 -0
    outer loop
      vertex -1.69834 34 -5.31581
      vertex -3.00004 34 -8.74166
      vertex -1.69354 34 -5.38982
    endloop
  endfacet
  facet normal 0 -1 -0
    outer loop
      vertex -1.69354 34 -5.38982
      vertex -3.00004 34 -8.74166
      vertex -1.68544 34 -5.46355
    endloop
  endfacet
  facet normal 0 -1 -0
    outer loop
      vertex -1.68544 34 -5.46355
      vertex -3.00004 34 -8.74166
      vertex -1.67414 34 -5.53686
    endloop
  endfacet
  facet normal 0 -1 -0
    outer loop
      vertex -1.67414 34 -5.53686
      vertex -3.00004 34 -8.74166
      vertex -1.65974 34 -5.6096
    endloop
  endfacet
  facet normal 0 -1 -0
    outer loop
      vertex -1.65974 34 -5.6096
      vertex -3.00004 34 -8.74166
      vertex -1.64204 34 -5.68165
    endloop
  endfacet
  facet normal 0 -1 -0
    outer loop
      vertex -1.64204 34 -5.68165
      vertex -3.00004 34 -8.74166
      vertex -1.62134 34 -5.75285
    endloop
  endfacet
  facet normal 0 -1 -0
    outer loop
      vertex -0.0741396 34 -6.94004
      vertex -3.00004 34 -8.74166
      vertex -4.1008e-05 34 -6.94165
    endloop
  endfacet
  facet normal 0 -1 -0
    outer loop
      vertex -0.148142 34 -6.93519
      vertex -3.00004 34 -8.74166
      vertex -0.0741396 34 -6.94004
    endloop
  endfacet
  facet normal 0 -1 -0
    outer loop
      vertex -0.221942 34 -6.92711
      vertex -3.00004 34 -8.74166
      vertex -0.148142 34 -6.93519
    endloop
  endfacet
  facet normal 0 -1 -0
    outer loop
      vertex -0.295239 34 -6.91583
      vertex -3.00004 34 -8.74166
      vertex -0.221942 34 -6.92711
    endloop
  endfacet
  facet normal 0 -1 -0
    outer loop
      vertex -0.367942 34 -6.90136
      vertex -3.00004 34 -8.74166
      vertex -0.295239 34 -6.91583
    endloop
  endfacet
  facet normal 0 -1 -0
    outer loop
      vertex -0.440042 34 -6.88373
      vertex -3.00004 34 -8.74166
      vertex -0.367942 34 -6.90136
    endloop
  endfacet
  facet normal 0 -1 -0
    outer loop
      vertex -0.511242 34 -6.86297
      vertex -3.00004 34 -8.74166
      vertex -0.440042 34 -6.88373
    endloop
  endfacet
  facet normal 0 -1 -0
    outer loop
      vertex -0.581442 34 -6.83913
      vertex -3.00004 34 -8.74166
      vertex -0.511242 34 -6.86297
    endloop
  endfacet
  facet normal 0 -1 -0
    outer loop
      vertex -0.650539 34 -6.81225
      vertex -3.00004 34 -8.74166
      vertex -0.581442 34 -6.83913
    endloop
  endfacet
  facet normal 0 -1 -0
    outer loop
      vertex -0.718439 34 -6.78238
      vertex -3.00004 34 -8.74166
      vertex -0.650539 34 -6.81225
    endloop
  endfacet
  facet normal 0 -1 -0
    outer loop
      vertex -0.784942 34 -6.74957
      vertex -3.00004 34 -8.74166
      vertex -0.718439 34 -6.78238
    endloop
  endfacet
  facet normal 0 -1 -0
    outer loop
      vertex -0.850039 34 -6.7139
      vertex -3.00004 34 -8.74166
      vertex -0.784942 34 -6.74957
    endloop
  endfacet
  facet normal 0 -1 -0
    outer loop
      vertex -0.913442 34 -6.67542
      vertex -3.00004 34 -8.74166
      vertex -0.850039 34 -6.7139
    endloop
  endfacet
  facet normal 0 -1 -0
    outer loop
      vertex -0.975039 34 -6.63421
      vertex -3.00004 34 -8.74166
      vertex -0.913442 34 -6.67542
    endloop
  endfacet
  facet normal 0 -1 -0
    outer loop
      vertex -1.03494 34 -6.59036
      vertex -3.00004 34 -8.74166
      vertex -0.975039 34 -6.63421
    endloop
  endfacet
  facet normal 0 -1 -0
    outer loop
      vertex -1.09274 34 -6.54393
      vertex -3.00004 34 -8.74166
      vertex -1.03494 34 -6.59036
    endloop
  endfacet
  facet normal 0 -1 -0
    outer loop
      vertex -1.14854 34 -6.49503
      vertex -3.00004 34 -8.74166
      vertex -1.09274 34 -6.54393
    endloop
  endfacet
  facet normal 0 -1 -0
    outer loop
      vertex -1.20204 34 -6.44374
      vertex -3.00004 34 -8.74166
      vertex -1.14854 34 -6.49503
    endloop
  endfacet
  facet normal 0 -1 -0
    outer loop
      vertex -1.25334 34 -6.39016
      vertex -3.00004 34 -8.74166
      vertex -1.20204 34 -6.44374
    endloop
  endfacet
  facet normal 0 -1 -0
    outer loop
      vertex -1.30224 34 -6.33439
      vertex -3.00004 34 -8.74166
      vertex -1.25334 34 -6.39016
    endloop
  endfacet
  facet normal 0 -1 -0
    outer loop
      vertex -1.34874 34 -6.27655
      vertex -3.00004 34 -8.74166
      vertex -1.30224 34 -6.33439
    endloop
  endfacet
  facet normal 0 -1 -0
    outer loop
      vertex -1.39254 34 -6.21673
      vertex -3.00004 34 -8.74166
      vertex -1.34874 34 -6.27655
    endloop
  endfacet
  facet normal 0 -1 -0
    outer loop
      vertex -1.43374 34 -6.15506
      vertex -3.00004 34 -8.74166
      vertex -1.39254 34 -6.21673
    endloop
  endfacet
  facet normal 0 -1 -0
    outer loop
      vertex -1.47224 34 -6.09165
      vertex -3.00004 34 -8.74166
      vertex -1.43374 34 -6.15506
    endloop
  endfacet
  facet normal 0 -1 -0
    outer loop
      vertex -1.50794 34 -6.02663
      vertex -3.00004 34 -8.74166
      vertex -1.47224 34 -6.09165
    endloop
  endfacet
  facet normal 0 -1 -0
    outer loop
      vertex -1.54074 34 -5.96011
      vertex -3.00004 34 -8.74166
      vertex -1.50794 34 -6.02663
    endloop
  endfacet
  facet normal 0 -1 -0
    outer loop
      vertex -1.57064 34 -5.89222
      vertex -3.00004 34 -8.74166
      vertex -1.54074 34 -5.96011
    endloop
  endfacet
  facet normal 0 -1 -0
    outer loop
      vertex -1.59744 34 -5.82309
      vertex -3.00004 34 -8.74166
      vertex -1.57064 34 -5.89222
    endloop
  endfacet
  facet normal 0 -1 -0
    outer loop
      vertex -1.62134 34 -5.75285
      vertex -3.00004 34 -8.74166
      vertex -1.59744 34 -5.82309
    endloop
  endfacet
  facet normal 0 -1 0
    outer loop
      vertex 0.0741568 34 -3.54327
      vertex 2.99996 34 -1.74166
      vertex -4.1008e-05 34 -3.54165
    endloop
  endfacet
  facet normal 0 -1 0
    outer loop
      vertex 0.148155 34 -3.54812
      vertex 2.99996 34 -1.74166
      vertex 0.0741568 34 -3.54327
    endloop
  endfacet
  facet normal 0 -1 0
    outer loop
      vertex 0.221856 34 -3.5562
      vertex 2.99996 34 -1.74166
      vertex 0.148155 34 -3.54812
    endloop
  endfacet
  facet normal 0 -1 0
    outer loop
      vertex 0.295156 34 -3.56748
      vertex 2.99996 34 -1.74166
      vertex 0.221856 34 -3.5562
    endloop
  endfacet
  facet normal 0 -1 0
    outer loop
      vertex 0.367955 34 -3.58195
      vertex 2.99996 34 -1.74166
      vertex 0.295156 34 -3.56748
    endloop
  endfacet
  facet normal 0 -1 0
    outer loop
      vertex 0.439958 34 -3.59958
      vertex 2.99996 34 -1.74166
      vertex 0.367955 34 -3.58195
    endloop
  endfacet
  facet normal 0 -1 0
    outer loop
      vertex 0.511158 34 -3.62034
      vertex 2.99996 34 -1.74166
      vertex 0.439958 34 -3.59958
    endloop
  endfacet
  facet normal 0 -1 0
    outer loop
      vertex 0.581455 34 -3.64418
      vertex 2.99996 34 -1.74166
      vertex 0.511158 34 -3.62034
    endloop
  endfacet
  facet normal 0 -1 0
    outer loop
      vertex 0.650558 34 -3.67106
      vertex 2.99996 34 -1.74166
      vertex 0.581455 34 -3.64418
    endloop
  endfacet
  facet normal 0 -1 0
    outer loop
      vertex 0.718455 34 -3.70093
      vertex 2.99996 34 -1.74166
      vertex 0.650558 34 -3.67106
    endloop
  endfacet
  facet normal 0 -1 0
    outer loop
      vertex 0.784958 34 -3.73374
      vertex 2.99996 34 -1.74166
      vertex 0.718455 34 -3.70093
    endloop
  endfacet
  facet normal 0 -1 0
    outer loop
      vertex 0.849957 34 -3.76941
      vertex 2.99996 34 -1.74166
      vertex 0.784958 34 -3.73374
    endloop
  endfacet
  facet normal 0 -1 0
    outer loop
      vertex 0.913458 34 -3.80789
      vertex 2.99996 34 -1.74166
      vertex 0.849957 34 -3.76941
    endloop
  endfacet
  facet normal 0 -1 0
    outer loop
      vertex 0.975058 34 -3.8491
      vertex 2.99996 34 -1.74166
      vertex 0.913458 34 -3.80789
    endloop
  endfacet
  facet normal 0 -1 0
    outer loop
      vertex 1.03486 34 -3.89295
      vertex 2.99996 34 -1.74166
      vertex 0.975058 34 -3.8491
    endloop
  endfacet
  facet normal 0 -1 0
    outer loop
      vertex 1.09276 34 -3.93938
      vertex 2.99996 34 -1.74166
      vertex 1.03486 34 -3.89295
    endloop
  endfacet
  facet normal 0 -1 0
    outer loop
      vertex 1.14846 34 -3.98828
      vertex 2.99996 34 -1.74166
      vertex 1.09276 34 -3.93938
    endloop
  endfacet
  facet normal 0 -1 0
    outer loop
      vertex 1.20206 34 -4.03957
      vertex 2.99996 34 -1.74166
      vertex 1.14846 34 -3.98828
    endloop
  endfacet
  facet normal 0 -1 0
    outer loop
      vertex 1.25336 34 -4.09315
      vertex 2.99996 34 -1.74166
      vertex 1.20206 34 -4.03957
    endloop
  endfacet
  facet normal 0 -1 0
    outer loop
      vertex 1.30226 34 -4.14892
      vertex 2.99996 34 -1.74166
      vertex 1.25336 34 -4.09315
    endloop
  endfacet
  facet normal 0 -1 0
    outer loop
      vertex 1.34866 34 -4.20676
      vertex 2.99996 34 -1.74166
      vertex 1.30226 34 -4.14892
    endloop
  endfacet
  facet normal 0 -1 0
    outer loop
      vertex 1.39256 34 -4.26658
      vertex 2.99996 34 -1.74166
      vertex 1.34866 34 -4.20676
    endloop
  endfacet
  facet normal 0 -1 0
    outer loop
      vertex 1.43376 34 -4.32825
      vertex 2.99996 34 -1.74166
      vertex 1.39256 34 -4.26658
    endloop
  endfacet
  facet normal 0 -1 0
    outer loop
      vertex 1.47226 34 -4.39165
      vertex 2.99996 34 -1.74166
      vertex 1.43376 34 -4.32825
    endloop
  endfacet
  facet normal 0 -1 0
    outer loop
      vertex 1.50796 34 -4.45668
      vertex 2.99996 34 -1.74166
      vertex 1.47226 34 -4.39165
    endloop
  endfacet
  facet normal 0 -1 0
    outer loop
      vertex 1.54076 34 -4.5232
      vertex 2.99996 34 -1.74166
      vertex 1.50796 34 -4.45668
    endloop
  endfacet
  facet normal 0 -1 0
    outer loop
      vertex 1.57056 34 -4.59109
      vertex 2.99996 34 -1.74166
      vertex 1.54076 34 -4.5232
    endloop
  endfacet
  facet normal 0 -1 0
    outer loop
      vertex 1.59746 34 -4.66022
      vertex 2.99996 34 -1.74166
      vertex 1.57056 34 -4.59109
    endloop
  endfacet
  facet normal 0 -1 0
    outer loop
      vertex 1.62136 34 -4.73046
      vertex 2.99996 34 -1.74166
      vertex 1.59746 34 -4.66022
    endloop
  endfacet
  facet normal 0 -1 0
    outer loop
      vertex 1.64206 34 -4.80166
      vertex 2.99996 34 -1.74166
      vertex 1.62136 34 -4.73046
    endloop
  endfacet
  facet normal 0 -1 0
    outer loop
      vertex 1.65966 34 -4.87371
      vertex 2.99996 34 -1.74166
      vertex 1.64206 34 -4.80166
    endloop
  endfacet
  facet normal 0 -1 0
    outer loop
      vertex 1.67416 34 -4.94645
      vertex 2.99996 34 -1.74166
      vertex 1.65966 34 -4.87371
    endloop
  endfacet
  facet normal 0 -1 0
    outer loop
      vertex 1.68546 34 -5.01976
      vertex 2.99996 34 -1.74166
      vertex 1.67416 34 -4.94645
    endloop
  endfacet
  facet normal 0 -1 0
    outer loop
      vertex 1.69356 34 -5.09349
      vertex 2.99996 34 -1.74166
      vertex 1.68546 34 -5.01976
    endloop
  endfacet
  facet normal 0 -1 0
    outer loop
      vertex 1.69836 34 -5.1675
      vertex 2.99996 34 -1.74166
      vertex 1.69356 34 -5.09349
    endloop
  endfacet
  facet normal 0 -1 0
    outer loop
      vertex 1.69996 34 -5.24166
      vertex 2.99996 34 -1.74166
      vertex 1.69836 34 -5.1675
    endloop
  endfacet
  facet normal 0 -1 0
    outer loop
      vertex 2.99996 34 -8.74166
      vertex 1.69996 34 -5.24166
      vertex 1.69836 34 -5.31581
    endloop
  endfacet
  facet normal 0 -1 0
    outer loop
      vertex 2.99996 34 -8.74166
      vertex 1.69836 34 -5.31581
      vertex 1.69356 34 -5.38982
    endloop
  endfacet
  facet normal 0 -1 0
    outer loop
      vertex 2.99996 34 -8.74166
      vertex 1.69356 34 -5.38982
      vertex 1.68546 34 -5.46355
    endloop
  endfacet
  facet normal 0 -1 0
    outer loop
      vertex 2.99996 34 -8.74166
      vertex 1.68546 34 -5.46355
      vertex 1.67416 34 -5.53686
    endloop
  endfacet
  facet normal 0 -1 0
    outer loop
      vertex 2.99996 34 -8.74166
      vertex 1.67416 34 -5.53686
      vertex 1.65966 34 -5.6096
    endloop
  endfacet
  facet normal 0 -1 0
    outer loop
      vertex 2.99996 34 -8.74166
      vertex 1.65966 34 -5.6096
      vertex 1.64206 34 -5.68165
    endloop
  endfacet
  facet normal 0 -1 0
    outer loop
      vertex 2.99996 34 -8.74166
      vertex 1.64206 34 -5.68165
      vertex 1.62136 34 -5.75285
    endloop
  endfacet
  facet normal 0 -1 0
    outer loop
      vertex 2.99996 34 -8.74166
      vertex 1.62136 34 -5.75285
      vertex 1.59746 34 -5.82309
    endloop
  endfacet
  facet normal 0 -1 0
    outer loop
      vertex 2.99996 34 -8.74166
      vertex -4.1008e-05 34 -6.94165
      vertex -3.00004 34 -8.74166
    endloop
  endfacet
  facet normal 0 -1 0
    outer loop
      vertex -4.1008e-05 34 -6.94165
      vertex 2.99996 34 -8.74166
      vertex 0.0741568 34 -6.94004
    endloop
  endfacet
  facet normal 0 -1 0
    outer loop
      vertex 0.0741568 34 -6.94004
      vertex 2.99996 34 -8.74166
      vertex 0.148155 34 -6.93519
    endloop
  endfacet
  facet normal 0 -1 0
    outer loop
      vertex 0.148155 34 -6.93519
      vertex 2.99996 34 -8.74166
      vertex 0.221856 34 -6.92711
    endloop
  endfacet
  facet normal 0 -1 0
    outer loop
      vertex 0.221856 34 -6.92711
      vertex 2.99996 34 -8.74166
      vertex 0.295156 34 -6.91583
    endloop
  endfacet
  facet normal 0 -1 0
    outer loop
      vertex 0.295156 34 -6.91583
      vertex 2.99996 34 -8.74166
      vertex 0.367955 34 -6.90136
    endloop
  endfacet
  facet normal 0 -1 0
    outer loop
      vertex 0.367955 34 -6.90136
      vertex 2.99996 34 -8.74166
      vertex 0.439958 34 -6.88373
    endloop
  endfacet
  facet normal 0 -1 0
    outer loop
      vertex 0.439958 34 -6.88373
      vertex 2.99996 34 -8.74166
      vertex 0.511158 34 -6.86297
    endloop
  endfacet
  facet normal 0 -1 0
    outer loop
      vertex 0.511158 34 -6.86297
      vertex 2.99996 34 -8.74166
      vertex 0.581455 34 -6.83913
    endloop
  endfacet
  facet normal 0 -1 0
    outer loop
      vertex 0.581455 34 -6.83913
      vertex 2.99996 34 -8.74166
      vertex 0.650558 34 -6.81225
    endloop
  endfacet
  facet normal 0 -1 0
    outer loop
      vertex 0.650558 34 -6.81225
      vertex 2.99996 34 -8.74166
      vertex 0.718455 34 -6.78238
    endloop
  endfacet
  facet normal 0 -1 0
    outer loop
      vertex 1.69996 34 -5.24166
      vertex 2.99996 34 -8.74166
      vertex 2.99996 34 -1.74166
    endloop
  endfacet
  facet normal 0 -1 0
    outer loop
      vertex 1.57056 34 -5.89222
      vertex 2.99996 34 -8.74166
      vertex 1.59746 34 -5.82309
    endloop
  endfacet
  facet normal 0 -1 0
    outer loop
      vertex 1.54076 34 -5.96011
      vertex 2.99996 34 -8.74166
      vertex 1.57056 34 -5.89222
    endloop
  endfacet
  facet normal 0 -1 0
    outer loop
      vertex 1.50796 34 -6.02663
      vertex 2.99996 34 -8.74166
      vertex 1.54076 34 -5.96011
    endloop
  endfacet
  facet normal 0 -1 0
    outer loop
      vertex 1.47226 34 -6.09165
      vertex 2.99996 34 -8.74166
      vertex 1.50796 34 -6.02663
    endloop
  endfacet
  facet normal 0 -1 0
    outer loop
      vertex 1.43376 34 -6.15506
      vertex 2.99996 34 -8.74166
      vertex 1.47226 34 -6.09165
    endloop
  endfacet
  facet normal 0 -1 0
    outer loop
      vertex 1.39256 34 -6.21673
      vertex 2.99996 34 -8.74166
      vertex 1.43376 34 -6.15506
    endloop
  endfacet
  facet normal 0 -1 0
    outer loop
      vertex 1.34866 34 -6.27655
      vertex 2.99996 34 -8.74166
      vertex 1.39256 34 -6.21673
    endloop
  endfacet
  facet normal 0 -1 0
    outer loop
      vertex 1.30226 34 -6.33439
      vertex 2.99996 34 -8.74166
      vertex 1.34866 34 -6.27655
    endloop
  endfacet
  facet normal 0 -1 0
    outer loop
      vertex 1.25336 34 -6.39016
      vertex 2.99996 34 -8.74166
      vertex 1.30226 34 -6.33439
    endloop
  endfacet
  facet normal 0 -1 0
    outer loop
      vertex 1.20206 34 -6.44374
      vertex 2.99996 34 -8.74166
      vertex 1.25336 34 -6.39016
    endloop
  endfacet
  facet normal 0 -1 0
    outer loop
      vertex 1.14846 34 -6.49503
      vertex 2.99996 34 -8.74166
      vertex 1.20206 34 -6.44374
    endloop
  endfacet
  facet normal 0 -1 0
    outer loop
      vertex 1.09276 34 -6.54393
      vertex 2.99996 34 -8.74166
      vertex 1.14846 34 -6.49503
    endloop
  endfacet
  facet normal 0 -1 0
    outer loop
      vertex 1.03486 34 -6.59036
      vertex 2.99996 34 -8.74166
      vertex 1.09276 34 -6.54393
    endloop
  endfacet
  facet normal 0 -1 0
    outer loop
      vertex 0.975058 34 -6.63421
      vertex 2.99996 34 -8.74166
      vertex 1.03486 34 -6.59036
    endloop
  endfacet
  facet normal 0 -1 0
    outer loop
      vertex 0.913458 34 -6.67542
      vertex 2.99996 34 -8.74166
      vertex 0.975058 34 -6.63421
    endloop
  endfacet
  facet normal 0 -1 0
    outer loop
      vertex 0.849957 34 -6.7139
      vertex 2.99996 34 -8.74166
      vertex 0.913458 34 -6.67542
    endloop
  endfacet
  facet normal 0 -1 0
    outer loop
      vertex 0.784958 34 -6.74957
      vertex 2.99996 34 -8.74166
      vertex 0.849957 34 -6.7139
    endloop
  endfacet
  facet normal 0 -1 0
    outer loop
      vertex 0.718455 34 -6.78238
      vertex 2.99996 34 -8.74166
      vertex 0.784958 34 -6.74957
    endloop
  endfacet
  facet normal 0 -0.566114 -0.824327
    outer loop
      vertex 3.49996 33.9056 -1.67683
      vertex -3.00004 34 -1.74166
      vertex 2.99996 34 -1.74166
    endloop
  endfacet
  facet normal 0 -0.566114 -0.824327
    outer loop
      vertex -3.00004 34 -1.74166
      vertex 3.49996 33.9056 -1.67683
      vertex -3.50004 33.9056 -1.67683
    endloop
  endfacet
  facet normal -0 -0.593891 -0.804546
    outer loop
      vertex 1 33.7525 -1.56382
      vertex -1 33.7525 -1.56382
      vertex 1 33.9 -1.6727
    endloop
  endfacet
  facet normal 0 -0.593542 -0.804803
    outer loop
      vertex 1 33.9 -1.6727
      vertex 3.49996 33.9056 -1.67683
      vertex 3.49996 33.9 -1.6727
    endloop
  endfacet
  facet normal 0 -0.593891 -0.804546
    outer loop
      vertex -1 33.9 -1.6727
      vertex 1 33.9 -1.6727
      vertex -1 33.7525 -1.56382
    endloop
  endfacet
  facet normal 0 -0.593542 -0.804803
    outer loop
      vertex -1 33.9 -1.6727
      vertex 3.49996 33.9056 -1.67683
      vertex 1 33.9 -1.6727
    endloop
  endfacet
  facet normal 0 -0.593542 -0.804803
    outer loop
      vertex -3.50004 33.9056 -1.67683
      vertex -1 33.9 -1.6727
      vertex -3.50004 33.9 -1.6727
    endloop
  endfacet
  facet normal 0 -0.593542 -0.804803
    outer loop
      vertex -1 33.9 -1.6727
      vertex -3.50004 33.9056 -1.67683
      vertex 3.49996 33.9056 -1.67683
    endloop
  endfacet
  facet normal 0 -0.627094 -0.778943
    outer loop
      vertex -1 33.6042 -1.44443
      vertex 1 33.7525 -1.56382
      vertex 1 33.6042 -1.44443
    endloop
  endfacet
  facet normal -0 -0.627094 -0.778943
    outer loop
      vertex 1 33.7525 -1.56382
      vertex -1 33.6042 -1.44443
      vertex -1 33.7525 -1.56382
    endloop
  endfacet
  facet normal 0 -0.624657 0.780899
    outer loop
      vertex -1 33.7525 5.56383
      vertex 1 33.627 5.46344
      vertex 1 33.7525 5.56383
    endloop
  endfacet
  facet normal 0 -0.624657 0.780899
    outer loop
      vertex 1 33.627 5.46344
      vertex -1 33.7525 5.56383
      vertex -1 33.627 5.46344
    endloop
  endfacet
  facet normal 0 -0.640184 0.768221
    outer loop
      vertex -1 33.627 5.46344
      vertex 1 33.6042 5.44444
      vertex 1 33.627 5.46344
    endloop
  endfacet
  facet normal 0 -0.640184 0.768221
    outer loop
      vertex 1 33.6042 5.44444
      vertex -1 33.627 5.46344
      vertex -1 33.6042 5.44444
    endloop
  endfacet
  facet normal 0 -0.593542 0.804803
    outer loop
      vertex 1.49996 33.9056 5.67684
      vertex 1 33.9 5.67271
      vertex 1.49996 33.9 5.67271
    endloop
  endfacet
  facet normal 0 -0.593891 0.804546
    outer loop
      vertex 1 33.9 5.67271
      vertex -1 33.9 5.67271
      vertex 1 33.7525 5.56383
    endloop
  endfacet
  facet normal 0 -0.593542 0.804803
    outer loop
      vertex 1.49996 33.9056 5.67684
      vertex -1 33.9 5.67271
      vertex 1 33.9 5.67271
    endloop
  endfacet
  facet normal 0 -0.593542 0.804803
    outer loop
      vertex -1.50004 33.9056 5.67684
      vertex -1 33.9 5.67271
      vertex 1.49996 33.9056 5.67684
    endloop
  endfacet
  facet normal 0 -0.593542 0.804803
    outer loop
      vertex -1 33.9 5.67271
      vertex -1.50004 33.9056 5.67684
      vertex -1.50004 33.9 5.67271
    endloop
  endfacet
  facet normal 0 -0.593891 0.804546
    outer loop
      vertex 1 33.7525 5.56383
      vertex -1 33.9 5.67271
      vertex -1 33.7525 5.56383
    endloop
  endfacet
  facet normal 0 -0.558923 0.82922
    outer loop
      vertex -1.50004 34.0635 5.78327
      vertex 1.49996 33.9056 5.67684
      vertex 1.49996 34.0635 5.78327
    endloop
  endfacet
  facet normal 0 -0.558923 0.82922
    outer loop
      vertex 1.49996 33.9056 5.67684
      vertex -1.50004 34.0635 5.78327
      vertex -1.50004 33.9056 5.67684
    endloop
  endfacet
  facet normal 0 -0.52374 0.851878
    outer loop
      vertex -1.50004 34.2256 5.88293
      vertex 1.49996 34.0635 5.78327
      vertex 1.49996 34.2256 5.88293
    endloop
  endfacet
  facet normal 0 -0.52374 0.851878
    outer loop
      vertex 1.49996 34.0635 5.78327
      vertex -1.50004 34.2256 5.88293
      vertex -1.50004 34.0635 5.78327
    endloop
  endfacet
  facet normal 0 -0.340933 0.940088
    outer loop
      vertex -1 33.6042 5.44444
      vertex 1 31 4.5
      vertex 1 33.6042 5.44444
    endloop
  endfacet
  facet normal 0 -0.340933 0.940088
    outer loop
      vertex 1 31 4.5
      vertex -1 33.6042 5.44444
      vertex -1 31 4.5
    endloop
  endfacet
  facet normal 0 0.9549 -0.296927
    outer loop
      vertex 3.49996 34.0976 2.69158
      vertex -3.50004 34.1296 2.79449
      vertex 3.49996 34.1296 2.79449
    endloop
  endfacet
  facet normal 0 0.9549 -0.296927
    outer loop
      vertex -3.50004 34.1296 2.79449
      vertex 3.49996 34.0976 2.69158
      vertex -3.50004 34.0976 2.69158
    endloop
  endfacet
  facet normal 0 0.966671 -0.256023
    outer loop
      vertex 3.49996 34.07 2.58737
      vertex -3.50004 34.0976 2.69158
      vertex 3.49996 34.0976 2.69158
    endloop
  endfacet
  facet normal 0 0.966671 -0.256023
    outer loop
      vertex -3.50004 34.0976 2.69158
      vertex 3.49996 34.07 2.58737
      vertex -3.50004 34.07 2.58737
    endloop
  endfacet
  facet normal 0 0.976967 -0.213393
    outer loop
      vertex 3.49996 34.047 2.48207
      vertex -3.50004 34.07 2.58737
      vertex 3.49996 34.07 2.58737
    endloop
  endfacet
  facet normal 0 0.976967 -0.213393
    outer loop
      vertex -3.50004 34.07 2.58737
      vertex 3.49996 34.047 2.48207
      vertex -3.50004 34.047 2.48207
    endloop
  endfacet
  facet normal 0 0.985161 -0.171631
    outer loop
      vertex 3.49996 34.0285 2.37588
      vertex -3.50004 34.047 2.48207
      vertex 3.49996 34.047 2.48207
    endloop
  endfacet
  facet normal 0 0.985161 -0.171631
    outer loop
      vertex -3.50004 34.047 2.48207
      vertex 3.49996 34.0285 2.37588
      vertex -3.50004 34.0285 2.37588
    endloop
  endfacet
  facet normal 0 0.991651 -0.128954
    outer loop
      vertex 3.49996 34.0146 2.26899
      vertex -3.50004 34.0285 2.37588
      vertex 3.49996 34.0285 2.37588
    endloop
  endfacet
  facet normal 0 0.991651 -0.128954
    outer loop
      vertex -3.50004 34.0285 2.37588
      vertex 3.49996 34.0146 2.26899
      vertex -3.50004 34.0146 2.26899
    endloop
  endfacet
  facet normal 0 0.996272 -0.0862694
    outer loop
      vertex 3.49996 34.0053 2.16159
      vertex -3.50004 34.0146 2.26899
      vertex 3.49996 34.0146 2.26899
    endloop
  endfacet
  facet normal 0 0.996272 -0.0862694
    outer loop
      vertex -3.50004 34.0146 2.26899
      vertex 3.49996 34.0053 2.16159
      vertex -3.50004 34.0053 2.16159
    endloop
  endfacet
  facet normal 0 0.999049 -0.0436023
    outer loop
      vertex 3.49996 34.0006 2.0539
      vertex -3.50004 34.0053 2.16159
      vertex 3.49996 34.0053 2.16159
    endloop
  endfacet
  facet normal 0 0.999049 -0.0436023
    outer loop
      vertex -3.50004 34.0053 2.16159
      vertex 3.49996 34.0006 2.0539
      vertex -3.50004 34.0006 2.0539
    endloop
  endfacet
  facet normal 0 1 -0
    outer loop
      vertex 3.49996 34.0006 1.94611
      vertex -3.50004 34.0006 2.0539
      vertex 3.49996 34.0006 2.0539
    endloop
  endfacet
  facet normal 0 1 0
    outer loop
      vertex -3.50004 34.0006 2.0539
      vertex 3.49996 34.0006 1.94611
      vertex -3.50004 34.0006 1.94611
    endloop
  endfacet
  facet normal 0 0.999049 0.0435982
    outer loop
      vertex 3.49996 34.0053 1.83841
      vertex -3.50004 34.0006 1.94611
      vertex 3.49996 34.0006 1.94611
    endloop
  endfacet
  facet normal 0 0.999049 0.0435982
    outer loop
      vertex -3.50004 34.0006 1.94611
      vertex 3.49996 34.0053 1.83841
      vertex -3.50004 34.0053 1.83841
    endloop
  endfacet
  facet normal 0 0.996271 0.0862773
    outer loop
      vertex 3.49996 34.0146 1.73102
      vertex -3.50004 34.0053 1.83841
      vertex 3.49996 34.0053 1.83841
    endloop
  endfacet
  facet normal 0 0.996271 0.0862773
    outer loop
      vertex -3.50004 34.0053 1.83841
      vertex 3.49996 34.0146 1.73102
      vertex -3.50004 34.0146 1.73102
    endloop
  endfacet
  facet normal 0 0.991651 0.128954
    outer loop
      vertex 3.49996 34.0285 1.62413
      vertex -3.50004 34.0146 1.73102
      vertex 3.49996 34.0146 1.73102
    endloop
  endfacet
  facet normal 0 0.991651 0.128954
    outer loop
      vertex -3.50004 34.0146 1.73102
      vertex 3.49996 34.0285 1.62413
      vertex -3.50004 34.0285 1.62413
    endloop
  endfacet
  facet normal 0 0.985164 0.171615
    outer loop
      vertex 3.49996 34.047 1.51793
      vertex -3.50004 34.0285 1.62413
      vertex 3.49996 34.0285 1.62413
    endloop
  endfacet
  facet normal 0 0.985164 0.171615
    outer loop
      vertex -3.50004 34.0285 1.62413
      vertex 3.49996 34.047 1.51793
      vertex -3.50004 34.047 1.51793
    endloop
  endfacet
  facet normal 0 0.976967 0.213393
    outer loop
      vertex 3.49996 34.07 1.41263
      vertex -3.50004 34.047 1.51793
      vertex 3.49996 34.047 1.51793
    endloop
  endfacet
  facet normal 0 0.976967 0.213393
    outer loop
      vertex -3.50004 34.047 1.51793
      vertex 3.49996 34.07 1.41263
      vertex -3.50004 34.07 1.41263
    endloop
  endfacet
  facet normal 0 0.966665 0.256046
    outer loop
      vertex 3.49996 34.0976 1.30843
      vertex -3.50004 34.07 1.41263
      vertex 3.49996 34.07 1.41263
    endloop
  endfacet
  facet normal 0 0.966665 0.256046
    outer loop
      vertex -3.50004 34.07 1.41263
      vertex 3.49996 34.0976 1.30843
      vertex -3.50004 34.0976 1.30843
    endloop
  endfacet
  facet normal 0 0.954908 0.296901
    outer loop
      vertex 3.49996 34.1296 1.20551
      vertex -3.50004 34.0976 1.30843
      vertex 3.49996 34.0976 1.30843
    endloop
  endfacet
  facet normal 0 0.954908 0.296901
    outer loop
      vertex -3.50004 34.0976 1.30843
      vertex 3.49996 34.1296 1.20551
      vertex -3.50004 34.1296 1.20551
    endloop
  endfacet
  facet normal 0 -0.340931 -0.940088
    outer loop
      vertex -1 31 -0.499995
      vertex 1 33.6042 -1.44443
      vertex 1 31 -0.499995
    endloop
  endfacet
  facet normal -0 -0.340931 -0.940088
    outer loop
      vertex 1 33.6042 -1.44443
      vertex -1 31 -0.499995
      vertex -1 33.6042 -1.44443
    endloop
  endfacet
  facet normal 0 -0.771557 0.63616
    outer loop
      vertex -3.50004 33.9 5.73939
      vertex -1.50004 33.9187 5.76207
      vertex -3.50004 33.9187 5.76207
    endloop
  endfacet
  facet normal 0 -0.771557 0.63616
    outer loop
      vertex -1.50004 33.9187 5.76207
      vertex -3.50004 33.9 5.73939
      vertex -1.50004 33.9 5.73939
    endloop
  endfacet
  facet normal 0 -0.797136 0.6038
    outer loop
      vertex -3.50004 33.9187 5.76207
      vertex -1.50004 33.9692 5.82874
      vertex -3.50004 33.9692 5.82874
    endloop
  endfacet
  facet normal 0 -0.797136 0.6038
    outer loop
      vertex -1.50004 33.9692 5.82874
      vertex -3.50004 33.9187 5.76207
      vertex -1.50004 33.9187 5.76207
    endloop
  endfacet
  facet normal 0 -0.821533 0.570161
    outer loop
      vertex -3.50004 33.9692 5.82874
      vertex -1.50004 34.0169 5.89747
      vertex -3.50004 34.0169 5.89747
    endloop
  endfacet
  facet normal 0 -0.821533 0.570161
    outer loop
      vertex -1.50004 34.0169 5.89747
      vertex -3.50004 33.9692 5.82874
      vertex -1.50004 33.9692 5.82874
    endloop
  endfacet
  facet normal 0 -0.845062 0.534668
    outer loop
      vertex -3.50004 34.0169 5.89747
      vertex -1.50004 34.0616 5.96812
      vertex -3.50004 34.0616 5.96812
    endloop
  endfacet
  facet normal 0 -0.845062 0.534668
    outer loop
      vertex -1.50004 34.0616 5.96812
      vertex -3.50004 34.0169 5.89747
      vertex -1.50004 34.0169 5.89747
    endloop
  endfacet
  facet normal 0 -0.866235 0.499636
    outer loop
      vertex -3.50004 34.0616 5.96812
      vertex -1.50004 34.1034 6.04059
      vertex -3.50004 34.1034 6.04059
    endloop
  endfacet
  facet normal 0 -0.866235 0.499636
    outer loop
      vertex -1.50004 34.1034 6.04059
      vertex -3.50004 34.0616 5.96812
      vertex -1.50004 34.0616 5.96812
    endloop
  endfacet
  facet normal 0 -0.886546 0.46264
    outer loop
      vertex -3.50004 34.1034 6.04059
      vertex -1.50004 34.1421 6.11475
      vertex -3.50004 34.1421 6.11475
    endloop
  endfacet
  facet normal 0 -0.886546 0.46264
    outer loop
      vertex -1.50004 34.1421 6.11475
      vertex -3.50004 34.1034 6.04059
      vertex -1.50004 34.1034 6.04059
    endloop
  endfacet
  facet normal 0 -0.904927 0.425567
    outer loop
      vertex -3.50004 34.1421 6.11475
      vertex -1.50004 34.1777 6.19045
      vertex -3.50004 34.1777 6.19045
    endloop
  endfacet
  facet normal 0 -0.904927 0.425567
    outer loop
      vertex -1.50004 34.1777 6.19045
      vertex -3.50004 34.1421 6.11475
      vertex -1.50004 34.1421 6.11475
    endloop
  endfacet
  facet normal 0 -0.922386 0.386271
    outer loop
      vertex -3.50004 34.1777 6.19045
      vertex -1.50004 34.21 6.26758
      vertex -3.50004 34.21 6.26758
    endloop
  endfacet
  facet normal 0 -0.922386 0.386271
    outer loop
      vertex -1.50004 34.21 6.26758
      vertex -3.50004 34.1777 6.19045
      vertex -1.50004 34.1777 6.19045
    endloop
  endfacet
  facet normal 0 -0.937518 0.347937
    outer loop
      vertex -3.50004 34.21 6.26758
      vertex -1.50004 34.2391 6.34599
      vertex -3.50004 34.2391 6.34599
    endloop
  endfacet
  facet normal 0 -0.937518 0.347937
    outer loop
      vertex -1.50004 34.2391 6.34599
      vertex -3.50004 34.21 6.26758
      vertex -1.50004 34.21 6.26758
    endloop
  endfacet
  facet normal 0 -0.951234 0.30847
    outer loop
      vertex -3.50004 34.2391 6.34599
      vertex -1.50004 34.2649 6.42555
      vertex -3.50004 34.2649 6.42555
    endloop
  endfacet
  facet normal 0 -0.951234 0.30847
    outer loop
      vertex -1.50004 34.2649 6.42555
      vertex -3.50004 34.2391 6.34599
      vertex -1.50004 34.2391 6.34599
    endloop
  endfacet
  facet normal 0 -0.963149 0.268969
    outer loop
      vertex -3.50004 34.2649 6.42555
      vertex -1.50004 34.2874 6.50612
      vertex -3.50004 34.2874 6.50612
    endloop
  endfacet
  facet normal 0 -0.963149 0.268969
    outer loop
      vertex -1.50004 34.2874 6.50612
      vertex -3.50004 34.2649 6.42555
      vertex -1.50004 34.2649 6.42555
    endloop
  endfacet
  facet normal 0 -0.973583 0.228333
    outer loop
      vertex -3.50004 34.2874 6.50612
      vertex -1.50004 34.3065 6.58756
      vertex -3.50004 34.3065 6.58756
    endloop
  endfacet
  facet normal 0 -0.973583 0.228333
    outer loop
      vertex -1.50004 34.3065 6.58756
      vertex -3.50004 34.2874 6.50612
      vertex -1.50004 34.2874 6.50612
    endloop
  endfacet
  facet normal 0 -0.982447 0.186541
    outer loop
      vertex -3.50004 34.3065 6.58756
      vertex -1.50004 34.3221 6.66972
      vertex -3.50004 34.3221 6.66972
    endloop
  endfacet
  facet normal 0 -0.982447 0.186541
    outer loop
      vertex -1.50004 34.3221 6.66972
      vertex -3.50004 34.3065 6.58756
      vertex -1.50004 34.3065 6.58756
    endloop
  endfacet
  facet normal 0 -0.989306 0.145855
    outer loop
      vertex -3.50004 34.3221 6.66972
      vertex -1.50004 34.3343 6.75247
      vertex -3.50004 34.3343 6.75247
    endloop
  endfacet
  facet normal 0 -0.989306 0.145855
    outer loop
      vertex -1.50004 34.3343 6.75247
      vertex -3.50004 34.3221 6.66972
      vertex -1.50004 34.3221 6.66972
    endloop
  endfacet
  facet normal 0 -0.994575 0.104025
    outer loop
      vertex -3.50004 34.3343 6.75247
      vertex -1.50004 34.343 6.83565
      vertex -3.50004 34.343 6.83565
    endloop
  endfacet
  facet normal 0 -0.994575 0.104025
    outer loop
      vertex -1.50004 34.343 6.83565
      vertex -3.50004 34.3343 6.75247
      vertex -1.50004 34.3343 6.75247
    endloop
  endfacet
  facet normal 0 -0.997991 0.0633607
    outer loop
      vertex -3.50004 34.343 6.83565
      vertex -1.50004 34.3483 6.91913
      vertex -3.50004 34.3483 6.91913
    endloop
  endfacet
  facet normal 0 -0.997991 0.0633607
    outer loop
      vertex -1.50004 34.3483 6.91913
      vertex -3.50004 34.343 6.83565
      vertex -1.50004 34.343 6.83565
    endloop
  endfacet
  facet normal 0 -0.999793 0.0203259
    outer loop
      vertex -3.50004 34.3483 6.91913
      vertex -1.50004 34.35 7.00275
      vertex -3.50004 34.35 7.00275
    endloop
  endfacet
  facet normal 0 -0.999793 0.0203259
    outer loop
      vertex -1.50004 34.35 7.00275
      vertex -3.50004 34.3483 6.91913
      vertex -1.50004 34.3483 6.91913
    endloop
  endfacet
  facet normal 0 -0.771557 0.63616
    outer loop
      vertex 1.49996 33.9 5.73939
      vertex 3.49996 33.9187 5.76207
      vertex 1.49996 33.9187 5.76207
    endloop
  endfacet
  facet normal 0 -0.771557 0.63616
    outer loop
      vertex 3.49996 33.9187 5.76207
      vertex 1.49996 33.9 5.73939
      vertex 3.49996 33.9 5.73939
    endloop
  endfacet
  facet normal 0 -0.797136 0.6038
    outer loop
      vertex 1.49996 33.9187 5.76207
      vertex 3.49996 33.9692 5.82874
      vertex 1.49996 33.9692 5.82874
    endloop
  endfacet
  facet normal 0 -0.797136 0.6038
    outer loop
      vertex 3.49996 33.9692 5.82874
      vertex 1.49996 33.9187 5.76207
      vertex 3.49996 33.9187 5.76207
    endloop
  endfacet
  facet normal 0 -0.821533 0.570161
    outer loop
      vertex 1.49996 33.9692 5.82874
      vertex 3.49996 34.0169 5.89747
      vertex 1.49996 34.0169 5.89747
    endloop
  endfacet
  facet normal 0 -0.821533 0.570161
    outer loop
      vertex 3.49996 34.0169 5.89747
      vertex 1.49996 33.9692 5.82874
      vertex 3.49996 33.9692 5.82874
    endloop
  endfacet
  facet normal 0 -0.845062 0.534668
    outer loop
      vertex 1.49996 34.0169 5.89747
      vertex 3.49996 34.0616 5.96812
      vertex 1.49996 34.0616 5.96812
    endloop
  endfacet
  facet normal 0 -0.845062 0.534668
    outer loop
      vertex 3.49996 34.0616 5.96812
      vertex 1.49996 34.0169 5.89747
      vertex 3.49996 34.0169 5.89747
    endloop
  endfacet
  facet normal 0 -0.866235 0.499636
    outer loop
      vertex 1.49996 34.0616 5.96812
      vertex 3.49996 34.1034 6.04059
      vertex 1.49996 34.1034 6.04059
    endloop
  endfacet
  facet normal 0 -0.866235 0.499636
    outer loop
      vertex 3.49996 34.1034 6.04059
      vertex 1.49996 34.0616 5.96812
      vertex 3.49996 34.0616 5.96812
    endloop
  endfacet
  facet normal 0 -0.886546 0.46264
    outer loop
      vertex 1.49996 34.1034 6.04059
      vertex 3.49996 34.1421 6.11475
      vertex 1.49996 34.1421 6.11475
    endloop
  endfacet
  facet normal 0 -0.886546 0.46264
    outer loop
      vertex 3.49996 34.1421 6.11475
      vertex 1.49996 34.1034 6.04059
      vertex 3.49996 34.1034 6.04059
    endloop
  endfacet
  facet normal 0 -0.904927 0.425567
    outer loop
      vertex 1.49996 34.1421 6.11475
      vertex 3.49996 34.1777 6.19045
      vertex 1.49996 34.1777 6.19045
    endloop
  endfacet
  facet normal 0 -0.904927 0.425567
    outer loop
      vertex 3.49996 34.1777 6.19045
      vertex 1.49996 34.1421 6.11475
      vertex 3.49996 34.1421 6.11475
    endloop
  endfacet
  facet normal 0 -0.922386 0.386271
    outer loop
      vertex 1.49996 34.1777 6.19045
      vertex 3.49996 34.21 6.26758
      vertex 1.49996 34.21 6.26758
    endloop
  endfacet
  facet normal 0 -0.922386 0.386271
    outer loop
      vertex 3.49996 34.21 6.26758
      vertex 1.49996 34.1777 6.19045
      vertex 3.49996 34.1777 6.19045
    endloop
  endfacet
  facet normal 0 -0.937518 0.347937
    outer loop
      vertex 1.49996 34.21 6.26758
      vertex 3.49996 34.2391 6.34599
      vertex 1.49996 34.2391 6.34599
    endloop
  endfacet
  facet normal 0 -0.937518 0.347937
    outer loop
      vertex 3.49996 34.2391 6.34599
      vertex 1.49996 34.21 6.26758
      vertex 3.49996 34.21 6.26758
    endloop
  endfacet
  facet normal 0 -0.951234 0.30847
    outer loop
      vertex 1.49996 34.2391 6.34599
      vertex 3.49996 34.2649 6.42555
      vertex 1.49996 34.2649 6.42555
    endloop
  endfacet
  facet normal 0 -0.951234 0.30847
    outer loop
      vertex 3.49996 34.2649 6.42555
      vertex 1.49996 34.2391 6.34599
      vertex 3.49996 34.2391 6.34599
    endloop
  endfacet
  facet normal 0 -0.963149 0.268969
    outer loop
      vertex 1.49996 34.2649 6.42555
      vertex 3.49996 34.2874 6.50612
      vertex 1.49996 34.2874 6.50612
    endloop
  endfacet
  facet normal 0 -0.963149 0.268969
    outer loop
      vertex 3.49996 34.2874 6.50612
      vertex 1.49996 34.2649 6.42555
      vertex 3.49996 34.2649 6.42555
    endloop
  endfacet
  facet normal 0 -0.973583 0.228333
    outer loop
      vertex 1.49996 34.2874 6.50612
      vertex 3.49996 34.3065 6.58756
      vertex 1.49996 34.3065 6.58756
    endloop
  endfacet
  facet normal 0 -0.973583 0.228333
    outer loop
      vertex 3.49996 34.3065 6.58756
      vertex 1.49996 34.2874 6.50612
      vertex 3.49996 34.2874 6.50612
    endloop
  endfacet
  facet normal 0 -0.982447 0.186541
    outer loop
      vertex 1.49996 34.3065 6.58756
      vertex 3.49996 34.3221 6.66972
      vertex 1.49996 34.3221 6.66972
    endloop
  endfacet
  facet normal 0 -0.982447 0.186541
    outer loop
      vertex 3.49996 34.3221 6.66972
      vertex 1.49996 34.3065 6.58756
      vertex 3.49996 34.3065 6.58756
    endloop
  endfacet
  facet normal 0 -0.989306 0.145855
    outer loop
      vertex 1.49996 34.3221 6.66972
      vertex 3.49996 34.3343 6.75247
      vertex 1.49996 34.3343 6.75247
    endloop
  endfacet
  facet normal 0 -0.989306 0.145855
    outer loop
      vertex 3.49996 34.3343 6.75247
      vertex 1.49996 34.3221 6.66972
      vertex 3.49996 34.3221 6.66972
    endloop
  endfacet
  facet normal 0 -0.994575 0.104025
    outer loop
      vertex 1.49996 34.3343 6.75247
      vertex 3.49996 34.343 6.83565
      vertex 1.49996 34.343 6.83565
    endloop
  endfacet
  facet normal 0 -0.994575 0.104025
    outer loop
      vertex 3.49996 34.343 6.83565
      vertex 1.49996 34.3343 6.75247
      vertex 3.49996 34.3343 6.75247
    endloop
  endfacet
  facet normal 0 -0.997991 0.0633607
    outer loop
      vertex 1.49996 34.343 6.83565
      vertex 3.49996 34.3483 6.91913
      vertex 1.49996 34.3483 6.91913
    endloop
  endfacet
  facet normal 0 -0.997991 0.0633607
    outer loop
      vertex 3.49996 34.3483 6.91913
      vertex 1.49996 34.343 6.83565
      vertex 3.49996 34.343 6.83565
    endloop
  endfacet
  facet normal 0 -0.999793 0.0203259
    outer loop
      vertex 1.49996 34.3483 6.91913
      vertex 3.49996 34.35 7.00275
      vertex 1.49996 34.35 7.00275
    endloop
  endfacet
  facet normal 0 -0.999793 0.0203259
    outer loop
      vertex 3.49996 34.35 7.00275
      vertex 1.49996 34.3483 6.91913
      vertex 3.49996 34.3483 6.91913
    endloop
  endfacet
  facet normal 0 -1 0
    outer loop
      vertex -3.50004 34.35 7.00275
      vertex -1.50004 34.35 8.75
      vertex -3.50004 34.35 8.75
    endloop
  endfacet
  facet normal 0 -1 -0
    outer loop
      vertex -1.50004 34.35 8.75
      vertex -3.50004 34.35 7.00275
      vertex -1.50004 34.35 7.00275
    endloop
  endfacet
  facet normal 1 0 0
    outer loop
      vertex -1.50004 38.6493 8.80732
      vertex -1.50004 37.6489 8.80016
      vertex -1.50004 37.65 8.75
    endloop
  endfacet
  facet normal 1 0 0
    outer loop
      vertex -1.50004 37.7764 10.4801
      vertex -1.50004 37.6457 8.85023
      vertex -1.50004 37.6489 8.80016
    endloop
  endfacet
  facet normal 1 0 0
    outer loop
      vertex -1.50004 37.7764 10.4801
      vertex -1.50004 37.6402 8.90011
      vertex -1.50004 37.6457 8.85023
    endloop
  endfacet
  facet normal 1 0 0
    outer loop
      vertex -1.50004 37.7764 10.4801
      vertex -1.50004 37.6326 8.9497
      vertex -1.50004 37.6402 8.90011
    endloop
  endfacet
  facet normal 1 0 0
    outer loop
      vertex -1.50004 37.7764 10.4801
      vertex -1.50004 37.6228 8.99891
      vertex -1.50004 37.6326 8.9497
    endloop
  endfacet
  facet normal 1 0 0
    outer loop
      vertex -1.50004 37.1179 9.7199
      vertex -1.50004 37.7004 10.5337
      vertex -1.50004 37.6221 10.5839
    endloop
  endfacet
  facet normal 1 0 0
    outer loop
      vertex -1.50004 37.7764 10.4801
      vertex -1.50004 37.6108 9.04764
      vertex -1.50004 37.6228 8.99891
    endloop
  endfacet
  facet normal 1 0 0
    outer loop
      vertex -1.50004 37.7764 10.4801
      vertex -1.50004 37.5968 9.09581
      vertex -1.50004 37.6108 9.04764
    endloop
  endfacet
  facet normal 1 0 0
    outer loop
      vertex -1.50004 37.7764 10.4801
      vertex -1.50004 37.5807 9.14333
      vertex -1.50004 37.5968 9.09581
    endloop
  endfacet
  facet normal 1 0 0
    outer loop
      vertex -1.50004 37.7764 10.4801
      vertex -1.50004 37.5625 9.19009
      vertex -1.50004 37.5807 9.14333
    endloop
  endfacet
  facet normal 1 0 0
    outer loop
      vertex -1.50004 37.7764 10.4801
      vertex -1.50004 37.5423 9.23601
      vertex -1.50004 37.5625 9.19009
    endloop
  endfacet
  facet normal 1 0 0
    outer loop
      vertex -1.50004 37.075 9.74593
      vertex -1.50004 37.6221 10.5839
      vertex -1.50004 37.5418 10.6308
    endloop
  endfacet
  facet normal 1 0 0
    outer loop
      vertex -1.50004 37.7764 10.4801
      vertex -1.50004 37.5201 9.28101
      vertex -1.50004 37.5423 9.23601
    endloop
  endfacet
  facet normal 1 0 0
    outer loop
      vertex -1.50004 37.7764 10.4801
      vertex -1.50004 37.496 9.325
      vertex -1.50004 37.5201 9.28101
    endloop
  endfacet
  facet normal 1 0 0
    outer loop
      vertex -1.50004 37.7764 10.4801
      vertex -1.50004 37.4699 9.3679
      vertex -1.50004 37.496 9.325
    endloop
  endfacet
  facet normal 1 0 0
    outer loop
      vertex -1.50004 37.0311 9.77006
      vertex -1.50004 37.5418 10.6308
      vertex -1.50004 37.4595 10.674
    endloop
  endfacet
  facet normal 1 0 0
    outer loop
      vertex -1.50004 37.7764 10.4801
      vertex -1.50004 37.4421 9.40961
      vertex -1.50004 37.4699 9.3679
    endloop
  endfacet
  facet normal 1 0 0
    outer loop
      vertex -1.50004 37.7764 10.4801
      vertex -1.50004 37.4124 9.45008
      vertex -1.50004 37.4421 9.40961
    endloop
  endfacet
  facet normal 1 0 0
    outer loop
      vertex -1.50004 37.7764 10.4801
      vertex -1.50004 37.381 9.48921
      vertex -1.50004 37.4124 9.45008
    endloop
  endfacet
  facet normal 1 0 0
    outer loop
      vertex -1.50004 36.9861 9.79226
      vertex -1.50004 37.4595 10.674
      vertex -1.50004 37.3753 10.7137
    endloop
  endfacet
  facet normal 1 0 0
    outer loop
      vertex -1.50004 37.7764 10.4801
      vertex -1.50004 37.3479 9.52693
      vertex -1.50004 37.381 9.48921
    endloop
  endfacet
  facet normal 1 0 0
    outer loop
      vertex -1.50004 37.7764 10.4801
      vertex -1.50004 37.3132 9.56318
      vertex -1.50004 37.3479 9.52693
    endloop
  endfacet
  facet normal 1 0 0
    outer loop
      vertex -1.50004 36.9401 9.81246
      vertex -1.50004 37.3753 10.7137
      vertex -1.50004 37.2896 10.7498
    endloop
  endfacet
  facet normal 1 0 0
    outer loop
      vertex -1.50004 37.7764 10.4801
      vertex -1.50004 37.277 9.59787
      vertex -1.50004 37.3132 9.56318
    endloop
  endfacet
  facet normal 1 0 0
    outer loop
      vertex -1.50004 37.7764 10.4801
      vertex -1.50004 37.2392 9.63095
      vertex -1.50004 37.277 9.59787
    endloop
  endfacet
  facet normal 1 0 0
    outer loop
      vertex -1.50004 36.8934 9.83065
      vertex -1.50004 37.2896 10.7498
      vertex -1.50004 37.2024 10.782
    endloop
  endfacet
  facet normal 1 0 0
    outer loop
      vertex -1.50004 37.7764 10.4801
      vertex -1.50004 37.2001 9.66236
      vertex -1.50004 37.2392 9.63095
    endloop
  endfacet
  facet normal 1 0 0
    outer loop
      vertex -1.50004 37.7764 10.4801
      vertex -1.50004 37.1597 9.69203
      vertex -1.50004 37.2001 9.66236
    endloop
  endfacet
  facet normal 1 0 0
    outer loop
      vertex -1.50004 37.7004 10.5337
      vertex -1.50004 37.1179 9.7199
      vertex -1.50004 37.1597 9.69203
    endloop
  endfacet
  facet normal 1 0 0
    outer loop
      vertex -1.50004 36.8459 9.84678
      vertex -1.50004 37.2024 10.782
      vertex -1.50004 37.1138 10.8105
    endloop
  endfacet
  facet normal 1 0 0
    outer loop
      vertex -1.50004 37.6221 10.5839
      vertex -1.50004 37.075 9.74593
      vertex -1.50004 37.1179 9.7199
    endloop
  endfacet
  facet normal 1 0 0
    outer loop
      vertex -1.50004 37.5418 10.6308
      vertex -1.50004 37.0311 9.77006
      vertex -1.50004 37.075 9.74593
    endloop
  endfacet
  facet normal 1 0 0
    outer loop
      vertex -1.50004 36.7977 9.86082
      vertex -1.50004 37.1138 10.8105
      vertex -1.50004 37.0241 10.8351
    endloop
  endfacet
  facet normal 1 0 0
    outer loop
      vertex -1.50004 37.4595 10.674
      vertex -1.50004 36.9861 9.79226
      vertex -1.50004 37.0311 9.77006
    endloop
  endfacet
  facet normal 1 0 0
    outer loop
      vertex -1.50004 37.3753 10.7137
      vertex -1.50004 36.9401 9.81246
      vertex -1.50004 36.9861 9.79226
    endloop
  endfacet
  facet normal 1 0 0
    outer loop
      vertex -1.50004 36.7489 9.87274
      vertex -1.50004 37.0241 10.8351
      vertex -1.50004 36.9335 10.8558
    endloop
  endfacet
  facet normal 1 0 0
    outer loop
      vertex -1.50004 37.2896 10.7498
      vertex -1.50004 36.8934 9.83065
      vertex -1.50004 36.9401 9.81246
    endloop
  endfacet
  facet normal 1 0 0
    outer loop
      vertex -1.50004 37.2024 10.782
      vertex -1.50004 36.8459 9.84678
      vertex -1.50004 36.8934 9.83065
    endloop
  endfacet
  facet normal 1 0 0
    outer loop
      vertex -1.50004 36.6997 9.88253
      vertex -1.50004 36.9335 10.8558
      vertex -1.50004 36.842 10.8726
    endloop
  endfacet
  facet normal 1 0 0
    outer loop
      vertex -1.50004 37.1138 10.8105
      vertex -1.50004 36.7977 9.86082
      vertex -1.50004 36.8459 9.84678
    endloop
  endfacet
  facet normal 1 0 0
    outer loop
      vertex -1.50004 36.6501 9.89016
      vertex -1.50004 36.842 10.8726
      vertex -1.50004 36.7499 10.8854
    endloop
  endfacet
  facet normal 1 0 0
    outer loop
      vertex -1.50004 37.0241 10.8351
      vertex -1.50004 36.7489 9.87274
      vertex -1.50004 36.7977 9.86082
    endloop
  endfacet
  facet normal 1 0 0
    outer loop
      vertex -1.50004 36.9335 10.8558
      vertex -1.50004 36.6997 9.88253
      vertex -1.50004 36.7489 9.87274
    endloop
  endfacet
  facet normal 1 0 0
    outer loop
      vertex -1.50004 36.6003 9.89563
      vertex -1.50004 36.7499 10.8854
      vertex -1.50004 36.6573 10.8942
    endloop
  endfacet
  facet normal 1 0 0
    outer loop
      vertex -1.50004 36.842 10.8726
      vertex -1.50004 36.6501 9.89016
      vertex -1.50004 36.6997 9.88253
    endloop
  endfacet
  facet normal 1 0 0
    outer loop
      vertex -1.50004 36.7499 10.8854
      vertex -1.50004 36.6003 9.89563
      vertex -1.50004 36.6501 9.89016
    endloop
  endfacet
  facet normal 1 0 0
    outer loop
      vertex -1.50004 36.5502 9.89891
      vertex -1.50004 36.6573 10.8942
      vertex -1.50004 36.5644 10.899
    endloop
  endfacet
  facet normal 1 0 0
    outer loop
      vertex -1.50004 36.6573 10.8942
      vertex -1.50004 36.5502 9.89891
      vertex -1.50004 36.6003 9.89563
    endloop
  endfacet
  facet normal 1 0 0
    outer loop
      vertex -1.50004 36.5644 10.899
      vertex -1.50004 36.5 9.9
      vertex -1.50004 36.5502 9.89891
    endloop
  endfacet
  facet normal 1 0 0
    outer loop
      vertex -1.50004 36.4714 10.8998
      vertex -1.50004 36.5 9.9
      vertex -1.50004 36.5644 10.899
    endloop
  endfacet
  facet normal 1 0 0
    outer loop
      vertex -1.50004 36.4714 10.8998
      vertex -1.50004 36.4499 9.89891
      vertex -1.50004 36.5 9.9
    endloop
  endfacet
  facet normal 1 -0 0
    outer loop
      vertex -1.50004 36.3784 10.8965
      vertex -1.50004 36.4499 9.89891
      vertex -1.50004 36.4714 10.8998
    endloop
  endfacet
  facet normal 1 0 0
    outer loop
      vertex -1.50004 36.4499 9.89891
      vertex -1.50004 36.3784 10.8965
      vertex -1.50004 36.3998 9.89563
    endloop
  endfacet
  facet normal 1 -0 0
    outer loop
      vertex -1.50004 36.2857 10.8893
      vertex -1.50004 36.3998 9.89563
      vertex -1.50004 36.3784 10.8965
    endloop
  endfacet
  facet normal 1 0 0
    outer loop
      vertex -1.50004 36.3998 9.89563
      vertex -1.50004 36.2857 10.8893
      vertex -1.50004 36.3499 9.89016
    endloop
  endfacet
  facet normal 1 -0 0
    outer loop
      vertex -1.50004 36.1934 10.878
      vertex -1.50004 36.3499 9.89016
      vertex -1.50004 36.2857 10.8893
    endloop
  endfacet
  facet normal 1 0 0
    outer loop
      vertex -1.50004 36.3499 9.89016
      vertex -1.50004 36.1934 10.878
      vertex -1.50004 36.3003 9.88253
    endloop
  endfacet
  facet normal 1 -0 0
    outer loop
      vertex -1.50004 36.1016 10.8627
      vertex -1.50004 36.3003 9.88253
      vertex -1.50004 36.1934 10.878
    endloop
  endfacet
  facet normal 1 0 0
    outer loop
      vertex -1.50004 36.3003 9.88253
      vertex -1.50004 36.1016 10.8627
      vertex -1.50004 36.2511 9.87274
    endloop
  endfacet
  facet normal 1 -0 0
    outer loop
      vertex -1.50004 36.0106 10.8435
      vertex -1.50004 36.2511 9.87274
      vertex -1.50004 36.1016 10.8627
    endloop
  endfacet
  facet normal 1 0 0
    outer loop
      vertex -1.50004 36.2511 9.87274
      vertex -1.50004 36.0106 10.8435
      vertex -1.50004 36.2024 9.86082
    endloop
  endfacet
  facet normal 1 -0 0
    outer loop
      vertex -1.50004 35.9205 10.8204
      vertex -1.50004 36.2024 9.86082
      vertex -1.50004 36.0106 10.8435
    endloop
  endfacet
  facet normal 1 0 0
    outer loop
      vertex -1.50004 36.2024 9.86082
      vertex -1.50004 35.9205 10.8204
      vertex -1.50004 36.1542 9.84678
    endloop
  endfacet
  facet normal 1 -0 0
    outer loop
      vertex -1.50004 35.8315 10.7934
      vertex -1.50004 36.1542 9.84678
      vertex -1.50004 35.9205 10.8204
    endloop
  endfacet
  facet normal 1 0 0
    outer loop
      vertex -1.50004 36.1542 9.84678
      vertex -1.50004 35.8315 10.7934
      vertex -1.50004 36.1067 9.83065
    endloop
  endfacet
  facet normal 1 -0 0
    outer loop
      vertex -1.50004 35.7438 10.7626
      vertex -1.50004 36.1067 9.83065
      vertex -1.50004 35.8315 10.7934
    endloop
  endfacet
  facet normal 1 0 0
    outer loop
      vertex -1.50004 36.1067 9.83065
      vertex -1.50004 35.7438 10.7626
      vertex -1.50004 36.06 9.81246
    endloop
  endfacet
  facet normal 1 -0 0
    outer loop
      vertex -1.50004 35.6574 10.728
      vertex -1.50004 36.06 9.81246
      vertex -1.50004 35.7438 10.7626
    endloop
  endfacet
  facet normal 1 0 0
    outer loop
      vertex -1.50004 36.06 9.81246
      vertex -1.50004 35.6574 10.728
      vertex -1.50004 36.014 9.79226
    endloop
  endfacet
  facet normal 1 -0 0
    outer loop
      vertex -1.50004 35.5727 10.6897
      vertex -1.50004 36.014 9.79226
      vertex -1.50004 35.6574 10.728
    endloop
  endfacet
  facet normal 1 0 0
    outer loop
      vertex -1.50004 36.014 9.79226
      vertex -1.50004 35.5727 10.6897
      vertex -1.50004 35.969 9.77006
    endloop
  endfacet
  facet normal 1 -0 0
    outer loop
      vertex -1.50004 35.4897 10.6478
      vertex -1.50004 35.969 9.77006
      vertex -1.50004 35.5727 10.6897
    endloop
  endfacet
  facet normal 1 0 0
    outer loop
      vertex -1.50004 35.969 9.77006
      vertex -1.50004 35.4897 10.6478
      vertex -1.50004 35.925 9.74593
    endloop
  endfacet
  facet normal 1 -0 0
    outer loop
      vertex -1.50004 35.4085 10.6023
      vertex -1.50004 35.925 9.74593
      vertex -1.50004 35.4897 10.6478
    endloop
  endfacet
  facet normal 1 0 0
    outer loop
      vertex -1.50004 35.925 9.74593
      vertex -1.50004 35.4085 10.6023
      vertex -1.50004 35.8821 9.7199
    endloop
  endfacet
  facet normal 1 -0 0
    outer loop
      vertex -1.50004 35.3294 10.5534
      vertex -1.50004 35.8821 9.7199
      vertex -1.50004 35.4085 10.6023
    endloop
  endfacet
  facet normal 1 0 0
    outer loop
      vertex -1.50004 35.8821 9.7199
      vertex -1.50004 35.3294 10.5534
      vertex -1.50004 35.8404 9.69203
    endloop
  endfacet
  facet normal 1 -0 0
    outer loop
      vertex -1.50004 35.2525 10.5011
      vertex -1.50004 35.8404 9.69203
      vertex -1.50004 35.3294 10.5534
    endloop
  endfacet
  facet normal 1 0 0
    outer loop
      vertex -1.50004 35.8404 9.69203
      vertex -1.50004 35.2525 10.5011
      vertex -1.50004 35.8 9.66236
    endloop
  endfacet
  facet normal 1 -0 0
    outer loop
      vertex -1.50004 35.178 10.4455
      vertex -1.50004 35.8 9.66236
      vertex -1.50004 35.2525 10.5011
    endloop
  endfacet
  facet normal 1 0 0
    outer loop
      vertex -1.50004 35.8 9.66236
      vertex -1.50004 35.178 10.4455
      vertex -1.50004 35.7608 9.63095
    endloop
  endfacet
  facet normal 1 -0 0
    outer loop
      vertex -1.50004 35.1059 10.3867
      vertex -1.50004 35.7608 9.63095
      vertex -1.50004 35.178 10.4455
    endloop
  endfacet
  facet normal 1 0 0
    outer loop
      vertex -1.50004 35.7608 9.63095
      vertex -1.50004 35.1059 10.3867
      vertex -1.50004 35.7231 9.59787
    endloop
  endfacet
  facet normal 1 -0 0
    outer loop
      vertex -1.50004 35.0364 10.3249
      vertex -1.50004 35.7231 9.59787
      vertex -1.50004 35.1059 10.3867
    endloop
  endfacet
  facet normal 1 0 0
    outer loop
      vertex -1.50004 35.7231 9.59787
      vertex -1.50004 35.0364 10.3249
      vertex -1.50004 35.6869 9.56318
    endloop
  endfacet
  facet normal 1 -0 0
    outer loop
      vertex -1.50004 34.9697 10.2601
      vertex -1.50004 35.6869 9.56318
      vertex -1.50004 35.0364 10.3249
    endloop
  endfacet
  facet normal 1 0 0
    outer loop
      vertex -1.50004 35.6869 9.56318
      vertex -1.50004 34.9697 10.2601
      vertex -1.50004 35.6522 9.52693
    endloop
  endfacet
  facet normal 1 -0 0
    outer loop
      vertex -1.50004 34.9058 10.1925
      vertex -1.50004 35.6522 9.52693
      vertex -1.50004 34.9697 10.2601
    endloop
  endfacet
  facet normal 1 0 0
    outer loop
      vertex -1.50004 35.6522 9.52693
      vertex -1.50004 34.9058 10.1925
      vertex -1.50004 35.6191 9.48921
    endloop
  endfacet
  facet normal 1 -0 0
    outer loop
      vertex -1.50004 34.8449 10.1222
      vertex -1.50004 35.6191 9.48921
      vertex -1.50004 34.9058 10.1925
    endloop
  endfacet
  facet normal 1 0 0
    outer loop
      vertex -1.50004 35.6191 9.48921
      vertex -1.50004 34.8449 10.1222
      vertex -1.50004 35.5877 9.45008
    endloop
  endfacet
  facet normal 1 -0 0
    outer loop
      vertex -1.50004 34.7871 10.0493
      vertex -1.50004 35.5877 9.45008
      vertex -1.50004 34.8449 10.1222
    endloop
  endfacet
  facet normal 1 0 0
    outer loop
      vertex -1.50004 35.5877 9.45008
      vertex -1.50004 34.7871 10.0493
      vertex -1.50004 35.558 9.40961
    endloop
  endfacet
  facet normal 1 -0 0
    outer loop
      vertex -1.50004 34.7325 9.97404
      vertex -1.50004 35.558 9.40961
      vertex -1.50004 34.7871 10.0493
    endloop
  endfacet
  facet normal 1 0 0
    outer loop
      vertex -1.50004 35.558 9.40961
      vertex -1.50004 34.7325 9.97404
      vertex -1.50004 35.5301 9.3679
    endloop
  endfacet
  facet normal 1 -0 0
    outer loop
      vertex -1.50004 34.6812 9.89645
      vertex -1.50004 35.5301 9.3679
      vertex -1.50004 34.7325 9.97404
    endloop
  endfacet
  facet normal 1 0 0
    outer loop
      vertex -1.50004 35.5301 9.3679
      vertex -1.50004 34.6812 9.89645
      vertex -1.50004 35.5041 9.325
    endloop
  endfacet
  facet normal 1 0 0
    outer loop
      vertex -1.50004 35.5041 9.325
      vertex -1.50004 34.6333 9.81672
      vertex -1.50004 35.48 9.28101
    endloop
  endfacet
  facet normal 1 -0 0
    outer loop
      vertex -1.50004 34.6333 9.81672
      vertex -1.50004 35.5041 9.325
      vertex -1.50004 34.6812 9.89645
    endloop
  endfacet
  facet normal 1 -0 0
    outer loop
      vertex -1.50004 37.65 8.75
      vertex -1.50004 38.6497 8.71432
      vertex -1.50004 38.6493 8.80732
    endloop
  endfacet
  facet normal 1 0 0
    outer loop
      vertex -1.50004 37.6489 8.80016
      vertex -1.50004 38.6493 8.80732
      vertex -1.50004 38.6448 8.90022
    endloop
  endfacet
  facet normal 1 0 0
    outer loop
      vertex -1.50004 37.6489 8.69984
      vertex -1.50004 38.6497 8.71432
      vertex -1.50004 37.65 8.75
    endloop
  endfacet
  facet normal 1 0 0
    outer loop
      vertex -1.50004 37.6489 8.80016
      vertex -1.50004 38.6448 8.90022
      vertex -1.50004 38.6363 8.99284
    endloop
  endfacet
  facet normal 1 0 0
    outer loop
      vertex -1.50004 38.6497 8.71432
      vertex -1.50004 37.6489 8.69984
      vertex -1.50004 38.6462 8.62138
    endloop
  endfacet
  facet normal 1 0 0
    outer loop
      vertex -1.50004 37.6489 8.80016
      vertex -1.50004 38.6363 8.99284
      vertex -1.50004 38.6238 9.08501
    endloop
  endfacet
  facet normal 1 -0 0
    outer loop
      vertex -1.50004 37.6457 8.64977
      vertex -1.50004 38.6462 8.62138
      vertex -1.50004 37.6489 8.69984
    endloop
  endfacet
  facet normal 1 0 0
    outer loop
      vertex -1.50004 37.6489 8.80016
      vertex -1.50004 38.6238 9.08501
      vertex -1.50004 38.6073 9.17654
    endloop
  endfacet
  facet normal 1 0 0
    outer loop
      vertex -1.50004 38.6462 8.62138
      vertex -1.50004 37.6457 8.64977
      vertex -1.50004 38.6386 8.52868
    endloop
  endfacet
  facet normal 1 0 0
    outer loop
      vertex -1.50004 37.6489 8.80016
      vertex -1.50004 38.6073 9.17654
      vertex -1.50004 38.5869 9.26728
    endloop
  endfacet
  facet normal 1 -0 0
    outer loop
      vertex -1.50004 37.6402 8.5999
      vertex -1.50004 38.6386 8.52868
      vertex -1.50004 37.6457 8.64977
    endloop
  endfacet
  facet normal 1 0 0
    outer loop
      vertex -1.50004 37.6489 8.80016
      vertex -1.50004 38.5869 9.26728
      vertex -1.50004 38.5626 9.35705
    endloop
  endfacet
  facet normal 1 0 0
    outer loop
      vertex -1.50004 38.6386 8.52868
      vertex -1.50004 37.6402 8.5999
      vertex -1.50004 38.627 8.43639
    endloop
  endfacet
  facet normal 1 0 0
    outer loop
      vertex -1.50004 37.6489 8.80016
      vertex -1.50004 38.5626 9.35705
      vertex -1.50004 38.5344 9.44569
    endloop
  endfacet
  facet normal 1 -0 0
    outer loop
      vertex -1.50004 37.6326 8.55031
      vertex -1.50004 38.627 8.43639
      vertex -1.50004 37.6402 8.5999
    endloop
  endfacet
  facet normal 1 0 0
    outer loop
      vertex -1.50004 37.6489 8.80016
      vertex -1.50004 38.5344 9.44569
      vertex -1.50004 38.5024 9.53302
    endloop
  endfacet
  facet normal 1 0 0
    outer loop
      vertex -1.50004 38.627 8.43639
      vertex -1.50004 37.6326 8.55031
      vertex -1.50004 38.6115 8.3447
    endloop
  endfacet
  facet normal 1 0 0
    outer loop
      vertex -1.50004 37.6489 8.80016
      vertex -1.50004 38.5024 9.53302
      vertex -1.50004 38.4666 9.61889
    endloop
  endfacet
  facet normal 1 -0 0
    outer loop
      vertex -1.50004 37.6228 8.5011
      vertex -1.50004 38.6115 8.3447
      vertex -1.50004 37.6326 8.55031
    endloop
  endfacet
  facet normal 1 0 0
    outer loop
      vertex -1.50004 37.6489 8.80016
      vertex -1.50004 38.4666 9.61889
      vertex -1.50004 38.4272 9.70313
    endloop
  endfacet
  facet normal 1 0 0
    outer loop
      vertex -1.50004 38.6115 8.3447
      vertex -1.50004 37.6228 8.5011
      vertex -1.50004 38.592 8.25376
    endloop
  endfacet
  facet normal 1 0 0
    outer loop
      vertex -1.50004 37.6489 8.80016
      vertex -1.50004 38.4272 9.70313
      vertex -1.50004 38.3842 9.78559
    endloop
  endfacet
  facet normal 1 -0 0
    outer loop
      vertex -1.50004 37.6108 8.45236
      vertex -1.50004 38.592 8.25376
      vertex -1.50004 37.6228 8.5011
    endloop
  endfacet
  facet normal 1 0 0
    outer loop
      vertex -1.50004 37.6489 8.80016
      vertex -1.50004 38.3842 9.78559
      vertex -1.50004 38.3377 9.86611
    endloop
  endfacet
  facet normal 1 0 0
    outer loop
      vertex -1.50004 38.592 8.25376
      vertex -1.50004 37.6108 8.45236
      vertex -1.50004 38.5686 8.16374
    endloop
  endfacet
  facet normal 1 0 0
    outer loop
      vertex -1.50004 37.6489 8.80016
      vertex -1.50004 38.3377 9.86611
      vertex -1.50004 38.2877 9.94454
    endloop
  endfacet
  facet normal 1 -0 0
    outer loop
      vertex -1.50004 37.5968 8.40419
      vertex -1.50004 38.5686 8.16374
      vertex -1.50004 37.6108 8.45236
    endloop
  endfacet
  facet normal 1 0 0
    outer loop
      vertex -1.50004 37.6489 8.80016
      vertex -1.50004 38.2877 9.94454
      vertex -1.50004 38.2343 10.0207
    endloop
  endfacet
  facet normal 1 0 0
    outer loop
      vertex -1.50004 38.5686 8.16374
      vertex -1.50004 37.5968 8.40419
      vertex -1.50004 38.5413 8.07483
    endloop
  endfacet
  facet normal 1 0 0
    outer loop
      vertex -1.50004 37.6489 8.80016
      vertex -1.50004 38.2343 10.0207
      vertex -1.50004 38.1777 10.0945
    endloop
  endfacet
  facet normal 1 -0 0
    outer loop
      vertex -1.50004 37.5807 8.35668
      vertex -1.50004 38.5413 8.07483
      vertex -1.50004 37.5968 8.40419
    endloop
  endfacet
  facet normal 1 0 0
    outer loop
      vertex -1.50004 37.6489 8.80016
      vertex -1.50004 38.1777 10.0945
      vertex -1.50004 38.118 10.1658
    endloop
  endfacet
  facet normal 1 0 0
    outer loop
      vertex -1.50004 38.5413 8.07483
      vertex -1.50004 37.5807 8.35668
      vertex -1.50004 38.5102 7.98718
    endloop
  endfacet
  facet normal 1 0 0
    outer loop
      vertex -1.50004 37.6489 8.80016
      vertex -1.50004 38.118 10.1658
      vertex -1.50004 38.0553 10.2345
    endloop
  endfacet
  facet normal 1 -0 0
    outer loop
      vertex -1.50004 37.5625 8.30992
      vertex -1.50004 38.5102 7.98718
      vertex -1.50004 37.5807 8.35668
    endloop
  endfacet
  facet normal 1 0 0
    outer loop
      vertex -1.50004 37.6489 8.80016
      vertex -1.50004 38.0553 10.2345
      vertex -1.50004 37.9896 10.3004
    endloop
  endfacet
  facet normal 1 0 0
    outer loop
      vertex -1.50004 38.5102 7.98718
      vertex -1.50004 37.5625 8.30992
      vertex -1.50004 38.4753 7.90096
    endloop
  endfacet
  facet normal 1 0 0
    outer loop
      vertex -1.50004 37.6489 8.80016
      vertex -1.50004 37.9896 10.3004
      vertex -1.50004 37.9212 10.3633
    endloop
  endfacet
  facet normal 1 -0 0
    outer loop
      vertex -1.50004 37.5423 8.26399
      vertex -1.50004 38.4753 7.90096
      vertex -1.50004 37.5625 8.30992
    endloop
  endfacet
  facet normal 1 0 0
    outer loop
      vertex -1.50004 37.6489 8.80016
      vertex -1.50004 37.9212 10.3633
      vertex -1.50004 37.8501 10.4233
    endloop
  endfacet
  facet normal 1 0 0
    outer loop
      vertex -1.50004 38.4753 7.90096
      vertex -1.50004 37.5423 8.26399
      vertex -1.50004 38.4367 7.81632
    endloop
  endfacet
  facet normal 1 0 0
    outer loop
      vertex -1.50004 37.6489 8.80016
      vertex -1.50004 37.8501 10.4233
      vertex -1.50004 37.7764 10.4801
    endloop
  endfacet
  facet normal 1 -0 0
    outer loop
      vertex -1.50004 37.5201 8.21899
      vertex -1.50004 38.4367 7.81632
      vertex -1.50004 37.5423 8.26399
    endloop
  endfacet
  facet normal 1 0 0
    outer loop
      vertex -1.50004 37.1597 9.69203
      vertex -1.50004 37.7764 10.4801
      vertex -1.50004 37.7004 10.5337
    endloop
  endfacet
  facet normal 1 0 0
    outer loop
      vertex -1.50004 38.4367 7.81632
      vertex -1.50004 37.5201 8.21899
      vertex -1.50004 38.3945 7.73344
    endloop
  endfacet
  facet normal 1 -0 0
    outer loop
      vertex -1.50004 37.496 8.175
      vertex -1.50004 38.3945 7.73344
      vertex -1.50004 37.5201 8.21899
    endloop
  endfacet
  facet normal 1 0 0
    outer loop
      vertex -1.50004 38.3945 7.73344
      vertex -1.50004 37.496 8.175
      vertex -1.50004 38.3488 7.65245
    endloop
  endfacet
  facet normal 1 -0 0
    outer loop
      vertex -1.50004 37.4699 8.13211
      vertex -1.50004 38.3488 7.65245
      vertex -1.50004 37.496 8.175
    endloop
  endfacet
  facet normal 1 0 0
    outer loop
      vertex -1.50004 38.3488 7.65245
      vertex -1.50004 37.4699 8.13211
      vertex -1.50004 38.2996 7.57352
    endloop
  endfacet
  facet normal 1 -0 0
    outer loop
      vertex -1.50004 37.4421 8.09039
      vertex -1.50004 38.2996 7.57352
      vertex -1.50004 37.4699 8.13211
    endloop
  endfacet
  facet normal 1 0 0
    outer loop
      vertex -1.50004 38.2996 7.57352
      vertex -1.50004 37.4421 8.09039
      vertex -1.50004 38.247 7.49679
    endloop
  endfacet
  facet normal 1 -0 0
    outer loop
      vertex -1.50004 37.4124 8.04993
      vertex -1.50004 38.247 7.49679
      vertex -1.50004 37.4421 8.09039
    endloop
  endfacet
  facet normal 1 0 0
    outer loop
      vertex -1.50004 38.247 7.49679
      vertex -1.50004 37.4124 8.04993
      vertex -1.50004 38.1912 7.42241
    endloop
  endfacet
  facet normal 1 -0 0
    outer loop
      vertex -1.50004 37.381 8.0108
      vertex -1.50004 38.1912 7.42241
      vertex -1.50004 37.4124 8.04993
    endloop
  endfacet
  facet normal 1 0 0
    outer loop
      vertex -1.50004 38.1912 7.42241
      vertex -1.50004 37.381 8.0108
      vertex -1.50004 38.1322 7.35051
    endloop
  endfacet
  facet normal 1 -0 0
    outer loop
      vertex -1.50004 37.3479 7.97307
      vertex -1.50004 38.1322 7.35051
      vertex -1.50004 37.381 8.0108
    endloop
  endfacet
  facet normal 1 0 0
    outer loop
      vertex -1.50004 38.1322 7.35051
      vertex -1.50004 37.3479 7.97307
      vertex -1.50004 38.0701 7.28123
    endloop
  endfacet
  facet normal 1 -0 0
    outer loop
      vertex -1.50004 37.3132 7.93683
      vertex -1.50004 38.0701 7.28123
      vertex -1.50004 37.3479 7.97307
    endloop
  endfacet
  facet normal 1 0 0
    outer loop
      vertex -1.50004 38.0701 7.28123
      vertex -1.50004 37.3132 7.93683
      vertex -1.50004 38.0051 7.2147
    endloop
  endfacet
  facet normal 1 -0 0
    outer loop
      vertex -1.50004 37.277 7.90213
      vertex -1.50004 38.0051 7.2147
      vertex -1.50004 37.3132 7.93683
    endloop
  endfacet
  facet normal 1 0 0
    outer loop
      vertex -1.50004 38.0051 7.2147
      vertex -1.50004 37.277 7.90213
      vertex -1.50004 37.9373 7.15104
    endloop
  endfacet
  facet normal 1 -0 0
    outer loop
      vertex -1.50004 37.2392 7.86905
      vertex -1.50004 37.9373 7.15104
      vertex -1.50004 37.277 7.90213
    endloop
  endfacet
  facet normal 1 0 0
    outer loop
      vertex -1.50004 37.9373 7.15104
      vertex -1.50004 37.2392 7.86905
      vertex -1.50004 37.8668 7.09037
    endloop
  endfacet
  facet normal 1 -0 0
    outer loop
      vertex -1.50004 37.2001 7.83765
      vertex -1.50004 37.8668 7.09037
      vertex -1.50004 37.2392 7.86905
    endloop
  endfacet
  facet normal 1 0 0
    outer loop
      vertex -1.50004 37.8668 7.09037
      vertex -1.50004 37.2001 7.83765
      vertex -1.50004 37.7938 7.03281
    endloop
  endfacet
  facet normal 1 -0 0
    outer loop
      vertex -1.50004 37.1597 7.80798
      vertex -1.50004 37.7938 7.03281
      vertex -1.50004 37.2001 7.83765
    endloop
  endfacet
  facet normal 1 0 0
    outer loop
      vertex -1.50004 37.7938 7.03281
      vertex -1.50004 37.1597 7.80798
      vertex -1.50004 37.7183 6.97847
    endloop
  endfacet
  facet normal 1 -0 0
    outer loop
      vertex -1.50004 37.1179 7.7801
      vertex -1.50004 37.7183 6.97847
      vertex -1.50004 37.1597 7.80798
    endloop
  endfacet
  facet normal 1 0 0
    outer loop
      vertex -1.50004 37.7183 6.97847
      vertex -1.50004 37.1179 7.7801
      vertex -1.50004 37.6405 6.92744
    endloop
  endfacet
  facet normal 1 -0 0
    outer loop
      vertex -1.50004 37.075 7.75407
      vertex -1.50004 37.6405 6.92744
      vertex -1.50004 37.1179 7.7801
    endloop
  endfacet
  facet normal 1 0 0
    outer loop
      vertex -1.50004 37.6405 6.92744
      vertex -1.50004 37.075 7.75407
      vertex -1.50004 37.5606 6.87981
    endloop
  endfacet
  facet normal 1 -0 0
    outer loop
      vertex -1.50004 37.0311 7.72994
      vertex -1.50004 37.5606 6.87981
      vertex -1.50004 37.075 7.75407
    endloop
  endfacet
  facet normal 1 0 0
    outer loop
      vertex -1.50004 37.5606 6.87981
      vertex -1.50004 37.0311 7.72994
      vertex -1.50004 37.4788 6.83569
    endloop
  endfacet
  facet normal 1 -0 0
    outer loop
      vertex -1.50004 36.9861 7.70775
      vertex -1.50004 37.4788 6.83569
      vertex -1.50004 37.0311 7.72994
    endloop
  endfacet
  facet normal 1 0 0
    outer loop
      vertex -1.50004 37.4788 6.83569
      vertex -1.50004 36.9861 7.70775
      vertex -1.50004 37.3951 6.79515
    endloop
  endfacet
  facet normal 1 -0 0
    outer loop
      vertex -1.50004 36.9401 7.68754
      vertex -1.50004 37.3951 6.79515
      vertex -1.50004 36.9861 7.70775
    endloop
  endfacet
  facet normal 1 0 0
    outer loop
      vertex -1.50004 37.3951 6.79515
      vertex -1.50004 36.9401 7.68754
      vertex -1.50004 37.3097 6.75828
    endloop
  endfacet
  facet normal 1 -0 0
    outer loop
      vertex -1.50004 36.8934 7.66936
      vertex -1.50004 37.3097 6.75828
      vertex -1.50004 36.9401 7.68754
    endloop
  endfacet
  facet normal 1 0 0
    outer loop
      vertex -1.50004 37.3097 6.75828
      vertex -1.50004 36.8934 7.66936
      vertex -1.50004 37.2228 6.72512
    endloop
  endfacet
  facet normal 1 -0 0
    outer loop
      vertex -1.50004 36.8459 7.65323
      vertex -1.50004 37.2228 6.72512
      vertex -1.50004 36.8934 7.66936
    endloop
  endfacet
  facet normal 1 0 0
    outer loop
      vertex -1.50004 37.2228 6.72512
      vertex -1.50004 36.8459 7.65323
      vertex -1.50004 37.1345 6.69576
    endloop
  endfacet
  facet normal 1 -0 0
    outer loop
      vertex -1.50004 36.7977 7.63919
      vertex -1.50004 37.1345 6.69576
      vertex -1.50004 36.8459 7.65323
    endloop
  endfacet
  facet normal 1 0 0
    outer loop
      vertex -1.50004 37.1345 6.69576
      vertex -1.50004 36.7977 7.63919
      vertex -1.50004 37.0451 6.67024
    endloop
  endfacet
  facet normal 1 -0 0
    outer loop
      vertex -1.50004 36.7489 7.62726
      vertex -1.50004 37.0451 6.67024
      vertex -1.50004 36.7977 7.63919
    endloop
  endfacet
  facet normal 1 0 0
    outer loop
      vertex -1.50004 37.0451 6.67024
      vertex -1.50004 36.7489 7.62726
      vertex -1.50004 36.9546 6.64861
    endloop
  endfacet
  facet normal 1 -0 0
    outer loop
      vertex -1.50004 36.6997 7.61747
      vertex -1.50004 36.9546 6.64861
      vertex -1.50004 36.7489 7.62726
    endloop
  endfacet
  facet normal 1 0 0
    outer loop
      vertex -1.50004 36.9546 6.64861
      vertex -1.50004 36.6997 7.61747
      vertex -1.50004 36.8633 6.63092
    endloop
  endfacet
  facet normal 1 -0 0
    outer loop
      vertex -1.50004 36.6501 7.60984
      vertex -1.50004 36.8633 6.63092
      vertex -1.50004 36.6997 7.61747
    endloop
  endfacet
  facet normal 1 0 0
    outer loop
      vertex -1.50004 36.8633 6.63092
      vertex -1.50004 36.6501 7.60984
      vertex -1.50004 36.7713 6.61719
    endloop
  endfacet
  facet normal 1 -0 0
    outer loop
      vertex -1.50004 36.6003 7.60438
      vertex -1.50004 36.7713 6.61719
      vertex -1.50004 36.6501 7.60984
    endloop
  endfacet
  facet normal 1 0 0
    outer loop
      vertex -1.50004 36.7713 6.61719
      vertex -1.50004 36.6003 7.60438
      vertex -1.50004 36.6788 6.60745
    endloop
  endfacet
  facet normal 1 -0 0
    outer loop
      vertex -1.50004 36.5502 7.6011
      vertex -1.50004 36.6788 6.60745
      vertex -1.50004 36.6003 7.60438
    endloop
  endfacet
  facet normal 1 0 0
    outer loop
      vertex -1.50004 36.6788 6.60745
      vertex -1.50004 36.5502 7.6011
      vertex -1.50004 36.586 6.60172
    endloop
  endfacet
  facet normal 1 -0 0
    outer loop
      vertex -1.50004 36.5 7.6
      vertex -1.50004 36.586 6.60172
      vertex -1.50004 36.5502 7.6011
    endloop
  endfacet
  facet normal 1 0 0
    outer loop
      vertex -1.50004 36.5 7.6
      vertex -1.50004 36.493 6.60001
      vertex -1.50004 36.586 6.60172
    endloop
  endfacet
  facet normal 1 0 0
    outer loop
      vertex -1.50004 36.4499 7.6011
      vertex -1.50004 36.493 6.60001
      vertex -1.50004 36.5 7.6
    endloop
  endfacet
  facet normal 1 0 0
    outer loop
      vertex -1.50004 36.4499 7.6011
      vertex -1.50004 36.4 6.60233
      vertex -1.50004 36.493 6.60001
    endloop
  endfacet
  facet normal 1 0 0
    outer loop
      vertex -1.50004 36.3998 7.60438
      vertex -1.50004 36.4 6.60233
      vertex -1.50004 36.4499 7.6011
    endloop
  endfacet
  facet normal 1 0 0
    outer loop
      vertex -1.50004 36.3499 7.60984
      vertex -1.50004 36.4 6.60233
      vertex -1.50004 36.3998 7.60438
    endloop
  endfacet
  facet normal 1 0 0
    outer loop
      vertex -1.50004 36.3003 7.61747
      vertex -1.50004 36.4 6.60233
      vertex -1.50004 36.3499 7.60984
    endloop
  endfacet
  facet normal 1 0 0
    outer loop
      vertex -1.50004 36.2511 7.62726
      vertex -1.50004 36.4 6.60233
      vertex -1.50004 36.3003 7.61747
    endloop
  endfacet
  facet normal 1 0 0
    outer loop
      vertex -1.50004 36.2024 7.63919
      vertex -1.50004 36.4 6.60233
      vertex -1.50004 36.2511 7.62726
    endloop
  endfacet
  facet normal 1 0 0
    outer loop
      vertex -1.50004 36.4 6.60233
      vertex -1.50004 36.2099 6.49064
      vertex -1.50004 36.4 6.49889
    endloop
  endfacet
  facet normal 1 0 0
    outer loop
      vertex -1.50004 36.0202 6.47435
      vertex -1.50004 36.4 6.60233
      vertex -1.50004 36.2024 7.63919
    endloop
  endfacet
  facet normal 1 0 0
    outer loop
      vertex -1.50004 36.0202 6.47435
      vertex -1.50004 36.2024 7.63919
      vertex -1.50004 36.1542 7.65323
    endloop
  endfacet
  facet normal 1 0 0
    outer loop
      vertex -1.50004 36.0202 6.47435
      vertex -1.50004 36.1542 7.65323
      vertex -1.50004 36.1067 7.66936
    endloop
  endfacet
  facet normal 1 0 0
    outer loop
      vertex -1.50004 36.0202 6.47435
      vertex -1.50004 36.1067 7.66936
      vertex -1.50004 36.06 7.68754
    endloop
  endfacet
  facet normal 1 0 0
    outer loop
      vertex -1.50004 36.4 6.60233
      vertex -1.50004 36.0202 6.47435
      vertex -1.50004 36.2099 6.49064
    endloop
  endfacet
  facet normal 1 0 0
    outer loop
      vertex -1.50004 35.8314 6.45005
      vertex -1.50004 36.06 7.68754
      vertex -1.50004 36.014 7.70775
    endloop
  endfacet
  facet normal 1 0 0
    outer loop
      vertex -1.50004 35.8314 6.45005
      vertex -1.50004 36.014 7.70775
      vertex -1.50004 35.969 7.72994
    endloop
  endfacet
  facet normal 1 0 0
    outer loop
      vertex -1.50004 35.6438 6.41779
      vertex -1.50004 35.969 7.72994
      vertex -1.50004 35.925 7.75407
    endloop
  endfacet
  facet normal 1 0 0
    outer loop
      vertex -1.50004 35.6438 6.41779
      vertex -1.50004 35.925 7.75407
      vertex -1.50004 35.8821 7.7801
    endloop
  endfacet
  facet normal 1 0 0
    outer loop
      vertex -1.50004 35.6438 6.41779
      vertex -1.50004 35.8821 7.7801
      vertex -1.50004 35.8404 7.80798
    endloop
  endfacet
  facet normal 1 0 0
    outer loop
      vertex -1.50004 36.06 7.68754
      vertex -1.50004 35.8314 6.45005
      vertex -1.50004 36.0202 6.47435
    endloop
  endfacet
  facet normal 1 0 0
    outer loop
      vertex -1.50004 35.4577 6.37763
      vertex -1.50004 35.8404 7.80798
      vertex -1.50004 35.8 7.83765
    endloop
  endfacet
  facet normal 1 0 0
    outer loop
      vertex -1.50004 35.4577 6.37763
      vertex -1.50004 35.8 7.83765
      vertex -1.50004 35.7608 7.86905
    endloop
  endfacet
  facet normal 1 0 0
    outer loop
      vertex -1.50004 34.35 7.00275
      vertex -1.50004 35.7608 7.86905
      vertex -1.50004 35.7231 7.90213
    endloop
  endfacet
  facet normal 1 0 0
    outer loop
      vertex -1.50004 34.35 7.00275
      vertex -1.50004 35.7231 7.90213
      vertex -1.50004 35.6869 7.93683
    endloop
  endfacet
  facet normal 1 0 0
    outer loop
      vertex -1.50004 34.35 7.00275
      vertex -1.50004 35.6869 7.93683
      vertex -1.50004 35.6522 7.97307
    endloop
  endfacet
  facet normal 1 0 0
    outer loop
      vertex -1.50004 35.969 7.72994
      vertex -1.50004 35.6438 6.41779
      vertex -1.50004 35.8314 6.45005
    endloop
  endfacet
  facet normal 1 0 0
    outer loop
      vertex -1.50004 34.35 7.00275
      vertex -1.50004 35.6522 7.97307
      vertex -1.50004 35.6191 8.0108
    endloop
  endfacet
  facet normal 1 0 0
    outer loop
      vertex -1.50004 34.35 7.00275
      vertex -1.50004 35.6191 8.0108
      vertex -1.50004 35.5877 8.04993
    endloop
  endfacet
  facet normal 1 0 0
    outer loop
      vertex -1.50004 34.35 7.00275
      vertex -1.50004 35.5877 8.04993
      vertex -1.50004 35.558 8.09039
    endloop
  endfacet
  facet normal 1 0 0
    outer loop
      vertex -1.50004 34.35 7.00275
      vertex -1.50004 35.558 8.09039
      vertex -1.50004 35.5301 8.13211
    endloop
  endfacet
  facet normal 1 0 0
    outer loop
      vertex -1.50004 34.35 7.00275
      vertex -1.50004 35.5301 8.13211
      vertex -1.50004 35.5041 8.175
    endloop
  endfacet
  facet normal 1 0 0
    outer loop
      vertex -1.50004 34.35 7.00275
      vertex -1.50004 35.5041 8.175
      vertex -1.50004 35.48 8.21899
    endloop
  endfacet
  facet normal 1 0 0
    outer loop
      vertex -1.50004 34.35 7.00275
      vertex -1.50004 35.48 8.21899
      vertex -1.50004 35.4578 8.26399
    endloop
  endfacet
  facet normal 1 0 0
    outer loop
      vertex -1.50004 35.8404 7.80798
      vertex -1.50004 35.4577 6.37763
      vertex -1.50004 35.6438 6.41779
    endloop
  endfacet
  facet normal 1 0 0
    outer loop
      vertex -1.50004 34.35 8.75
      vertex -1.50004 35.4578 8.26399
      vertex -1.50004 35.4376 8.30992
    endloop
  endfacet
  facet normal 1 0 0
    outer loop
      vertex -1.50004 34.35 8.75
      vertex -1.50004 35.4376 8.30992
      vertex -1.50004 35.4194 8.35668
    endloop
  endfacet
  facet normal 1 0 0
    outer loop
      vertex -1.50004 34.35 8.75
      vertex -1.50004 35.4194 8.35668
      vertex -1.50004 35.4033 8.40419
    endloop
  endfacet
  facet normal 1 0 0
    outer loop
      vertex -1.50004 34.35 8.75
      vertex -1.50004 35.4033 8.40419
      vertex -1.50004 35.3892 8.45236
    endloop
  endfacet
  facet normal 1 0 0
    outer loop
      vertex -1.50004 34.35 8.75
      vertex -1.50004 35.3892 8.45236
      vertex -1.50004 35.3773 8.5011
    endloop
  endfacet
  facet normal 1 0 0
    outer loop
      vertex -1.50004 34.35 8.75
      vertex -1.50004 35.3773 8.5011
      vertex -1.50004 35.3675 8.55031
    endloop
  endfacet
  facet normal 1 0 0
    outer loop
      vertex -1.50004 34.35 8.75
      vertex -1.50004 35.3675 8.55031
      vertex -1.50004 35.3599 8.5999
    endloop
  endfacet
  facet normal 1 0 0
    outer loop
      vertex -1.50004 34.35 8.75
      vertex -1.50004 35.3599 8.5999
      vertex -1.50004 35.3544 8.64977
    endloop
  endfacet
  facet normal 1 0 0
    outer loop
      vertex -1.50004 34.35 8.75
      vertex -1.50004 35.3544 8.64977
      vertex -1.50004 35.3511 8.69984
    endloop
  endfacet
  facet normal 1 0 0
    outer loop
      vertex -1.50004 35.7608 7.86905
      vertex -1.50004 34.35 7.00275
      vertex -1.50004 35.4577 6.37763
    endloop
  endfacet
  facet normal 1 -0 0
    outer loop
      vertex -1.50004 34.35 8.75
      vertex -1.50004 35.3511 8.69984
      vertex -1.50004 35.35 8.75
    endloop
  endfacet
  facet normal 1 -0 0
    outer loop
      vertex -1.50004 34.5889 9.73498
      vertex -1.50004 35.48 9.28101
      vertex -1.50004 34.6333 9.81672
    endloop
  endfacet
  facet normal 1 0 0
    outer loop
      vertex -1.50004 35.48 9.28101
      vertex -1.50004 34.5889 9.73498
      vertex -1.50004 35.4578 9.23601
    endloop
  endfacet
  facet normal 1 -0 0
    outer loop
      vertex -1.50004 34.5481 9.65141
      vertex -1.50004 35.4578 9.23601
      vertex -1.50004 34.5889 9.73498
    endloop
  endfacet
  facet normal 1 0 0
    outer loop
      vertex -1.50004 35.4578 9.23601
      vertex -1.50004 34.5481 9.65141
      vertex -1.50004 35.4376 9.19009
    endloop
  endfacet
  facet normal 1 0 0
    outer loop
      vertex -1.50004 35.4578 8.26399
      vertex -1.50004 34.35 8.75
      vertex -1.50004 34.35 7.00275
    endloop
  endfacet
  facet normal 1 -0 0
    outer loop
      vertex -1.50004 34.511 9.56615
      vertex -1.50004 35.4376 9.19009
      vertex -1.50004 34.5481 9.65141
    endloop
  endfacet
  facet normal 1 0 0
    outer loop
      vertex -1.50004 35.4376 9.19009
      vertex -1.50004 34.511 9.56615
      vertex -1.50004 35.4194 9.14333
    endloop
  endfacet
  facet normal 1 0 0
    outer loop
      vertex -1.50004 35.4577 6.37763
      vertex -1.50004 34.35 7.00275
      vertex -1.50004 35.2735 6.32963
    endloop
  endfacet
  facet normal 1 -0 0
    outer loop
      vertex -1.50004 34.4775 9.47936
      vertex -1.50004 35.4194 9.14333
      vertex -1.50004 34.511 9.56615
    endloop
  endfacet
  facet normal 1 0 0
    outer loop
      vertex -1.50004 35.4194 9.14333
      vertex -1.50004 34.4775 9.47936
      vertex -1.50004 35.4033 9.09581
    endloop
  endfacet
  facet normal 1 -0 0
    outer loop
      vertex -1.50004 34.4479 9.3912
      vertex -1.50004 35.4033 9.09581
      vertex -1.50004 34.4775 9.47936
    endloop
  endfacet
  facet normal 1 -0 0
    outer loop
      vertex -1.50004 34.3483 6.91913
      vertex -1.50004 35.2735 6.32963
      vertex -1.50004 34.35 7.00275
    endloop
  endfacet
  facet normal 1 0 0
    outer loop
      vertex -1.50004 35.4033 9.09581
      vertex -1.50004 34.4479 9.3912
      vertex -1.50004 35.3892 9.04764
    endloop
  endfacet
  facet normal 1 -0 0
    outer loop
      vertex -1.50004 34.4221 9.30185
      vertex -1.50004 35.3892 9.04764
      vertex -1.50004 34.4479 9.3912
    endloop
  endfacet
  facet normal 1 0 0
    outer loop
      vertex -1.50004 35.3892 9.04764
      vertex -1.50004 34.4221 9.30185
      vertex -1.50004 35.3773 8.99891
    endloop
  endfacet
  facet normal 1 -0 0
    outer loop
      vertex -1.50004 34.4001 9.21146
      vertex -1.50004 35.3773 8.99891
      vertex -1.50004 34.4221 9.30185
    endloop
  endfacet
  facet normal 1 0 0
    outer loop
      vertex -1.50004 35.2735 6.32963
      vertex -1.50004 34.3483 6.91913
      vertex -1.50004 35.0915 6.27389
    endloop
  endfacet
  facet normal 1 0 0
    outer loop
      vertex -1.50004 35.3773 8.99891
      vertex -1.50004 34.4001 9.21146
      vertex -1.50004 35.3675 8.9497
    endloop
  endfacet
  facet normal 1 -0 0
    outer loop
      vertex -1.50004 34.3822 9.12021
      vertex -1.50004 35.3675 8.9497
      vertex -1.50004 34.4001 9.21146
    endloop
  endfacet
  facet normal 1 0 0
    outer loop
      vertex -1.50004 35.3675 8.9497
      vertex -1.50004 34.3822 9.12021
      vertex -1.50004 35.3599 8.90011
    endloop
  endfacet
  facet normal 1 -0 0
    outer loop
      vertex -1.50004 34.3681 9.02827
      vertex -1.50004 35.3599 8.90011
      vertex -1.50004 34.3822 9.12021
    endloop
  endfacet
  facet normal 1 0 0
    outer loop
      vertex -1.50004 35.3599 8.90011
      vertex -1.50004 34.3681 9.02827
      vertex -1.50004 35.3544 8.85023
    endloop
  endfacet
  facet normal 1 -0 0
    outer loop
      vertex -1.50004 34.3581 8.9358
      vertex -1.50004 35.3544 8.85023
      vertex -1.50004 34.3681 9.02827
    endloop
  endfacet
  facet normal 1 -0 0
    outer loop
      vertex -1.50004 34.343 6.83565
      vertex -1.50004 35.0915 6.27389
      vertex -1.50004 34.3483 6.91913
    endloop
  endfacet
  facet normal 1 0 0
    outer loop
      vertex -1.50004 35.3544 8.85023
      vertex -1.50004 34.3581 8.9358
      vertex -1.50004 35.3511 8.80016
    endloop
  endfacet
  facet normal 1 -0 0
    outer loop
      vertex -1.50004 34.3521 8.84299
      vertex -1.50004 35.3511 8.80016
      vertex -1.50004 34.3581 8.9358
    endloop
  endfacet
  facet normal 1 0 0
    outer loop
      vertex -1.50004 35.3511 8.80016
      vertex -1.50004 34.3521 8.84299
      vertex -1.50004 35.35 8.75
    endloop
  endfacet
  facet normal 1 0 0
    outer loop
      vertex -1.50004 35.35 8.75
      vertex -1.50004 34.3521 8.84299
      vertex -1.50004 34.35 8.75
    endloop
  endfacet
  facet normal 1 -0 0
    outer loop
      vertex -1.50004 34.3343 6.75247
      vertex -1.50004 35.0915 6.27389
      vertex -1.50004 34.343 6.83565
    endloop
  endfacet
  facet normal 1 0 0
    outer loop
      vertex -1.50004 35.0915 6.27389
      vertex -1.50004 34.3343 6.75247
      vertex -1.50004 34.912 6.2105
    endloop
  endfacet
  facet normal 1 -0 0
    outer loop
      vertex -1.50004 34.3221 6.66972
      vertex -1.50004 34.912 6.2105
      vertex -1.50004 34.3343 6.75247
    endloop
  endfacet
  facet normal 1 -0 0
    outer loop
      vertex -1.50004 34.3065 6.58756
      vertex -1.50004 34.912 6.2105
      vertex -1.50004 34.3221 6.66972
    endloop
  endfacet
  facet normal 1 0 0
    outer loop
      vertex -1.50004 34.912 6.2105
      vertex -1.50004 34.3065 6.58756
      vertex -1.50004 34.7354 6.13957
    endloop
  endfacet
  facet normal 1 -0 0
    outer loop
      vertex -1.50004 34.2874 6.50612
      vertex -1.50004 34.7354 6.13957
      vertex -1.50004 34.3065 6.58756
    endloop
  endfacet
  facet normal 1 -0 0
    outer loop
      vertex -1.50004 34.2649 6.42555
      vertex -1.50004 34.7354 6.13957
      vertex -1.50004 34.2874 6.50612
    endloop
  endfacet
  facet normal 1 0 0
    outer loop
      vertex -1.50004 34.7354 6.13957
      vertex -1.50004 34.2649 6.42555
      vertex -1.50004 34.5619 6.06124
    endloop
  endfacet
  facet normal 1 -0 0
    outer loop
      vertex -1.50004 34.2391 6.34599
      vertex -1.50004 34.5619 6.06124
      vertex -1.50004 34.2649 6.42555
    endloop
  endfacet
  facet normal 1 -0 0
    outer loop
      vertex -1.50004 34.21 6.26758
      vertex -1.50004 34.5619 6.06124
      vertex -1.50004 34.2391 6.34599
    endloop
  endfacet
  facet normal 1 0 0
    outer loop
      vertex -1.50004 34.5619 6.06124
      vertex -1.50004 34.21 6.26758
      vertex -1.50004 34.3919 5.97564
    endloop
  endfacet
  facet normal 1 -0 0
    outer loop
      vertex -1.50004 34.1777 6.19045
      vertex -1.50004 34.3919 5.97564
      vertex -1.50004 34.21 6.26758
    endloop
  endfacet
  facet normal 1 -0 0
    outer loop
      vertex -1.50004 34.1421 6.11475
      vertex -1.50004 34.3919 5.97564
      vertex -1.50004 34.1777 6.19045
    endloop
  endfacet
  facet normal 1 0 0
    outer loop
      vertex -1.50004 34.3919 5.97564
      vertex -1.50004 34.1421 6.11475
      vertex -1.50004 34.2256 5.88293
    endloop
  endfacet
  facet normal 1 -0 0
    outer loop
      vertex -1.50004 34.1034 6.04059
      vertex -1.50004 34.2256 5.88293
      vertex -1.50004 34.1421 6.11475
    endloop
  endfacet
  facet normal 1 -0 0
    outer loop
      vertex -1.50004 34.0616 5.96812
      vertex -1.50004 34.2256 5.88293
      vertex -1.50004 34.1034 6.04059
    endloop
  endfacet
  facet normal 1 -0 0
    outer loop
      vertex -1.50004 34.0169 5.89747
      vertex -1.50004 34.2256 5.88293
      vertex -1.50004 34.0616 5.96812
    endloop
  endfacet
  facet normal 1 0 0
    outer loop
      vertex -1.50004 34.2256 5.88293
      vertex -1.50004 34.0169 5.89747
      vertex -1.50004 34.0635 5.78327
    endloop
  endfacet
  facet normal 1 -0 0
    outer loop
      vertex -1.50004 33.9692 5.82874
      vertex -1.50004 34.0635 5.78327
      vertex -1.50004 34.0169 5.89747
    endloop
  endfacet
  facet normal 1 0 0
    outer loop
      vertex -1.50004 33.9187 5.76207
      vertex -1.50004 34.0635 5.78327
      vertex -1.50004 33.9692 5.82874
    endloop
  endfacet
  facet normal 1 -0 0
    outer loop
      vertex -1.50004 33.9187 5.76207
      vertex -1.50004 33.9056 5.67684
      vertex -1.50004 34.0635 5.78327
    endloop
  endfacet
  facet normal 1 -0 0
    outer loop
      vertex -1.50004 33.9 5.73939
      vertex -1.50004 33.9056 5.67684
      vertex -1.50004 33.9187 5.76207
    endloop
  endfacet
  facet normal 1 0 0
    outer loop
      vertex -1.50004 33.9056 5.67684
      vertex -1.50004 33.9 5.73939
      vertex -1.50004 33.9 5.67271
    endloop
  endfacet
  facet normal 0 0.0217513 -0.999763
    outer loop
      vertex -3.50004 36.4499 9.89891
      vertex -1.50004 36.5 9.9
      vertex -1.50004 36.4499 9.89891
    endloop
  endfacet
  facet normal 0 0.0217513 -0.999763
    outer loop
      vertex -1.50004 36.5 9.9
      vertex -3.50004 36.4499 9.89891
      vertex -3.50004 36.5 9.9
    endloop
  endfacet
  facet normal 0 0.0653292 -0.997864
    outer loop
      vertex -3.50004 36.3998 9.89563
      vertex -1.50004 36.4499 9.89891
      vertex -1.50004 36.3998 9.89563
    endloop
  endfacet
  facet normal 0 0.0653292 -0.997864
    outer loop
      vertex -1.50004 36.4499 9.89891
      vertex -3.50004 36.3998 9.89563
      vertex -3.50004 36.4499 9.89891
    endloop
  endfacet
  facet normal 0 0.108967 -0.994045
    outer loop
      vertex -3.50004 36.3499 9.89016
      vertex -1.50004 36.3998 9.89563
      vertex -1.50004 36.3499 9.89016
    endloop
  endfacet
  facet normal 0 0.108967 -0.994045
    outer loop
      vertex -1.50004 36.3998 9.89563
      vertex -3.50004 36.3499 9.89016
      vertex -3.50004 36.3998 9.89563
    endloop
  endfacet
  facet normal 0 0.152042 -0.988374
    outer loop
      vertex -3.50004 36.3003 9.88253
      vertex -1.50004 36.3499 9.89016
      vertex -1.50004 36.3003 9.88253
    endloop
  endfacet
  facet normal 0 0.152042 -0.988374
    outer loop
      vertex -1.50004 36.3499 9.89016
      vertex -3.50004 36.3003 9.88253
      vertex -3.50004 36.3499 9.89016
    endloop
  endfacet
  facet normal 0 0.195158 -0.980772
    outer loop
      vertex -3.50004 36.2511 9.87274
      vertex -1.50004 36.3003 9.88253
      vertex -1.50004 36.2511 9.87274
    endloop
  endfacet
  facet normal 0 0.195158 -0.980772
    outer loop
      vertex -1.50004 36.3003 9.88253
      vertex -3.50004 36.2511 9.87274
      vertex -3.50004 36.3003 9.88253
    endloop
  endfacet
  facet normal 0 0.237746 -0.971327
    outer loop
      vertex -3.50004 36.2024 9.86082
      vertex -1.50004 36.2511 9.87274
      vertex -1.50004 36.2024 9.86082
    endloop
  endfacet
  facet normal 0 0.237746 -0.971327
    outer loop
      vertex -1.50004 36.2511 9.87274
      vertex -3.50004 36.2024 9.86082
      vertex -3.50004 36.2511 9.87274
    endloop
  endfacet
  facet normal 0 0.279663 -0.960098
    outer loop
      vertex -3.50004 36.1542 9.84678
      vertex -1.50004 36.2024 9.86082
      vertex -1.50004 36.1542 9.84678
    endloop
  endfacet
  facet normal 0 0.279663 -0.960098
    outer loop
      vertex -1.50004 36.2024 9.86082
      vertex -3.50004 36.1542 9.84678
      vertex -3.50004 36.2024 9.86082
    endloop
  endfacet
  facet normal 0 0.321545 -0.946894
    outer loop
      vertex -3.50004 36.1067 9.83065
      vertex -1.50004 36.1542 9.84678
      vertex -1.50004 36.1067 9.83065
    endloop
  endfacet
  facet normal 0 0.321545 -0.946894
    outer loop
      vertex -1.50004 36.1542 9.84678
      vertex -3.50004 36.1067 9.83065
      vertex -3.50004 36.1542 9.84678
    endloop
  endfacet
  facet normal 0 0.362947 -0.93181
    outer loop
      vertex -3.50004 36.06 9.81246
      vertex -1.50004 36.1067 9.83065
      vertex -1.50004 36.06 9.81246
    endloop
  endfacet
  facet normal 0 0.362947 -0.93181
    outer loop
      vertex -1.50004 36.1067 9.83065
      vertex -3.50004 36.06 9.81246
      vertex -3.50004 36.1067 9.83065
    endloop
  endfacet
  facet normal 0 0.402071 -0.915608
    outer loop
      vertex -3.50004 36.014 9.79226
      vertex -1.50004 36.06 9.81246
      vertex -1.50004 36.014 9.79226
    endloop
  endfacet
  facet normal 0 0.402071 -0.915608
    outer loop
      vertex -1.50004 36.06 9.81246
      vertex -3.50004 36.014 9.79226
      vertex -3.50004 36.06 9.81246
    endloop
  endfacet
  facet normal 0 0.442424 -0.896806
    outer loop
      vertex -3.50004 35.969 9.77006
      vertex -1.50004 36.014 9.79226
      vertex -1.50004 35.969 9.77006
    endloop
  endfacet
  facet normal 0 0.442424 -0.896806
    outer loop
      vertex -1.50004 36.014 9.79226
      vertex -3.50004 35.969 9.77006
      vertex -3.50004 36.014 9.79226
    endloop
  endfacet
  facet normal 0 0.480847 -0.876804
    outer loop
      vertex -3.50004 35.925 9.74593
      vertex -1.50004 35.969 9.77006
      vertex -1.50004 35.925 9.74593
    endloop
  endfacet
  facet normal 0 0.480847 -0.876804
    outer loop
      vertex -1.50004 35.969 9.77006
      vertex -3.50004 35.925 9.74593
      vertex -3.50004 35.969 9.77006
    endloop
  endfacet
  facet normal 0 0.518739 -0.854933
    outer loop
      vertex -3.50004 35.8821 9.7199
      vertex -1.50004 35.925 9.74593
      vertex -1.50004 35.8821 9.7199
    endloop
  endfacet
  facet normal 0 0.518739 -0.854933
    outer loop
      vertex -1.50004 35.925 9.74593
      vertex -3.50004 35.8821 9.7199
      vertex -3.50004 35.925 9.74593
    endloop
  endfacet
  facet normal 0 0.555666 -0.831406
    outer loop
      vertex -3.50004 35.8404 9.69203
      vertex -1.50004 35.8821 9.7199
      vertex -1.50004 35.8404 9.69203
    endloop
  endfacet
  facet normal 0 0.555666 -0.831406
    outer loop
      vertex -1.50004 35.8821 9.7199
      vertex -3.50004 35.8404 9.69203
      vertex -3.50004 35.8821 9.7199
    endloop
  endfacet
  facet normal 0 0.591926 -0.805993
    outer loop
      vertex -3.50004 35.8 9.66236
      vertex -1.50004 35.8404 9.69203
      vertex -1.50004 35.8 9.66236
    endloop
  endfacet
  facet normal 0 0.591926 -0.805993
    outer loop
      vertex -1.50004 35.8404 9.69203
      vertex -3.50004 35.8 9.66236
      vertex -3.50004 35.8404 9.69203
    endloop
  endfacet
  facet normal 0 0.625302 -0.780383
    outer loop
      vertex -3.50004 35.7608 9.63095
      vertex -1.50004 35.8 9.66236
      vertex -1.50004 35.7608 9.63095
    endloop
  endfacet
  facet normal 0 0.625302 -0.780383
    outer loop
      vertex -1.50004 35.8 9.66236
      vertex -3.50004 35.7608 9.63095
      vertex -3.50004 35.8 9.66236
    endloop
  endfacet
  facet normal 0 0.659549 -0.751662
    outer loop
      vertex -3.50004 35.7231 9.59787
      vertex -1.50004 35.7608 9.63095
      vertex -1.50004 35.7231 9.59787
    endloop
  endfacet
  facet normal 0 0.659549 -0.751662
    outer loop
      vertex -1.50004 35.7608 9.63095
      vertex -3.50004 35.7231 9.59787
      vertex -3.50004 35.7608 9.63095
    endloop
  endfacet
  facet normal 0 0.691888 -0.722005
    outer loop
      vertex -3.50004 35.6869 9.56318
      vertex -1.50004 35.7231 9.59787
      vertex -1.50004 35.6869 9.56318
    endloop
  endfacet
  facet normal 0 0.691888 -0.722005
    outer loop
      vertex -1.50004 35.7231 9.59787
      vertex -3.50004 35.6869 9.56318
      vertex -3.50004 35.7231 9.59787
    endloop
  endfacet
  facet normal 0 0.722382 -0.691494
    outer loop
      vertex -1.50004 35.6522 9.52693
      vertex -3.50004 35.6869 9.56318
      vertex -1.50004 35.6869 9.56318
    endloop
  endfacet
  facet normal 0 0.722382 -0.691494
    outer loop
      vertex -3.50004 35.6869 9.56318
      vertex -1.50004 35.6522 9.52693
      vertex -3.50004 35.6522 9.52693
    endloop
  endfacet
  facet normal 0 0.751638 -0.659576
    outer loop
      vertex -1.50004 35.6191 9.48921
      vertex -3.50004 35.6522 9.52693
      vertex -1.50004 35.6522 9.52693
    endloop
  endfacet
  facet normal 0 0.751638 -0.659576
    outer loop
      vertex -3.50004 35.6522 9.52693
      vertex -1.50004 35.6191 9.48921
      vertex -3.50004 35.6191 9.48921
    endloop
  endfacet
  facet normal 0 0.779935 -0.625861
    outer loop
      vertex -1.50004 35.5877 9.45008
      vertex -3.50004 35.6191 9.48921
      vertex -1.50004 35.6191 9.48921
    endloop
  endfacet
  facet normal 0 0.779935 -0.625861
    outer loop
      vertex -3.50004 35.6191 9.48921
      vertex -1.50004 35.5877 9.45008
      vertex -3.50004 35.5877 9.45008
    endloop
  endfacet
  facet normal 0 0.806196 -0.591649
    outer loop
      vertex -1.50004 35.558 9.40961
      vertex -3.50004 35.5877 9.45008
      vertex -1.50004 35.5877 9.45008
    endloop
  endfacet
  facet normal 0 0.806196 -0.591649
    outer loop
      vertex -3.50004 35.5877 9.45008
      vertex -1.50004 35.558 9.40961
      vertex -3.50004 35.558 9.40961
    endloop
  endfacet
  facet normal 0 0.831191 -0.555987
    outer loop
      vertex -1.50004 35.5301 9.3679
      vertex -3.50004 35.558 9.40961
      vertex -1.50004 35.558 9.40961
    endloop
  endfacet
  facet normal 0 0.831191 -0.555987
    outer loop
      vertex -3.50004 35.558 9.40961
      vertex -1.50004 35.5301 9.3679
      vertex -3.50004 35.5301 9.3679
    endloop
  endfacet
  facet normal 0 0.855198 -0.518302
    outer loop
      vertex -1.50004 35.5041 9.325
      vertex -3.50004 35.5301 9.3679
      vertex -1.50004 35.5301 9.3679
    endloop
  endfacet
  facet normal 0 0.855198 -0.518302
    outer loop
      vertex -3.50004 35.5301 9.3679
      vertex -1.50004 35.5041 9.325
      vertex -3.50004 35.5041 9.325
    endloop
  endfacet
  facet normal 0 0.87701 -0.480472
    outer loop
      vertex -1.50004 35.48 9.28101
      vertex -3.50004 35.5041 9.325
      vertex -1.50004 35.5041 9.325
    endloop
  endfacet
  facet normal 0 0.87701 -0.480472
    outer loop
      vertex -3.50004 35.5041 9.325
      vertex -1.50004 35.48 9.28101
      vertex -3.50004 35.48 9.28101
    endloop
  endfacet
  facet normal 0 0.896806 -0.442424
    outer loop
      vertex -1.50004 35.4578 9.23601
      vertex -3.50004 35.48 9.28101
      vertex -1.50004 35.48 9.28101
    endloop
  endfacet
  facet normal 0 0.896806 -0.442424
    outer loop
      vertex -3.50004 35.48 9.28101
      vertex -1.50004 35.4578 9.23601
      vertex -3.50004 35.4578 9.23601
    endloop
  endfacet
  facet normal 0 0.91535 -0.402658
    outer loop
      vertex -1.50004 35.4376 9.19009
      vertex -3.50004 35.4578 9.23601
      vertex -1.50004 35.4578 9.23601
    endloop
  endfacet
  facet normal 0 0.91535 -0.402658
    outer loop
      vertex -3.50004 35.4578 9.23601
      vertex -1.50004 35.4376 9.19009
      vertex -3.50004 35.4376 9.19009
    endloop
  endfacet
  facet normal 0 0.9319 -0.362716
    outer loop
      vertex -1.50004 35.4194 9.14333
      vertex -3.50004 35.4376 9.19009
      vertex -1.50004 35.4376 9.19009
    endloop
  endfacet
  facet normal 0 0.9319 -0.362716
    outer loop
      vertex -3.50004 35.4376 9.19009
      vertex -1.50004 35.4194 9.14333
      vertex -3.50004 35.4194 9.14333
    endloop
  endfacet
  facet normal 0 0.947117 -0.320888
    outer loop
      vertex -1.50004 35.4033 9.09581
      vertex -3.50004 35.4194 9.14333
      vertex -1.50004 35.4194 9.14333
    endloop
  endfacet
  facet normal 0 0.947117 -0.320888
    outer loop
      vertex -3.50004 35.4194 9.14333
      vertex -1.50004 35.4033 9.09581
      vertex -3.50004 35.4033 9.09581
    endloop
  endfacet
  facet normal 0 0.95973 -0.280926
    outer loop
      vertex -1.50004 35.3892 9.04764
      vertex -3.50004 35.4033 9.09581
      vertex -1.50004 35.4033 9.09581
    endloop
  endfacet
  facet normal 0 0.95973 -0.280926
    outer loop
      vertex -3.50004 35.4033 9.09581
      vertex -1.50004 35.3892 9.04764
      vertex -3.50004 35.3892 9.04764
    endloop
  endfacet
  facet normal 0 0.971453 -0.237232
    outer loop
      vertex -1.50004 35.3773 8.99891
      vertex -3.50004 35.3892 9.04764
      vertex -1.50004 35.3892 9.04764
    endloop
  endfacet
  facet normal 0 0.971453 -0.237232
    outer loop
      vertex -3.50004 35.3892 9.04764
      vertex -1.50004 35.3773 8.99891
      vertex -3.50004 35.3773 8.99891
    endloop
  endfacet
  facet normal 0 0.980741 -0.195311
    outer loop
      vertex -1.50004 35.3675 8.9497
      vertex -3.50004 35.3773 8.99891
      vertex -1.50004 35.3773 8.99891
    endloop
  endfacet
  facet normal 0 0.980741 -0.195311
    outer loop
      vertex -3.50004 35.3773 8.99891
      vertex -1.50004 35.3675 8.9497
      vertex -3.50004 35.3675 8.9497
    endloop
  endfacet
  facet normal 0 0.988459 -0.151488
    outer loop
      vertex -1.50004 35.3599 8.90011
      vertex -3.50004 35.3675 8.9497
      vertex -1.50004 35.3675 8.9497
    endloop
  endfacet
  facet normal 0 0.988459 -0.151488
    outer loop
      vertex -3.50004 35.3675 8.9497
      vertex -1.50004 35.3599 8.90011
      vertex -3.50004 35.3599 8.90011
    endloop
  endfacet
  facet normal 0 0.993976 -0.1096
    outer loop
      vertex -1.50004 35.3544 8.85023
      vertex -3.50004 35.3599 8.90011
      vertex -1.50004 35.3599 8.90011
    endloop
  endfacet
  facet normal 0 0.993976 -0.1096
    outer loop
      vertex -3.50004 35.3599 8.90011
      vertex -1.50004 35.3544 8.85023
      vertex -3.50004 35.3544 8.85023
    endloop
  endfacet
  facet normal 0 0.997835 -0.065765
    outer loop
      vertex -1.50004 35.3511 8.80016
      vertex -3.50004 35.3544 8.85023
      vertex -1.50004 35.3544 8.85023
    endloop
  endfacet
  facet normal 0 0.997835 -0.065765
    outer loop
      vertex -3.50004 35.3544 8.85023
      vertex -1.50004 35.3511 8.80016
      vertex -3.50004 35.3511 8.80016
    endloop
  endfacet
  facet normal 0 0.99976 -0.0219246
    outer loop
      vertex -1.50004 35.35 8.75
      vertex -3.50004 35.3511 8.80016
      vertex -1.50004 35.3511 8.80016
    endloop
  endfacet
  facet normal 0 0.99976 -0.0219246
    outer loop
      vertex -3.50004 35.3511 8.80016
      vertex -1.50004 35.35 8.75
      vertex -3.50004 35.35 8.75
    endloop
  endfacet
  facet normal 0 0.99976 0.0219246
    outer loop
      vertex -1.50004 35.3511 8.69984
      vertex -3.50004 35.35 8.75
      vertex -1.50004 35.35 8.75
    endloop
  endfacet
  facet normal 0 0.99976 0.0219246
    outer loop
      vertex -3.50004 35.35 8.75
      vertex -1.50004 35.3511 8.69984
      vertex -3.50004 35.3511 8.69984
    endloop
  endfacet
  facet normal 0 0.997835 0.065765
    outer loop
      vertex -1.50004 35.3544 8.64977
      vertex -3.50004 35.3511 8.69984
      vertex -1.50004 35.3511 8.69984
    endloop
  endfacet
  facet normal 0 0.997835 0.065765
    outer loop
      vertex -3.50004 35.3511 8.69984
      vertex -1.50004 35.3544 8.64977
      vertex -3.50004 35.3544 8.64977
    endloop
  endfacet
  facet normal 0 0.993973 0.109622
    outer loop
      vertex -1.50004 35.3599 8.5999
      vertex -3.50004 35.3544 8.64977
      vertex -1.50004 35.3544 8.64977
    endloop
  endfacet
  facet normal 0 0.993973 0.109622
    outer loop
      vertex -3.50004 35.3544 8.64977
      vertex -1.50004 35.3599 8.5999
      vertex -3.50004 35.3599 8.5999
    endloop
  endfacet
  facet normal 0 0.988459 0.151488
    outer loop
      vertex -1.50004 35.3675 8.55031
      vertex -3.50004 35.3599 8.5999
      vertex -1.50004 35.3599 8.5999
    endloop
  endfacet
  facet normal 0 0.988459 0.151488
    outer loop
      vertex -3.50004 35.3599 8.5999
      vertex -1.50004 35.3675 8.55031
      vertex -3.50004 35.3675 8.55031
    endloop
  endfacet
  facet normal 0 0.980741 0.195311
    outer loop
      vertex -1.50004 35.3773 8.5011
      vertex -3.50004 35.3675 8.55031
      vertex -1.50004 35.3675 8.55031
    endloop
  endfacet
  facet normal 0 0.980741 0.195311
    outer loop
      vertex -3.50004 35.3675 8.55031
      vertex -1.50004 35.3773 8.5011
      vertex -3.50004 35.3773 8.5011
    endloop
  endfacet
  facet normal 0 0.971464 0.237186
    outer loop
      vertex -1.50004 35.3892 8.45236
      vertex -3.50004 35.3773 8.5011
      vertex -1.50004 35.3773 8.5011
    endloop
  endfacet
  facet normal 0 0.971464 0.237186
    outer loop
      vertex -3.50004 35.3773 8.5011
      vertex -1.50004 35.3892 8.45236
      vertex -3.50004 35.3892 8.45236
    endloop
  endfacet
  facet normal 0 0.95973 0.280926
    outer loop
      vertex -1.50004 35.4033 8.40419
      vertex -3.50004 35.3892 8.45236
      vertex -1.50004 35.3892 8.45236
    endloop
  endfacet
  facet normal 0 0.95973 0.280926
    outer loop
      vertex -3.50004 35.3892 8.45236
      vertex -1.50004 35.4033 8.40419
      vertex -3.50004 35.4033 8.40419
    endloop
  endfacet
  facet normal 0 0.947097 0.320948
    outer loop
      vertex -1.50004 35.4194 8.35668
      vertex -3.50004 35.4033 8.40419
      vertex -1.50004 35.4033 8.40419
    endloop
  endfacet
  facet normal 0 0.947097 0.320948
    outer loop
      vertex -3.50004 35.4033 8.40419
      vertex -1.50004 35.4194 8.35668
      vertex -3.50004 35.4194 8.35668
    endloop
  endfacet
  facet normal 0 0.9319 0.362716
    outer loop
      vertex -1.50004 35.4376 8.30992
      vertex -3.50004 35.4194 8.35668
      vertex -1.50004 35.4194 8.35668
    endloop
  endfacet
  facet normal 0 0.9319 0.362716
    outer loop
      vertex -3.50004 35.4194 8.35668
      vertex -1.50004 35.4376 8.30992
      vertex -3.50004 35.4376 8.30992
    endloop
  endfacet
  facet normal 0 0.915383 0.402585
    outer loop
      vertex -1.50004 35.4578 8.26399
      vertex -3.50004 35.4376 8.30992
      vertex -1.50004 35.4376 8.30992
    endloop
  endfacet
  facet normal 0 0.915383 0.402585
    outer loop
      vertex -3.50004 35.4376 8.30992
      vertex -1.50004 35.4578 8.26399
      vertex -3.50004 35.4578 8.26399
    endloop
  endfacet
  facet normal 0 0.896806 0.442424
    outer loop
      vertex -1.50004 35.48 8.21899
      vertex -3.50004 35.4578 8.26399
      vertex -1.50004 35.4578 8.26399
    endloop
  endfacet
  facet normal 0 0.896806 0.442424
    outer loop
      vertex -3.50004 35.4578 8.26399
      vertex -1.50004 35.48 8.21899
      vertex -3.50004 35.48 8.21899
    endloop
  endfacet
  facet normal 0 0.87701 0.480472
    outer loop
      vertex -1.50004 35.5041 8.175
      vertex -3.50004 35.48 8.21899
      vertex -1.50004 35.48 8.21899
    endloop
  endfacet
  facet normal 0 0.87701 0.480472
    outer loop
      vertex -3.50004 35.48 8.21899
      vertex -1.50004 35.5041 8.175
      vertex -3.50004 35.5041 8.175
    endloop
  endfacet
  facet normal 0 0.855144 0.51839
    outer loop
      vertex -1.50004 35.5301 8.13211
      vertex -3.50004 35.5041 8.175
      vertex -1.50004 35.5041 8.175
    endloop
  endfacet
  facet normal 0 0.855144 0.51839
    outer loop
      vertex -3.50004 35.5041 8.175
      vertex -1.50004 35.5301 8.13211
      vertex -3.50004 35.5301 8.13211
    endloop
  endfacet
  facet normal 0 0.831252 0.555895
    outer loop
      vertex -1.50004 35.558 8.09039
      vertex -3.50004 35.5301 8.13211
      vertex -1.50004 35.5301 8.13211
    endloop
  endfacet
  facet normal 0 0.831252 0.555895
    outer loop
      vertex -3.50004 35.5301 8.13211
      vertex -1.50004 35.558 8.09039
      vertex -3.50004 35.558 8.09039
    endloop
  endfacet
  facet normal 0 0.806126 0.591744
    outer loop
      vertex -1.50004 35.5877 8.04993
      vertex -3.50004 35.558 8.09039
      vertex -1.50004 35.558 8.09039
    endloop
  endfacet
  facet normal 0 0.806126 0.591744
    outer loop
      vertex -3.50004 35.558 8.09039
      vertex -1.50004 35.5877 8.04993
      vertex -3.50004 35.5877 8.04993
    endloop
  endfacet
  facet normal 0 0.779935 0.625861
    outer loop
      vertex -1.50004 35.6191 8.0108
      vertex -3.50004 35.5877 8.04993
      vertex -1.50004 35.5877 8.04993
    endloop
  endfacet
  facet normal 0 0.779935 0.625861
    outer loop
      vertex -3.50004 35.5877 8.04993
      vertex -1.50004 35.6191 8.0108
      vertex -3.50004 35.6191 8.0108
    endloop
  endfacet
  facet normal 0 0.751724 0.659477
    outer loop
      vertex -1.50004 35.6522 7.97307
      vertex -3.50004 35.6191 8.0108
      vertex -1.50004 35.6191 8.0108
    endloop
  endfacet
  facet normal 0 0.751724 0.659477
    outer loop
      vertex -3.50004 35.6191 8.0108
      vertex -1.50004 35.6522 7.97307
      vertex -3.50004 35.6522 7.97307
    endloop
  endfacet
  facet normal 0 0.722287 0.691594
    outer loop
      vertex -1.50004 35.6869 7.93683
      vertex -3.50004 35.6522 7.97307
      vertex -1.50004 35.6522 7.97307
    endloop
  endfacet
  facet normal 0 0.722287 0.691594
    outer loop
      vertex -3.50004 35.6522 7.97307
      vertex -1.50004 35.6869 7.93683
      vertex -3.50004 35.6869 7.93683
    endloop
  endfacet
  facet normal -0 0.691992 0.721905
    outer loop
      vertex -3.50004 35.7231 7.90213
      vertex -1.50004 35.6869 7.93683
      vertex -1.50004 35.7231 7.90213
    endloop
  endfacet
  facet normal 0 0.691992 0.721905
    outer loop
      vertex -1.50004 35.6869 7.93683
      vertex -3.50004 35.7231 7.90213
      vertex -3.50004 35.6869 7.93683
    endloop
  endfacet
  facet normal -0 0.659549 0.751662
    outer loop
      vertex -3.50004 35.7608 7.86905
      vertex -1.50004 35.7231 7.90213
      vertex -1.50004 35.7608 7.86905
    endloop
  endfacet
  facet normal 0 0.659549 0.751662
    outer loop
      vertex -1.50004 35.7231 7.90213
      vertex -3.50004 35.7608 7.86905
      vertex -3.50004 35.7231 7.90213
    endloop
  endfacet
  facet normal -0 0.625181 0.78048
    outer loop
      vertex -3.50004 35.8 7.83765
      vertex -1.50004 35.7608 7.86905
      vertex -1.50004 35.8 7.83765
    endloop
  endfacet
  facet normal 0 0.625181 0.78048
    outer loop
      vertex -1.50004 35.7608 7.86905
      vertex -3.50004 35.8 7.83765
      vertex -3.50004 35.7608 7.86905
    endloop
  endfacet
  facet normal -0 0.591926 0.805993
    outer loop
      vertex -3.50004 35.8404 7.80798
      vertex -1.50004 35.8 7.83765
      vertex -1.50004 35.8404 7.80798
    endloop
  endfacet
  facet normal 0 0.591926 0.805993
    outer loop
      vertex -1.50004 35.8 7.83765
      vertex -3.50004 35.8404 7.80798
      vertex -3.50004 35.8 7.83765
    endloop
  endfacet
  facet normal -0 0.555804 0.831313
    outer loop
      vertex -3.50004 35.8821 7.7801
      vertex -1.50004 35.8404 7.80798
      vertex -1.50004 35.8821 7.7801
    endloop
  endfacet
  facet normal 0 0.555804 0.831313
    outer loop
      vertex -1.50004 35.8404 7.80798
      vertex -3.50004 35.8821 7.7801
      vertex -3.50004 35.8404 7.80798
    endloop
  endfacet
  facet normal -0 0.518739 0.854933
    outer loop
      vertex -3.50004 35.925 7.75407
      vertex -1.50004 35.8821 7.7801
      vertex -1.50004 35.925 7.75407
    endloop
  endfacet
  facet normal 0 0.518739 0.854933
    outer loop
      vertex -1.50004 35.8821 7.7801
      vertex -3.50004 35.925 7.75407
      vertex -3.50004 35.8821 7.7801
    endloop
  endfacet
  facet normal -0 0.480847 0.876804
    outer loop
      vertex -3.50004 35.969 7.72994
      vertex -1.50004 35.925 7.75407
      vertex -1.50004 35.969 7.72994
    endloop
  endfacet
  facet normal 0 0.480847 0.876804
    outer loop
      vertex -1.50004 35.925 7.75407
      vertex -3.50004 35.969 7.72994
      vertex -3.50004 35.925 7.75407
    endloop
  endfacet
  facet normal -0 0.442264 0.896885
    outer loop
      vertex -3.50004 36.014 7.70775
      vertex -1.50004 35.969 7.72994
      vertex -1.50004 36.014 7.70775
    endloop
  endfacet
  facet normal 0 0.442264 0.896885
    outer loop
      vertex -1.50004 35.969 7.72994
      vertex -3.50004 36.014 7.70775
      vertex -3.50004 35.969 7.72994
    endloop
  endfacet
  facet normal -0 0.402238 0.915535
    outer loop
      vertex -3.50004 36.06 7.68754
      vertex -1.50004 36.014 7.70775
      vertex -1.50004 36.06 7.68754
    endloop
  endfacet
  facet normal 0 0.402238 0.915535
    outer loop
      vertex -1.50004 36.014 7.70775
      vertex -3.50004 36.06 7.68754
      vertex -3.50004 36.014 7.70775
    endloop
  endfacet
  facet normal -0 0.362774 0.931877
    outer loop
      vertex -3.50004 36.1067 7.66936
      vertex -1.50004 36.06 7.68754
      vertex -1.50004 36.1067 7.66936
    endloop
  endfacet
  facet normal 0 0.362774 0.931877
    outer loop
      vertex -1.50004 36.06 7.68754
      vertex -3.50004 36.1067 7.66936
      vertex -3.50004 36.06 7.68754
    endloop
  endfacet
  facet normal -0 0.321545 0.946894
    outer loop
      vertex -3.50004 36.1542 7.65323
      vertex -1.50004 36.1067 7.66936
      vertex -1.50004 36.1542 7.65323
    endloop
  endfacet
  facet normal 0 0.321545 0.946894
    outer loop
      vertex -1.50004 36.1067 7.66936
      vertex -3.50004 36.1542 7.65323
      vertex -3.50004 36.1067 7.66936
    endloop
  endfacet
  facet normal -0 0.279663 0.960098
    outer loop
      vertex -3.50004 36.2024 7.63919
      vertex -1.50004 36.1542 7.65323
      vertex -1.50004 36.2024 7.63919
    endloop
  endfacet
  facet normal 0 0.279663 0.960098
    outer loop
      vertex -1.50004 36.1542 7.65323
      vertex -3.50004 36.2024 7.63919
      vertex -3.50004 36.1542 7.65323
    endloop
  endfacet
  facet normal -0 0.237934 0.971281
    outer loop
      vertex -3.50004 36.2511 7.62726
      vertex -1.50004 36.2024 7.63919
      vertex -1.50004 36.2511 7.62726
    endloop
  endfacet
  facet normal 0 0.237934 0.971281
    outer loop
      vertex -1.50004 36.2024 7.63919
      vertex -3.50004 36.2511 7.62726
      vertex -3.50004 36.2024 7.63919
    endloop
  endfacet
  facet normal -0 0.195158 0.980772
    outer loop
      vertex -3.50004 36.3003 7.61747
      vertex -1.50004 36.2511 7.62726
      vertex -1.50004 36.3003 7.61747
    endloop
  endfacet
  facet normal 0 0.195158 0.980772
    outer loop
      vertex -1.50004 36.2511 7.62726
      vertex -3.50004 36.3003 7.61747
      vertex -3.50004 36.2511 7.62726
    endloop
  endfacet
  facet normal -0 0.152042 0.988374
    outer loop
      vertex -3.50004 36.3499 7.60984
      vertex -1.50004 36.3003 7.61747
      vertex -1.50004 36.3499 7.60984
    endloop
  endfacet
  facet normal 0 0.152042 0.988374
    outer loop
      vertex -1.50004 36.3003 7.61747
      vertex -3.50004 36.3499 7.60984
      vertex -3.50004 36.3003 7.61747
    endloop
  endfacet
  facet normal -0 0.10877 0.994067
    outer loop
      vertex -3.50004 36.3998 7.60438
      vertex -1.50004 36.3499 7.60984
      vertex -1.50004 36.3998 7.60438
    endloop
  endfacet
  facet normal 0 0.10877 0.994067
    outer loop
      vertex -1.50004 36.3499 7.60984
      vertex -3.50004 36.3998 7.60438
      vertex -3.50004 36.3499 7.60984
    endloop
  endfacet
  facet normal -0 0.0653292 0.997864
    outer loop
      vertex -3.50004 36.4499 7.6011
      vertex -1.50004 36.3998 7.60438
      vertex -1.50004 36.4499 7.6011
    endloop
  endfacet
  facet normal 0 0.0653292 0.997864
    outer loop
      vertex -1.50004 36.3998 7.60438
      vertex -3.50004 36.4499 7.6011
      vertex -3.50004 36.3998 7.60438
    endloop
  endfacet
  facet normal -0 0.0219508 0.999759
    outer loop
      vertex -3.50004 36.5 7.6
      vertex -1.50004 36.4499 7.6011
      vertex -1.50004 36.5 7.6
    endloop
  endfacet
  facet normal 0 0.0219508 0.999759
    outer loop
      vertex -1.50004 36.4499 7.6011
      vertex -3.50004 36.5 7.6
      vertex -3.50004 36.4499 7.6011
    endloop
  endfacet
  facet normal 0 -0.0219071 0.99976
    outer loop
      vertex -3.50004 36.5502 7.6011
      vertex -1.50004 36.5 7.6
      vertex -1.50004 36.5502 7.6011
    endloop
  endfacet
  facet normal 0 -0.0219071 0.99976
    outer loop
      vertex -1.50004 36.5 7.6
      vertex -3.50004 36.5502 7.6011
      vertex -3.50004 36.5 7.6
    endloop
  endfacet
  facet normal 0 -0.0653292 0.997864
    outer loop
      vertex -3.50004 36.6003 7.60438
      vertex -1.50004 36.5502 7.6011
      vertex -1.50004 36.6003 7.60438
    endloop
  endfacet
  facet normal 0 -0.0653292 0.997864
    outer loop
      vertex -1.50004 36.5502 7.6011
      vertex -3.50004 36.6003 7.60438
      vertex -3.50004 36.5502 7.6011
    endloop
  endfacet
  facet normal 0 -0.108985 0.994043
    outer loop
      vertex -3.50004 36.6501 7.60984
      vertex -1.50004 36.6003 7.60438
      vertex -1.50004 36.6501 7.60984
    endloop
  endfacet
  facet normal 0 -0.108985 0.994043
    outer loop
      vertex -1.50004 36.6003 7.60438
      vertex -3.50004 36.6501 7.60984
      vertex -3.50004 36.6003 7.60438
    endloop
  endfacet
  facet normal 0 -0.152042 0.988374
    outer loop
      vertex -3.50004 36.6997 7.61747
      vertex -1.50004 36.6501 7.60984
      vertex -1.50004 36.6997 7.61747
    endloop
  endfacet
  facet normal 0 -0.152042 0.988374
    outer loop
      vertex -1.50004 36.6501 7.60984
      vertex -3.50004 36.6997 7.61747
      vertex -3.50004 36.6501 7.60984
    endloop
  endfacet
  facet normal 0 -0.195158 0.980772
    outer loop
      vertex -3.50004 36.7489 7.62726
      vertex -1.50004 36.6997 7.61747
      vertex -1.50004 36.7489 7.62726
    endloop
  endfacet
  facet normal 0 -0.195158 0.980772
    outer loop
      vertex -1.50004 36.6997 7.61747
      vertex -3.50004 36.7489 7.62726
      vertex -3.50004 36.6997 7.61747
    endloop
  endfacet
  facet normal 0 -0.237474 0.971394
    outer loop
      vertex -3.50004 36.7977 7.63919
      vertex -1.50004 36.7489 7.62726
      vertex -1.50004 36.7977 7.63919
    endloop
  endfacet
  facet normal 0 -0.237474 0.971394
    outer loop
      vertex -1.50004 36.7489 7.62726
      vertex -3.50004 36.7977 7.63919
      vertex -3.50004 36.7489 7.62726
    endloop
  endfacet
  facet normal 0 -0.279663 0.960098
    outer loop
      vertex -3.50004 36.8459 7.65323
      vertex -1.50004 36.7977 7.63919
      vertex -1.50004 36.8459 7.65323
    endloop
  endfacet
  facet normal 0 -0.279663 0.960098
    outer loop
      vertex -1.50004 36.7977 7.63919
      vertex -3.50004 36.8459 7.65323
      vertex -3.50004 36.7977 7.63919
    endloop
  endfacet
  facet normal 0 -0.321545 0.946894
    outer loop
      vertex -3.50004 36.8934 7.66936
      vertex -1.50004 36.8459 7.65323
      vertex -1.50004 36.8934 7.66936
    endloop
  endfacet
  facet normal 0 -0.321545 0.946894
    outer loop
      vertex -1.50004 36.8459 7.65323
      vertex -3.50004 36.8934 7.66936
      vertex -3.50004 36.8459 7.65323
    endloop
  endfacet
  facet normal 0 -0.362774 0.931877
    outer loop
      vertex -3.50004 36.9401 7.68754
      vertex -1.50004 36.8934 7.66936
      vertex -1.50004 36.9401 7.68754
    endloop
  endfacet
  facet normal 0 -0.362774 0.931877
    outer loop
      vertex -1.50004 36.8934 7.66936
      vertex -3.50004 36.9401 7.68754
      vertex -3.50004 36.8934 7.66936
    endloop
  endfacet
  facet normal 0 -0.402238 0.915535
    outer loop
      vertex -3.50004 36.9861 7.70775
      vertex -1.50004 36.9401 7.68754
      vertex -1.50004 36.9861 7.70775
    endloop
  endfacet
  facet normal 0 -0.402238 0.915535
    outer loop
      vertex -1.50004 36.9401 7.68754
      vertex -3.50004 36.9861 7.70775
      vertex -3.50004 36.9401 7.68754
    endloop
  endfacet
  facet normal 0 -0.442264 0.896885
    outer loop
      vertex -3.50004 37.0311 7.72994
      vertex -1.50004 36.9861 7.70775
      vertex -1.50004 37.0311 7.72994
    endloop
  endfacet
  facet normal 0 -0.442264 0.896885
    outer loop
      vertex -1.50004 36.9861 7.70775
      vertex -3.50004 37.0311 7.72994
      vertex -3.50004 36.9861 7.70775
    endloop
  endfacet
  facet normal 0 -0.481689 0.876342
    outer loop
      vertex -3.50004 37.075 7.75407
      vertex -1.50004 37.0311 7.72994
      vertex -1.50004 37.075 7.75407
    endloop
  endfacet
  facet normal 0 -0.481689 0.876342
    outer loop
      vertex -1.50004 37.0311 7.72994
      vertex -3.50004 37.075 7.75407
      vertex -3.50004 37.0311 7.72994
    endloop
  endfacet
  facet normal 0 -0.518739 0.854933
    outer loop
      vertex -3.50004 37.1179 7.7801
      vertex -1.50004 37.075 7.75407
      vertex -1.50004 37.1179 7.7801
    endloop
  endfacet
  facet normal 0 -0.518739 0.854933
    outer loop
      vertex -1.50004 37.075 7.75407
      vertex -3.50004 37.1179 7.7801
      vertex -3.50004 37.075 7.75407
    endloop
  endfacet
  facet normal 0 -0.554884 0.831928
    outer loop
      vertex -3.50004 37.1597 7.80798
      vertex -1.50004 37.1179 7.7801
      vertex -1.50004 37.1597 7.80798
    endloop
  endfacet
  facet normal 0 -0.554884 0.831928
    outer loop
      vertex -1.50004 37.1179 7.7801
      vertex -3.50004 37.1597 7.80798
      vertex -3.50004 37.1179 7.7801
    endloop
  endfacet
  facet normal 0 -0.591926 0.805993
    outer loop
      vertex -3.50004 37.2001 7.83765
      vertex -1.50004 37.1597 7.80798
      vertex -1.50004 37.2001 7.83765
    endloop
  endfacet
  facet normal 0 -0.591926 0.805993
    outer loop
      vertex -1.50004 37.1597 7.80798
      vertex -3.50004 37.2001 7.83765
      vertex -3.50004 37.1597 7.80798
    endloop
  endfacet
  facet normal 0 -0.626153 0.7797
    outer loop
      vertex -3.50004 37.2392 7.86905
      vertex -1.50004 37.2001 7.83765
      vertex -1.50004 37.2392 7.86905
    endloop
  endfacet
  facet normal 0 -0.626153 0.7797
    outer loop
      vertex -1.50004 37.2001 7.83765
      vertex -3.50004 37.2392 7.86905
      vertex -3.50004 37.2001 7.83765
    endloop
  endfacet
  facet normal 0 -0.658561 0.752527
    outer loop
      vertex -3.50004 37.277 7.90213
      vertex -1.50004 37.2392 7.86905
      vertex -1.50004 37.277 7.90213
    endloop
  endfacet
  facet normal 0 -0.658561 0.752527
    outer loop
      vertex -1.50004 37.2392 7.86905
      vertex -3.50004 37.277 7.90213
      vertex -3.50004 37.2392 7.86905
    endloop
  endfacet
  facet normal 0 -0.691992 0.721905
    outer loop
      vertex -3.50004 37.3132 7.93683
      vertex -1.50004 37.277 7.90213
      vertex -1.50004 37.3132 7.93683
    endloop
  endfacet
  facet normal 0 -0.691992 0.721905
    outer loop
      vertex -1.50004 37.277 7.90213
      vertex -3.50004 37.3132 7.93683
      vertex -3.50004 37.277 7.90213
    endloop
  endfacet
  facet normal 0 -0.722287 0.691594
    outer loop
      vertex -3.50004 37.3132 7.93683
      vertex -1.50004 37.3479 7.97307
      vertex -3.50004 37.3479 7.97307
    endloop
  endfacet
  facet normal 0 -0.722287 0.691594
    outer loop
      vertex -1.50004 37.3479 7.97307
      vertex -3.50004 37.3132 7.93683
      vertex -1.50004 37.3132 7.93683
    endloop
  endfacet
  facet normal 0 -0.751724 0.659477
    outer loop
      vertex -3.50004 37.3479 7.97307
      vertex -1.50004 37.381 8.0108
      vertex -3.50004 37.381 8.0108
    endloop
  endfacet
  facet normal 0 -0.751724 0.659477
    outer loop
      vertex -1.50004 37.381 8.0108
      vertex -3.50004 37.3479 7.97307
      vertex -1.50004 37.3479 7.97307
    endloop
  endfacet
  facet normal 0 -0.779935 0.625861
    outer loop
      vertex -3.50004 37.381 8.0108
      vertex -1.50004 37.4124 8.04993
      vertex -3.50004 37.4124 8.04993
    endloop
  endfacet
  facet normal 0 -0.779935 0.625861
    outer loop
      vertex -1.50004 37.4124 8.04993
      vertex -3.50004 37.381 8.0108
      vertex -1.50004 37.381 8.0108
    endloop
  endfacet
  facet normal 0 -0.806126 0.591744
    outer loop
      vertex -3.50004 37.4124 8.04993
      vertex -1.50004 37.4421 8.09039
      vertex -3.50004 37.4421 8.09039
    endloop
  endfacet
  facet normal 0 -0.806126 0.591744
    outer loop
      vertex -1.50004 37.4421 8.09039
      vertex -3.50004 37.4124 8.04993
      vertex -1.50004 37.4124 8.04993
    endloop
  endfacet
  facet normal 0 -0.832173 0.554516
    outer loop
      vertex -3.50004 37.4421 8.09039
      vertex -1.50004 37.4699 8.13211
      vertex -3.50004 37.4699 8.13211
    endloop
  endfacet
  facet normal 0 -0.832173 0.554516
    outer loop
      vertex -1.50004 37.4699 8.13211
      vertex -3.50004 37.4421 8.09039
      vertex -1.50004 37.4421 8.09039
    endloop
  endfacet
  facet normal 0 -0.85426 0.519846
    outer loop
      vertex -3.50004 37.4699 8.13211
      vertex -1.50004 37.496 8.175
      vertex -3.50004 37.496 8.175
    endloop
  endfacet
  facet normal 0 -0.85426 0.519846
    outer loop
      vertex -1.50004 37.496 8.175
      vertex -3.50004 37.4699 8.13211
      vertex -1.50004 37.4699 8.13211
    endloop
  endfacet
  facet normal 0 -0.87701 0.480472
    outer loop
      vertex -3.50004 37.496 8.175
      vertex -1.50004 37.5201 8.21899
      vertex -3.50004 37.5201 8.21899
    endloop
  endfacet
  facet normal 0 -0.87701 0.480472
    outer loop
      vertex -1.50004 37.5201 8.21899
      vertex -3.50004 37.496 8.175
      vertex -1.50004 37.496 8.175
    endloop
  endfacet
  facet normal 0 -0.896806 0.442424
    outer loop
      vertex -3.50004 37.5201 8.21899
      vertex -1.50004 37.5423 8.26399
      vertex -3.50004 37.5423 8.26399
    endloop
  endfacet
  facet normal 0 -0.896806 0.442424
    outer loop
      vertex -1.50004 37.5423 8.26399
      vertex -3.50004 37.5201 8.21899
      vertex -1.50004 37.5201 8.21899
    endloop
  endfacet
  facet normal 0 -0.915383 0.402585
    outer loop
      vertex -3.50004 37.5423 8.26399
      vertex -1.50004 37.5625 8.30992
      vertex -3.50004 37.5625 8.30992
    endloop
  endfacet
  facet normal 0 -0.915383 0.402585
    outer loop
      vertex -1.50004 37.5625 8.30992
      vertex -3.50004 37.5423 8.26399
      vertex -1.50004 37.5423 8.26399
    endloop
  endfacet
  facet normal 0 -0.9319 0.362716
    outer loop
      vertex -3.50004 37.5625 8.30992
      vertex -1.50004 37.5807 8.35668
      vertex -3.50004 37.5807 8.35668
    endloop
  endfacet
  facet normal 0 -0.9319 0.362716
    outer loop
      vertex -1.50004 37.5807 8.35668
      vertex -3.50004 37.5625 8.30992
      vertex -1.50004 37.5625 8.30992
    endloop
  endfacet
  facet normal 0 -0.947097 0.320948
    outer loop
      vertex -3.50004 37.5807 8.35668
      vertex -1.50004 37.5968 8.40419
      vertex -3.50004 37.5968 8.40419
    endloop
  endfacet
  facet normal 0 -0.947097 0.320948
    outer loop
      vertex -1.50004 37.5968 8.40419
      vertex -3.50004 37.5807 8.35668
      vertex -1.50004 37.5807 8.35668
    endloop
  endfacet
  facet normal 0 -0.960265 0.279089
    outer loop
      vertex -3.50004 37.5968 8.40419
      vertex -1.50004 37.6108 8.45236
      vertex -3.50004 37.6108 8.45236
    endloop
  endfacet
  facet normal 0 -0.960265 0.279089
    outer loop
      vertex -1.50004 37.6108 8.45236
      vertex -3.50004 37.5968 8.40419
      vertex -1.50004 37.5968 8.40419
    endloop
  endfacet
  facet normal 0 -0.971003 0.239065
    outer loop
      vertex -3.50004 37.6108 8.45236
      vertex -1.50004 37.6228 8.5011
      vertex -3.50004 37.6228 8.5011
    endloop
  endfacet
  facet normal 0 -0.971003 0.239065
    outer loop
      vertex -1.50004 37.6228 8.5011
      vertex -3.50004 37.6108 8.45236
      vertex -1.50004 37.6108 8.45236
    endloop
  endfacet
  facet normal 0 -0.980741 0.195311
    outer loop
      vertex -3.50004 37.6228 8.5011
      vertex -1.50004 37.6326 8.55031
      vertex -3.50004 37.6326 8.55031
    endloop
  endfacet
  facet normal 0 -0.980741 0.195311
    outer loop
      vertex -1.50004 37.6326 8.55031
      vertex -3.50004 37.6228 8.5011
      vertex -1.50004 37.6228 8.5011
    endloop
  endfacet
  facet normal 0 -0.988459 0.151488
    outer loop
      vertex -3.50004 37.6326 8.55031
      vertex -1.50004 37.6402 8.5999
      vertex -3.50004 37.6402 8.5999
    endloop
  endfacet
  facet normal 0 -0.988459 0.151488
    outer loop
      vertex -1.50004 37.6402 8.5999
      vertex -3.50004 37.6326 8.55031
      vertex -1.50004 37.6326 8.55031
    endloop
  endfacet
  facet normal 0 -0.993973 0.109622
    outer loop
      vertex -3.50004 37.6402 8.5999
      vertex -1.50004 37.6457 8.64977
      vertex -3.50004 37.6457 8.64977
    endloop
  endfacet
  facet normal 0 -0.993973 0.109622
    outer loop
      vertex -1.50004 37.6457 8.64977
      vertex -3.50004 37.6402 8.5999
      vertex -1.50004 37.6402 8.5999
    endloop
  endfacet
  facet normal 0 -0.997964 0.0637804
    outer loop
      vertex -3.50004 37.6457 8.64977
      vertex -1.50004 37.6489 8.69984
      vertex -3.50004 37.6489 8.69984
    endloop
  endfacet
  facet normal 0 -0.997964 0.0637804
    outer loop
      vertex -1.50004 37.6489 8.69984
      vertex -3.50004 37.6457 8.64977
      vertex -1.50004 37.6457 8.64977
    endloop
  endfacet
  facet normal 0 -0.99976 0.0219246
    outer loop
      vertex -3.50004 37.6489 8.69984
      vertex -1.50004 37.65 8.75
      vertex -3.50004 37.65 8.75
    endloop
  endfacet
  facet normal 0 -0.99976 0.0219246
    outer loop
      vertex -1.50004 37.65 8.75
      vertex -3.50004 37.6489 8.69984
      vertex -1.50004 37.6489 8.69984
    endloop
  endfacet
  facet normal 0 -0.99976 -0.0219246
    outer loop
      vertex -3.50004 37.65 8.75
      vertex -1.50004 37.6489 8.80016
      vertex -3.50004 37.6489 8.80016
    endloop
  endfacet
  facet normal 0 -0.99976 -0.0219246
    outer loop
      vertex -1.50004 37.6489 8.80016
      vertex -3.50004 37.65 8.75
      vertex -1.50004 37.65 8.75
    endloop
  endfacet
  facet normal 0 -0.997964 -0.0637804
    outer loop
      vertex -3.50004 37.6489 8.80016
      vertex -1.50004 37.6457 8.85023
      vertex -3.50004 37.6457 8.85023
    endloop
  endfacet
  facet normal 0 -0.997964 -0.0637804
    outer loop
      vertex -1.50004 37.6457 8.85023
      vertex -3.50004 37.6489 8.80016
      vertex -1.50004 37.6489 8.80016
    endloop
  endfacet
  facet normal 0 -0.993976 -0.1096
    outer loop
      vertex -3.50004 37.6457 8.85023
      vertex -1.50004 37.6402 8.90011
      vertex -3.50004 37.6402 8.90011
    endloop
  endfacet
  facet normal 0 -0.993976 -0.1096
    outer loop
      vertex -1.50004 37.6402 8.90011
      vertex -3.50004 37.6457 8.85023
      vertex -1.50004 37.6457 8.85023
    endloop
  endfacet
  facet normal 0 -0.988459 -0.151488
    outer loop
      vertex -3.50004 37.6402 8.90011
      vertex -1.50004 37.6326 8.9497
      vertex -3.50004 37.6326 8.9497
    endloop
  endfacet
  facet normal 0 -0.988459 -0.151488
    outer loop
      vertex -1.50004 37.6326 8.9497
      vertex -3.50004 37.6402 8.90011
      vertex -1.50004 37.6402 8.90011
    endloop
  endfacet
  facet normal 0 -0.980741 -0.195311
    outer loop
      vertex -3.50004 37.6326 8.9497
      vertex -1.50004 37.6228 8.99891
      vertex -3.50004 37.6228 8.99891
    endloop
  endfacet
  facet normal 0 -0.980741 -0.195311
    outer loop
      vertex -1.50004 37.6228 8.99891
      vertex -3.50004 37.6326 8.9497
      vertex -1.50004 37.6326 8.9497
    endloop
  endfacet
  facet normal 0 -0.970992 -0.239112
    outer loop
      vertex -3.50004 37.6228 8.99891
      vertex -1.50004 37.6108 9.04764
      vertex -3.50004 37.6108 9.04764
    endloop
  endfacet
  facet normal 0 -0.970992 -0.239112
    outer loop
      vertex -1.50004 37.6108 9.04764
      vertex -3.50004 37.6228 8.99891
      vertex -1.50004 37.6228 8.99891
    endloop
  endfacet
  facet normal 0 -0.960265 -0.279089
    outer loop
      vertex -3.50004 37.6108 9.04764
      vertex -1.50004 37.5968 9.09581
      vertex -3.50004 37.5968 9.09581
    endloop
  endfacet
  facet normal 0 -0.960265 -0.279089
    outer loop
      vertex -1.50004 37.5968 9.09581
      vertex -3.50004 37.6108 9.04764
      vertex -1.50004 37.6108 9.04764
    endloop
  endfacet
  facet normal 0 -0.947117 -0.320888
    outer loop
      vertex -3.50004 37.5968 9.09581
      vertex -1.50004 37.5807 9.14333
      vertex -3.50004 37.5807 9.14333
    endloop
  endfacet
  facet normal 0 -0.947117 -0.320888
    outer loop
      vertex -1.50004 37.5807 9.14333
      vertex -3.50004 37.5968 9.09581
      vertex -1.50004 37.5968 9.09581
    endloop
  endfacet
  facet normal 0 -0.9319 -0.362716
    outer loop
      vertex -3.50004 37.5807 9.14333
      vertex -1.50004 37.5625 9.19009
      vertex -3.50004 37.5625 9.19009
    endloop
  endfacet
  facet normal 0 -0.9319 -0.362716
    outer loop
      vertex -1.50004 37.5625 9.19009
      vertex -3.50004 37.5807 9.14333
      vertex -1.50004 37.5807 9.14333
    endloop
  endfacet
  facet normal 0 -0.91535 -0.402658
    outer loop
      vertex -3.50004 37.5625 9.19009
      vertex -1.50004 37.5423 9.23601
      vertex -3.50004 37.5423 9.23601
    endloop
  endfacet
  facet normal 0 -0.91535 -0.402658
    outer loop
      vertex -1.50004 37.5423 9.23601
      vertex -3.50004 37.5625 9.19009
      vertex -1.50004 37.5625 9.19009
    endloop
  endfacet
  facet normal 0 -0.896806 -0.442424
    outer loop
      vertex -3.50004 37.5423 9.23601
      vertex -1.50004 37.5201 9.28101
      vertex -3.50004 37.5201 9.28101
    endloop
  endfacet
  facet normal 0 -0.896806 -0.442424
    outer loop
      vertex -1.50004 37.5201 9.28101
      vertex -3.50004 37.5423 9.23601
      vertex -1.50004 37.5423 9.23601
    endloop
  endfacet
  facet normal 0 -0.87701 -0.480472
    outer loop
      vertex -3.50004 37.5201 9.28101
      vertex -1.50004 37.496 9.325
      vertex -3.50004 37.496 9.325
    endloop
  endfacet
  facet normal 0 -0.87701 -0.480472
    outer loop
      vertex -1.50004 37.496 9.325
      vertex -3.50004 37.5201 9.28101
      vertex -1.50004 37.5201 9.28101
    endloop
  endfacet
  facet normal 0 -0.854314 -0.519757
    outer loop
      vertex -3.50004 37.496 9.325
      vertex -1.50004 37.4699 9.3679
      vertex -3.50004 37.4699 9.3679
    endloop
  endfacet
  facet normal 0 -0.854314 -0.519757
    outer loop
      vertex -1.50004 37.4699 9.3679
      vertex -3.50004 37.496 9.325
      vertex -1.50004 37.496 9.325
    endloop
  endfacet
  facet normal 0 -0.832112 -0.554608
    outer loop
      vertex -3.50004 37.4699 9.3679
      vertex -1.50004 37.4421 9.40961
      vertex -3.50004 37.4421 9.40961
    endloop
  endfacet
  facet normal 0 -0.832112 -0.554608
    outer loop
      vertex -1.50004 37.4421 9.40961
      vertex -3.50004 37.4699 9.3679
      vertex -1.50004 37.4699 9.3679
    endloop
  endfacet
  facet normal 0 -0.806196 -0.591649
    outer loop
      vertex -3.50004 37.4421 9.40961
      vertex -1.50004 37.4124 9.45008
      vertex -3.50004 37.4124 9.45008
    endloop
  endfacet
  facet normal 0 -0.806196 -0.591649
    outer loop
      vertex -1.50004 37.4124 9.45008
      vertex -3.50004 37.4421 9.40961
      vertex -1.50004 37.4421 9.40961
    endloop
  endfacet
  facet normal 0 -0.779935 -0.625861
    outer loop
      vertex -3.50004 37.4124 9.45008
      vertex -1.50004 37.381 9.48921
      vertex -3.50004 37.381 9.48921
    endloop
  endfacet
  facet normal 0 -0.779935 -0.625861
    outer loop
      vertex -1.50004 37.381 9.48921
      vertex -3.50004 37.4124 9.45008
      vertex -1.50004 37.4124 9.45008
    endloop
  endfacet
  facet normal 0 -0.751638 -0.659576
    outer loop
      vertex -3.50004 37.381 9.48921
      vertex -1.50004 37.3479 9.52693
      vertex -3.50004 37.3479 9.52693
    endloop
  endfacet
  facet normal 0 -0.751638 -0.659576
    outer loop
      vertex -1.50004 37.3479 9.52693
      vertex -3.50004 37.381 9.48921
      vertex -1.50004 37.381 9.48921
    endloop
  endfacet
  facet normal 0 -0.722382 -0.691494
    outer loop
      vertex -3.50004 37.3479 9.52693
      vertex -1.50004 37.3132 9.56318
      vertex -3.50004 37.3132 9.56318
    endloop
  endfacet
  facet normal 0 -0.722382 -0.691494
    outer loop
      vertex -1.50004 37.3132 9.56318
      vertex -3.50004 37.3479 9.52693
      vertex -1.50004 37.3479 9.52693
    endloop
  endfacet
  facet normal 0 -0.691888 -0.722005
    outer loop
      vertex -3.50004 37.277 9.59787
      vertex -1.50004 37.3132 9.56318
      vertex -1.50004 37.277 9.59787
    endloop
  endfacet
  facet normal -0 -0.691888 -0.722005
    outer loop
      vertex -1.50004 37.3132 9.56318
      vertex -3.50004 37.277 9.59787
      vertex -3.50004 37.3132 9.56318
    endloop
  endfacet
  facet normal 0 -0.658561 -0.752527
    outer loop
      vertex -3.50004 37.2392 9.63095
      vertex -1.50004 37.277 9.59787
      vertex -1.50004 37.2392 9.63095
    endloop
  endfacet
  facet normal -0 -0.658561 -0.752527
    outer loop
      vertex -1.50004 37.277 9.59787
      vertex -3.50004 37.2392 9.63095
      vertex -3.50004 37.277 9.59787
    endloop
  endfacet
  facet normal 0 -0.626274 -0.779603
    outer loop
      vertex -3.50004 37.2001 9.66236
      vertex -1.50004 37.2392 9.63095
      vertex -1.50004 37.2001 9.66236
    endloop
  endfacet
  facet normal -0 -0.626274 -0.779603
    outer loop
      vertex -1.50004 37.2392 9.63095
      vertex -3.50004 37.2001 9.66236
      vertex -3.50004 37.2392 9.63095
    endloop
  endfacet
  facet normal 0 -0.591926 -0.805993
    outer loop
      vertex -3.50004 37.1597 9.69203
      vertex -1.50004 37.2001 9.66236
      vertex -1.50004 37.1597 9.69203
    endloop
  endfacet
  facet normal -0 -0.591926 -0.805993
    outer loop
      vertex -1.50004 37.2001 9.66236
      vertex -3.50004 37.1597 9.69203
      vertex -3.50004 37.2001 9.66236
    endloop
  endfacet
  facet normal 0 -0.554746 -0.83202
    outer loop
      vertex -3.50004 37.1179 9.7199
      vertex -1.50004 37.1597 9.69203
      vertex -1.50004 37.1179 9.7199
    endloop
  endfacet
  facet normal -0 -0.554746 -0.83202
    outer loop
      vertex -1.50004 37.1597 9.69203
      vertex -3.50004 37.1179 9.7199
      vertex -3.50004 37.1597 9.69203
    endloop
  endfacet
  facet normal 0 -0.518739 -0.854933
    outer loop
      vertex -3.50004 37.075 9.74593
      vertex -1.50004 37.1179 9.7199
      vertex -1.50004 37.075 9.74593
    endloop
  endfacet
  facet normal -0 -0.518739 -0.854933
    outer loop
      vertex -1.50004 37.1179 9.7199
      vertex -3.50004 37.075 9.74593
      vertex -3.50004 37.1179 9.7199
    endloop
  endfacet
  facet normal 0 -0.481689 -0.876342
    outer loop
      vertex -3.50004 37.0311 9.77006
      vertex -1.50004 37.075 9.74593
      vertex -1.50004 37.0311 9.77006
    endloop
  endfacet
  facet normal -0 -0.481689 -0.876342
    outer loop
      vertex -1.50004 37.075 9.74593
      vertex -3.50004 37.0311 9.77006
      vertex -3.50004 37.075 9.74593
    endloop
  endfacet
  facet normal 0 -0.442424 -0.896806
    outer loop
      vertex -3.50004 36.9861 9.79226
      vertex -1.50004 37.0311 9.77006
      vertex -1.50004 36.9861 9.79226
    endloop
  endfacet
  facet normal -0 -0.442424 -0.896806
    outer loop
      vertex -1.50004 37.0311 9.77006
      vertex -3.50004 36.9861 9.79226
      vertex -3.50004 37.0311 9.77006
    endloop
  endfacet
  facet normal 0 -0.402071 -0.915608
    outer loop
      vertex -3.50004 36.9401 9.81246
      vertex -1.50004 36.9861 9.79226
      vertex -1.50004 36.9401 9.81246
    endloop
  endfacet
  facet normal -0 -0.402071 -0.915608
    outer loop
      vertex -1.50004 36.9861 9.79226
      vertex -3.50004 36.9401 9.81246
      vertex -3.50004 36.9861 9.79226
    endloop
  endfacet
  facet normal 0 -0.362947 -0.93181
    outer loop
      vertex -3.50004 36.8934 9.83065
      vertex -1.50004 36.9401 9.81246
      vertex -1.50004 36.8934 9.83065
    endloop
  endfacet
  facet normal -0 -0.362947 -0.93181
    outer loop
      vertex -1.50004 36.9401 9.81246
      vertex -3.50004 36.8934 9.83065
      vertex -3.50004 36.9401 9.81246
    endloop
  endfacet
  facet normal 0 -0.321545 -0.946894
    outer loop
      vertex -3.50004 36.8459 9.84678
      vertex -1.50004 36.8934 9.83065
      vertex -1.50004 36.8459 9.84678
    endloop
  endfacet
  facet normal -0 -0.321545 -0.946894
    outer loop
      vertex -1.50004 36.8934 9.83065
      vertex -3.50004 36.8459 9.84678
      vertex -3.50004 36.8934 9.83065
    endloop
  endfacet
  facet normal 0 -0.279663 -0.960098
    outer loop
      vertex -3.50004 36.7977 9.86082
      vertex -1.50004 36.8459 9.84678
      vertex -1.50004 36.7977 9.86082
    endloop
  endfacet
  facet normal -0 -0.279663 -0.960098
    outer loop
      vertex -1.50004 36.8459 9.84678
      vertex -3.50004 36.7977 9.86082
      vertex -3.50004 36.8459 9.84678
    endloop
  endfacet
  facet normal 0 -0.237286 -0.97144
    outer loop
      vertex -3.50004 36.7489 9.87274
      vertex -1.50004 36.7977 9.86082
      vertex -1.50004 36.7489 9.87274
    endloop
  endfacet
  facet normal -0 -0.237286 -0.97144
    outer loop
      vertex -1.50004 36.7977 9.86082
      vertex -3.50004 36.7489 9.87274
      vertex -3.50004 36.7977 9.86082
    endloop
  endfacet
  facet normal 0 -0.195158 -0.980772
    outer loop
      vertex -3.50004 36.6997 9.88253
      vertex -1.50004 36.7489 9.87274
      vertex -1.50004 36.6997 9.88253
    endloop
  endfacet
  facet normal -0 -0.195158 -0.980772
    outer loop
      vertex -1.50004 36.7489 9.87274
      vertex -3.50004 36.6997 9.88253
      vertex -3.50004 36.7489 9.87274
    endloop
  endfacet
  facet normal 0 -0.152042 -0.988374
    outer loop
      vertex -3.50004 36.6501 9.89016
      vertex -1.50004 36.6997 9.88253
      vertex -1.50004 36.6501 9.89016
    endloop
  endfacet
  facet normal -0 -0.152042 -0.988374
    outer loop
      vertex -1.50004 36.6997 9.88253
      vertex -3.50004 36.6501 9.89016
      vertex -3.50004 36.6997 9.88253
    endloop
  endfacet
  facet normal 0 -0.109183 -0.994022
    outer loop
      vertex -3.50004 36.6003 9.89563
      vertex -1.50004 36.6501 9.89016
      vertex -1.50004 36.6003 9.89563
    endloop
  endfacet
  facet normal -0 -0.109183 -0.994022
    outer loop
      vertex -1.50004 36.6501 9.89016
      vertex -3.50004 36.6003 9.89563
      vertex -3.50004 36.6501 9.89016
    endloop
  endfacet
  facet normal 0 -0.0653292 -0.997864
    outer loop
      vertex -3.50004 36.5502 9.89891
      vertex -1.50004 36.6003 9.89563
      vertex -1.50004 36.5502 9.89891
    endloop
  endfacet
  facet normal -0 -0.0653292 -0.997864
    outer loop
      vertex -1.50004 36.6003 9.89563
      vertex -3.50004 36.5502 9.89891
      vertex -3.50004 36.6003 9.89563
    endloop
  endfacet
  facet normal 0 -0.021708 -0.999764
    outer loop
      vertex -3.50004 36.5 9.9
      vertex -1.50004 36.5502 9.89891
      vertex -1.50004 36.5 9.9
    endloop
  endfacet
  facet normal -0 -0.021708 -0.999764
    outer loop
      vertex -1.50004 36.5502 9.89891
      vertex -3.50004 36.5 9.9
      vertex -3.50004 36.5502 9.89891
    endloop
  endfacet
  facet normal 0 -0.999745 0.0225773
    outer loop
      vertex -3.50004 34.35 8.75
      vertex -1.50004 34.3521 8.84299
      vertex -3.50004 34.3521 8.84299
    endloop
  endfacet
  facet normal 0 -0.999745 0.0225773
    outer loop
      vertex -1.50004 34.3521 8.84299
      vertex -3.50004 34.35 8.75
      vertex -1.50004 34.35 8.75
    endloop
  endfacet
  facet normal 0 -0.997917 0.0645135
    outer loop
      vertex -3.50004 34.3521 8.84299
      vertex -1.50004 34.3581 8.9358
      vertex -3.50004 34.3581 8.9358
    endloop
  endfacet
  facet normal 0 -0.997917 0.0645135
    outer loop
      vertex -1.50004 34.3581 8.9358
      vertex -3.50004 34.3521 8.84299
      vertex -1.50004 34.3521 8.84299
    endloop
  endfacet
  facet normal 0 -0.994203 0.107516
    outer loop
      vertex -3.50004 34.3581 8.9358
      vertex -1.50004 34.3681 9.02827
      vertex -3.50004 34.3681 9.02827
    endloop
  endfacet
  facet normal 0 -0.994203 0.107516
    outer loop
      vertex -1.50004 34.3681 9.02827
      vertex -3.50004 34.3581 8.9358
      vertex -1.50004 34.3581 8.9358
    endloop
  endfacet
  facet normal 0 -0.988444 0.151589
    outer loop
      vertex -3.50004 34.3681 9.02827
      vertex -1.50004 34.3822 9.12021
      vertex -3.50004 34.3822 9.12021
    endloop
  endfacet
  facet normal 0 -0.988444 0.151589
    outer loop
      vertex -1.50004 34.3822 9.12021
      vertex -3.50004 34.3681 9.02827
      vertex -1.50004 34.3681 9.02827
    endloop
  endfacet
  facet normal 0 -0.981298 0.192496
    outer loop
      vertex -3.50004 34.3822 9.12021
      vertex -1.50004 34.4001 9.21146
      vertex -3.50004 34.4001 9.21146
    endloop
  endfacet
  facet normal 0 -0.981298 0.192496
    outer loop
      vertex -1.50004 34.4001 9.21146
      vertex -3.50004 34.3822 9.12021
      vertex -1.50004 34.3822 9.12021
    endloop
  endfacet
  facet normal 0 -0.971635 0.236486
    outer loop
      vertex -3.50004 34.4001 9.21146
      vertex -1.50004 34.4221 9.30185
      vertex -3.50004 34.4221 9.30185
    endloop
  endfacet
  facet normal 0 -0.971635 0.236486
    outer loop
      vertex -1.50004 34.4221 9.30185
      vertex -3.50004 34.4001 9.21146
      vertex -1.50004 34.4001 9.21146
    endloop
  endfacet
  facet normal 0 -0.960749 0.277418
    outer loop
      vertex -3.50004 34.4221 9.30185
      vertex -1.50004 34.4479 9.3912
      vertex -3.50004 34.4479 9.3912
    endloop
  endfacet
  facet normal 0 -0.960749 0.277418
    outer loop
      vertex -1.50004 34.4479 9.3912
      vertex -3.50004 34.4221 9.30185
      vertex -1.50004 34.4221 9.30185
    endloop
  endfacet
  facet normal 0 -0.947993 0.318292
    outer loop
      vertex -3.50004 34.4479 9.3912
      vertex -1.50004 34.4775 9.47936
      vertex -3.50004 34.4775 9.47936
    endloop
  endfacet
  facet normal 0 -0.947993 0.318292
    outer loop
      vertex -1.50004 34.4775 9.47936
      vertex -3.50004 34.4479 9.3912
      vertex -1.50004 34.4479 9.3912
    endloop
  endfacet
  facet normal 0 -0.932916 0.360095
    outer loop
      vertex -3.50004 34.4775 9.47936
      vertex -1.50004 34.511 9.56615
      vertex -3.50004 34.511 9.56615
    endloop
  endfacet
  facet normal 0 -0.932916 0.360095
    outer loop
      vertex -1.50004 34.511 9.56615
      vertex -3.50004 34.4775 9.47936
      vertex -1.50004 34.4775 9.47936
    endloop
  endfacet
  facet normal 0 -0.91695 0.399001
    outer loop
      vertex -3.50004 34.511 9.56615
      vertex -1.50004 34.5481 9.65141
      vertex -3.50004 34.5481 9.65141
    endloop
  endfacet
  facet normal 0 -0.91695 0.399001
    outer loop
      vertex -1.50004 34.5481 9.65141
      vertex -3.50004 34.511 9.56615
      vertex -1.50004 34.511 9.56615
    endloop
  endfacet
  facet normal 0 -0.898624 0.43872
    outer loop
      vertex -3.50004 34.5481 9.65141
      vertex -1.50004 34.5889 9.73498
      vertex -3.50004 34.5889 9.73498
    endloop
  endfacet
  facet normal 0 -0.898624 0.43872
    outer loop
      vertex -1.50004 34.5889 9.73498
      vertex -3.50004 34.5481 9.65141
      vertex -1.50004 34.5481 9.65141
    endloop
  endfacet
  facet normal 0 -0.878732 0.477315
    outer loop
      vertex -3.50004 34.5889 9.73498
      vertex -1.50004 34.6333 9.81672
      vertex -3.50004 34.6333 9.81672
    endloop
  endfacet
  facet normal 0 -0.878732 0.477315
    outer loop
      vertex -1.50004 34.6333 9.81672
      vertex -3.50004 34.5889 9.73498
      vertex -1.50004 34.5889 9.73498
    endloop
  endfacet
  facet normal 0 -0.857199 0.514986
    outer loop
      vertex -3.50004 34.6333 9.81672
      vertex -1.50004 34.6812 9.89645
      vertex -3.50004 34.6812 9.89645
    endloop
  endfacet
  facet normal 0 -0.857199 0.514986
    outer loop
      vertex -1.50004 34.6812 9.89645
      vertex -3.50004 34.6333 9.81672
      vertex -1.50004 34.6333 9.81672
    endloop
  endfacet
  facet normal 0 -0.834161 0.551521
    outer loop
      vertex -3.50004 34.6812 9.89645
      vertex -1.50004 34.7325 9.97404
      vertex -3.50004 34.7325 9.97404
    endloop
  endfacet
  facet normal 0 -0.834161 0.551521
    outer loop
      vertex -1.50004 34.7325 9.97404
      vertex -3.50004 34.6812 9.89645
      vertex -1.50004 34.6812 9.89645
    endloop
  endfacet
  facet normal 0 -0.809424 0.587225
    outer loop
      vertex -3.50004 34.7325 9.97404
      vertex -1.50004 34.7871 10.0493
      vertex -3.50004 34.7871 10.0493
    endloop
  endfacet
  facet normal 0 -0.809424 0.587225
    outer loop
      vertex -1.50004 34.7871 10.0493
      vertex -3.50004 34.7325 9.97404
      vertex -1.50004 34.7325 9.97404
    endloop
  endfacet
  facet normal 0 -0.783588 0.621281
    outer loop
      vertex -3.50004 34.7871 10.0493
      vertex -1.50004 34.8449 10.1222
      vertex -3.50004 34.8449 10.1222
    endloop
  endfacet
  facet normal 0 -0.783588 0.621281
    outer loop
      vertex -1.50004 34.8449 10.1222
      vertex -3.50004 34.7871 10.0493
      vertex -1.50004 34.7871 10.0493
    endloop
  endfacet
  facet normal 0 -0.755831 0.654767
    outer loop
      vertex -3.50004 34.8449 10.1222
      vertex -1.50004 34.9058 10.1925
      vertex -3.50004 34.9058 10.1925
    endloop
  endfacet
  facet normal 0 -0.755831 0.654767
    outer loop
      vertex -1.50004 34.9058 10.1925
      vertex -3.50004 34.8449 10.1222
      vertex -1.50004 34.8449 10.1222
    endloop
  endfacet
  facet normal 0 -0.726715 0.686939
    outer loop
      vertex -3.50004 34.9058 10.1925
      vertex -1.50004 34.9697 10.2601
      vertex -3.50004 34.9697 10.2601
    endloop
  endfacet
  facet normal 0 -0.726715 0.686939
    outer loop
      vertex -1.50004 34.9697 10.2601
      vertex -3.50004 34.9058 10.1925
      vertex -1.50004 34.9058 10.1925
    endloop
  endfacet
  facet normal 0 -0.696817 0.717249
    outer loop
      vertex -3.50004 35.0364 10.3249
      vertex -1.50004 34.9697 10.2601
      vertex -1.50004 35.0364 10.3249
    endloop
  endfacet
  facet normal 0 -0.696817 0.717249
    outer loop
      vertex -1.50004 34.9697 10.2601
      vertex -3.50004 35.0364 10.3249
      vertex -3.50004 34.9697 10.2601
    endloop
  endfacet
  facet normal 0 -0.664497 0.747291
    outer loop
      vertex -3.50004 35.1059 10.3867
      vertex -1.50004 35.0364 10.3249
      vertex -1.50004 35.1059 10.3867
    endloop
  endfacet
  facet normal 0 -0.664497 0.747291
    outer loop
      vertex -1.50004 35.0364 10.3249
      vertex -3.50004 35.1059 10.3867
      vertex -3.50004 35.0364 10.3249
    endloop
  endfacet
  facet normal 0 -0.632008 0.774962
    outer loop
      vertex -3.50004 35.178 10.4455
      vertex -1.50004 35.1059 10.3867
      vertex -1.50004 35.178 10.4455
    endloop
  endfacet
  facet normal 0 -0.632008 0.774962
    outer loop
      vertex -1.50004 35.1059 10.3867
      vertex -3.50004 35.178 10.4455
      vertex -3.50004 35.1059 10.3867
    endloop
  endfacet
  facet normal 0 -0.598105 0.801418
    outer loop
      vertex -3.50004 35.2525 10.5011
      vertex -1.50004 35.178 10.4455
      vertex -1.50004 35.2525 10.5011
    endloop
  endfacet
  facet normal 0 -0.598105 0.801418
    outer loop
      vertex -1.50004 35.178 10.4455
      vertex -3.50004 35.2525 10.5011
      vertex -3.50004 35.178 10.4455
    endloop
  endfacet
  facet normal 0 -0.562369 0.826887
    outer loop
      vertex -3.50004 35.3294 10.5534
      vertex -1.50004 35.2525 10.5011
      vertex -1.50004 35.3294 10.5534
    endloop
  endfacet
  facet normal 0 -0.562369 0.826887
    outer loop
      vertex -1.50004 35.2525 10.5011
      vertex -3.50004 35.3294 10.5534
      vertex -3.50004 35.2525 10.5011
    endloop
  endfacet
  facet normal 0 -0.525836 0.850586
    outer loop
      vertex -3.50004 35.4085 10.6023
      vertex -1.50004 35.3294 10.5534
      vertex -1.50004 35.4085 10.6023
    endloop
  endfacet
  facet normal 0 -0.525836 0.850586
    outer loop
      vertex -1.50004 35.3294 10.5534
      vertex -3.50004 35.4085 10.6023
      vertex -3.50004 35.3294 10.5534
    endloop
  endfacet
  facet normal 0 -0.488832 0.872378
    outer loop
      vertex -3.50004 35.4897 10.6478
      vertex -1.50004 35.4085 10.6023
      vertex -1.50004 35.4897 10.6478
    endloop
  endfacet
  facet normal 0 -0.488832 0.872378
    outer loop
      vertex -1.50004 35.4085 10.6023
      vertex -3.50004 35.4897 10.6478
      vertex -3.50004 35.4085 10.6023
    endloop
  endfacet
  facet normal 0 -0.450652 0.8927
    outer loop
      vertex -3.50004 35.5727 10.6897
      vertex -1.50004 35.4897 10.6478
      vertex -1.50004 35.5727 10.6897
    endloop
  endfacet
  facet normal 0 -0.450652 0.8927
    outer loop
      vertex -1.50004 35.4897 10.6478
      vertex -3.50004 35.5727 10.6897
      vertex -3.50004 35.4897 10.6478
    endloop
  endfacet
  facet normal 0 -0.412019 0.911175
    outer loop
      vertex -3.50004 35.6574 10.728
      vertex -1.50004 35.5727 10.6897
      vertex -1.50004 35.6574 10.728
    endloop
  endfacet
  facet normal 0 -0.412019 0.911175
    outer loop
      vertex -1.50004 35.5727 10.6897
      vertex -3.50004 35.6574 10.728
      vertex -3.50004 35.5727 10.6897
    endloop
  endfacet
  facet normal 0 -0.371761 0.928328
    outer loop
      vertex -3.50004 35.7438 10.7626
      vertex -1.50004 35.6574 10.728
      vertex -1.50004 35.7438 10.7626
    endloop
  endfacet
  facet normal 0 -0.371761 0.928328
    outer loop
      vertex -1.50004 35.6574 10.728
      vertex -3.50004 35.7438 10.7626
      vertex -3.50004 35.6574 10.728
    endloop
  endfacet
  facet normal 0 -0.331357 0.943506
    outer loop
      vertex -3.50004 35.8315 10.7934
      vertex -1.50004 35.7438 10.7626
      vertex -1.50004 35.8315 10.7934
    endloop
  endfacet
  facet normal 0 -0.331357 0.943506
    outer loop
      vertex -1.50004 35.7438 10.7626
      vertex -3.50004 35.8315 10.7934
      vertex -3.50004 35.7438 10.7626
    endloop
  endfacet
  facet normal 0 -0.290306 0.956934
    outer loop
      vertex -3.50004 35.9205 10.8204
      vertex -1.50004 35.8315 10.7934
      vertex -1.50004 35.9205 10.8204
    endloop
  endfacet
  facet normal 0 -0.290306 0.956934
    outer loop
      vertex -1.50004 35.8315 10.7934
      vertex -3.50004 35.9205 10.8204
      vertex -3.50004 35.8315 10.7934
    endloop
  endfacet
  facet normal 0 -0.248349 0.96867
    outer loop
      vertex -3.50004 36.0106 10.8435
      vertex -1.50004 35.9205 10.8204
      vertex -1.50004 36.0106 10.8435
    endloop
  endfacet
  facet normal 0 -0.248349 0.96867
    outer loop
      vertex -1.50004 35.9205 10.8204
      vertex -3.50004 36.0106 10.8435
      vertex -3.50004 35.9205 10.8204
    endloop
  endfacet
  facet normal 0 -0.206444 0.978458
    outer loop
      vertex -3.50004 36.1016 10.8627
      vertex -1.50004 36.0106 10.8435
      vertex -1.50004 36.1016 10.8627
    endloop
  endfacet
  facet normal 0 -0.206444 0.978458
    outer loop
      vertex -1.50004 36.0106 10.8435
      vertex -3.50004 36.1016 10.8627
      vertex -3.50004 36.0106 10.8435
    endloop
  endfacet
  facet normal 0 -0.164399 0.986394
    outer loop
      vertex -3.50004 36.1934 10.878
      vertex -1.50004 36.1016 10.8627
      vertex -1.50004 36.1934 10.878
    endloop
  endfacet
  facet normal 0 -0.164399 0.986394
    outer loop
      vertex -1.50004 36.1016 10.8627
      vertex -3.50004 36.1934 10.878
      vertex -3.50004 36.1016 10.8627
    endloop
  endfacet
  facet normal 0 -0.12152 0.992589
    outer loop
      vertex -3.50004 36.2857 10.8893
      vertex -1.50004 36.1934 10.878
      vertex -1.50004 36.2857 10.8893
    endloop
  endfacet
  facet normal 0 -0.12152 0.992589
    outer loop
      vertex -1.50004 36.1934 10.878
      vertex -3.50004 36.2857 10.8893
      vertex -3.50004 36.1934 10.878
    endloop
  endfacet
  facet normal 0 -0.0774367 0.996997
    outer loop
      vertex -3.50004 36.3784 10.8965
      vertex -1.50004 36.2857 10.8893
      vertex -1.50004 36.3784 10.8965
    endloop
  endfacet
  facet normal 0 -0.0774367 0.996997
    outer loop
      vertex -1.50004 36.2857 10.8893
      vertex -3.50004 36.3784 10.8965
      vertex -3.50004 36.2857 10.8893
    endloop
  endfacet
  facet normal 0 -0.0354616 0.999371
    outer loop
      vertex -3.50004 36.4714 10.8998
      vertex -1.50004 36.3784 10.8965
      vertex -1.50004 36.4714 10.8998
    endloop
  endfacet
  facet normal 0 -0.0354616 0.999371
    outer loop
      vertex -1.50004 36.3784 10.8965
      vertex -3.50004 36.4714 10.8998
      vertex -3.50004 36.3784 10.8965
    endloop
  endfacet
  facet normal -0 0.00860183 0.999963
    outer loop
      vertex -3.50004 36.5644 10.899
      vertex -1.50004 36.4714 10.8998
      vertex -1.50004 36.5644 10.899
    endloop
  endfacet
  facet normal 0 0.00860183 0.999963
    outer loop
      vertex -1.50004 36.4714 10.8998
      vertex -3.50004 36.5644 10.899
      vertex -3.50004 36.4714 10.8998
    endloop
  endfacet
  facet normal -0 0.0515996 0.998668
    outer loop
      vertex -3.50004 36.6573 10.8942
      vertex -1.50004 36.5644 10.899
      vertex -1.50004 36.6573 10.8942
    endloop
  endfacet
  facet normal 0 0.0515996 0.998668
    outer loop
      vertex -1.50004 36.5644 10.899
      vertex -3.50004 36.6573 10.8942
      vertex -3.50004 36.5644 10.899
    endloop
  endfacet
  facet normal -0 0.0946062 0.995515
    outer loop
      vertex -3.50004 36.7499 10.8854
      vertex -1.50004 36.6573 10.8942
      vertex -1.50004 36.7499 10.8854
    endloop
  endfacet
  facet normal 0 0.0946062 0.995515
    outer loop
      vertex -1.50004 36.6573 10.8942
      vertex -3.50004 36.7499 10.8854
      vertex -3.50004 36.6573 10.8942
    endloop
  endfacet
  facet normal -0 0.137656 0.99048
    outer loop
      vertex -3.50004 36.842 10.8726
      vertex -1.50004 36.7499 10.8854
      vertex -1.50004 36.842 10.8726
    endloop
  endfacet
  facet normal 0 0.137656 0.99048
    outer loop
      vertex -1.50004 36.7499 10.8854
      vertex -3.50004 36.842 10.8726
      vertex -3.50004 36.7499 10.8854
    endloop
  endfacet
  facet normal -0 0.180588 0.983559
    outer loop
      vertex -3.50004 36.9335 10.8558
      vertex -1.50004 36.842 10.8726
      vertex -1.50004 36.9335 10.8558
    endloop
  endfacet
  facet normal 0 0.180588 0.983559
    outer loop
      vertex -1.50004 36.842 10.8726
      vertex -3.50004 36.9335 10.8558
      vertex -3.50004 36.842 10.8726
    endloop
  endfacet
  facet normal -0 0.222737 0.974879
    outer loop
      vertex -3.50004 37.0241 10.8351
      vertex -1.50004 36.9335 10.8558
      vertex -1.50004 37.0241 10.8351
    endloop
  endfacet
  facet normal 0 0.222737 0.974879
    outer loop
      vertex -1.50004 36.9335 10.8558
      vertex -3.50004 37.0241 10.8351
      vertex -3.50004 36.9335 10.8558
    endloop
  endfacet
  facet normal -0 0.264482 0.964391
    outer loop
      vertex -3.50004 37.1138 10.8105
      vertex -1.50004 37.0241 10.8351
      vertex -1.50004 37.1138 10.8105
    endloop
  endfacet
  facet normal 0 0.264482 0.964391
    outer loop
      vertex -1.50004 37.0241 10.8351
      vertex -3.50004 37.1138 10.8105
      vertex -3.50004 37.0241 10.8351
    endloop
  endfacet
  facet normal -0 0.306218 0.951961
    outer loop
      vertex -3.50004 37.2024 10.782
      vertex -1.50004 37.1138 10.8105
      vertex -1.50004 37.2024 10.782
    endloop
  endfacet
  facet normal 0 0.306218 0.951961
    outer loop
      vertex -1.50004 37.1138 10.8105
      vertex -3.50004 37.2024 10.782
      vertex -3.50004 37.1138 10.8105
    endloop
  endfacet
  facet normal -0 0.346403 0.938086
    outer loop
      vertex -3.50004 37.2896 10.7498
      vertex -1.50004 37.2024 10.782
      vertex -1.50004 37.2896 10.7498
    endloop
  endfacet
  facet normal 0 0.346403 0.938086
    outer loop
      vertex -1.50004 37.2024 10.782
      vertex -3.50004 37.2896 10.7498
      vertex -3.50004 37.2024 10.782
    endloop
  endfacet
  facet normal -0 0.388201 0.921575
    outer loop
      vertex -3.50004 37.3753 10.7137
      vertex -1.50004 37.2896 10.7498
      vertex -1.50004 37.3753 10.7137
    endloop
  endfacet
  facet normal 0 0.388201 0.921575
    outer loop
      vertex -1.50004 37.2896 10.7498
      vertex -3.50004 37.3753 10.7137
      vertex -3.50004 37.2896 10.7498
    endloop
  endfacet
  facet normal -0 0.426469 0.904502
    outer loop
      vertex -3.50004 37.4595 10.674
      vertex -1.50004 37.3753 10.7137
      vertex -1.50004 37.4595 10.674
    endloop
  endfacet
  facet normal 0 0.426469 0.904502
    outer loop
      vertex -1.50004 37.3753 10.7137
      vertex -3.50004 37.4595 10.674
      vertex -3.50004 37.3753 10.7137
    endloop
  endfacet
  facet normal -0 0.464771 0.885431
    outer loop
      vertex -3.50004 37.5418 10.6308
      vertex -1.50004 37.4595 10.674
      vertex -1.50004 37.5418 10.6308
    endloop
  endfacet
  facet normal 0 0.464771 0.885431
    outer loop
      vertex -1.50004 37.4595 10.674
      vertex -3.50004 37.5418 10.6308
      vertex -3.50004 37.4595 10.674
    endloop
  endfacet
  facet normal -0 0.504339 0.863506
    outer loop
      vertex -3.50004 37.6221 10.5839
      vertex -1.50004 37.5418 10.6308
      vertex -1.50004 37.6221 10.5839
    endloop
  endfacet
  facet normal 0 0.504339 0.863506
    outer loop
      vertex -1.50004 37.5418 10.6308
      vertex -3.50004 37.6221 10.5839
      vertex -3.50004 37.5418 10.6308
    endloop
  endfacet
  facet normal -0 0.539725 0.841842
    outer loop
      vertex -3.50004 37.7004 10.5337
      vertex -1.50004 37.6221 10.5839
      vertex -1.50004 37.7004 10.5337
    endloop
  endfacet
  facet normal 0 0.539725 0.841842
    outer loop
      vertex -1.50004 37.6221 10.5839
      vertex -3.50004 37.7004 10.5337
      vertex -3.50004 37.6221 10.5839
    endloop
  endfacet
  facet normal -0 0.576345 0.817206
    outer loop
      vertex -3.50004 37.7764 10.4801
      vertex -1.50004 37.7004 10.5337
      vertex -1.50004 37.7764 10.4801
    endloop
  endfacet
  facet normal 0 0.576345 0.817206
    outer loop
      vertex -1.50004 37.7004 10.5337
      vertex -3.50004 37.7764 10.4801
      vertex -3.50004 37.7004 10.5337
    endloop
  endfacet
  facet normal -0 0.610438 0.792064
    outer loop
      vertex -3.50004 37.8501 10.4233
      vertex -1.50004 37.7764 10.4801
      vertex -1.50004 37.8501 10.4233
    endloop
  endfacet
  facet normal 0 0.610438 0.792064
    outer loop
      vertex -1.50004 37.7764 10.4801
      vertex -3.50004 37.8501 10.4233
      vertex -3.50004 37.7764 10.4801
    endloop
  endfacet
  facet normal -0 0.64493 0.764242
    outer loop
      vertex -3.50004 37.9212 10.3633
      vertex -1.50004 37.8501 10.4233
      vertex -1.50004 37.9212 10.3633
    endloop
  endfacet
  facet normal 0 0.64493 0.764242
    outer loop
      vertex -1.50004 37.8501 10.4233
      vertex -3.50004 37.9212 10.3633
      vertex -3.50004 37.8501 10.4233
    endloop
  endfacet
  facet normal -0 0.676893 0.736081
    outer loop
      vertex -3.50004 37.9896 10.3004
      vertex -1.50004 37.9212 10.3633
      vertex -1.50004 37.9896 10.3004
    endloop
  endfacet
  facet normal 0 0.676893 0.736081
    outer loop
      vertex -1.50004 37.9212 10.3633
      vertex -3.50004 37.9896 10.3004
      vertex -3.50004 37.9212 10.3633
    endloop
  endfacet
  facet normal 0 0.708181 0.706031
    outer loop
      vertex -1.50004 38.0553 10.2345
      vertex -3.50004 37.9896 10.3004
      vertex -1.50004 37.9896 10.3004
    endloop
  endfacet
  facet normal 0 0.708181 0.706031
    outer loop
      vertex -3.50004 37.9896 10.3004
      vertex -1.50004 38.0553 10.2345
      vertex -3.50004 38.0553 10.2345
    endloop
  endfacet
  facet normal 0 0.738625 0.674116
    outer loop
      vertex -1.50004 38.118 10.1658
      vertex -3.50004 38.0553 10.2345
      vertex -1.50004 38.0553 10.2345
    endloop
  endfacet
  facet normal 0 0.738625 0.674116
    outer loop
      vertex -3.50004 38.0553 10.2345
      vertex -1.50004 38.118 10.1658
      vertex -3.50004 38.118 10.1658
    endloop
  endfacet
  facet normal 0 0.766721 0.641981
    outer loop
      vertex -1.50004 38.1777 10.0945
      vertex -3.50004 38.118 10.1658
      vertex -1.50004 38.118 10.1658
    endloop
  endfacet
  facet normal 0 0.766721 0.641981
    outer loop
      vertex -3.50004 38.118 10.1658
      vertex -1.50004 38.1777 10.0945
      vertex -3.50004 38.1777 10.0945
    endloop
  endfacet
  facet normal 0 0.793503 0.608567
    outer loop
      vertex -1.50004 38.2343 10.0207
      vertex -3.50004 38.1777 10.0945
      vertex -1.50004 38.1777 10.0945
    endloop
  endfacet
  facet normal 0 0.793503 0.608567
    outer loop
      vertex -3.50004 38.1777 10.0945
      vertex -1.50004 38.2343 10.0207
      vertex -3.50004 38.2343 10.0207
    endloop
  endfacet
  facet normal 0 0.818787 0.574097
    outer loop
      vertex -1.50004 38.2877 9.94454
      vertex -3.50004 38.2343 10.0207
      vertex -1.50004 38.2343 10.0207
    endloop
  endfacet
  facet normal 0 0.818787 0.574097
    outer loop
      vertex -3.50004 38.2343 10.0207
      vertex -1.50004 38.2877 9.94454
      vertex -3.50004 38.2877 9.94454
    endloop
  endfacet
  facet normal 0 0.843223 0.537564
    outer loop
      vertex -1.50004 38.3377 9.86611
      vertex -3.50004 38.2877 9.94454
      vertex -1.50004 38.2877 9.94454
    endloop
  endfacet
  facet normal 0 0.843223 0.537564
    outer loop
      vertex -3.50004 38.2877 9.94454
      vertex -1.50004 38.3377 9.86611
      vertex -3.50004 38.3377 9.86611
    endloop
  endfacet
  facet normal 0 0.865971 0.500095
    outer loop
      vertex -1.50004 38.3842 9.78559
      vertex -3.50004 38.3377 9.86611
      vertex -1.50004 38.3377 9.86611
    endloop
  endfacet
  facet normal 0 0.865971 0.500095
    outer loop
      vertex -3.50004 38.3377 9.86611
      vertex -1.50004 38.3842 9.78559
      vertex -3.50004 38.3842 9.78559
    endloop
  endfacet
  facet normal 0 0.886685 0.462375
    outer loop
      vertex -1.50004 38.4272 9.70313
      vertex -3.50004 38.3842 9.78559
      vertex -1.50004 38.3842 9.78559
    endloop
  endfacet
  facet normal 0 0.886685 0.462375
    outer loop
      vertex -3.50004 38.3842 9.78559
      vertex -1.50004 38.4272 9.70313
      vertex -3.50004 38.4272 9.70313
    endloop
  endfacet
  facet normal 0 0.90582 0.423662
    outer loop
      vertex -1.50004 38.4666 9.61889
      vertex -3.50004 38.4272 9.70313
      vertex -1.50004 38.4272 9.70313
    endloop
  endfacet
  facet normal 0 0.90582 0.423662
    outer loop
      vertex -3.50004 38.4272 9.70313
      vertex -1.50004 38.4666 9.61889
      vertex -3.50004 38.4666 9.61889
    endloop
  endfacet
  facet normal 0 0.922997 0.384806
    outer loop
      vertex -1.50004 38.5024 9.53302
      vertex -3.50004 38.4666 9.61889
      vertex -1.50004 38.4666 9.61889
    endloop
  endfacet
  facet normal 0 0.922997 0.384806
    outer loop
      vertex -3.50004 38.4666 9.61889
      vertex -1.50004 38.5024 9.53302
      vertex -3.50004 38.5024 9.53302
    endloop
  endfacet
  facet normal 0 0.938949 0.344056
    outer loop
      vertex -1.50004 38.5344 9.44569
      vertex -3.50004 38.5024 9.53302
      vertex -1.50004 38.5024 9.53302
    endloop
  endfacet
  facet normal 0 0.938949 0.344056
    outer loop
      vertex -3.50004 38.5024 9.53302
      vertex -1.50004 38.5344 9.44569
      vertex -3.50004 38.5344 9.44569
    endloop
  endfacet
  facet normal 0 0.952937 0.303168
    outer loop
      vertex -1.50004 38.5626 9.35705
      vertex -3.50004 38.5344 9.44569
      vertex -1.50004 38.5344 9.44569
    endloop
  endfacet
  facet normal 0 0.952937 0.303168
    outer loop
      vertex -3.50004 38.5344 9.44569
      vertex -1.50004 38.5626 9.35705
      vertex -3.50004 38.5626 9.35705
    endloop
  endfacet
  facet normal 0 0.965261 0.261288
    outer loop
      vertex -1.50004 38.5869 9.26728
      vertex -3.50004 38.5626 9.35705
      vertex -1.50004 38.5626 9.35705
    endloop
  endfacet
  facet normal 0 0.965261 0.261288
    outer loop
      vertex -3.50004 38.5626 9.35705
      vertex -1.50004 38.5869 9.26728
      vertex -3.50004 38.5869 9.26728
    endloop
  endfacet
  facet normal 0 0.975648 0.219343
    outer loop
      vertex -1.50004 38.6073 9.17654
      vertex -3.50004 38.5869 9.26728
      vertex -1.50004 38.5869 9.26728
    endloop
  endfacet
  facet normal 0 0.975648 0.219343
    outer loop
      vertex -3.50004 38.5869 9.26728
      vertex -1.50004 38.6073 9.17654
      vertex -3.50004 38.6073 9.17654
    endloop
  endfacet
  facet normal 0 0.984137 0.177409
    outer loop
      vertex -1.50004 38.6238 9.08501
      vertex -3.50004 38.6073 9.17654
      vertex -1.50004 38.6073 9.17654
    endloop
  endfacet
  facet normal 0 0.984137 0.177409
    outer loop
      vertex -3.50004 38.6073 9.17654
      vertex -1.50004 38.6238 9.08501
      vertex -3.50004 38.6238 9.08501
    endloop
  endfacet
  facet normal 0 0.990929 0.134389
    outer loop
      vertex -1.50004 38.6363 8.99284
      vertex -3.50004 38.6238 9.08501
      vertex -1.50004 38.6238 9.08501
    endloop
  endfacet
  facet normal 0 0.990929 0.134389
    outer loop
      vertex -3.50004 38.6238 9.08501
      vertex -1.50004 38.6363 8.99284
      vertex -3.50004 38.6363 8.99284
    endloop
  endfacet
  facet normal 0 0.995815 0.0913888
    outer loop
      vertex -1.50004 38.6448 8.90022
      vertex -3.50004 38.6363 8.99284
      vertex -1.50004 38.6363 8.99284
    endloop
  endfacet
  facet normal 0 0.995815 0.0913888
    outer loop
      vertex -3.50004 38.6363 8.99284
      vertex -1.50004 38.6448 8.90022
      vertex -3.50004 38.6448 8.90022
    endloop
  endfacet
  facet normal 0 0.998829 0.0483825
    outer loop
      vertex -1.50004 38.6493 8.80732
      vertex -3.50004 38.6448 8.90022
      vertex -1.50004 38.6448 8.90022
    endloop
  endfacet
  facet normal 0 0.998829 0.0483825
    outer loop
      vertex -3.50004 38.6448 8.90022
      vertex -1.50004 38.6493 8.80732
      vertex -3.50004 38.6493 8.80732
    endloop
  endfacet
  facet normal 0 0.999991 0.00430104
    outer loop
      vertex -1.50004 38.6497 8.71432
      vertex -3.50004 38.6493 8.80732
      vertex -1.50004 38.6493 8.80732
    endloop
  endfacet
  facet normal 0 0.999991 0.00430104
    outer loop
      vertex -3.50004 38.6493 8.80732
      vertex -1.50004 38.6497 8.71432
      vertex -3.50004 38.6497 8.71432
    endloop
  endfacet
  facet normal 0 0.999292 -0.037632
    outer loop
      vertex -1.50004 38.6462 8.62138
      vertex -3.50004 38.6497 8.71432
      vertex -1.50004 38.6497 8.71432
    endloop
  endfacet
  facet normal 0 0.999292 -0.037632
    outer loop
      vertex -3.50004 38.6497 8.71432
      vertex -1.50004 38.6462 8.62138
      vertex -3.50004 38.6462 8.62138
    endloop
  endfacet
  facet normal 0 0.996656 -0.0817107
    outer loop
      vertex -1.50004 38.6386 8.52868
      vertex -3.50004 38.6462 8.62138
      vertex -1.50004 38.6462 8.62138
    endloop
  endfacet
  facet normal 0 0.996656 -0.0817107
    outer loop
      vertex -3.50004 38.6462 8.62138
      vertex -1.50004 38.6386 8.52868
      vertex -3.50004 38.6386 8.52868
    endloop
  endfacet
  facet normal 0 0.992193 -0.12471
    outer loop
      vertex -1.50004 38.627 8.43639
      vertex -3.50004 38.6386 8.52868
      vertex -1.50004 38.6386 8.52868
    endloop
  endfacet
  facet normal 0 0.992193 -0.12471
    outer loop
      vertex -3.50004 38.6386 8.52868
      vertex -1.50004 38.627 8.43639
      vertex -3.50004 38.627 8.43639
    endloop
  endfacet
  facet normal 0 0.986011 -0.166683
    outer loop
      vertex -1.50004 38.6115 8.3447
      vertex -3.50004 38.627 8.43639
      vertex -1.50004 38.627 8.43639
    endloop
  endfacet
  facet normal 0 0.986011 -0.166683
    outer loop
      vertex -3.50004 38.627 8.43639
      vertex -1.50004 38.6115 8.3447
      vertex -3.50004 38.6115 8.3447
    endloop
  endfacet
  facet normal 0 0.977774 -0.209661
    outer loop
      vertex -1.50004 38.592 8.25376
      vertex -3.50004 38.6115 8.3447
      vertex -1.50004 38.6115 8.3447
    endloop
  endfacet
  facet normal 0 0.977774 -0.209661
    outer loop
      vertex -3.50004 38.6115 8.3447
      vertex -1.50004 38.592 8.25376
      vertex -3.50004 38.592 8.25376
    endloop
  endfacet
  facet normal 0 0.967836 -0.251581
    outer loop
      vertex -1.50004 38.5686 8.16374
      vertex -3.50004 38.592 8.25376
      vertex -1.50004 38.592 8.25376
    endloop
  endfacet
  facet normal 0 0.967836 -0.251581
    outer loop
      vertex -3.50004 38.592 8.25376
      vertex -1.50004 38.5686 8.16374
      vertex -3.50004 38.5686 8.16374
    endloop
  endfacet
  facet normal 0 0.955951 -0.293527
    outer loop
      vertex -1.50004 38.5413 8.07483
      vertex -3.50004 38.5686 8.16374
      vertex -1.50004 38.5686 8.16374
    endloop
  endfacet
  facet normal 0 0.955951 -0.293527
    outer loop
      vertex -3.50004 38.5686 8.16374
      vertex -1.50004 38.5413 8.07483
      vertex -3.50004 38.5413 8.07483
    endloop
  endfacet
  facet normal 0 0.942433 -0.334394
    outer loop
      vertex -1.50004 38.5102 7.98718
      vertex -3.50004 38.5413 8.07483
      vertex -1.50004 38.5413 8.07483
    endloop
  endfacet
  facet normal 0 0.942433 -0.334394
    outer loop
      vertex -3.50004 38.5413 8.07483
      vertex -1.50004 38.5102 7.98718
      vertex -3.50004 38.5102 7.98718
    endloop
  endfacet
  facet normal 0 0.926941 -0.375206
    outer loop
      vertex -1.50004 38.4753 7.90096
      vertex -3.50004 38.5102 7.98718
      vertex -1.50004 38.5102 7.98718
    endloop
  endfacet
  facet normal 0 0.926941 -0.375206
    outer loop
      vertex -3.50004 38.5102 7.98718
      vertex -1.50004 38.4753 7.90096
      vertex -3.50004 38.4753 7.90096
    endloop
  endfacet
  facet normal 0 0.90985 -0.414936
    outer loop
      vertex -1.50004 38.4367 7.81632
      vertex -3.50004 38.4753 7.90096
      vertex -1.50004 38.4753 7.90096
    endloop
  endfacet
  facet normal 0 0.90985 -0.414936
    outer loop
      vertex -3.50004 38.4753 7.90096
      vertex -1.50004 38.4367 7.81632
      vertex -3.50004 38.4367 7.81632
    endloop
  endfacet
  facet normal 0 0.891135 -0.453739
    outer loop
      vertex -1.50004 38.3945 7.73344
      vertex -3.50004 38.4367 7.81632
      vertex -1.50004 38.4367 7.81632
    endloop
  endfacet
  facet normal 0 0.891135 -0.453739
    outer loop
      vertex -3.50004 38.4367 7.81632
      vertex -1.50004 38.3945 7.73344
      vertex -3.50004 38.3945 7.73344
    endloop
  endfacet
  facet normal 0 0.870917 -0.49143
    outer loop
      vertex -1.50004 38.3488 7.65245
      vertex -3.50004 38.3945 7.73344
      vertex -1.50004 38.3945 7.73344
    endloop
  endfacet
  facet normal 0 0.870917 -0.49143
    outer loop
      vertex -3.50004 38.3945 7.73344
      vertex -1.50004 38.3488 7.65245
      vertex -3.50004 38.3488 7.65245
    endloop
  endfacet
  facet normal 0 0.848632 -0.528984
    outer loop
      vertex -1.50004 38.2996 7.57352
      vertex -3.50004 38.3488 7.65245
      vertex -1.50004 38.3488 7.65245
    endloop
  endfacet
  facet normal 0 0.848632 -0.528984
    outer loop
      vertex -3.50004 38.3488 7.65245
      vertex -1.50004 38.2996 7.57352
      vertex -3.50004 38.2996 7.57352
    endloop
  endfacet
  facet normal 0 0.824803 -0.56542
    outer loop
      vertex -1.50004 38.247 7.49679
      vertex -3.50004 38.2996 7.57352
      vertex -1.50004 38.2996 7.57352
    endloop
  endfacet
  facet normal 0 0.824803 -0.56542
    outer loop
      vertex -3.50004 38.2996 7.57352
      vertex -1.50004 38.247 7.49679
      vertex -3.50004 38.247 7.49679
    endloop
  endfacet
  facet normal 0 0.799923 -0.600103
    outer loop
      vertex -1.50004 38.1912 7.42241
      vertex -3.50004 38.247 7.49679
      vertex -1.50004 38.247 7.49679
    endloop
  endfacet
  facet normal 0 0.799923 -0.600103
    outer loop
      vertex -3.50004 38.247 7.49679
      vertex -1.50004 38.1912 7.42241
      vertex -3.50004 38.1912 7.42241
    endloop
  endfacet
  facet normal 0 0.773046 -0.63435
    outer loop
      vertex -1.50004 38.1322 7.35051
      vertex -3.50004 38.1912 7.42241
      vertex -1.50004 38.1912 7.42241
    endloop
  endfacet
  facet normal 0 0.773046 -0.63435
    outer loop
      vertex -3.50004 38.1912 7.42241
      vertex -1.50004 38.1322 7.35051
      vertex -3.50004 38.1322 7.35051
    endloop
  endfacet
  facet normal 0 0.744639 -0.667467
    outer loop
      vertex -1.50004 38.0701 7.28123
      vertex -3.50004 38.1322 7.35051
      vertex -1.50004 38.1322 7.35051
    endloop
  endfacet
  facet normal 0 0.744639 -0.667467
    outer loop
      vertex -3.50004 38.1322 7.35051
      vertex -1.50004 38.0701 7.28123
      vertex -3.50004 38.0701 7.28123
    endloop
  endfacet
  facet normal 0 0.715284 -0.698834
    outer loop
      vertex -1.50004 38.0051 7.2147
      vertex -3.50004 38.0701 7.28123
      vertex -1.50004 38.0701 7.28123
    endloop
  endfacet
  facet normal 0 0.715284 -0.698834
    outer loop
      vertex -3.50004 38.0701 7.28123
      vertex -1.50004 38.0051 7.2147
      vertex -3.50004 38.0051 7.2147
    endloop
  endfacet
  facet normal 0 0.684499 -0.729014
    outer loop
      vertex -3.50004 37.9373 7.15104
      vertex -1.50004 38.0051 7.2147
      vertex -1.50004 37.9373 7.15104
    endloop
  endfacet
  facet normal 0 0.684499 -0.729014
    outer loop
      vertex -1.50004 38.0051 7.2147
      vertex -3.50004 37.9373 7.15104
      vertex -3.50004 38.0051 7.2147
    endloop
  endfacet
  facet normal 0 0.652286 -0.757973
    outer loop
      vertex -3.50004 37.8668 7.09037
      vertex -1.50004 37.9373 7.15104
      vertex -1.50004 37.8668 7.09037
    endloop
  endfacet
  facet normal 0 0.652286 -0.757973
    outer loop
      vertex -1.50004 37.9373 7.15104
      vertex -3.50004 37.8668 7.09037
      vertex -3.50004 37.9373 7.15104
    endloop
  endfacet
  facet normal 0 0.61917 -0.785257
    outer loop
      vertex -3.50004 37.7938 7.03281
      vertex -1.50004 37.8668 7.09037
      vertex -1.50004 37.7938 7.03281
    endloop
  endfacet
  facet normal 0 0.61917 -0.785257
    outer loop
      vertex -1.50004 37.8668 7.09037
      vertex -3.50004 37.7938 7.03281
      vertex -3.50004 37.8668 7.09037
    endloop
  endfacet
  facet normal 0 0.584163 -0.811636
    outer loop
      vertex -3.50004 37.7183 6.97847
      vertex -1.50004 37.7938 7.03281
      vertex -1.50004 37.7183 6.97847
    endloop
  endfacet
  facet normal 0 0.584163 -0.811636
    outer loop
      vertex -1.50004 37.7938 7.03281
      vertex -3.50004 37.7183 6.97847
      vertex -3.50004 37.7938 7.03281
    endloop
  endfacet
  facet normal 0 0.548459 -0.836177
    outer loop
      vertex -3.50004 37.6405 6.92744
      vertex -1.50004 37.7183 6.97847
      vertex -1.50004 37.6405 6.92744
    endloop
  endfacet
  facet normal 0 0.548459 -0.836177
    outer loop
      vertex -1.50004 37.7183 6.97847
      vertex -3.50004 37.6405 6.92744
      vertex -3.50004 37.7183 6.97847
    endloop
  endfacet
  facet normal 0 0.512043 -0.85896
    outer loop
      vertex -3.50004 37.5606 6.87981
      vertex -1.50004 37.6405 6.92744
      vertex -1.50004 37.5606 6.87981
    endloop
  endfacet
  facet normal 0 0.512043 -0.85896
    outer loop
      vertex -1.50004 37.6405 6.92744
      vertex -3.50004 37.5606 6.87981
      vertex -3.50004 37.6405 6.92744
    endloop
  endfacet
  facet normal 0 0.474716 -0.880139
    outer loop
      vertex -3.50004 37.4788 6.83569
      vertex -1.50004 37.5606 6.87981
      vertex -1.50004 37.4788 6.83569
    endloop
  endfacet
  facet normal 0 0.474716 -0.880139
    outer loop
      vertex -1.50004 37.5606 6.87981
      vertex -3.50004 37.4788 6.83569
      vertex -3.50004 37.5606 6.87981
    endloop
  endfacet
  facet normal 0 0.435909 -0.899991
    outer loop
      vertex -3.50004 37.3951 6.79515
      vertex -1.50004 37.4788 6.83569
      vertex -1.50004 37.3951 6.79515
    endloop
  endfacet
  facet normal 0 0.435909 -0.899991
    outer loop
      vertex -1.50004 37.4788 6.83569
      vertex -3.50004 37.3951 6.79515
      vertex -3.50004 37.4788 6.83569
    endloop
  endfacet
  facet normal 0 0.39637 -0.918091
    outer loop
      vertex -3.50004 37.3097 6.75828
      vertex -1.50004 37.3951 6.79515
      vertex -1.50004 37.3097 6.75828
    endloop
  endfacet
  facet normal 0 0.39637 -0.918091
    outer loop
      vertex -1.50004 37.3951 6.79515
      vertex -3.50004 37.3097 6.75828
      vertex -3.50004 37.3951 6.79515
    endloop
  endfacet
  facet normal 0 0.356514 -0.93429
    outer loop
      vertex -3.50004 37.2228 6.72512
      vertex -1.50004 37.3097 6.75828
      vertex -1.50004 37.2228 6.72512
    endloop
  endfacet
  facet normal 0 0.356514 -0.93429
    outer loop
      vertex -1.50004 37.3097 6.75828
      vertex -3.50004 37.2228 6.72512
      vertex -3.50004 37.3097 6.75828
    endloop
  endfacet
  facet normal 0 0.315518 -0.948919
    outer loop
      vertex -3.50004 37.1345 6.69576
      vertex -1.50004 37.2228 6.72512
      vertex -1.50004 37.1345 6.69576
    endloop
  endfacet
  facet normal 0 0.315518 -0.948919
    outer loop
      vertex -1.50004 37.2228 6.72512
      vertex -3.50004 37.1345 6.69576
      vertex -3.50004 37.2228 6.72512
    endloop
  endfacet
  facet normal 0 0.274494 -0.961589
    outer loop
      vertex -3.50004 37.0451 6.67024
      vertex -1.50004 37.1345 6.69576
      vertex -1.50004 37.0451 6.67024
    endloop
  endfacet
  facet normal 0 0.274494 -0.961589
    outer loop
      vertex -1.50004 37.1345 6.69576
      vertex -3.50004 37.0451 6.67024
      vertex -3.50004 37.1345 6.69576
    endloop
  endfacet
  facet normal 0 0.232458 -0.972606
    outer loop
      vertex -3.50004 36.9546 6.64861
      vertex -1.50004 37.0451 6.67024
      vertex -1.50004 36.9546 6.64861
    endloop
  endfacet
  facet normal 0 0.232458 -0.972606
    outer loop
      vertex -1.50004 37.0451 6.67024
      vertex -3.50004 36.9546 6.64861
      vertex -3.50004 37.0451 6.67024
    endloop
  endfacet
  facet normal 0 0.190219 -0.981742
    outer loop
      vertex -3.50004 36.8633 6.63092
      vertex -1.50004 36.9546 6.64861
      vertex -1.50004 36.8633 6.63092
    endloop
  endfacet
  facet normal 0 0.190219 -0.981742
    outer loop
      vertex -1.50004 36.9546 6.64861
      vertex -3.50004 36.8633 6.63092
      vertex -3.50004 36.9546 6.64861
    endloop
  endfacet
  facet normal 0 0.147604 -0.989046
    outer loop
      vertex -3.50004 36.7713 6.61719
      vertex -1.50004 36.8633 6.63092
      vertex -1.50004 36.7713 6.61719
    endloop
  endfacet
  facet normal 0 0.147604 -0.989046
    outer loop
      vertex -1.50004 36.8633 6.63092
      vertex -3.50004 36.7713 6.61719
      vertex -3.50004 36.8633 6.63092
    endloop
  endfacet
  facet normal 0 0.104718 -0.994502
    outer loop
      vertex -3.50004 36.6788 6.60745
      vertex -1.50004 36.7713 6.61719
      vertex -1.50004 36.6788 6.60745
    endloop
  endfacet
  facet normal 0 0.104718 -0.994502
    outer loop
      vertex -1.50004 36.7713 6.61719
      vertex -3.50004 36.6788 6.60745
      vertex -3.50004 36.7713 6.61719
    endloop
  endfacet
  facet normal 0 0.0616283 -0.998099
    outer loop
      vertex -3.50004 36.586 6.60172
      vertex -1.50004 36.6788 6.60745
      vertex -1.50004 36.586 6.60172
    endloop
  endfacet
  facet normal 0 0.0616283 -0.998099
    outer loop
      vertex -1.50004 36.6788 6.60745
      vertex -3.50004 36.586 6.60172
      vertex -3.50004 36.6788 6.60745
    endloop
  endfacet
  facet normal 0 0.018384 -0.999831
    outer loop
      vertex -3.50004 36.493 6.60001
      vertex -1.50004 36.586 6.60172
      vertex -1.50004 36.493 6.60001
    endloop
  endfacet
  facet normal 0 0.018384 -0.999831
    outer loop
      vertex -1.50004 36.586 6.60172
      vertex -3.50004 36.493 6.60001
      vertex -3.50004 36.586 6.60172
    endloop
  endfacet
  facet normal 0 -0.0249385 -0.999689
    outer loop
      vertex -3.50004 36.4 6.60233
      vertex -1.50004 36.493 6.60001
      vertex -1.50004 36.4 6.60233
    endloop
  endfacet
  facet normal -0 -0.0249385 -0.999689
    outer loop
      vertex -1.50004 36.493 6.60001
      vertex -3.50004 36.4 6.60233
      vertex -3.50004 36.493 6.60001
    endloop
  endfacet
  facet normal 0 -0.999745 0.0225773
    outer loop
      vertex 1.49996 34.35 8.75
      vertex 3.49996 34.3521 8.84299
      vertex 1.49996 34.3521 8.84299
    endloop
  endfacet
  facet normal 0 -0.999745 0.0225773
    outer loop
      vertex 3.49996 34.3521 8.84299
      vertex 1.49996 34.35 8.75
      vertex 3.49996 34.35 8.75
    endloop
  endfacet
  facet normal 0 -0.997917 0.0645135
    outer loop
      vertex 1.49996 34.3521 8.84299
      vertex 3.49996 34.3581 8.9358
      vertex 1.49996 34.3581 8.9358
    endloop
  endfacet
  facet normal 0 -0.997917 0.0645135
    outer loop
      vertex 3.49996 34.3581 8.9358
      vertex 1.49996 34.3521 8.84299
      vertex 3.49996 34.3521 8.84299
    endloop
  endfacet
  facet normal 0 -0.994203 0.107516
    outer loop
      vertex 1.49996 34.3581 8.9358
      vertex 3.49996 34.3681 9.02827
      vertex 1.49996 34.3681 9.02827
    endloop
  endfacet
  facet normal 0 -0.994203 0.107516
    outer loop
      vertex 3.49996 34.3681 9.02827
      vertex 1.49996 34.3581 8.9358
      vertex 3.49996 34.3581 8.9358
    endloop
  endfacet
  facet normal 0 -0.988444 0.151589
    outer loop
      vertex 1.49996 34.3681 9.02827
      vertex 3.49996 34.3822 9.12021
      vertex 1.49996 34.3822 9.12021
    endloop
  endfacet
  facet normal 0 -0.988444 0.151589
    outer loop
      vertex 3.49996 34.3822 9.12021
      vertex 1.49996 34.3681 9.02827
      vertex 3.49996 34.3681 9.02827
    endloop
  endfacet
  facet normal 0 -0.981298 0.192496
    outer loop
      vertex 1.49996 34.3822 9.12021
      vertex 3.49996 34.4001 9.21146
      vertex 1.49996 34.4001 9.21146
    endloop
  endfacet
  facet normal 0 -0.981298 0.192496
    outer loop
      vertex 3.49996 34.4001 9.21146
      vertex 1.49996 34.3822 9.12021
      vertex 3.49996 34.3822 9.12021
    endloop
  endfacet
  facet normal 0 -0.971635 0.236486
    outer loop
      vertex 1.49996 34.4001 9.21146
      vertex 3.49996 34.4221 9.30185
      vertex 1.49996 34.4221 9.30185
    endloop
  endfacet
  facet normal 0 -0.971635 0.236486
    outer loop
      vertex 3.49996 34.4221 9.30185
      vertex 1.49996 34.4001 9.21146
      vertex 3.49996 34.4001 9.21146
    endloop
  endfacet
  facet normal 0 -0.960749 0.277418
    outer loop
      vertex 1.49996 34.4221 9.30185
      vertex 3.49996 34.4479 9.3912
      vertex 1.49996 34.4479 9.3912
    endloop
  endfacet
  facet normal 0 -0.960749 0.277418
    outer loop
      vertex 3.49996 34.4479 9.3912
      vertex 1.49996 34.4221 9.30185
      vertex 3.49996 34.4221 9.30185
    endloop
  endfacet
  facet normal 0 -0.947993 0.318292
    outer loop
      vertex 1.49996 34.4479 9.3912
      vertex 3.49996 34.4775 9.47936
      vertex 1.49996 34.4775 9.47936
    endloop
  endfacet
  facet normal 0 -0.947993 0.318292
    outer loop
      vertex 3.49996 34.4775 9.47936
      vertex 1.49996 34.4479 9.3912
      vertex 3.49996 34.4479 9.3912
    endloop
  endfacet
  facet normal 0 -0.932916 0.360095
    outer loop
      vertex 1.49996 34.4775 9.47936
      vertex 3.49996 34.511 9.56615
      vertex 1.49996 34.511 9.56615
    endloop
  endfacet
  facet normal 0 -0.932916 0.360095
    outer loop
      vertex 3.49996 34.511 9.56615
      vertex 1.49996 34.4775 9.47936
      vertex 3.49996 34.4775 9.47936
    endloop
  endfacet
  facet normal 0 -0.91695 0.399001
    outer loop
      vertex 1.49996 34.511 9.56615
      vertex 3.49996 34.5481 9.65141
      vertex 1.49996 34.5481 9.65141
    endloop
  endfacet
  facet normal 0 -0.91695 0.399001
    outer loop
      vertex 3.49996 34.5481 9.65141
      vertex 1.49996 34.511 9.56615
      vertex 3.49996 34.511 9.56615
    endloop
  endfacet
  facet normal 0 -0.898624 0.43872
    outer loop
      vertex 1.49996 34.5481 9.65141
      vertex 3.49996 34.5889 9.73498
      vertex 1.49996 34.5889 9.73498
    endloop
  endfacet
  facet normal 0 -0.898624 0.43872
    outer loop
      vertex 3.49996 34.5889 9.73498
      vertex 1.49996 34.5481 9.65141
      vertex 3.49996 34.5481 9.65141
    endloop
  endfacet
  facet normal 0 -0.878732 0.477315
    outer loop
      vertex 1.49996 34.5889 9.73498
      vertex 3.49996 34.6333 9.81672
      vertex 1.49996 34.6333 9.81672
    endloop
  endfacet
  facet normal 0 -0.878732 0.477315
    outer loop
      vertex 3.49996 34.6333 9.81672
      vertex 1.49996 34.5889 9.73498
      vertex 3.49996 34.5889 9.73498
    endloop
  endfacet
  facet normal 0 -0.857199 0.514986
    outer loop
      vertex 1.49996 34.6333 9.81672
      vertex 3.49996 34.6812 9.89645
      vertex 1.49996 34.6812 9.89645
    endloop
  endfacet
  facet normal 0 -0.857199 0.514986
    outer loop
      vertex 3.49996 34.6812 9.89645
      vertex 1.49996 34.6333 9.81672
      vertex 3.49996 34.6333 9.81672
    endloop
  endfacet
  facet normal 0 -0.834161 0.551521
    outer loop
      vertex 1.49996 34.6812 9.89645
      vertex 3.49996 34.7325 9.97404
      vertex 1.49996 34.7325 9.97404
    endloop
  endfacet
  facet normal 0 -0.834161 0.551521
    outer loop
      vertex 3.49996 34.7325 9.97404
      vertex 1.49996 34.6812 9.89645
      vertex 3.49996 34.6812 9.89645
    endloop
  endfacet
  facet normal 0 -0.809424 0.587225
    outer loop
      vertex 1.49996 34.7325 9.97404
      vertex 3.49996 34.7871 10.0493
      vertex 1.49996 34.7871 10.0493
    endloop
  endfacet
  facet normal 0 -0.809424 0.587225
    outer loop
      vertex 3.49996 34.7871 10.0493
      vertex 1.49996 34.7325 9.97404
      vertex 3.49996 34.7325 9.97404
    endloop
  endfacet
  facet normal 0 -0.783588 0.621281
    outer loop
      vertex 1.49996 34.7871 10.0493
      vertex 3.49996 34.8449 10.1222
      vertex 1.49996 34.8449 10.1222
    endloop
  endfacet
  facet normal 0 -0.783588 0.621281
    outer loop
      vertex 3.49996 34.8449 10.1222
      vertex 1.49996 34.7871 10.0493
      vertex 3.49996 34.7871 10.0493
    endloop
  endfacet
  facet normal 0 -0.755831 0.654767
    outer loop
      vertex 1.49996 34.8449 10.1222
      vertex 3.49996 34.9058 10.1925
      vertex 1.49996 34.9058 10.1925
    endloop
  endfacet
  facet normal 0 -0.755831 0.654767
    outer loop
      vertex 3.49996 34.9058 10.1925
      vertex 1.49996 34.8449 10.1222
      vertex 3.49996 34.8449 10.1222
    endloop
  endfacet
  facet normal 0 -0.726715 0.686939
    outer loop
      vertex 1.49996 34.9058 10.1925
      vertex 3.49996 34.9697 10.2601
      vertex 1.49996 34.9697 10.2601
    endloop
  endfacet
  facet normal 0 -0.726715 0.686939
    outer loop
      vertex 3.49996 34.9697 10.2601
      vertex 1.49996 34.9058 10.1925
      vertex 3.49996 34.9058 10.1925
    endloop
  endfacet
  facet normal 0 -0.696817 0.717249
    outer loop
      vertex 1.49996 35.0364 10.3249
      vertex 3.49996 34.9697 10.2601
      vertex 3.49996 35.0364 10.3249
    endloop
  endfacet
  facet normal 0 -0.696817 0.717249
    outer loop
      vertex 3.49996 34.9697 10.2601
      vertex 1.49996 35.0364 10.3249
      vertex 1.49996 34.9697 10.2601
    endloop
  endfacet
  facet normal 0 -0.664497 0.747291
    outer loop
      vertex 1.49996 35.1059 10.3867
      vertex 3.49996 35.0364 10.3249
      vertex 3.49996 35.1059 10.3867
    endloop
  endfacet
  facet normal 0 -0.664497 0.747291
    outer loop
      vertex 3.49996 35.0364 10.3249
      vertex 1.49996 35.1059 10.3867
      vertex 1.49996 35.0364 10.3249
    endloop
  endfacet
  facet normal 0 -0.632008 0.774962
    outer loop
      vertex 1.49996 35.178 10.4455
      vertex 3.49996 35.1059 10.3867
      vertex 3.49996 35.178 10.4455
    endloop
  endfacet
  facet normal 0 -0.632008 0.774962
    outer loop
      vertex 3.49996 35.1059 10.3867
      vertex 1.49996 35.178 10.4455
      vertex 1.49996 35.1059 10.3867
    endloop
  endfacet
  facet normal 0 -0.598105 0.801418
    outer loop
      vertex 1.49996 35.2525 10.5011
      vertex 3.49996 35.178 10.4455
      vertex 3.49996 35.2525 10.5011
    endloop
  endfacet
  facet normal 0 -0.598105 0.801418
    outer loop
      vertex 3.49996 35.178 10.4455
      vertex 1.49996 35.2525 10.5011
      vertex 1.49996 35.178 10.4455
    endloop
  endfacet
  facet normal 0 -0.562369 0.826887
    outer loop
      vertex 1.49996 35.3294 10.5534
      vertex 3.49996 35.2525 10.5011
      vertex 3.49996 35.3294 10.5534
    endloop
  endfacet
  facet normal 0 -0.562369 0.826887
    outer loop
      vertex 3.49996 35.2525 10.5011
      vertex 1.49996 35.3294 10.5534
      vertex 1.49996 35.2525 10.5011
    endloop
  endfacet
  facet normal 0 -0.525836 0.850586
    outer loop
      vertex 1.49996 35.4085 10.6023
      vertex 3.49996 35.3294 10.5534
      vertex 3.49996 35.4085 10.6023
    endloop
  endfacet
  facet normal 0 -0.525836 0.850586
    outer loop
      vertex 3.49996 35.3294 10.5534
      vertex 1.49996 35.4085 10.6023
      vertex 1.49996 35.3294 10.5534
    endloop
  endfacet
  facet normal 0 -0.488832 0.872378
    outer loop
      vertex 1.49996 35.4897 10.6478
      vertex 3.49996 35.4085 10.6023
      vertex 3.49996 35.4897 10.6478
    endloop
  endfacet
  facet normal 0 -0.488832 0.872378
    outer loop
      vertex 3.49996 35.4085 10.6023
      vertex 1.49996 35.4897 10.6478
      vertex 1.49996 35.4085 10.6023
    endloop
  endfacet
  facet normal 0 -0.450652 0.8927
    outer loop
      vertex 1.49996 35.5727 10.6897
      vertex 3.49996 35.4897 10.6478
      vertex 3.49996 35.5727 10.6897
    endloop
  endfacet
  facet normal 0 -0.450652 0.8927
    outer loop
      vertex 3.49996 35.4897 10.6478
      vertex 1.49996 35.5727 10.6897
      vertex 1.49996 35.4897 10.6478
    endloop
  endfacet
  facet normal 0 -0.412019 0.911175
    outer loop
      vertex 1.49996 35.6574 10.728
      vertex 3.49996 35.5727 10.6897
      vertex 3.49996 35.6574 10.728
    endloop
  endfacet
  facet normal 0 -0.412019 0.911175
    outer loop
      vertex 3.49996 35.5727 10.6897
      vertex 1.49996 35.6574 10.728
      vertex 1.49996 35.5727 10.6897
    endloop
  endfacet
  facet normal 0 -0.371761 0.928328
    outer loop
      vertex 1.49996 35.7438 10.7626
      vertex 3.49996 35.6574 10.728
      vertex 3.49996 35.7438 10.7626
    endloop
  endfacet
  facet normal 0 -0.371761 0.928328
    outer loop
      vertex 3.49996 35.6574 10.728
      vertex 1.49996 35.7438 10.7626
      vertex 1.49996 35.6574 10.728
    endloop
  endfacet
  facet normal 0 -0.331357 0.943506
    outer loop
      vertex 1.49996 35.8315 10.7934
      vertex 3.49996 35.7438 10.7626
      vertex 3.49996 35.8315 10.7934
    endloop
  endfacet
  facet normal 0 -0.331357 0.943506
    outer loop
      vertex 3.49996 35.7438 10.7626
      vertex 1.49996 35.8315 10.7934
      vertex 1.49996 35.7438 10.7626
    endloop
  endfacet
  facet normal 0 -0.290306 0.956934
    outer loop
      vertex 1.49996 35.9205 10.8204
      vertex 3.49996 35.8315 10.7934
      vertex 3.49996 35.9205 10.8204
    endloop
  endfacet
  facet normal 0 -0.290306 0.956934
    outer loop
      vertex 3.49996 35.8315 10.7934
      vertex 1.49996 35.9205 10.8204
      vertex 1.49996 35.8315 10.7934
    endloop
  endfacet
  facet normal 0 -0.248349 0.96867
    outer loop
      vertex 1.49996 36.0106 10.8435
      vertex 3.49996 35.9205 10.8204
      vertex 3.49996 36.0106 10.8435
    endloop
  endfacet
  facet normal 0 -0.248349 0.96867
    outer loop
      vertex 3.49996 35.9205 10.8204
      vertex 1.49996 36.0106 10.8435
      vertex 1.49996 35.9205 10.8204
    endloop
  endfacet
  facet normal 0 -0.206444 0.978458
    outer loop
      vertex 1.49996 36.1016 10.8627
      vertex 3.49996 36.0106 10.8435
      vertex 3.49996 36.1016 10.8627
    endloop
  endfacet
  facet normal 0 -0.206444 0.978458
    outer loop
      vertex 3.49996 36.0106 10.8435
      vertex 1.49996 36.1016 10.8627
      vertex 1.49996 36.0106 10.8435
    endloop
  endfacet
  facet normal 0 -0.164399 0.986394
    outer loop
      vertex 1.49996 36.1934 10.878
      vertex 3.49996 36.1016 10.8627
      vertex 3.49996 36.1934 10.878
    endloop
  endfacet
  facet normal 0 -0.164399 0.986394
    outer loop
      vertex 3.49996 36.1016 10.8627
      vertex 1.49996 36.1934 10.878
      vertex 1.49996 36.1016 10.8627
    endloop
  endfacet
  facet normal 0 -0.12152 0.992589
    outer loop
      vertex 1.49996 36.2857 10.8893
      vertex 3.49996 36.1934 10.878
      vertex 3.49996 36.2857 10.8893
    endloop
  endfacet
  facet normal 0 -0.12152 0.992589
    outer loop
      vertex 3.49996 36.1934 10.878
      vertex 1.49996 36.2857 10.8893
      vertex 1.49996 36.1934 10.878
    endloop
  endfacet
  facet normal 0 -0.0774367 0.996997
    outer loop
      vertex 1.49996 36.3784 10.8965
      vertex 3.49996 36.2857 10.8893
      vertex 3.49996 36.3784 10.8965
    endloop
  endfacet
  facet normal 0 -0.0774367 0.996997
    outer loop
      vertex 3.49996 36.2857 10.8893
      vertex 1.49996 36.3784 10.8965
      vertex 1.49996 36.2857 10.8893
    endloop
  endfacet
  facet normal 0 -0.0354616 0.999371
    outer loop
      vertex 1.49996 36.4714 10.8998
      vertex 3.49996 36.3784 10.8965
      vertex 3.49996 36.4714 10.8998
    endloop
  endfacet
  facet normal 0 -0.0354616 0.999371
    outer loop
      vertex 3.49996 36.3784 10.8965
      vertex 1.49996 36.4714 10.8998
      vertex 1.49996 36.3784 10.8965
    endloop
  endfacet
  facet normal -0 0.00860183 0.999963
    outer loop
      vertex 1.49996 36.5644 10.899
      vertex 3.49996 36.4714 10.8998
      vertex 3.49996 36.5644 10.899
    endloop
  endfacet
  facet normal 0 0.00860183 0.999963
    outer loop
      vertex 3.49996 36.4714 10.8998
      vertex 1.49996 36.5644 10.899
      vertex 1.49996 36.4714 10.8998
    endloop
  endfacet
  facet normal -0 0.0515996 0.998668
    outer loop
      vertex 1.49996 36.6573 10.8942
      vertex 3.49996 36.5644 10.899
      vertex 3.49996 36.6573 10.8942
    endloop
  endfacet
  facet normal 0 0.0515996 0.998668
    outer loop
      vertex 3.49996 36.5644 10.899
      vertex 1.49996 36.6573 10.8942
      vertex 1.49996 36.5644 10.899
    endloop
  endfacet
  facet normal -0 0.0946062 0.995515
    outer loop
      vertex 1.49996 36.7499 10.8854
      vertex 3.49996 36.6573 10.8942
      vertex 3.49996 36.7499 10.8854
    endloop
  endfacet
  facet normal 0 0.0946062 0.995515
    outer loop
      vertex 3.49996 36.6573 10.8942
      vertex 1.49996 36.7499 10.8854
      vertex 1.49996 36.6573 10.8942
    endloop
  endfacet
  facet normal -0 0.137656 0.99048
    outer loop
      vertex 1.49996 36.842 10.8726
      vertex 3.49996 36.7499 10.8854
      vertex 3.49996 36.842 10.8726
    endloop
  endfacet
  facet normal 0 0.137656 0.99048
    outer loop
      vertex 3.49996 36.7499 10.8854
      vertex 1.49996 36.842 10.8726
      vertex 1.49996 36.7499 10.8854
    endloop
  endfacet
  facet normal -0 0.180588 0.983559
    outer loop
      vertex 1.49996 36.9335 10.8558
      vertex 3.49996 36.842 10.8726
      vertex 3.49996 36.9335 10.8558
    endloop
  endfacet
  facet normal 0 0.180588 0.983559
    outer loop
      vertex 3.49996 36.842 10.8726
      vertex 1.49996 36.9335 10.8558
      vertex 1.49996 36.842 10.8726
    endloop
  endfacet
  facet normal -0 0.222737 0.974879
    outer loop
      vertex 1.49996 37.0241 10.8351
      vertex 3.49996 36.9335 10.8558
      vertex 3.49996 37.0241 10.8351
    endloop
  endfacet
  facet normal 0 0.222737 0.974879
    outer loop
      vertex 3.49996 36.9335 10.8558
      vertex 1.49996 37.0241 10.8351
      vertex 1.49996 36.9335 10.8558
    endloop
  endfacet
  facet normal -0 0.264482 0.964391
    outer loop
      vertex 1.49996 37.1138 10.8105
      vertex 3.49996 37.0241 10.8351
      vertex 3.49996 37.1138 10.8105
    endloop
  endfacet
  facet normal 0 0.264482 0.964391
    outer loop
      vertex 3.49996 37.0241 10.8351
      vertex 1.49996 37.1138 10.8105
      vertex 1.49996 37.0241 10.8351
    endloop
  endfacet
  facet normal -0 0.306218 0.951961
    outer loop
      vertex 1.49996 37.2024 10.782
      vertex 3.49996 37.1138 10.8105
      vertex 3.49996 37.2024 10.782
    endloop
  endfacet
  facet normal 0 0.306218 0.951961
    outer loop
      vertex 3.49996 37.1138 10.8105
      vertex 1.49996 37.2024 10.782
      vertex 1.49996 37.1138 10.8105
    endloop
  endfacet
  facet normal -0 0.346403 0.938086
    outer loop
      vertex 1.49996 37.2896 10.7498
      vertex 3.49996 37.2024 10.782
      vertex 3.49996 37.2896 10.7498
    endloop
  endfacet
  facet normal 0 0.346403 0.938086
    outer loop
      vertex 3.49996 37.2024 10.782
      vertex 1.49996 37.2896 10.7498
      vertex 1.49996 37.2024 10.782
    endloop
  endfacet
  facet normal -0 0.388201 0.921575
    outer loop
      vertex 1.49996 37.3753 10.7137
      vertex 3.49996 37.2896 10.7498
      vertex 3.49996 37.3753 10.7137
    endloop
  endfacet
  facet normal 0 0.388201 0.921575
    outer loop
      vertex 3.49996 37.2896 10.7498
      vertex 1.49996 37.3753 10.7137
      vertex 1.49996 37.2896 10.7498
    endloop
  endfacet
  facet normal -0 0.426469 0.904502
    outer loop
      vertex 1.49996 37.4595 10.674
      vertex 3.49996 37.3753 10.7137
      vertex 3.49996 37.4595 10.674
    endloop
  endfacet
  facet normal 0 0.426469 0.904502
    outer loop
      vertex 3.49996 37.3753 10.7137
      vertex 1.49996 37.4595 10.674
      vertex 1.49996 37.3753 10.7137
    endloop
  endfacet
  facet normal -0 0.464771 0.885431
    outer loop
      vertex 1.49996 37.5418 10.6308
      vertex 3.49996 37.4595 10.674
      vertex 3.49996 37.5418 10.6308
    endloop
  endfacet
  facet normal 0 0.464771 0.885431
    outer loop
      vertex 3.49996 37.4595 10.674
      vertex 1.49996 37.5418 10.6308
      vertex 1.49996 37.4595 10.674
    endloop
  endfacet
  facet normal -0 0.504339 0.863506
    outer loop
      vertex 1.49996 37.6221 10.5839
      vertex 3.49996 37.5418 10.6308
      vertex 3.49996 37.6221 10.5839
    endloop
  endfacet
  facet normal 0 0.504339 0.863506
    outer loop
      vertex 3.49996 37.5418 10.6308
      vertex 1.49996 37.6221 10.5839
      vertex 1.49996 37.5418 10.6308
    endloop
  endfacet
  facet normal -0 0.539725 0.841842
    outer loop
      vertex 1.49996 37.7004 10.5337
      vertex 3.49996 37.6221 10.5839
      vertex 3.49996 37.7004 10.5337
    endloop
  endfacet
  facet normal 0 0.539725 0.841842
    outer loop
      vertex 3.49996 37.6221 10.5839
      vertex 1.49996 37.7004 10.5337
      vertex 1.49996 37.6221 10.5839
    endloop
  endfacet
  facet normal -0 0.576345 0.817206
    outer loop
      vertex 1.49996 37.7764 10.4801
      vertex 3.49996 37.7004 10.5337
      vertex 3.49996 37.7764 10.4801
    endloop
  endfacet
  facet normal 0 0.576345 0.817206
    outer loop
      vertex 3.49996 37.7004 10.5337
      vertex 1.49996 37.7764 10.4801
      vertex 1.49996 37.7004 10.5337
    endloop
  endfacet
  facet normal -0 0.610438 0.792064
    outer loop
      vertex 1.49996 37.8501 10.4233
      vertex 3.49996 37.7764 10.4801
      vertex 3.49996 37.8501 10.4233
    endloop
  endfacet
  facet normal 0 0.610438 0.792064
    outer loop
      vertex 3.49996 37.7764 10.4801
      vertex 1.49996 37.8501 10.4233
      vertex 1.49996 37.7764 10.4801
    endloop
  endfacet
  facet normal -0 0.64493 0.764242
    outer loop
      vertex 1.49996 37.9212 10.3633
      vertex 3.49996 37.8501 10.4233
      vertex 3.49996 37.9212 10.3633
    endloop
  endfacet
  facet normal 0 0.64493 0.764242
    outer loop
      vertex 3.49996 37.8501 10.4233
      vertex 1.49996 37.9212 10.3633
      vertex 1.49996 37.8501 10.4233
    endloop
  endfacet
  facet normal -0 0.676893 0.736081
    outer loop
      vertex 1.49996 37.9896 10.3004
      vertex 3.49996 37.9212 10.3633
      vertex 3.49996 37.9896 10.3004
    endloop
  endfacet
  facet normal 0 0.676893 0.736081
    outer loop
      vertex 3.49996 37.9212 10.3633
      vertex 1.49996 37.9896 10.3004
      vertex 1.49996 37.9212 10.3633
    endloop
  endfacet
  facet normal 0 0.708181 0.706031
    outer loop
      vertex 3.49996 38.0553 10.2345
      vertex 1.49996 37.9896 10.3004
      vertex 3.49996 37.9896 10.3004
    endloop
  endfacet
  facet normal 0 0.708181 0.706031
    outer loop
      vertex 1.49996 37.9896 10.3004
      vertex 3.49996 38.0553 10.2345
      vertex 1.49996 38.0553 10.2345
    endloop
  endfacet
  facet normal 0 0.738625 0.674116
    outer loop
      vertex 3.49996 38.118 10.1658
      vertex 1.49996 38.0553 10.2345
      vertex 3.49996 38.0553 10.2345
    endloop
  endfacet
  facet normal 0 0.738625 0.674116
    outer loop
      vertex 1.49996 38.0553 10.2345
      vertex 3.49996 38.118 10.1658
      vertex 1.49996 38.118 10.1658
    endloop
  endfacet
  facet normal 0 0.766721 0.641981
    outer loop
      vertex 3.49996 38.1777 10.0945
      vertex 1.49996 38.118 10.1658
      vertex 3.49996 38.118 10.1658
    endloop
  endfacet
  facet normal 0 0.766721 0.641981
    outer loop
      vertex 1.49996 38.118 10.1658
      vertex 3.49996 38.1777 10.0945
      vertex 1.49996 38.1777 10.0945
    endloop
  endfacet
  facet normal 0 0.793503 0.608567
    outer loop
      vertex 3.49996 38.2343 10.0207
      vertex 1.49996 38.1777 10.0945
      vertex 3.49996 38.1777 10.0945
    endloop
  endfacet
  facet normal 0 0.793503 0.608567
    outer loop
      vertex 1.49996 38.1777 10.0945
      vertex 3.49996 38.2343 10.0207
      vertex 1.49996 38.2343 10.0207
    endloop
  endfacet
  facet normal 0 0.818787 0.574097
    outer loop
      vertex 3.49996 38.2877 9.94454
      vertex 1.49996 38.2343 10.0207
      vertex 3.49996 38.2343 10.0207
    endloop
  endfacet
  facet normal 0 0.818787 0.574097
    outer loop
      vertex 1.49996 38.2343 10.0207
      vertex 3.49996 38.2877 9.94454
      vertex 1.49996 38.2877 9.94454
    endloop
  endfacet
  facet normal 0 0.843223 0.537564
    outer loop
      vertex 3.49996 38.3377 9.86611
      vertex 1.49996 38.2877 9.94454
      vertex 3.49996 38.2877 9.94454
    endloop
  endfacet
  facet normal 0 0.843223 0.537564
    outer loop
      vertex 1.49996 38.2877 9.94454
      vertex 3.49996 38.3377 9.86611
      vertex 1.49996 38.3377 9.86611
    endloop
  endfacet
  facet normal 0 0.865971 0.500095
    outer loop
      vertex 3.49996 38.3842 9.78559
      vertex 1.49996 38.3377 9.86611
      vertex 3.49996 38.3377 9.86611
    endloop
  endfacet
  facet normal 0 0.865971 0.500095
    outer loop
      vertex 1.49996 38.3377 9.86611
      vertex 3.49996 38.3842 9.78559
      vertex 1.49996 38.3842 9.78559
    endloop
  endfacet
  facet normal 0 0.886685 0.462375
    outer loop
      vertex 3.49996 38.4272 9.70313
      vertex 1.49996 38.3842 9.78559
      vertex 3.49996 38.3842 9.78559
    endloop
  endfacet
  facet normal 0 0.886685 0.462375
    outer loop
      vertex 1.49996 38.3842 9.78559
      vertex 3.49996 38.4272 9.70313
      vertex 1.49996 38.4272 9.70313
    endloop
  endfacet
  facet normal 0 0.90582 0.423662
    outer loop
      vertex 3.49996 38.4666 9.61889
      vertex 1.49996 38.4272 9.70313
      vertex 3.49996 38.4272 9.70313
    endloop
  endfacet
  facet normal 0 0.90582 0.423662
    outer loop
      vertex 1.49996 38.4272 9.70313
      vertex 3.49996 38.4666 9.61889
      vertex 1.49996 38.4666 9.61889
    endloop
  endfacet
  facet normal 0 0.922997 0.384806
    outer loop
      vertex 3.49996 38.5024 9.53302
      vertex 1.49996 38.4666 9.61889
      vertex 3.49996 38.4666 9.61889
    endloop
  endfacet
  facet normal 0 0.922997 0.384806
    outer loop
      vertex 1.49996 38.4666 9.61889
      vertex 3.49996 38.5024 9.53302
      vertex 1.49996 38.5024 9.53302
    endloop
  endfacet
  facet normal 0 0.938949 0.344056
    outer loop
      vertex 3.49996 38.5344 9.44569
      vertex 1.49996 38.5024 9.53302
      vertex 3.49996 38.5024 9.53302
    endloop
  endfacet
  facet normal 0 0.938949 0.344056
    outer loop
      vertex 1.49996 38.5024 9.53302
      vertex 3.49996 38.5344 9.44569
      vertex 1.49996 38.5344 9.44569
    endloop
  endfacet
  facet normal 0 0.952937 0.303168
    outer loop
      vertex 3.49996 38.5626 9.35705
      vertex 1.49996 38.5344 9.44569
      vertex 3.49996 38.5344 9.44569
    endloop
  endfacet
  facet normal 0 0.952937 0.303168
    outer loop
      vertex 1.49996 38.5344 9.44569
      vertex 3.49996 38.5626 9.35705
      vertex 1.49996 38.5626 9.35705
    endloop
  endfacet
  facet normal 0 0.965261 0.261288
    outer loop
      vertex 3.49996 38.5869 9.26728
      vertex 1.49996 38.5626 9.35705
      vertex 3.49996 38.5626 9.35705
    endloop
  endfacet
  facet normal 0 0.965261 0.261288
    outer loop
      vertex 1.49996 38.5626 9.35705
      vertex 3.49996 38.5869 9.26728
      vertex 1.49996 38.5869 9.26728
    endloop
  endfacet
  facet normal 0 0.975648 0.219343
    outer loop
      vertex 3.49996 38.6073 9.17654
      vertex 1.49996 38.5869 9.26728
      vertex 3.49996 38.5869 9.26728
    endloop
  endfacet
  facet normal 0 0.975648 0.219343
    outer loop
      vertex 1.49996 38.5869 9.26728
      vertex 3.49996 38.6073 9.17654
      vertex 1.49996 38.6073 9.17654
    endloop
  endfacet
  facet normal 0 0.984137 0.177409
    outer loop
      vertex 3.49996 38.6238 9.08501
      vertex 1.49996 38.6073 9.17654
      vertex 3.49996 38.6073 9.17654
    endloop
  endfacet
  facet normal 0 0.984137 0.177409
    outer loop
      vertex 1.49996 38.6073 9.17654
      vertex 3.49996 38.6238 9.08501
      vertex 1.49996 38.6238 9.08501
    endloop
  endfacet
  facet normal 0 0.990929 0.134389
    outer loop
      vertex 3.49996 38.6363 8.99284
      vertex 1.49996 38.6238 9.08501
      vertex 3.49996 38.6238 9.08501
    endloop
  endfacet
  facet normal 0 0.990929 0.134389
    outer loop
      vertex 1.49996 38.6238 9.08501
      vertex 3.49996 38.6363 8.99284
      vertex 1.49996 38.6363 8.99284
    endloop
  endfacet
  facet normal 0 0.995815 0.0913888
    outer loop
      vertex 3.49996 38.6448 8.90022
      vertex 1.49996 38.6363 8.99284
      vertex 3.49996 38.6363 8.99284
    endloop
  endfacet
  facet normal 0 0.995815 0.0913888
    outer loop
      vertex 1.49996 38.6363 8.99284
      vertex 3.49996 38.6448 8.90022
      vertex 1.49996 38.6448 8.90022
    endloop
  endfacet
  facet normal 0 0.998829 0.0483825
    outer loop
      vertex 3.49996 38.6493 8.80732
      vertex 1.49996 38.6448 8.90022
      vertex 3.49996 38.6448 8.90022
    endloop
  endfacet
  facet normal 0 0.998829 0.0483825
    outer loop
      vertex 1.49996 38.6448 8.90022
      vertex 3.49996 38.6493 8.80732
      vertex 1.49996 38.6493 8.80732
    endloop
  endfacet
  facet normal 0 0.999991 0.00430104
    outer loop
      vertex 3.49996 38.6497 8.71432
      vertex 1.49996 38.6493 8.80732
      vertex 3.49996 38.6493 8.80732
    endloop
  endfacet
  facet normal 0 0.999991 0.00430104
    outer loop
      vertex 1.49996 38.6493 8.80732
      vertex 3.49996 38.6497 8.71432
      vertex 1.49996 38.6497 8.71432
    endloop
  endfacet
  facet normal 0 0.999292 -0.037632
    outer loop
      vertex 3.49996 38.6462 8.62138
      vertex 1.49996 38.6497 8.71432
      vertex 3.49996 38.6497 8.71432
    endloop
  endfacet
  facet normal 0 0.999292 -0.037632
    outer loop
      vertex 1.49996 38.6497 8.71432
      vertex 3.49996 38.6462 8.62138
      vertex 1.49996 38.6462 8.62138
    endloop
  endfacet
  facet normal 0 0.996656 -0.0817107
    outer loop
      vertex 3.49996 38.6386 8.52868
      vertex 1.49996 38.6462 8.62138
      vertex 3.49996 38.6462 8.62138
    endloop
  endfacet
  facet normal 0 0.996656 -0.0817107
    outer loop
      vertex 1.49996 38.6462 8.62138
      vertex 3.49996 38.6386 8.52868
      vertex 1.49996 38.6386 8.52868
    endloop
  endfacet
  facet normal 0 0.992193 -0.12471
    outer loop
      vertex 3.49996 38.627 8.43639
      vertex 1.49996 38.6386 8.52868
      vertex 3.49996 38.6386 8.52868
    endloop
  endfacet
  facet normal 0 0.992193 -0.12471
    outer loop
      vertex 1.49996 38.6386 8.52868
      vertex 3.49996 38.627 8.43639
      vertex 1.49996 38.627 8.43639
    endloop
  endfacet
  facet normal 0 0.986011 -0.166683
    outer loop
      vertex 3.49996 38.6115 8.3447
      vertex 1.49996 38.627 8.43639
      vertex 3.49996 38.627 8.43639
    endloop
  endfacet
  facet normal 0 0.986011 -0.166683
    outer loop
      vertex 1.49996 38.627 8.43639
      vertex 3.49996 38.6115 8.3447
      vertex 1.49996 38.6115 8.3447
    endloop
  endfacet
  facet normal 0 0.977774 -0.209661
    outer loop
      vertex 3.49996 38.592 8.25376
      vertex 1.49996 38.6115 8.3447
      vertex 3.49996 38.6115 8.3447
    endloop
  endfacet
  facet normal 0 0.977774 -0.209661
    outer loop
      vertex 1.49996 38.6115 8.3447
      vertex 3.49996 38.592 8.25376
      vertex 1.49996 38.592 8.25376
    endloop
  endfacet
  facet normal 0 0.967836 -0.251581
    outer loop
      vertex 3.49996 38.5686 8.16374
      vertex 1.49996 38.592 8.25376
      vertex 3.49996 38.592 8.25376
    endloop
  endfacet
  facet normal 0 0.967836 -0.251581
    outer loop
      vertex 1.49996 38.592 8.25376
      vertex 3.49996 38.5686 8.16374
      vertex 1.49996 38.5686 8.16374
    endloop
  endfacet
  facet normal 0 0.955951 -0.293527
    outer loop
      vertex 3.49996 38.5413 8.07483
      vertex 1.49996 38.5686 8.16374
      vertex 3.49996 38.5686 8.16374
    endloop
  endfacet
  facet normal 0 0.955951 -0.293527
    outer loop
      vertex 1.49996 38.5686 8.16374
      vertex 3.49996 38.5413 8.07483
      vertex 1.49996 38.5413 8.07483
    endloop
  endfacet
  facet normal 0 0.942433 -0.334394
    outer loop
      vertex 3.49996 38.5102 7.98718
      vertex 1.49996 38.5413 8.07483
      vertex 3.49996 38.5413 8.07483
    endloop
  endfacet
  facet normal 0 0.942433 -0.334394
    outer loop
      vertex 1.49996 38.5413 8.07483
      vertex 3.49996 38.5102 7.98718
      vertex 1.49996 38.5102 7.98718
    endloop
  endfacet
  facet normal 0 0.926941 -0.375206
    outer loop
      vertex 3.49996 38.4753 7.90096
      vertex 1.49996 38.5102 7.98718
      vertex 3.49996 38.5102 7.98718
    endloop
  endfacet
  facet normal 0 0.926941 -0.375206
    outer loop
      vertex 1.49996 38.5102 7.98718
      vertex 3.49996 38.4753 7.90096
      vertex 1.49996 38.4753 7.90096
    endloop
  endfacet
  facet normal 0 0.90985 -0.414936
    outer loop
      vertex 3.49996 38.4367 7.81632
      vertex 1.49996 38.4753 7.90096
      vertex 3.49996 38.4753 7.90096
    endloop
  endfacet
  facet normal 0 0.90985 -0.414936
    outer loop
      vertex 1.49996 38.4753 7.90096
      vertex 3.49996 38.4367 7.81632
      vertex 1.49996 38.4367 7.81632
    endloop
  endfacet
  facet normal 0 0.891135 -0.453739
    outer loop
      vertex 3.49996 38.3945 7.73344
      vertex 1.49996 38.4367 7.81632
      vertex 3.49996 38.4367 7.81632
    endloop
  endfacet
  facet normal 0 0.891135 -0.453739
    outer loop
      vertex 1.49996 38.4367 7.81632
      vertex 3.49996 38.3945 7.73344
      vertex 1.49996 38.3945 7.73344
    endloop
  endfacet
  facet normal 0 0.870917 -0.49143
    outer loop
      vertex 3.49996 38.3488 7.65245
      vertex 1.49996 38.3945 7.73344
      vertex 3.49996 38.3945 7.73344
    endloop
  endfacet
  facet normal 0 0.870917 -0.49143
    outer loop
      vertex 1.49996 38.3945 7.73344
      vertex 3.49996 38.3488 7.65245
      vertex 1.49996 38.3488 7.65245
    endloop
  endfacet
  facet normal 0 0.848632 -0.528984
    outer loop
      vertex 3.49996 38.2996 7.57352
      vertex 1.49996 38.3488 7.65245
      vertex 3.49996 38.3488 7.65245
    endloop
  endfacet
  facet normal 0 0.848632 -0.528984
    outer loop
      vertex 1.49996 38.3488 7.65245
      vertex 3.49996 38.2996 7.57352
      vertex 1.49996 38.2996 7.57352
    endloop
  endfacet
  facet normal 0 0.824803 -0.56542
    outer loop
      vertex 3.49996 38.247 7.49679
      vertex 1.49996 38.2996 7.57352
      vertex 3.49996 38.2996 7.57352
    endloop
  endfacet
  facet normal 0 0.824803 -0.56542
    outer loop
      vertex 1.49996 38.2996 7.57352
      vertex 3.49996 38.247 7.49679
      vertex 1.49996 38.247 7.49679
    endloop
  endfacet
  facet normal 0 0.799923 -0.600103
    outer loop
      vertex 3.49996 38.1912 7.42241
      vertex 1.49996 38.247 7.49679
      vertex 3.49996 38.247 7.49679
    endloop
  endfacet
  facet normal 0 0.799923 -0.600103
    outer loop
      vertex 1.49996 38.247 7.49679
      vertex 3.49996 38.1912 7.42241
      vertex 1.49996 38.1912 7.42241
    endloop
  endfacet
  facet normal 0 0.773046 -0.63435
    outer loop
      vertex 3.49996 38.1322 7.35051
      vertex 1.49996 38.1912 7.42241
      vertex 3.49996 38.1912 7.42241
    endloop
  endfacet
  facet normal 0 0.773046 -0.63435
    outer loop
      vertex 1.49996 38.1912 7.42241
      vertex 3.49996 38.1322 7.35051
      vertex 1.49996 38.1322 7.35051
    endloop
  endfacet
  facet normal 0 0.744639 -0.667467
    outer loop
      vertex 3.49996 38.0701 7.28123
      vertex 1.49996 38.1322 7.35051
      vertex 3.49996 38.1322 7.35051
    endloop
  endfacet
  facet normal 0 0.744639 -0.667467
    outer loop
      vertex 1.49996 38.1322 7.35051
      vertex 3.49996 38.0701 7.28123
      vertex 1.49996 38.0701 7.28123
    endloop
  endfacet
  facet normal 0 0.715284 -0.698834
    outer loop
      vertex 3.49996 38.0051 7.2147
      vertex 1.49996 38.0701 7.28123
      vertex 3.49996 38.0701 7.28123
    endloop
  endfacet
  facet normal 0 0.715284 -0.698834
    outer loop
      vertex 1.49996 38.0701 7.28123
      vertex 3.49996 38.0051 7.2147
      vertex 1.49996 38.0051 7.2147
    endloop
  endfacet
  facet normal 0 0.684499 -0.729014
    outer loop
      vertex 1.49996 37.9373 7.15104
      vertex 3.49996 38.0051 7.2147
      vertex 3.49996 37.9373 7.15104
    endloop
  endfacet
  facet normal 0 0.684499 -0.729014
    outer loop
      vertex 3.49996 38.0051 7.2147
      vertex 1.49996 37.9373 7.15104
      vertex 1.49996 38.0051 7.2147
    endloop
  endfacet
  facet normal 0 0.652286 -0.757973
    outer loop
      vertex 1.49996 37.8668 7.09037
      vertex 3.49996 37.9373 7.15104
      vertex 3.49996 37.8668 7.09037
    endloop
  endfacet
  facet normal 0 0.652286 -0.757973
    outer loop
      vertex 3.49996 37.9373 7.15104
      vertex 1.49996 37.8668 7.09037
      vertex 1.49996 37.9373 7.15104
    endloop
  endfacet
  facet normal 0 0.61917 -0.785257
    outer loop
      vertex 1.49996 37.7938 7.03281
      vertex 3.49996 37.8668 7.09037
      vertex 3.49996 37.7938 7.03281
    endloop
  endfacet
  facet normal 0 0.61917 -0.785257
    outer loop
      vertex 3.49996 37.8668 7.09037
      vertex 1.49996 37.7938 7.03281
      vertex 1.49996 37.8668 7.09037
    endloop
  endfacet
  facet normal 0 0.584163 -0.811636
    outer loop
      vertex 1.49996 37.7183 6.97847
      vertex 3.49996 37.7938 7.03281
      vertex 3.49996 37.7183 6.97847
    endloop
  endfacet
  facet normal 0 0.584163 -0.811636
    outer loop
      vertex 3.49996 37.7938 7.03281
      vertex 1.49996 37.7183 6.97847
      vertex 1.49996 37.7938 7.03281
    endloop
  endfacet
  facet normal 0 0.548459 -0.836177
    outer loop
      vertex 1.49996 37.6405 6.92744
      vertex 3.49996 37.7183 6.97847
      vertex 3.49996 37.6405 6.92744
    endloop
  endfacet
  facet normal 0 0.548459 -0.836177
    outer loop
      vertex 3.49996 37.7183 6.97847
      vertex 1.49996 37.6405 6.92744
      vertex 1.49996 37.7183 6.97847
    endloop
  endfacet
  facet normal 0 0.512043 -0.85896
    outer loop
      vertex 1.49996 37.5606 6.87981
      vertex 3.49996 37.6405 6.92744
      vertex 3.49996 37.5606 6.87981
    endloop
  endfacet
  facet normal 0 0.512043 -0.85896
    outer loop
      vertex 3.49996 37.6405 6.92744
      vertex 1.49996 37.5606 6.87981
      vertex 1.49996 37.6405 6.92744
    endloop
  endfacet
  facet normal 0 0.474716 -0.880139
    outer loop
      vertex 1.49996 37.4788 6.83569
      vertex 3.49996 37.5606 6.87981
      vertex 3.49996 37.4788 6.83569
    endloop
  endfacet
  facet normal 0 0.474716 -0.880139
    outer loop
      vertex 3.49996 37.5606 6.87981
      vertex 1.49996 37.4788 6.83569
      vertex 1.49996 37.5606 6.87981
    endloop
  endfacet
  facet normal 0 0.435909 -0.899991
    outer loop
      vertex 1.49996 37.3951 6.79515
      vertex 3.49996 37.4788 6.83569
      vertex 3.49996 37.3951 6.79515
    endloop
  endfacet
  facet normal 0 0.435909 -0.899991
    outer loop
      vertex 3.49996 37.4788 6.83569
      vertex 1.49996 37.3951 6.79515
      vertex 1.49996 37.4788 6.83569
    endloop
  endfacet
  facet normal 0 0.39637 -0.918091
    outer loop
      vertex 1.49996 37.3097 6.75828
      vertex 3.49996 37.3951 6.79515
      vertex 3.49996 37.3097 6.75828
    endloop
  endfacet
  facet normal 0 0.39637 -0.918091
    outer loop
      vertex 3.49996 37.3951 6.79515
      vertex 1.49996 37.3097 6.75828
      vertex 1.49996 37.3951 6.79515
    endloop
  endfacet
  facet normal 0 0.356514 -0.93429
    outer loop
      vertex 1.49996 37.2228 6.72512
      vertex 3.49996 37.3097 6.75828
      vertex 3.49996 37.2228 6.72512
    endloop
  endfacet
  facet normal 0 0.356514 -0.93429
    outer loop
      vertex 3.49996 37.3097 6.75828
      vertex 1.49996 37.2228 6.72512
      vertex 1.49996 37.3097 6.75828
    endloop
  endfacet
  facet normal 0 0.315518 -0.948919
    outer loop
      vertex 1.49996 37.1345 6.69576
      vertex 3.49996 37.2228 6.72512
      vertex 3.49996 37.1345 6.69576
    endloop
  endfacet
  facet normal 0 0.315518 -0.948919
    outer loop
      vertex 3.49996 37.2228 6.72512
      vertex 1.49996 37.1345 6.69576
      vertex 1.49996 37.2228 6.72512
    endloop
  endfacet
  facet normal 0 0.274494 -0.961589
    outer loop
      vertex 1.49996 37.0451 6.67024
      vertex 3.49996 37.1345 6.69576
      vertex 3.49996 37.0451 6.67024
    endloop
  endfacet
  facet normal 0 0.274494 -0.961589
    outer loop
      vertex 3.49996 37.1345 6.69576
      vertex 1.49996 37.0451 6.67024
      vertex 1.49996 37.1345 6.69576
    endloop
  endfacet
  facet normal 0 0.232458 -0.972606
    outer loop
      vertex 1.49996 36.9546 6.64861
      vertex 3.49996 37.0451 6.67024
      vertex 3.49996 36.9546 6.64861
    endloop
  endfacet
  facet normal 0 0.232458 -0.972606
    outer loop
      vertex 3.49996 37.0451 6.67024
      vertex 1.49996 36.9546 6.64861
      vertex 1.49996 37.0451 6.67024
    endloop
  endfacet
  facet normal 0 0.190219 -0.981742
    outer loop
      vertex 1.49996 36.8633 6.63092
      vertex 3.49996 36.9546 6.64861
      vertex 3.49996 36.8633 6.63092
    endloop
  endfacet
  facet normal 0 0.190219 -0.981742
    outer loop
      vertex 3.49996 36.9546 6.64861
      vertex 1.49996 36.8633 6.63092
      vertex 1.49996 36.9546 6.64861
    endloop
  endfacet
  facet normal 0 0.147604 -0.989046
    outer loop
      vertex 1.49996 36.7713 6.61719
      vertex 3.49996 36.8633 6.63092
      vertex 3.49996 36.7713 6.61719
    endloop
  endfacet
  facet normal 0 0.147604 -0.989046
    outer loop
      vertex 3.49996 36.8633 6.63092
      vertex 1.49996 36.7713 6.61719
      vertex 1.49996 36.8633 6.63092
    endloop
  endfacet
  facet normal 0 0.104718 -0.994502
    outer loop
      vertex 1.49996 36.6788 6.60745
      vertex 3.49996 36.7713 6.61719
      vertex 3.49996 36.6788 6.60745
    endloop
  endfacet
  facet normal 0 0.104718 -0.994502
    outer loop
      vertex 3.49996 36.7713 6.61719
      vertex 1.49996 36.6788 6.60745
      vertex 1.49996 36.7713 6.61719
    endloop
  endfacet
  facet normal 0 0.0616283 -0.998099
    outer loop
      vertex 1.49996 36.586 6.60172
      vertex 3.49996 36.6788 6.60745
      vertex 3.49996 36.586 6.60172
    endloop
  endfacet
  facet normal 0 0.0616283 -0.998099
    outer loop
      vertex 3.49996 36.6788 6.60745
      vertex 1.49996 36.586 6.60172
      vertex 1.49996 36.6788 6.60745
    endloop
  endfacet
  facet normal 0 0.018384 -0.999831
    outer loop
      vertex 1.49996 36.493 6.60001
      vertex 3.49996 36.586 6.60172
      vertex 3.49996 36.493 6.60001
    endloop
  endfacet
  facet normal 0 0.018384 -0.999831
    outer loop
      vertex 3.49996 36.586 6.60172
      vertex 1.49996 36.493 6.60001
      vertex 1.49996 36.586 6.60172
    endloop
  endfacet
  facet normal 0 -0.0249385 -0.999689
    outer loop
      vertex 1.49996 36.4 6.60233
      vertex 3.49996 36.493 6.60001
      vertex 3.49996 36.4 6.60233
    endloop
  endfacet
  facet normal -0 -0.0249385 -0.999689
    outer loop
      vertex 3.49996 36.493 6.60001
      vertex 1.49996 36.4 6.60233
      vertex 1.49996 36.493 6.60001
    endloop
  endfacet
  facet normal -1 0 0
    outer loop
      vertex -3.00004 36.4 -8.74166
      vertex -3.00004 36.2099 -2.49063
      vertex -3.00004 36.4 -2.49889
    endloop
  endfacet
  facet normal -1 0 0
    outer loop
      vertex -3.00004 36.4 -8.74166
      vertex -3.00004 36.0202 -2.47434
      vertex -3.00004 36.2099 -2.49063
    endloop
  endfacet
  facet normal -1 0 0
    outer loop
      vertex -3.00004 36.4 -8.74166
      vertex -3.00004 35.8314 -2.45005
      vertex -3.00004 36.0202 -2.47434
    endloop
  endfacet
  facet normal -1 0 0
    outer loop
      vertex -3.00004 36.4 -8.74166
      vertex -3.00004 35.6438 -2.41779
      vertex -3.00004 35.8314 -2.45005
    endloop
  endfacet
  facet normal -1 0 0
    outer loop
      vertex -3.00004 34 -8.74166
      vertex -3.00004 35.6438 -2.41779
      vertex -3.00004 36.4 -8.74166
    endloop
  endfacet
  facet normal -1 -0 0
    outer loop
      vertex -3.00004 35.6438 -2.41779
      vertex -3.00004 34 -8.74166
      vertex -3.00004 35.4577 -2.37763
    endloop
  endfacet
  facet normal -1 -0 0
    outer loop
      vertex -3.00004 35.4577 -2.37763
      vertex -3.00004 34 -8.74166
      vertex -3.00004 35.2735 -2.32963
    endloop
  endfacet
  facet normal -1 -0 0
    outer loop
      vertex -3.00004 35.2735 -2.32963
      vertex -3.00004 34 -8.74166
      vertex -3.00004 35.0915 -2.27388
    endloop
  endfacet
  facet normal -1 -0 0
    outer loop
      vertex -3.00004 35.0915 -2.27388
      vertex -3.00004 34 -8.74166
      vertex -3.00004 34.912 -2.21049
    endloop
  endfacet
  facet normal -1 -0 0
    outer loop
      vertex -3.00004 34.912 -2.21049
      vertex -3.00004 34 -8.74166
      vertex -3.00004 34.7354 -2.13957
    endloop
  endfacet
  facet normal -1 -0 0
    outer loop
      vertex -3.00004 34.7354 -2.13957
      vertex -3.00004 34 -8.74166
      vertex -3.00004 34.5619 -2.06124
    endloop
  endfacet
  facet normal -1 -0 0
    outer loop
      vertex -3.00004 34.5619 -2.06124
      vertex -3.00004 34 -8.74166
      vertex -3.00004 34.3919 -1.97564
    endloop
  endfacet
  facet normal -1 -0 0
    outer loop
      vertex -3.00004 34.3919 -1.97564
      vertex -3.00004 34 -8.74166
      vertex -3.00004 34.2256 -1.88292
    endloop
  endfacet
  facet normal -1 -0 0
    outer loop
      vertex -3.00004 34.2256 -1.88292
      vertex -3.00004 34 -8.74166
      vertex -3.00004 34.0635 -1.78326
    endloop
  endfacet
  facet normal -1 -0 0
    outer loop
      vertex -3.00004 34.0635 -1.78326
      vertex -3.00004 34 -8.74166
      vertex -3.00004 34 -1.74166
    endloop
  endfacet
  facet normal -0.625598 0 0.780145
    outer loop
      vertex 1.03486 36.4 -6.59036
      vertex 1.09276 34 -6.54393
      vertex 1.09276 36.4 -6.54393
    endloop
  endfacet
  facet normal -0.625598 0 0.780145
    outer loop
      vertex 1.09276 34 -6.54393
      vertex 1.03486 36.4 -6.59036
      vertex 1.03486 34 -6.59036
    endloop
  endfacet
  facet normal -0.659745 0 0.751489
    outer loop
      vertex 1.09276 36.4 -6.54393
      vertex 1.14846 34 -6.49503
      vertex 1.14846 36.4 -6.49503
    endloop
  endfacet
  facet normal -0.659745 0 0.751489
    outer loop
      vertex 1.14846 34 -6.49503
      vertex 1.09276 36.4 -6.54393
      vertex 1.09276 34 -6.54393
    endloop
  endfacet
  facet normal -0.691366 0 0.722504
    outer loop
      vertex 1.14846 36.4 -6.49503
      vertex 1.20206 34 -6.44374
      vertex 1.20206 36.4 -6.44374
    endloop
  endfacet
  facet normal -0.691366 0 0.722504
    outer loop
      vertex 1.20206 34 -6.44374
      vertex 1.14846 36.4 -6.49503
      vertex 1.14846 34 -6.49503
    endloop
  endfacet
  facet normal -0.722308 0 0.691571
    outer loop
      vertex 1.20206 34 -6.44374
      vertex 1.25336 36.4 -6.39016
      vertex 1.20206 36.4 -6.44374
    endloop
  endfacet
  facet normal -0.722308 0 0.691571
    outer loop
      vertex 1.25336 36.4 -6.39016
      vertex 1.20206 34 -6.44374
      vertex 1.25336 34 -6.39016
    endloop
  endfacet
  facet normal -0.7519 0 0.659277
    outer loop
      vertex 1.25336 34 -6.39016
      vertex 1.30226 36.4 -6.33439
      vertex 1.25336 36.4 -6.39016
    endloop
  endfacet
  facet normal -0.7519 0 0.659277
    outer loop
      vertex 1.30226 36.4 -6.33439
      vertex 1.25336 34 -6.39016
      vertex 1.30226 34 -6.33439
    endloop
  endfacet
  facet normal -0.780026 0 0.625747
    outer loop
      vertex 1.30226 34 -6.33439
      vertex 1.34866 36.4 -6.27655
      vertex 1.30226 36.4 -6.33439
    endloop
  endfacet
  facet normal -0.780026 0 0.625747
    outer loop
      vertex 1.34866 36.4 -6.27655
      vertex 1.30226 34 -6.33439
      vertex 1.34866 34 -6.27655
    endloop
  endfacet
  facet normal -0.806199 0 0.591644
    outer loop
      vertex 1.34866 34 -6.27655
      vertex 1.39256 36.4 -6.21673
      vertex 1.34866 36.4 -6.27655
    endloop
  endfacet
  facet normal -0.806199 0 0.591644
    outer loop
      vertex 1.39256 36.4 -6.21673
      vertex 1.34866 34 -6.27655
      vertex 1.39256 34 -6.21673
    endloop
  endfacet
  facet normal -0.831511 0 0.555509
    outer loop
      vertex 1.39256 34 -6.21673
      vertex 1.43376 36.4 -6.15506
      vertex 1.39256 36.4 -6.21673
    endloop
  endfacet
  facet normal -0.831511 0 0.555509
    outer loop
      vertex 1.43376 36.4 -6.15506
      vertex 1.39256 34 -6.21673
      vertex 1.43376 34 -6.15506
    endloop
  endfacet
  facet normal -0.854781 0 0.518989
    outer loop
      vertex 1.43376 34 -6.15506
      vertex 1.47226 36.4 -6.09165
      vertex 1.43376 36.4 -6.15506
    endloop
  endfacet
  facet normal -0.854781 0 0.518989
    outer loop
      vertex 1.47226 36.4 -6.09165
      vertex 1.43376 34 -6.15506
      vertex 1.47226 34 -6.09165
    endloop
  endfacet
  facet normal -0.876563 0 0.481287
    outer loop
      vertex 1.47226 34 -6.09165
      vertex 1.50796 36.4 -6.02663
      vertex 1.47226 36.4 -6.09165
    endloop
  endfacet
  facet normal -0.876563 0 0.481287
    outer loop
      vertex 1.50796 36.4 -6.02663
      vertex 1.47226 34 -6.09165
      vertex 1.50796 34 -6.02663
    endloop
  endfacet
  facet normal -0.896894 0 0.442245
    outer loop
      vertex 1.50796 34 -6.02663
      vertex 1.54076 36.4 -5.96011
      vertex 1.50796 36.4 -6.02663
    endloop
  endfacet
  facet normal -0.896894 0 0.442245
    outer loop
      vertex 1.54076 36.4 -5.96011
      vertex 1.50796 34 -6.02663
      vertex 1.54076 34 -5.96011
    endloop
  endfacet
  facet normal -0.915671 0 0.401929
    outer loop
      vertex 1.54076 34 -5.96011
      vertex 1.57056 36.4 -5.89222
      vertex 1.54076 36.4 -5.96011
    endloop
  endfacet
  facet normal -0.915671 0 0.401929
    outer loop
      vertex 1.57056 36.4 -5.89222
      vertex 1.54076 34 -5.96011
      vertex 1.57056 34 -5.89222
    endloop
  endfacet
  facet normal -0.931931 0 0.362635
    outer loop
      vertex 1.57056 34 -5.89222
      vertex 1.59746 36.4 -5.82309
      vertex 1.57056 36.4 -5.89222
    endloop
  endfacet
  facet normal -0.931931 0 0.362635
    outer loop
      vertex 1.59746 36.4 -5.82309
      vertex 1.57056 34 -5.89222
      vertex 1.59746 34 -5.82309
    endloop
  endfacet
  facet normal -0.946697 0 0.322125
    outer loop
      vertex 1.59746 34 -5.82309
      vertex 1.62136 36.4 -5.75285
      vertex 1.59746 36.4 -5.82309
    endloop
  endfacet
  facet normal -0.946697 0 0.322125
    outer loop
      vertex 1.62136 36.4 -5.75285
      vertex 1.59746 34 -5.82309
      vertex 1.62136 34 -5.75285
    endloop
  endfacet
  facet normal -0.960241 0 0.279171
    outer loop
      vertex 1.62136 34 -5.75285
      vertex 1.64206 36.4 -5.68165
      vertex 1.62136 36.4 -5.75285
    endloop
  endfacet
  facet normal -0.960241 0 0.279171
    outer loop
      vertex 1.64206 36.4 -5.68165
      vertex 1.62136 34 -5.75285
      vertex 1.64206 34 -5.68165
    endloop
  endfacet
  facet normal -0.971437 0 0.237298
    outer loop
      vertex 1.64206 34 -5.68165
      vertex 1.65966 36.4 -5.6096
      vertex 1.64206 36.4 -5.68165
    endloop
  endfacet
  facet normal -0.971437 0 0.237298
    outer loop
      vertex 1.65966 36.4 -5.6096
      vertex 1.64206 34 -5.68165
      vertex 1.65966 34 -5.6096
    endloop
  endfacet
  facet normal -0.980705 0 0.195494
    outer loop
      vertex 1.65966 34 -5.6096
      vertex 1.67416 36.4 -5.53686
      vertex 1.65966 36.4 -5.6096
    endloop
  endfacet
  facet normal -0.980705 0 0.195494
    outer loop
      vertex 1.67416 36.4 -5.53686
      vertex 1.65966 34 -5.6096
      vertex 1.67416 34 -5.53686
    endloop
  endfacet
  facet normal -0.988328 0 0.152341
    outer loop
      vertex 1.67416 34 -5.53686
      vertex 1.68546 36.4 -5.46355
      vertex 1.67416 36.4 -5.53686
    endloop
  endfacet
  facet normal -0.988328 0 0.152341
    outer loop
      vertex 1.68546 36.4 -5.46355
      vertex 1.67416 34 -5.53686
      vertex 1.68546 34 -5.46355
    endloop
  endfacet
  facet normal -0.994019 0 0.109203
    outer loop
      vertex 1.68546 34 -5.46355
      vertex 1.69356 36.4 -5.38982
      vertex 1.68546 36.4 -5.46355
    endloop
  endfacet
  facet normal -0.994019 0 0.109203
    outer loop
      vertex 1.69356 36.4 -5.38982
      vertex 1.68546 34 -5.46355
      vertex 1.69356 34 -5.38982
    endloop
  endfacet
  facet normal -0.997903 0 0.0647201
    outer loop
      vertex 1.69356 34 -5.38982
      vertex 1.69836 36.4 -5.31581
      vertex 1.69356 36.4 -5.38982
    endloop
  endfacet
  facet normal -0.997903 0 0.0647201
    outer loop
      vertex 1.69836 36.4 -5.31581
      vertex 1.69356 34 -5.38982
      vertex 1.69836 34 -5.31581
    endloop
  endfacet
  facet normal -0.999767 0 0.0215729
    outer loop
      vertex 1.69836 34 -5.31581
      vertex 1.69996 36.4 -5.24166
      vertex 1.69836 36.4 -5.31581
    endloop
  endfacet
  facet normal -0.999767 0 0.0215729
    outer loop
      vertex 1.69996 36.4 -5.24166
      vertex 1.69836 34 -5.31581
      vertex 1.69996 34 -5.24166
    endloop
  endfacet
  facet normal -0.999767 0 -0.02157
    outer loop
      vertex 1.69996 34 -5.24166
      vertex 1.69836 36.4 -5.1675
      vertex 1.69996 36.4 -5.24166
    endloop
  endfacet
  facet normal -0.999767 -0 -0.02157
    outer loop
      vertex 1.69836 36.4 -5.1675
      vertex 1.69996 34 -5.24166
      vertex 1.69836 34 -5.1675
    endloop
  endfacet
  facet normal -0.997903 0 -0.0647201
    outer loop
      vertex 1.69836 34 -5.1675
      vertex 1.69356 36.4 -5.09349
      vertex 1.69836 36.4 -5.1675
    endloop
  endfacet
  facet normal -0.997903 -0 -0.0647201
    outer loop
      vertex 1.69356 36.4 -5.09349
      vertex 1.69836 34 -5.1675
      vertex 1.69356 34 -5.09349
    endloop
  endfacet
  facet normal -0.994019 0 -0.109203
    outer loop
      vertex 1.69356 34 -5.09349
      vertex 1.68546 36.4 -5.01976
      vertex 1.69356 36.4 -5.09349
    endloop
  endfacet
  facet normal -0.994019 -0 -0.109203
    outer loop
      vertex 1.68546 36.4 -5.01976
      vertex 1.69356 34 -5.09349
      vertex 1.68546 34 -5.01976
    endloop
  endfacet
  facet normal -0.988328 0 -0.152341
    outer loop
      vertex 1.68546 34 -5.01976
      vertex 1.67416 36.4 -4.94645
      vertex 1.68546 36.4 -5.01976
    endloop
  endfacet
  facet normal -0.988328 -0 -0.152341
    outer loop
      vertex 1.67416 36.4 -4.94645
      vertex 1.68546 34 -5.01976
      vertex 1.67416 34 -4.94645
    endloop
  endfacet
  facet normal -0.980705 0 -0.195494
    outer loop
      vertex 1.67416 34 -4.94645
      vertex 1.65966 36.4 -4.87371
      vertex 1.67416 36.4 -4.94645
    endloop
  endfacet
  facet normal -0.980705 -0 -0.195494
    outer loop
      vertex 1.65966 36.4 -4.87371
      vertex 1.67416 34 -4.94645
      vertex 1.65966 34 -4.87371
    endloop
  endfacet
  facet normal -0.971437 0 -0.237298
    outer loop
      vertex 1.65966 34 -4.87371
      vertex 1.64206 36.4 -4.80166
      vertex 1.65966 36.4 -4.87371
    endloop
  endfacet
  facet normal -0.971437 -0 -0.237298
    outer loop
      vertex 1.64206 36.4 -4.80166
      vertex 1.65966 34 -4.87371
      vertex 1.64206 34 -4.80166
    endloop
  endfacet
  facet normal -0.960241 0 -0.279171
    outer loop
      vertex 1.64206 34 -4.80166
      vertex 1.62136 36.4 -4.73046
      vertex 1.64206 36.4 -4.80166
    endloop
  endfacet
  facet normal -0.960241 -0 -0.279171
    outer loop
      vertex 1.62136 36.4 -4.73046
      vertex 1.64206 34 -4.80166
      vertex 1.62136 34 -4.73046
    endloop
  endfacet
  facet normal -0.946697 0 -0.322125
    outer loop
      vertex 1.62136 34 -4.73046
      vertex 1.59746 36.4 -4.66022
      vertex 1.62136 36.4 -4.73046
    endloop
  endfacet
  facet normal -0.946697 -0 -0.322125
    outer loop
      vertex 1.59746 36.4 -4.66022
      vertex 1.62136 34 -4.73046
      vertex 1.59746 34 -4.66022
    endloop
  endfacet
  facet normal -0.931931 0 -0.362635
    outer loop
      vertex 1.59746 34 -4.66022
      vertex 1.57056 36.4 -4.59109
      vertex 1.59746 36.4 -4.66022
    endloop
  endfacet
  facet normal -0.931931 -0 -0.362635
    outer loop
      vertex 1.57056 36.4 -4.59109
      vertex 1.59746 34 -4.66022
      vertex 1.57056 34 -4.59109
    endloop
  endfacet
  facet normal -0.915671 0 -0.401929
    outer loop
      vertex 1.57056 34 -4.59109
      vertex 1.54076 36.4 -4.5232
      vertex 1.57056 36.4 -4.59109
    endloop
  endfacet
  facet normal -0.915671 -0 -0.401929
    outer loop
      vertex 1.54076 36.4 -4.5232
      vertex 1.57056 34 -4.59109
      vertex 1.54076 34 -4.5232
    endloop
  endfacet
  facet normal -0.896894 0 -0.442245
    outer loop
      vertex 1.54076 34 -4.5232
      vertex 1.50796 36.4 -4.45668
      vertex 1.54076 36.4 -4.5232
    endloop
  endfacet
  facet normal -0.896894 -0 -0.442245
    outer loop
      vertex 1.50796 36.4 -4.45668
      vertex 1.54076 34 -4.5232
      vertex 1.50796 34 -4.45668
    endloop
  endfacet
  facet normal -0.876594 0 -0.48123
    outer loop
      vertex 1.50796 34 -4.45668
      vertex 1.47226 36.4 -4.39165
      vertex 1.50796 36.4 -4.45668
    endloop
  endfacet
  facet normal -0.876594 -0 -0.48123
    outer loop
      vertex 1.47226 36.4 -4.39165
      vertex 1.50796 34 -4.45668
      vertex 1.47226 34 -4.39165
    endloop
  endfacet
  facet normal -0.854745 0 -0.519048
    outer loop
      vertex 1.47226 34 -4.39165
      vertex 1.43376 36.4 -4.32825
      vertex 1.47226 36.4 -4.39165
    endloop
  endfacet
  facet normal -0.854745 -0 -0.519048
    outer loop
      vertex 1.43376 36.4 -4.32825
      vertex 1.47226 34 -4.39165
      vertex 1.43376 34 -4.32825
    endloop
  endfacet
  facet normal -0.831511 0 -0.555509
    outer loop
      vertex 1.43376 34 -4.32825
      vertex 1.39256 36.4 -4.26658
      vertex 1.43376 36.4 -4.32825
    endloop
  endfacet
  facet normal -0.831511 -0 -0.555509
    outer loop
      vertex 1.39256 36.4 -4.26658
      vertex 1.43376 34 -4.32825
      vertex 1.39256 34 -4.26658
    endloop
  endfacet
  facet normal -0.806199 0 -0.591644
    outer loop
      vertex 1.39256 34 -4.26658
      vertex 1.34866 36.4 -4.20676
      vertex 1.39256 36.4 -4.26658
    endloop
  endfacet
  facet normal -0.806199 -0 -0.591644
    outer loop
      vertex 1.34866 36.4 -4.20676
      vertex 1.39256 34 -4.26658
      vertex 1.34866 34 -4.20676
    endloop
  endfacet
  facet normal -0.780026 0 -0.625747
    outer loop
      vertex 1.34866 34 -4.20676
      vertex 1.30226 36.4 -4.14892
      vertex 1.34866 36.4 -4.20676
    endloop
  endfacet
  facet normal -0.780026 -0 -0.625747
    outer loop
      vertex 1.30226 36.4 -4.14892
      vertex 1.34866 34 -4.20676
      vertex 1.30226 34 -4.14892
    endloop
  endfacet
  facet normal -0.7519 0 -0.659277
    outer loop
      vertex 1.30226 34 -4.14892
      vertex 1.25336 36.4 -4.09315
      vertex 1.30226 36.4 -4.14892
    endloop
  endfacet
  facet normal -0.7519 -0 -0.659277
    outer loop
      vertex 1.25336 36.4 -4.09315
      vertex 1.30226 34 -4.14892
      vertex 1.25336 34 -4.09315
    endloop
  endfacet
  facet normal -0.722308 0 -0.691571
    outer loop
      vertex 1.25336 34 -4.09315
      vertex 1.20206 36.4 -4.03957
      vertex 1.25336 36.4 -4.09315
    endloop
  endfacet
  facet normal -0.722308 -0 -0.691571
    outer loop
      vertex 1.20206 36.4 -4.03957
      vertex 1.25336 34 -4.09315
      vertex 1.20206 34 -4.03957
    endloop
  endfacet
  facet normal -0.691366 0 -0.722504
    outer loop
      vertex 1.14846 34 -3.98828
      vertex 1.20206 36.4 -4.03957
      vertex 1.20206 34 -4.03957
    endloop
  endfacet
  facet normal -0.691366 0 -0.722504
    outer loop
      vertex 1.20206 36.4 -4.03957
      vertex 1.14846 34 -3.98828
      vertex 1.14846 36.4 -3.98828
    endloop
  endfacet
  facet normal -0.659745 0 -0.751489
    outer loop
      vertex 1.09276 34 -3.93938
      vertex 1.14846 36.4 -3.98828
      vertex 1.14846 34 -3.98828
    endloop
  endfacet
  facet normal -0.659745 0 -0.751489
    outer loop
      vertex 1.14846 36.4 -3.98828
      vertex 1.09276 34 -3.93938
      vertex 1.09276 36.4 -3.93938
    endloop
  endfacet
  facet normal -0.625598 0 -0.780145
    outer loop
      vertex 1.03486 34 -3.89295
      vertex 1.09276 36.4 -3.93938
      vertex 1.09276 34 -3.93938
    endloop
  endfacet
  facet normal -0.625598 0 -0.780145
    outer loop
      vertex 1.09276 36.4 -3.93938
      vertex 1.03486 34 -3.89295
      vertex 1.03486 36.4 -3.89295
    endloop
  endfacet
  facet normal 0.626256 0 -0.779617
    outer loop
      vertex -1.09274 34 -3.93938
      vertex -1.03494 36.4 -3.89295
      vertex -1.03494 34 -3.89295
    endloop
  endfacet
  facet normal 0.626256 0 -0.779617
    outer loop
      vertex -1.03494 36.4 -3.89295
      vertex -1.09274 34 -3.93938
      vertex -1.09274 36.4 -3.93938
    endloop
  endfacet
  facet normal 0.659077 0 -0.752076
    outer loop
      vertex -1.14854 34 -3.98828
      vertex -1.09274 36.4 -3.93938
      vertex -1.09274 34 -3.93938
    endloop
  endfacet
  facet normal 0.659077 0 -0.752076
    outer loop
      vertex -1.09274 36.4 -3.93938
      vertex -1.14854 34 -3.98828
      vertex -1.14854 36.4 -3.98828
    endloop
  endfacet
  facet normal 0.69204 0 -0.721859
    outer loop
      vertex -1.20204 34 -4.03957
      vertex -1.14854 36.4 -3.98828
      vertex -1.14854 34 -3.98828
    endloop
  endfacet
  facet normal 0.69204 0 -0.721859
    outer loop
      vertex -1.14854 36.4 -3.98828
      vertex -1.20204 34 -4.03957
      vertex -1.20204 36.4 -4.03957
    endloop
  endfacet
  facet normal 0.722308 0 -0.691571
    outer loop
      vertex -1.20204 34 -4.03957
      vertex -1.25334 36.4 -4.09315
      vertex -1.20204 36.4 -4.03957
    endloop
  endfacet
  facet normal 0.722308 0 -0.691571
    outer loop
      vertex -1.25334 36.4 -4.09315
      vertex -1.20204 34 -4.03957
      vertex -1.25334 34 -4.09315
    endloop
  endfacet
  facet normal 0.7519 0 -0.659277
    outer loop
      vertex -1.25334 34 -4.09315
      vertex -1.30224 36.4 -4.14892
      vertex -1.25334 36.4 -4.09315
    endloop
  endfacet
  facet normal 0.7519 0 -0.659277
    outer loop
      vertex -1.30224 36.4 -4.14892
      vertex -1.25334 34 -4.09315
      vertex -1.30224 34 -4.14892
    endloop
  endfacet
  facet normal 0.779368 0 -0.626567
    outer loop
      vertex -1.30224 34 -4.14892
      vertex -1.34874 36.4 -4.20676
      vertex -1.30224 36.4 -4.14892
    endloop
  endfacet
  facet normal 0.779368 0 -0.626567
    outer loop
      vertex -1.34874 36.4 -4.20676
      vertex -1.30224 34 -4.14892
      vertex -1.34874 34 -4.20676
    endloop
  endfacet
  facet normal 0.806842 0 -0.590767
    outer loop
      vertex -1.34874 34 -4.20676
      vertex -1.39254 36.4 -4.26658
      vertex -1.34874 36.4 -4.20676
    endloop
  endfacet
  facet normal 0.806842 0 -0.590767
    outer loop
      vertex -1.39254 36.4 -4.26658
      vertex -1.34874 34 -4.20676
      vertex -1.39254 34 -4.26658
    endloop
  endfacet
  facet normal 0.831511 0 -0.555509
    outer loop
      vertex -1.39254 34 -4.26658
      vertex -1.43374 36.4 -4.32825
      vertex -1.39254 36.4 -4.26658
    endloop
  endfacet
  facet normal 0.831511 0 -0.555509
    outer loop
      vertex -1.43374 36.4 -4.32825
      vertex -1.39254 34 -4.26658
      vertex -1.43374 34 -4.32825
    endloop
  endfacet
  facet normal 0.854745 0 -0.519048
    outer loop
      vertex -1.43374 34 -4.32825
      vertex -1.47224 36.4 -4.39165
      vertex -1.43374 36.4 -4.32825
    endloop
  endfacet
  facet normal 0.854745 0 -0.519048
    outer loop
      vertex -1.47224 36.4 -4.39165
      vertex -1.43374 34 -4.32825
      vertex -1.47224 34 -4.39165
    endloop
  endfacet
  facet normal 0.876594 0 -0.48123
    outer loop
      vertex -1.47224 34 -4.39165
      vertex -1.50794 36.4 -4.45668
      vertex -1.47224 36.4 -4.39165
    endloop
  endfacet
  facet normal 0.876594 0 -0.48123
    outer loop
      vertex -1.50794 36.4 -4.45668
      vertex -1.47224 34 -4.39165
      vertex -1.50794 34 -4.45668
    endloop
  endfacet
  facet normal 0.896894 0 -0.442245
    outer loop
      vertex -1.50794 34 -4.45668
      vertex -1.54074 36.4 -4.5232
      vertex -1.50794 36.4 -4.45668
    endloop
  endfacet
  facet normal 0.896894 0 -0.442245
    outer loop
      vertex -1.54074 36.4 -4.5232
      vertex -1.50794 34 -4.45668
      vertex -1.54074 34 -4.5232
    endloop
  endfacet
  facet normal 0.915174 0 -0.403059
    outer loop
      vertex -1.54074 34 -4.5232
      vertex -1.57064 36.4 -4.59109
      vertex -1.54074 36.4 -4.5232
    endloop
  endfacet
  facet normal 0.915174 0 -0.403059
    outer loop
      vertex -1.57064 36.4 -4.59109
      vertex -1.54074 34 -4.5232
      vertex -1.57064 34 -4.59109
    endloop
  endfacet
  facet normal 0.932386 0 -0.361463
    outer loop
      vertex -1.57064 34 -4.59109
      vertex -1.59744 36.4 -4.66022
      vertex -1.57064 36.4 -4.59109
    endloop
  endfacet
  facet normal 0.932386 0 -0.361463
    outer loop
      vertex -1.59744 36.4 -4.66022
      vertex -1.57064 34 -4.59109
      vertex -1.59744 34 -4.66022
    endloop
  endfacet
  facet normal 0.946697 0 -0.322125
    outer loop
      vertex -1.59744 34 -4.66022
      vertex -1.62134 36.4 -4.73046
      vertex -1.59744 36.4 -4.66022
    endloop
  endfacet
  facet normal 0.946697 0 -0.322125
    outer loop
      vertex -1.62134 36.4 -4.73046
      vertex -1.59744 34 -4.66022
      vertex -1.62134 34 -4.73046
    endloop
  endfacet
  facet normal 0.960241 0 -0.279171
    outer loop
      vertex -1.62134 34 -4.73046
      vertex -1.64204 36.4 -4.80166
      vertex -1.62134 36.4 -4.73046
    endloop
  endfacet
  facet normal 0.960241 0 -0.279171
    outer loop
      vertex -1.64204 36.4 -4.80166
      vertex -1.62134 34 -4.73046
      vertex -1.64204 34 -4.80166
    endloop
  endfacet
  facet normal 0.971125 0 -0.238569
    outer loop
      vertex -1.64204 34 -4.80166
      vertex -1.65974 36.4 -4.87371
      vertex -1.64204 36.4 -4.80166
    endloop
  endfacet
  facet normal 0.971125 0 -0.238569
    outer loop
      vertex -1.65974 36.4 -4.87371
      vertex -1.64204 34 -4.80166
      vertex -1.65974 34 -4.87371
    endloop
  endfacet
  facet normal 0.980963 0 -0.194197
    outer loop
      vertex -1.65974 34 -4.87371
      vertex -1.67414 36.4 -4.94645
      vertex -1.65974 36.4 -4.87371
    endloop
  endfacet
  facet normal 0.980963 0 -0.194197
    outer loop
      vertex -1.67414 36.4 -4.94645
      vertex -1.65974 34 -4.87371
      vertex -1.67414 34 -4.94645
    endloop
  endfacet
  facet normal 0.988328 0 -0.152341
    outer loop
      vertex -1.67414 34 -4.94645
      vertex -1.68544 36.4 -5.01976
      vertex -1.67414 36.4 -4.94645
    endloop
  endfacet
  facet normal 0.988328 0 -0.152341
    outer loop
      vertex -1.68544 36.4 -5.01976
      vertex -1.67414 34 -4.94645
      vertex -1.68544 34 -5.01976
    endloop
  endfacet
  facet normal 0.994019 0 -0.109203
    outer loop
      vertex -1.68544 34 -5.01976
      vertex -1.69354 36.4 -5.09349
      vertex -1.68544 36.4 -5.01976
    endloop
  endfacet
  facet normal 0.994019 0 -0.109203
    outer loop
      vertex -1.69354 36.4 -5.09349
      vertex -1.68544 34 -5.01976
      vertex -1.69354 34 -5.09349
    endloop
  endfacet
  facet normal 0.997903 0 -0.0647201
    outer loop
      vertex -1.69354 34 -5.09349
      vertex -1.69834 36.4 -5.1675
      vertex -1.69354 36.4 -5.09349
    endloop
  endfacet
  facet normal 0.997903 0 -0.0647201
    outer loop
      vertex -1.69834 36.4 -5.1675
      vertex -1.69354 34 -5.09349
      vertex -1.69834 34 -5.1675
    endloop
  endfacet
  facet normal 0.999737 0 -0.0229174
    outer loop
      vertex -1.69834 34 -5.1675
      vertex -1.70004 36.4 -5.24166
      vertex -1.69834 36.4 -5.1675
    endloop
  endfacet
  facet normal 0.999737 0 -0.0229174
    outer loop
      vertex -1.70004 36.4 -5.24166
      vertex -1.69834 34 -5.1675
      vertex -1.70004 34 -5.24166
    endloop
  endfacet
  facet normal 0.999737 -0 0.0229205
    outer loop
      vertex -1.70004 34 -5.24166
      vertex -1.69834 36.4 -5.31581
      vertex -1.70004 36.4 -5.24166
    endloop
  endfacet
  facet normal 0.999737 0 0.0229205
    outer loop
      vertex -1.69834 36.4 -5.31581
      vertex -1.70004 34 -5.24166
      vertex -1.69834 34 -5.31581
    endloop
  endfacet
  facet normal 0.997903 -0 0.0647201
    outer loop
      vertex -1.69834 34 -5.31581
      vertex -1.69354 36.4 -5.38982
      vertex -1.69834 36.4 -5.31581
    endloop
  endfacet
  facet normal 0.997903 0 0.0647201
    outer loop
      vertex -1.69354 36.4 -5.38982
      vertex -1.69834 34 -5.31581
      vertex -1.69354 34 -5.38982
    endloop
  endfacet
  facet normal 0.994019 -0 0.109203
    outer loop
      vertex -1.69354 34 -5.38982
      vertex -1.68544 36.4 -5.46355
      vertex -1.69354 36.4 -5.38982
    endloop
  endfacet
  facet normal 0.994019 0 0.109203
    outer loop
      vertex -1.68544 36.4 -5.46355
      vertex -1.69354 34 -5.38982
      vertex -1.68544 34 -5.46355
    endloop
  endfacet
  facet normal 0.988328 -0 0.152341
    outer loop
      vertex -1.68544 34 -5.46355
      vertex -1.67414 36.4 -5.53686
      vertex -1.68544 36.4 -5.46355
    endloop
  endfacet
  facet normal 0.988328 0 0.152341
    outer loop
      vertex -1.67414 36.4 -5.53686
      vertex -1.68544 34 -5.46355
      vertex -1.67414 34 -5.53686
    endloop
  endfacet
  facet normal 0.980963 -0 0.194197
    outer loop
      vertex -1.67414 34 -5.53686
      vertex -1.65974 36.4 -5.6096
      vertex -1.67414 36.4 -5.53686
    endloop
  endfacet
  facet normal 0.980963 0 0.194197
    outer loop
      vertex -1.65974 36.4 -5.6096
      vertex -1.67414 34 -5.53686
      vertex -1.65974 34 -5.6096
    endloop
  endfacet
  facet normal 0.971125 -0 0.238569
    outer loop
      vertex -1.65974 34 -5.6096
      vertex -1.64204 36.4 -5.68165
      vertex -1.65974 36.4 -5.6096
    endloop
  endfacet
  facet normal 0.971125 0 0.238569
    outer loop
      vertex -1.64204 36.4 -5.68165
      vertex -1.65974 34 -5.6096
      vertex -1.64204 34 -5.68165
    endloop
  endfacet
  facet normal 0.960241 -0 0.279171
    outer loop
      vertex -1.64204 34 -5.68165
      vertex -1.62134 36.4 -5.75285
      vertex -1.64204 36.4 -5.68165
    endloop
  endfacet
  facet normal 0.960241 0 0.279171
    outer loop
      vertex -1.62134 36.4 -5.75285
      vertex -1.64204 34 -5.68165
      vertex -1.62134 34 -5.75285
    endloop
  endfacet
  facet normal 0.946697 -0 0.322125
    outer loop
      vertex -1.62134 34 -5.75285
      vertex -1.59744 36.4 -5.82309
      vertex -1.62134 36.4 -5.75285
    endloop
  endfacet
  facet normal 0.946697 0 0.322125
    outer loop
      vertex -1.59744 36.4 -5.82309
      vertex -1.62134 34 -5.75285
      vertex -1.59744 34 -5.82309
    endloop
  endfacet
  facet normal 0.932386 -0 0.361463
    outer loop
      vertex -1.59744 34 -5.82309
      vertex -1.57064 36.4 -5.89222
      vertex -1.59744 36.4 -5.82309
    endloop
  endfacet
  facet normal 0.932386 0 0.361463
    outer loop
      vertex -1.57064 36.4 -5.89222
      vertex -1.59744 34 -5.82309
      vertex -1.57064 34 -5.89222
    endloop
  endfacet
  facet normal 0.915174 -0 0.403059
    outer loop
      vertex -1.57064 34 -5.89222
      vertex -1.54074 36.4 -5.96011
      vertex -1.57064 36.4 -5.89222
    endloop
  endfacet
  facet normal 0.915174 0 0.403059
    outer loop
      vertex -1.54074 36.4 -5.96011
      vertex -1.57064 34 -5.89222
      vertex -1.54074 34 -5.96011
    endloop
  endfacet
  facet normal 0.896894 -0 0.442245
    outer loop
      vertex -1.54074 34 -5.96011
      vertex -1.50794 36.4 -6.02663
      vertex -1.54074 36.4 -5.96011
    endloop
  endfacet
  facet normal 0.896894 0 0.442245
    outer loop
      vertex -1.50794 36.4 -6.02663
      vertex -1.54074 34 -5.96011
      vertex -1.50794 34 -6.02663
    endloop
  endfacet
  facet normal 0.876563 -0 0.481287
    outer loop
      vertex -1.50794 34 -6.02663
      vertex -1.47224 36.4 -6.09165
      vertex -1.50794 36.4 -6.02663
    endloop
  endfacet
  facet normal 0.876563 0 0.481287
    outer loop
      vertex -1.47224 36.4 -6.09165
      vertex -1.50794 34 -6.02663
      vertex -1.47224 34 -6.09165
    endloop
  endfacet
  facet normal 0.854781 -0 0.518989
    outer loop
      vertex -1.47224 34 -6.09165
      vertex -1.43374 36.4 -6.15506
      vertex -1.47224 36.4 -6.09165
    endloop
  endfacet
  facet normal 0.854781 0 0.518989
    outer loop
      vertex -1.43374 36.4 -6.15506
      vertex -1.47224 34 -6.09165
      vertex -1.43374 34 -6.15506
    endloop
  endfacet
  facet normal 0.831511 -0 0.555509
    outer loop
      vertex -1.43374 34 -6.15506
      vertex -1.39254 36.4 -6.21673
      vertex -1.43374 36.4 -6.15506
    endloop
  endfacet
  facet normal 0.831511 0 0.555509
    outer loop
      vertex -1.39254 36.4 -6.21673
      vertex -1.43374 34 -6.15506
      vertex -1.39254 34 -6.21673
    endloop
  endfacet
  facet normal 0.806842 -0 0.590767
    outer loop
      vertex -1.39254 34 -6.21673
      vertex -1.34874 36.4 -6.27655
      vertex -1.39254 36.4 -6.21673
    endloop
  endfacet
  facet normal 0.806842 0 0.590767
    outer loop
      vertex -1.34874 36.4 -6.27655
      vertex -1.39254 34 -6.21673
      vertex -1.34874 34 -6.27655
    endloop
  endfacet
  facet normal 0.779368 -0 0.626567
    outer loop
      vertex -1.34874 34 -6.27655
      vertex -1.30224 36.4 -6.33439
      vertex -1.34874 36.4 -6.27655
    endloop
  endfacet
  facet normal 0.779368 0 0.626567
    outer loop
      vertex -1.30224 36.4 -6.33439
      vertex -1.34874 34 -6.27655
      vertex -1.30224 34 -6.33439
    endloop
  endfacet
  facet normal 0.7519 -0 0.659277
    outer loop
      vertex -1.30224 34 -6.33439
      vertex -1.25334 36.4 -6.39016
      vertex -1.30224 36.4 -6.33439
    endloop
  endfacet
  facet normal 0.7519 0 0.659277
    outer loop
      vertex -1.25334 36.4 -6.39016
      vertex -1.30224 34 -6.33439
      vertex -1.25334 34 -6.39016
    endloop
  endfacet
  facet normal 0.722308 -0 0.691571
    outer loop
      vertex -1.25334 34 -6.39016
      vertex -1.20204 36.4 -6.44374
      vertex -1.25334 36.4 -6.39016
    endloop
  endfacet
  facet normal 0.722308 0 0.691571
    outer loop
      vertex -1.20204 36.4 -6.44374
      vertex -1.25334 34 -6.39016
      vertex -1.20204 34 -6.44374
    endloop
  endfacet
  facet normal 0.69204 0 0.721859
    outer loop
      vertex -1.20204 36.4 -6.44374
      vertex -1.14854 34 -6.49503
      vertex -1.14854 36.4 -6.49503
    endloop
  endfacet
  facet normal 0.69204 0 0.721859
    outer loop
      vertex -1.14854 34 -6.49503
      vertex -1.20204 36.4 -6.44374
      vertex -1.20204 34 -6.44374
    endloop
  endfacet
  facet normal 0.659077 0 0.752076
    outer loop
      vertex -1.14854 36.4 -6.49503
      vertex -1.09274 34 -6.54393
      vertex -1.09274 36.4 -6.54393
    endloop
  endfacet
  facet normal 0.659077 0 0.752076
    outer loop
      vertex -1.09274 34 -6.54393
      vertex -1.14854 36.4 -6.49503
      vertex -1.14854 34 -6.49503
    endloop
  endfacet
  facet normal 0.626256 0 0.779617
    outer loop
      vertex -1.09274 36.4 -6.54393
      vertex -1.03494 34 -6.59036
      vertex -1.03494 36.4 -6.59036
    endloop
  endfacet
  facet normal 0.626256 0 0.779617
    outer loop
      vertex -1.03494 34 -6.59036
      vertex -1.09274 36.4 -6.54393
      vertex -1.09274 34 -6.54393
    endloop
  endfacet
  facet normal -1 0 0
    outer loop
      vertex 1.49996 36.2099 6.49064
      vertex 1.49996 36.4 6.60233
      vertex 1.49996 36.4 6.49889
    endloop
  endfacet
  facet normal -1 0 0
    outer loop
      vertex 1.49996 36.4 6.60233
      vertex 1.49996 36.3499 7.60984
      vertex 1.49996 36.3998 7.60438
    endloop
  endfacet
  facet normal -1 0 0
    outer loop
      vertex 1.49996 36.0202 6.47435
      vertex 1.49996 36.4 6.60233
      vertex 1.49996 36.2099 6.49064
    endloop
  endfacet
  facet normal -1 0 0
    outer loop
      vertex 1.49996 36.4 6.60233
      vertex 1.49996 36.3003 7.61747
      vertex 1.49996 36.3499 7.60984
    endloop
  endfacet
  facet normal -1 0 0
    outer loop
      vertex 1.49996 36.4 6.60233
      vertex 1.49996 36.2511 7.62726
      vertex 1.49996 36.3003 7.61747
    endloop
  endfacet
  facet normal -1 0 0
    outer loop
      vertex 1.49996 36.4 6.60233
      vertex 1.49996 36.2024 7.63919
      vertex 1.49996 36.2511 7.62726
    endloop
  endfacet
  facet normal -1 -0 0
    outer loop
      vertex 1.49996 36.4 6.60233
      vertex 1.49996 36.0202 6.47435
      vertex 1.49996 36.2024 7.63919
    endloop
  endfacet
  facet normal -1 -0 0
    outer loop
      vertex 1.49996 36.2024 7.63919
      vertex 1.49996 36.0202 6.47435
      vertex 1.49996 36.1542 7.65323
    endloop
  endfacet
  facet normal -1 -0 0
    outer loop
      vertex 1.49996 36.1542 7.65323
      vertex 1.49996 36.0202 6.47435
      vertex 1.49996 36.1067 7.66936
    endloop
  endfacet
  facet normal -1 -0 0
    outer loop
      vertex 1.49996 36.1067 7.66936
      vertex 1.49996 36.0202 6.47435
      vertex 1.49996 36.06 7.68754
    endloop
  endfacet
  facet normal -1 0 0
    outer loop
      vertex 1.49996 35.8314 6.45005
      vertex 1.49996 36.06 7.68754
      vertex 1.49996 36.0202 6.47435
    endloop
  endfacet
  facet normal -1 -0 0
    outer loop
      vertex 1.49996 36.06 7.68754
      vertex 1.49996 35.8314 6.45005
      vertex 1.49996 36.014 7.70775
    endloop
  endfacet
  facet normal -1 -0 0
    outer loop
      vertex 1.49996 36.014 7.70775
      vertex 1.49996 35.8314 6.45005
      vertex 1.49996 35.969 7.72994
    endloop
  endfacet
  facet normal -1 0 0
    outer loop
      vertex 1.49996 35.6438 6.41779
      vertex 1.49996 35.969 7.72994
      vertex 1.49996 35.8314 6.45005
    endloop
  endfacet
  facet normal -1 -0 0
    outer loop
      vertex 1.49996 35.969 7.72994
      vertex 1.49996 35.6438 6.41779
      vertex 1.49996 35.925 7.75407
    endloop
  endfacet
  facet normal -1 -0 0
    outer loop
      vertex 1.49996 35.925 7.75407
      vertex 1.49996 35.6438 6.41779
      vertex 1.49996 35.8821 7.7801
    endloop
  endfacet
  facet normal -1 -0 0
    outer loop
      vertex 1.49996 35.8821 7.7801
      vertex 1.49996 35.6438 6.41779
      vertex 1.49996 35.8404 7.80798
    endloop
  endfacet
  facet normal -1 0 0
    outer loop
      vertex 1.49996 35.4577 6.37763
      vertex 1.49996 35.8404 7.80798
      vertex 1.49996 35.6438 6.41779
    endloop
  endfacet
  facet normal -1 -0 0
    outer loop
      vertex 1.49996 35.8404 7.80798
      vertex 1.49996 35.4577 6.37763
      vertex 1.49996 35.8 7.83765
    endloop
  endfacet
  facet normal -1 -0 0
    outer loop
      vertex 1.49996 35.8 7.83765
      vertex 1.49996 35.4577 6.37763
      vertex 1.49996 35.7608 7.86905
    endloop
  endfacet
  facet normal -1 0 0
    outer loop
      vertex 1.49996 34.35 7.00275
      vertex 1.49996 35.7608 7.86905
      vertex 1.49996 35.4577 6.37763
    endloop
  endfacet
  facet normal -1 -0 0
    outer loop
      vertex 1.49996 35.7608 7.86905
      vertex 1.49996 34.35 7.00275
      vertex 1.49996 35.7231 7.90213
    endloop
  endfacet
  facet normal -1 -0 0
    outer loop
      vertex 1.49996 35.7231 7.90213
      vertex 1.49996 34.35 7.00275
      vertex 1.49996 35.6869 7.93683
    endloop
  endfacet
  facet normal -1 -0 0
    outer loop
      vertex 1.49996 35.6869 7.93683
      vertex 1.49996 34.35 7.00275
      vertex 1.49996 35.6522 7.97307
    endloop
  endfacet
  facet normal -1 -0 0
    outer loop
      vertex 1.49996 35.6522 7.97307
      vertex 1.49996 34.35 7.00275
      vertex 1.49996 35.6191 8.0108
    endloop
  endfacet
  facet normal -1 -0 0
    outer loop
      vertex 1.49996 35.6191 8.0108
      vertex 1.49996 34.35 7.00275
      vertex 1.49996 35.5877 8.04993
    endloop
  endfacet
  facet normal -1 -0 0
    outer loop
      vertex 1.49996 35.5877 8.04993
      vertex 1.49996 34.35 7.00275
      vertex 1.49996 35.558 8.09039
    endloop
  endfacet
  facet normal -1 -0 0
    outer loop
      vertex 1.49996 35.558 8.09039
      vertex 1.49996 34.35 7.00275
      vertex 1.49996 35.5301 8.13211
    endloop
  endfacet
  facet normal -1 -0 0
    outer loop
      vertex 1.49996 35.5301 8.13211
      vertex 1.49996 34.35 7.00275
      vertex 1.49996 35.5041 8.175
    endloop
  endfacet
  facet normal -1 -0 0
    outer loop
      vertex 1.49996 35.5041 8.175
      vertex 1.49996 34.35 7.00275
      vertex 1.49996 35.48 8.21899
    endloop
  endfacet
  facet normal -1 -0 0
    outer loop
      vertex 1.49996 35.48 8.21899
      vertex 1.49996 34.35 7.00275
      vertex 1.49996 35.4578 8.26399
    endloop
  endfacet
  facet normal -1 0 0
    outer loop
      vertex 1.49996 34.35 8.75
      vertex 1.49996 35.4578 8.26399
      vertex 1.49996 34.35 7.00275
    endloop
  endfacet
  facet normal -1 0 0
    outer loop
      vertex 1.49996 35.4578 8.26399
      vertex 1.49996 34.35 8.75
      vertex 1.49996 35.4376 8.30992
    endloop
  endfacet
  facet normal -1 0 0
    outer loop
      vertex 1.49996 35.4376 8.30992
      vertex 1.49996 34.35 8.75
      vertex 1.49996 35.4194 8.35668
    endloop
  endfacet
  facet normal -1 0 0
    outer loop
      vertex 1.49996 35.4194 8.35668
      vertex 1.49996 34.35 8.75
      vertex 1.49996 35.4033 8.40419
    endloop
  endfacet
  facet normal -1 0 0
    outer loop
      vertex 1.49996 35.4033 8.40419
      vertex 1.49996 34.35 8.75
      vertex 1.49996 35.3892 8.45236
    endloop
  endfacet
  facet normal -1 0 0
    outer loop
      vertex 1.49996 35.3892 8.45236
      vertex 1.49996 34.35 8.75
      vertex 1.49996 35.3773 8.5011
    endloop
  endfacet
  facet normal -1 0 0
    outer loop
      vertex 1.49996 35.3773 8.5011
      vertex 1.49996 34.35 8.75
      vertex 1.49996 35.3675 8.55031
    endloop
  endfacet
  facet normal -1 0 0
    outer loop
      vertex 1.49996 35.3675 8.55031
      vertex 1.49996 34.35 8.75
      vertex 1.49996 35.3599 8.5999
    endloop
  endfacet
  facet normal -1 0 0
    outer loop
      vertex 1.49996 34.35 7.00275
      vertex 1.49996 35.4577 6.37763
      vertex 1.49996 35.2735 6.32963
    endloop
  endfacet
  facet normal -1 0 0
    outer loop
      vertex 1.49996 35.3599 8.5999
      vertex 1.49996 34.35 8.75
      vertex 1.49996 35.3544 8.64977
    endloop
  endfacet
  facet normal -1 0 0
    outer loop
      vertex 1.49996 35.3544 8.64977
      vertex 1.49996 34.35 8.75
      vertex 1.49996 35.3511 8.69984
    endloop
  endfacet
  facet normal -1 0 -0
    outer loop
      vertex 1.49996 34.3521 8.84299
      vertex 1.49996 35.35 8.75
      vertex 1.49996 34.35 8.75
    endloop
  endfacet
  facet normal -1 0 0
    outer loop
      vertex 1.49996 35.35 8.75
      vertex 1.49996 35.2525 10.5011
      vertex 1.49996 35.3294 10.5534
    endloop
  endfacet
  facet normal -1 0 0
    outer loop
      vertex 1.49996 35.35 8.75
      vertex 1.49996 35.178 10.4455
      vertex 1.49996 35.2525 10.5011
    endloop
  endfacet
  facet normal -1 0 0
    outer loop
      vertex 1.49996 34.3483 6.91913
      vertex 1.49996 35.2735 6.32963
      vertex 1.49996 35.0915 6.27389
    endloop
  endfacet
  facet normal -1 0 0
    outer loop
      vertex 1.49996 35.35 8.75
      vertex 1.49996 35.1059 10.3867
      vertex 1.49996 35.178 10.4455
    endloop
  endfacet
  facet normal -1 0 0
    outer loop
      vertex 1.49996 35.35 8.75
      vertex 1.49996 35.0364 10.3249
      vertex 1.49996 35.1059 10.3867
    endloop
  endfacet
  facet normal -1 0 0
    outer loop
      vertex 1.49996 34.3343 6.75247
      vertex 1.49996 35.0915 6.27389
      vertex 1.49996 34.912 6.2105
    endloop
  endfacet
  facet normal -1 0 0
    outer loop
      vertex 1.49996 35.35 8.75
      vertex 1.49996 34.9697 10.2601
      vertex 1.49996 35.0364 10.3249
    endloop
  endfacet
  facet normal -1 0 0
    outer loop
      vertex 1.49996 35.35 8.75
      vertex 1.49996 34.9058 10.1925
      vertex 1.49996 34.9697 10.2601
    endloop
  endfacet
  facet normal -1 0 0
    outer loop
      vertex 1.49996 35.35 8.75
      vertex 1.49996 34.8449 10.1222
      vertex 1.49996 34.9058 10.1925
    endloop
  endfacet
  facet normal -1 0 0
    outer loop
      vertex 1.49996 34.3065 6.58756
      vertex 1.49996 34.912 6.2105
      vertex 1.49996 34.7354 6.13957
    endloop
  endfacet
  facet normal -1 0 0
    outer loop
      vertex 1.49996 35.35 8.75
      vertex 1.49996 34.7871 10.0493
      vertex 1.49996 34.8449 10.1222
    endloop
  endfacet
  facet normal -1 0 0
    outer loop
      vertex 1.49996 35.35 8.75
      vertex 1.49996 34.7325 9.97404
      vertex 1.49996 34.7871 10.0493
    endloop
  endfacet
  facet normal -1 0 0
    outer loop
      vertex 1.49996 35.35 8.75
      vertex 1.49996 34.6812 9.89645
      vertex 1.49996 34.7325 9.97404
    endloop
  endfacet
  facet normal -1 0 0
    outer loop
      vertex 1.49996 35.35 8.75
      vertex 1.49996 34.6333 9.81672
      vertex 1.49996 34.6812 9.89645
    endloop
  endfacet
  facet normal -1 0 0
    outer loop
      vertex 1.49996 34.2649 6.42555
      vertex 1.49996 34.7354 6.13957
      vertex 1.49996 34.5619 6.06124
    endloop
  endfacet
  facet normal -1 0 0
    outer loop
      vertex 1.49996 35.35 8.75
      vertex 1.49996 34.5889 9.73498
      vertex 1.49996 34.6333 9.81672
    endloop
  endfacet
  facet normal -1 0 0
    outer loop
      vertex 1.49996 35.35 8.75
      vertex 1.49996 34.5481 9.65141
      vertex 1.49996 34.5889 9.73498
    endloop
  endfacet
  facet normal -1 0 0
    outer loop
      vertex 1.49996 35.35 8.75
      vertex 1.49996 34.511 9.56615
      vertex 1.49996 34.5481 9.65141
    endloop
  endfacet
  facet normal -1 0 0
    outer loop
      vertex 1.49996 35.35 8.75
      vertex 1.49996 34.4775 9.47936
      vertex 1.49996 34.511 9.56615
    endloop
  endfacet
  facet normal -1 0 0
    outer loop
      vertex 1.49996 35.35 8.75
      vertex 1.49996 34.4479 9.3912
      vertex 1.49996 34.4775 9.47936
    endloop
  endfacet
  facet normal -1 0 0
    outer loop
      vertex 1.49996 35.35 8.75
      vertex 1.49996 34.4221 9.30185
      vertex 1.49996 34.4479 9.3912
    endloop
  endfacet
  facet normal -1 0 0
    outer loop
      vertex 1.49996 34.21 6.26758
      vertex 1.49996 34.5619 6.06124
      vertex 1.49996 34.3919 5.97564
    endloop
  endfacet
  facet normal -1 0 0
    outer loop
      vertex 1.49996 35.3511 8.69984
      vertex 1.49996 34.35 8.75
      vertex 1.49996 35.35 8.75
    endloop
  endfacet
  facet normal -1 0 0
    outer loop
      vertex 1.49996 35.35 8.75
      vertex 1.49996 34.4001 9.21146
      vertex 1.49996 34.4221 9.30185
    endloop
  endfacet
  facet normal -1 0 0
    outer loop
      vertex 1.49996 35.35 8.75
      vertex 1.49996 34.3822 9.12021
      vertex 1.49996 34.4001 9.21146
    endloop
  endfacet
  facet normal -1 0 0
    outer loop
      vertex 1.49996 35.35 8.75
      vertex 1.49996 34.3681 9.02827
      vertex 1.49996 34.3822 9.12021
    endloop
  endfacet
  facet normal -1 0 0
    outer loop
      vertex 1.49996 35.35 8.75
      vertex 1.49996 34.3581 8.9358
      vertex 1.49996 34.3681 9.02827
    endloop
  endfacet
  facet normal -1 0 0
    outer loop
      vertex 1.49996 35.2735 6.32963
      vertex 1.49996 34.3483 6.91913
      vertex 1.49996 34.35 7.00275
    endloop
  endfacet
  facet normal -1 0 0
    outer loop
      vertex 1.49996 35.0915 6.27389
      vertex 1.49996 34.343 6.83565
      vertex 1.49996 34.3483 6.91913
    endloop
  endfacet
  facet normal -1 0 0
    outer loop
      vertex 1.49996 35.0915 6.27389
      vertex 1.49996 34.3343 6.75247
      vertex 1.49996 34.343 6.83565
    endloop
  endfacet
  facet normal -1 0 0
    outer loop
      vertex 1.49996 34.912 6.2105
      vertex 1.49996 34.3221 6.66972
      vertex 1.49996 34.3343 6.75247
    endloop
  endfacet
  facet normal -1 0 0
    outer loop
      vertex 1.49996 34.912 6.2105
      vertex 1.49996 34.3065 6.58756
      vertex 1.49996 34.3221 6.66972
    endloop
  endfacet
  facet normal -1 0 0
    outer loop
      vertex 1.49996 34.7354 6.13957
      vertex 1.49996 34.2874 6.50612
      vertex 1.49996 34.3065 6.58756
    endloop
  endfacet
  facet normal -1 0 0
    outer loop
      vertex 1.49996 34.7354 6.13957
      vertex 1.49996 34.2649 6.42555
      vertex 1.49996 34.2874 6.50612
    endloop
  endfacet
  facet normal -1 0 0
    outer loop
      vertex 1.49996 34.5619 6.06124
      vertex 1.49996 34.2391 6.34599
      vertex 1.49996 34.2649 6.42555
    endloop
  endfacet
  facet normal -1 0 0
    outer loop
      vertex 1.49996 34.1421 6.11475
      vertex 1.49996 34.3919 5.97564
      vertex 1.49996 34.2256 5.88293
    endloop
  endfacet
  facet normal -1 0 0
    outer loop
      vertex 1.49996 34.5619 6.06124
      vertex 1.49996 34.21 6.26758
      vertex 1.49996 34.2391 6.34599
    endloop
  endfacet
  facet normal -1 0 0
    outer loop
      vertex 1.49996 34.3919 5.97564
      vertex 1.49996 34.1777 6.19045
      vertex 1.49996 34.21 6.26758
    endloop
  endfacet
  facet normal -1 0 0
    outer loop
      vertex 1.49996 34.3919 5.97564
      vertex 1.49996 34.1421 6.11475
      vertex 1.49996 34.1777 6.19045
    endloop
  endfacet
  facet normal -1 0 0
    outer loop
      vertex 1.49996 34.2256 5.88293
      vertex 1.49996 34.1034 6.04059
      vertex 1.49996 34.1421 6.11475
    endloop
  endfacet
  facet normal -1 0 0
    outer loop
      vertex 1.49996 34.0169 5.89747
      vertex 1.49996 34.2256 5.88293
      vertex 1.49996 34.0635 5.78327
    endloop
  endfacet
  facet normal -1 0 0
    outer loop
      vertex 1.49996 34.2256 5.88293
      vertex 1.49996 34.0616 5.96812
      vertex 1.49996 34.1034 6.04059
    endloop
  endfacet
  facet normal -1 0 0
    outer loop
      vertex 1.49996 34.2256 5.88293
      vertex 1.49996 34.0169 5.89747
      vertex 1.49996 34.0616 5.96812
    endloop
  endfacet
  facet normal -1 0 0
    outer loop
      vertex 1.49996 34.0635 5.78327
      vertex 1.49996 33.9692 5.82874
      vertex 1.49996 34.0169 5.89747
    endloop
  endfacet
  facet normal -1 -0 0
    outer loop
      vertex 1.49996 34.0635 5.78327
      vertex 1.49996 33.9187 5.76207
      vertex 1.49996 33.9692 5.82874
    endloop
  endfacet
  facet normal -1 0 0
    outer loop
      vertex 1.49996 33.9056 5.67684
      vertex 1.49996 33.9187 5.76207
      vertex 1.49996 34.0635 5.78327
    endloop
  endfacet
  facet normal -1 0 0
    outer loop
      vertex 1.49996 33.9 5.73939
      vertex 1.49996 33.9056 5.67684
      vertex 1.49996 33.9 5.67271
    endloop
  endfacet
  facet normal -1 0 0
    outer loop
      vertex 1.49996 33.9056 5.67684
      vertex 1.49996 33.9 5.73939
      vertex 1.49996 33.9187 5.76207
    endloop
  endfacet
  facet normal -1 0 0
    outer loop
      vertex 1.49996 37.6489 8.69984
      vertex 1.49996 38.6497 8.71432
      vertex 1.49996 38.6462 8.62138
    endloop
  endfacet
  facet normal -1 0 0
    outer loop
      vertex 1.49996 38.6497 8.71432
      vertex 1.49996 37.65 8.75
      vertex 1.49996 38.6493 8.80732
    endloop
  endfacet
  facet normal -1 0 0
    outer loop
      vertex 1.49996 37.6457 8.64977
      vertex 1.49996 38.6462 8.62138
      vertex 1.49996 38.6386 8.52868
    endloop
  endfacet
  facet normal -1 0 0
    outer loop
      vertex 1.49996 37.6489 8.80016
      vertex 1.49996 38.6493 8.80732
      vertex 1.49996 37.65 8.75
    endloop
  endfacet
  facet normal -1 0 0
    outer loop
      vertex 1.49996 37.6402 8.5999
      vertex 1.49996 38.6386 8.52868
      vertex 1.49996 38.627 8.43639
    endloop
  endfacet
  facet normal -1 -0 0
    outer loop
      vertex 1.49996 38.6493 8.80732
      vertex 1.49996 37.6489 8.80016
      vertex 1.49996 38.6448 8.90022
    endloop
  endfacet
  facet normal -1 0 0
    outer loop
      vertex 1.49996 37.6326 8.55031
      vertex 1.49996 38.627 8.43639
      vertex 1.49996 38.6115 8.3447
    endloop
  endfacet
  facet normal -1 0 0
    outer loop
      vertex 1.49996 37.6457 8.85023
      vertex 1.49996 38.6448 8.90022
      vertex 1.49996 37.6489 8.80016
    endloop
  endfacet
  facet normal -1 0 0
    outer loop
      vertex 1.49996 37.6228 8.5011
      vertex 1.49996 38.6115 8.3447
      vertex 1.49996 38.592 8.25376
    endloop
  endfacet
  facet normal -1 -0 0
    outer loop
      vertex 1.49996 38.6448 8.90022
      vertex 1.49996 37.6457 8.85023
      vertex 1.49996 38.6363 8.99284
    endloop
  endfacet
  facet normal -1 0 0
    outer loop
      vertex 1.49996 37.6108 8.45236
      vertex 1.49996 38.592 8.25376
      vertex 1.49996 38.5686 8.16374
    endloop
  endfacet
  facet normal -1 0 0
    outer loop
      vertex 1.49996 37.6402 8.90011
      vertex 1.49996 38.6363 8.99284
      vertex 1.49996 37.6457 8.85023
    endloop
  endfacet
  facet normal -1 0 0
    outer loop
      vertex 1.49996 37.5968 8.40419
      vertex 1.49996 38.5686 8.16374
      vertex 1.49996 38.5413 8.07483
    endloop
  endfacet
  facet normal -1 -0 0
    outer loop
      vertex 1.49996 38.6363 8.99284
      vertex 1.49996 37.6402 8.90011
      vertex 1.49996 38.6238 9.08501
    endloop
  endfacet
  facet normal -1 0 0
    outer loop
      vertex 1.49996 37.5807 8.35668
      vertex 1.49996 38.5413 8.07483
      vertex 1.49996 38.5102 7.98718
    endloop
  endfacet
  facet normal -1 0 0
    outer loop
      vertex 1.49996 37.6326 8.9497
      vertex 1.49996 38.6238 9.08501
      vertex 1.49996 37.6402 8.90011
    endloop
  endfacet
  facet normal -1 0 0
    outer loop
      vertex 1.49996 37.5625 8.30992
      vertex 1.49996 38.5102 7.98718
      vertex 1.49996 38.4753 7.90096
    endloop
  endfacet
  facet normal -1 -0 0
    outer loop
      vertex 1.49996 38.6238 9.08501
      vertex 1.49996 37.6326 8.9497
      vertex 1.49996 38.6073 9.17654
    endloop
  endfacet
  facet normal -1 0 0
    outer loop
      vertex 1.49996 37.5423 8.26399
      vertex 1.49996 38.4753 7.90096
      vertex 1.49996 38.4367 7.81632
    endloop
  endfacet
  facet normal -1 0 0
    outer loop
      vertex 1.49996 37.6228 8.99891
      vertex 1.49996 38.6073 9.17654
      vertex 1.49996 37.6326 8.9497
    endloop
  endfacet
  facet normal -1 0 0
    outer loop
      vertex 1.49996 37.5201 8.21899
      vertex 1.49996 38.4367 7.81632
      vertex 1.49996 38.3945 7.73344
    endloop
  endfacet
  facet normal -1 -0 0
    outer loop
      vertex 1.49996 38.6073 9.17654
      vertex 1.49996 37.6228 8.99891
      vertex 1.49996 38.5869 9.26728
    endloop
  endfacet
  facet normal -1 0 0
    outer loop
      vertex 1.49996 37.496 8.175
      vertex 1.49996 38.3945 7.73344
      vertex 1.49996 38.3488 7.65245
    endloop
  endfacet
  facet normal -1 0 0
    outer loop
      vertex 1.49996 37.6108 9.04764
      vertex 1.49996 38.5869 9.26728
      vertex 1.49996 37.6228 8.99891
    endloop
  endfacet
  facet normal -1 0 0
    outer loop
      vertex 1.49996 37.4699 8.13211
      vertex 1.49996 38.3488 7.65245
      vertex 1.49996 38.2996 7.57352
    endloop
  endfacet
  facet normal -1 -0 0
    outer loop
      vertex 1.49996 38.5869 9.26728
      vertex 1.49996 37.6108 9.04764
      vertex 1.49996 38.5626 9.35705
    endloop
  endfacet
  facet normal -1 0 0
    outer loop
      vertex 1.49996 37.4421 8.09039
      vertex 1.49996 38.2996 7.57352
      vertex 1.49996 38.247 7.49679
    endloop
  endfacet
  facet normal -1 0 0
    outer loop
      vertex 1.49996 37.5968 9.09581
      vertex 1.49996 38.5626 9.35705
      vertex 1.49996 37.6108 9.04764
    endloop
  endfacet
  facet normal -1 0 0
    outer loop
      vertex 1.49996 37.4124 8.04993
      vertex 1.49996 38.247 7.49679
      vertex 1.49996 38.1912 7.42241
    endloop
  endfacet
  facet normal -1 -0 0
    outer loop
      vertex 1.49996 38.5626 9.35705
      vertex 1.49996 37.5968 9.09581
      vertex 1.49996 38.5344 9.44569
    endloop
  endfacet
  facet normal -1 0 0
    outer loop
      vertex 1.49996 37.381 8.0108
      vertex 1.49996 38.1912 7.42241
      vertex 1.49996 38.1322 7.35051
    endloop
  endfacet
  facet normal -1 0 0
    outer loop
      vertex 1.49996 37.5807 9.14333
      vertex 1.49996 38.5344 9.44569
      vertex 1.49996 37.5968 9.09581
    endloop
  endfacet
  facet normal -1 0 0
    outer loop
      vertex 1.49996 37.3479 7.97307
      vertex 1.49996 38.1322 7.35051
      vertex 1.49996 38.0701 7.28123
    endloop
  endfacet
  facet normal -1 -0 0
    outer loop
      vertex 1.49996 38.5344 9.44569
      vertex 1.49996 37.5807 9.14333
      vertex 1.49996 38.5024 9.53302
    endloop
  endfacet
  facet normal -1 0 0
    outer loop
      vertex 1.49996 37.3132 7.93683
      vertex 1.49996 38.0701 7.28123
      vertex 1.49996 38.0051 7.2147
    endloop
  endfacet
  facet normal -1 0 0
    outer loop
      vertex 1.49996 37.5625 9.19009
      vertex 1.49996 38.5024 9.53302
      vertex 1.49996 37.5807 9.14333
    endloop
  endfacet
  facet normal -1 0 0
    outer loop
      vertex 1.49996 37.277 7.90213
      vertex 1.49996 38.0051 7.2147
      vertex 1.49996 37.9373 7.15104
    endloop
  endfacet
  facet normal -1 -0 0
    outer loop
      vertex 1.49996 38.5024 9.53302
      vertex 1.49996 37.5625 9.19009
      vertex 1.49996 38.4666 9.61889
    endloop
  endfacet
  facet normal -1 0 0
    outer loop
      vertex 1.49996 37.2392 7.86905
      vertex 1.49996 37.9373 7.15104
      vertex 1.49996 37.8668 7.09037
    endloop
  endfacet
  facet normal -1 0 0
    outer loop
      vertex 1.49996 37.5423 9.23601
      vertex 1.49996 38.4666 9.61889
      vertex 1.49996 37.5625 9.19009
    endloop
  endfacet
  facet normal -1 0 0
    outer loop
      vertex 1.49996 37.2001 7.83765
      vertex 1.49996 37.8668 7.09037
      vertex 1.49996 37.7938 7.03281
    endloop
  endfacet
  facet normal -1 -0 0
    outer loop
      vertex 1.49996 38.4666 9.61889
      vertex 1.49996 37.5423 9.23601
      vertex 1.49996 38.4272 9.70313
    endloop
  endfacet
  facet normal -1 0 0
    outer loop
      vertex 1.49996 37.1597 7.80798
      vertex 1.49996 37.7938 7.03281
      vertex 1.49996 37.7183 6.97847
    endloop
  endfacet
  facet normal -1 0 0
    outer loop
      vertex 1.49996 37.5201 9.28101
      vertex 1.49996 38.4272 9.70313
      vertex 1.49996 37.5423 9.23601
    endloop
  endfacet
  facet normal -1 -0 0
    outer loop
      vertex 1.49996 38.4272 9.70313
      vertex 1.49996 37.5201 9.28101
      vertex 1.49996 38.3842 9.78559
    endloop
  endfacet
  facet normal -1 -0 0
    outer loop
      vertex 1.49996 38.6497 8.71432
      vertex 1.49996 37.6489 8.69984
      vertex 1.49996 37.65 8.75
    endloop
  endfacet
  facet normal -1 0 0
    outer loop
      vertex 1.49996 38.6462 8.62138
      vertex 1.49996 37.6457 8.64977
      vertex 1.49996 37.6489 8.69984
    endloop
  endfacet
  facet normal -1 0 0
    outer loop
      vertex 1.49996 37.1179 7.7801
      vertex 1.49996 37.7183 6.97847
      vertex 1.49996 37.6405 6.92744
    endloop
  endfacet
  facet normal -1 0 0
    outer loop
      vertex 1.49996 38.6386 8.52868
      vertex 1.49996 37.6402 8.5999
      vertex 1.49996 37.6457 8.64977
    endloop
  endfacet
  facet normal -1 0 0
    outer loop
      vertex 1.49996 38.627 8.43639
      vertex 1.49996 37.6326 8.55031
      vertex 1.49996 37.6402 8.5999
    endloop
  endfacet
  facet normal -1 0 0
    outer loop
      vertex 1.49996 38.6115 8.3447
      vertex 1.49996 37.6228 8.5011
      vertex 1.49996 37.6326 8.55031
    endloop
  endfacet
  facet normal -1 0 0
    outer loop
      vertex 1.49996 38.592 8.25376
      vertex 1.49996 37.6108 8.45236
      vertex 1.49996 37.6228 8.5011
    endloop
  endfacet
  facet normal -1 0 0
    outer loop
      vertex 1.49996 38.5686 8.16374
      vertex 1.49996 37.5968 8.40419
      vertex 1.49996 37.6108 8.45236
    endloop
  endfacet
  facet normal -1 0 0
    outer loop
      vertex 1.49996 38.5413 8.07483
      vertex 1.49996 37.5807 8.35668
      vertex 1.49996 37.5968 8.40419
    endloop
  endfacet
  facet normal -1 0 0
    outer loop
      vertex 1.49996 38.5102 7.98718
      vertex 1.49996 37.5625 8.30992
      vertex 1.49996 37.5807 8.35668
    endloop
  endfacet
  facet normal -1 0 0
    outer loop
      vertex 1.49996 37.075 7.75407
      vertex 1.49996 37.6405 6.92744
      vertex 1.49996 37.5606 6.87981
    endloop
  endfacet
  facet normal -1 0 0
    outer loop
      vertex 1.49996 38.4753 7.90096
      vertex 1.49996 37.5423 8.26399
      vertex 1.49996 37.5625 8.30992
    endloop
  endfacet
  facet normal -1 0 0
    outer loop
      vertex 1.49996 38.4367 7.81632
      vertex 1.49996 37.5201 8.21899
      vertex 1.49996 37.5423 8.26399
    endloop
  endfacet
  facet normal -1 0 0
    outer loop
      vertex 1.49996 38.3945 7.73344
      vertex 1.49996 37.496 8.175
      vertex 1.49996 37.5201 8.21899
    endloop
  endfacet
  facet normal -1 0 0
    outer loop
      vertex 1.49996 37.0311 7.72994
      vertex 1.49996 37.5606 6.87981
      vertex 1.49996 37.4788 6.83569
    endloop
  endfacet
  facet normal -1 0 0
    outer loop
      vertex 1.49996 38.3488 7.65245
      vertex 1.49996 37.4699 8.13211
      vertex 1.49996 37.496 8.175
    endloop
  endfacet
  facet normal -1 0 0
    outer loop
      vertex 1.49996 38.2996 7.57352
      vertex 1.49996 37.4421 8.09039
      vertex 1.49996 37.4699 8.13211
    endloop
  endfacet
  facet normal -1 0 0
    outer loop
      vertex 1.49996 38.247 7.49679
      vertex 1.49996 37.4124 8.04993
      vertex 1.49996 37.4421 8.09039
    endloop
  endfacet
  facet normal -1 0 0
    outer loop
      vertex 1.49996 36.9861 7.70775
      vertex 1.49996 37.4788 6.83569
      vertex 1.49996 37.3951 6.79515
    endloop
  endfacet
  facet normal -1 0 0
    outer loop
      vertex 1.49996 38.1912 7.42241
      vertex 1.49996 37.381 8.0108
      vertex 1.49996 37.4124 8.04993
    endloop
  endfacet
  facet normal -1 0 0
    outer loop
      vertex 1.49996 38.1322 7.35051
      vertex 1.49996 37.3479 7.97307
      vertex 1.49996 37.381 8.0108
    endloop
  endfacet
  facet normal -1 0 0
    outer loop
      vertex 1.49996 38.0701 7.28123
      vertex 1.49996 37.3132 7.93683
      vertex 1.49996 37.3479 7.97307
    endloop
  endfacet
  facet normal -1 0 0
    outer loop
      vertex 1.49996 36.9401 7.68754
      vertex 1.49996 37.3951 6.79515
      vertex 1.49996 37.3097 6.75828
    endloop
  endfacet
  facet normal -1 0 0
    outer loop
      vertex 1.49996 38.0051 7.2147
      vertex 1.49996 37.277 7.90213
      vertex 1.49996 37.3132 7.93683
    endloop
  endfacet
  facet normal -1 0 0
    outer loop
      vertex 1.49996 37.9373 7.15104
      vertex 1.49996 37.2392 7.86905
      vertex 1.49996 37.277 7.90213
    endloop
  endfacet
  facet normal -1 0 0
    outer loop
      vertex 1.49996 36.8934 7.66936
      vertex 1.49996 37.3097 6.75828
      vertex 1.49996 37.2228 6.72512
    endloop
  endfacet
  facet normal -1 0 0
    outer loop
      vertex 1.49996 37.8668 7.09037
      vertex 1.49996 37.2001 7.83765
      vertex 1.49996 37.2392 7.86905
    endloop
  endfacet
  facet normal -1 0 0
    outer loop
      vertex 1.49996 37.7938 7.03281
      vertex 1.49996 37.1597 7.80798
      vertex 1.49996 37.2001 7.83765
    endloop
  endfacet
  facet normal -1 0 0
    outer loop
      vertex 1.49996 36.8459 7.65323
      vertex 1.49996 37.2228 6.72512
      vertex 1.49996 37.1345 6.69576
    endloop
  endfacet
  facet normal -1 0 0
    outer loop
      vertex 1.49996 37.7183 6.97847
      vertex 1.49996 37.1179 7.7801
      vertex 1.49996 37.1597 7.80798
    endloop
  endfacet
  facet normal -1 0 0
    outer loop
      vertex 1.49996 37.6405 6.92744
      vertex 1.49996 37.075 7.75407
      vertex 1.49996 37.1179 7.7801
    endloop
  endfacet
  facet normal -1 0 0
    outer loop
      vertex 1.49996 36.7977 7.63919
      vertex 1.49996 37.1345 6.69576
      vertex 1.49996 37.0451 6.67024
    endloop
  endfacet
  facet normal -1 0 0
    outer loop
      vertex 1.49996 37.5606 6.87981
      vertex 1.49996 37.0311 7.72994
      vertex 1.49996 37.075 7.75407
    endloop
  endfacet
  facet normal -1 0 0
    outer loop
      vertex 1.49996 37.4788 6.83569
      vertex 1.49996 36.9861 7.70775
      vertex 1.49996 37.0311 7.72994
    endloop
  endfacet
  facet normal -1 0 0
    outer loop
      vertex 1.49996 36.7489 7.62726
      vertex 1.49996 37.0451 6.67024
      vertex 1.49996 36.9546 6.64861
    endloop
  endfacet
  facet normal -1 0 0
    outer loop
      vertex 1.49996 37.3951 6.79515
      vertex 1.49996 36.9401 7.68754
      vertex 1.49996 36.9861 7.70775
    endloop
  endfacet
  facet normal -1 0 0
    outer loop
      vertex 1.49996 37.3097 6.75828
      vertex 1.49996 36.8934 7.66936
      vertex 1.49996 36.9401 7.68754
    endloop
  endfacet
  facet normal -1 0 0
    outer loop
      vertex 1.49996 36.6997 7.61747
      vertex 1.49996 36.9546 6.64861
      vertex 1.49996 36.8633 6.63092
    endloop
  endfacet
  facet normal -1 0 0
    outer loop
      vertex 1.49996 37.2228 6.72512
      vertex 1.49996 36.8459 7.65323
      vertex 1.49996 36.8934 7.66936
    endloop
  endfacet
  facet normal -1 0 0
    outer loop
      vertex 1.49996 37.1345 6.69576
      vertex 1.49996 36.7977 7.63919
      vertex 1.49996 36.8459 7.65323
    endloop
  endfacet
  facet normal -1 0 0
    outer loop
      vertex 1.49996 36.6501 7.60984
      vertex 1.49996 36.8633 6.63092
      vertex 1.49996 36.7713 6.61719
    endloop
  endfacet
  facet normal -1 0 0
    outer loop
      vertex 1.49996 37.0451 6.67024
      vertex 1.49996 36.7489 7.62726
      vertex 1.49996 36.7977 7.63919
    endloop
  endfacet
  facet normal -1 0 0
    outer loop
      vertex 1.49996 36.9546 6.64861
      vertex 1.49996 36.6997 7.61747
      vertex 1.49996 36.7489 7.62726
    endloop
  endfacet
  facet normal -1 0 0
    outer loop
      vertex 1.49996 36.6003 7.60438
      vertex 1.49996 36.7713 6.61719
      vertex 1.49996 36.6788 6.60745
    endloop
  endfacet
  facet normal -1 0 0
    outer loop
      vertex 1.49996 36.8633 6.63092
      vertex 1.49996 36.6501 7.60984
      vertex 1.49996 36.6997 7.61747
    endloop
  endfacet
  facet normal -1 0 0
    outer loop
      vertex 1.49996 36.7713 6.61719
      vertex 1.49996 36.6003 7.60438
      vertex 1.49996 36.6501 7.60984
    endloop
  endfacet
  facet normal -1 0 0
    outer loop
      vertex 1.49996 36.5502 7.6011
      vertex 1.49996 36.6788 6.60745
      vertex 1.49996 36.586 6.60172
    endloop
  endfacet
  facet normal -1 0 0
    outer loop
      vertex 1.49996 36.6788 6.60745
      vertex 1.49996 36.5502 7.6011
      vertex 1.49996 36.6003 7.60438
    endloop
  endfacet
  facet normal -1 0 0
    outer loop
      vertex 1.49996 36.586 6.60172
      vertex 1.49996 36.5 7.6
      vertex 1.49996 36.5502 7.6011
    endloop
  endfacet
  facet normal -1 0 0
    outer loop
      vertex 1.49996 36.493 6.60001
      vertex 1.49996 36.5 7.6
      vertex 1.49996 36.586 6.60172
    endloop
  endfacet
  facet normal -1 0 0
    outer loop
      vertex 1.49996 36.493 6.60001
      vertex 1.49996 36.4499 7.6011
      vertex 1.49996 36.5 7.6
    endloop
  endfacet
  facet normal -1 0 0
    outer loop
      vertex 1.49996 36.4 6.60233
      vertex 1.49996 36.4499 7.6011
      vertex 1.49996 36.493 6.60001
    endloop
  endfacet
  facet normal -1 -0 0
    outer loop
      vertex 1.49996 36.4499 7.6011
      vertex 1.49996 36.4 6.60233
      vertex 1.49996 36.3998 7.60438
    endloop
  endfacet
  facet normal -1 0 0
    outer loop
      vertex 1.49996 37.496 9.325
      vertex 1.49996 38.3842 9.78559
      vertex 1.49996 37.5201 9.28101
    endloop
  endfacet
  facet normal -1 -0 0
    outer loop
      vertex 1.49996 38.3842 9.78559
      vertex 1.49996 37.496 9.325
      vertex 1.49996 38.3377 9.86611
    endloop
  endfacet
  facet normal -1 0 0
    outer loop
      vertex 1.49996 37.4699 9.3679
      vertex 1.49996 38.3377 9.86611
      vertex 1.49996 37.496 9.325
    endloop
  endfacet
  facet normal -1 -0 0
    outer loop
      vertex 1.49996 38.3377 9.86611
      vertex 1.49996 37.4699 9.3679
      vertex 1.49996 38.2877 9.94454
    endloop
  endfacet
  facet normal -1 0 0
    outer loop
      vertex 1.49996 37.4421 9.40961
      vertex 1.49996 38.2877 9.94454
      vertex 1.49996 37.4699 9.3679
    endloop
  endfacet
  facet normal -1 -0 0
    outer loop
      vertex 1.49996 38.2877 9.94454
      vertex 1.49996 37.4421 9.40961
      vertex 1.49996 38.2343 10.0207
    endloop
  endfacet
  facet normal -1 0 0
    outer loop
      vertex 1.49996 37.4124 9.45008
      vertex 1.49996 38.2343 10.0207
      vertex 1.49996 37.4421 9.40961
    endloop
  endfacet
  facet normal -1 -0 0
    outer loop
      vertex 1.49996 38.2343 10.0207
      vertex 1.49996 37.4124 9.45008
      vertex 1.49996 38.1777 10.0945
    endloop
  endfacet
  facet normal -1 0 0
    outer loop
      vertex 1.49996 37.381 9.48921
      vertex 1.49996 38.1777 10.0945
      vertex 1.49996 37.4124 9.45008
    endloop
  endfacet
  facet normal -1 -0 0
    outer loop
      vertex 1.49996 38.1777 10.0945
      vertex 1.49996 37.381 9.48921
      vertex 1.49996 38.118 10.1658
    endloop
  endfacet
  facet normal -1 0 0
    outer loop
      vertex 1.49996 37.3479 9.52693
      vertex 1.49996 38.118 10.1658
      vertex 1.49996 37.381 9.48921
    endloop
  endfacet
  facet normal -1 -0 0
    outer loop
      vertex 1.49996 38.118 10.1658
      vertex 1.49996 37.3479 9.52693
      vertex 1.49996 38.0553 10.2345
    endloop
  endfacet
  facet normal -1 0 0
    outer loop
      vertex 1.49996 37.3132 9.56318
      vertex 1.49996 38.0553 10.2345
      vertex 1.49996 37.3479 9.52693
    endloop
  endfacet
  facet normal -1 -0 0
    outer loop
      vertex 1.49996 38.0553 10.2345
      vertex 1.49996 37.3132 9.56318
      vertex 1.49996 37.9896 10.3004
    endloop
  endfacet
  facet normal -1 0 0
    outer loop
      vertex 1.49996 37.277 9.59787
      vertex 1.49996 37.9896 10.3004
      vertex 1.49996 37.3132 9.56318
    endloop
  endfacet
  facet normal -1 -0 0
    outer loop
      vertex 1.49996 37.9896 10.3004
      vertex 1.49996 37.277 9.59787
      vertex 1.49996 37.9212 10.3633
    endloop
  endfacet
  facet normal -1 0 0
    outer loop
      vertex 1.49996 37.2392 9.63095
      vertex 1.49996 37.9212 10.3633
      vertex 1.49996 37.277 9.59787
    endloop
  endfacet
  facet normal -1 -0 0
    outer loop
      vertex 1.49996 37.9212 10.3633
      vertex 1.49996 37.2392 9.63095
      vertex 1.49996 37.8501 10.4233
    endloop
  endfacet
  facet normal -1 0 0
    outer loop
      vertex 1.49996 37.2001 9.66236
      vertex 1.49996 37.8501 10.4233
      vertex 1.49996 37.2392 9.63095
    endloop
  endfacet
  facet normal -1 -0 0
    outer loop
      vertex 1.49996 37.8501 10.4233
      vertex 1.49996 37.2001 9.66236
      vertex 1.49996 37.7764 10.4801
    endloop
  endfacet
  facet normal -1 0 0
    outer loop
      vertex 1.49996 37.1597 9.69203
      vertex 1.49996 37.7764 10.4801
      vertex 1.49996 37.2001 9.66236
    endloop
  endfacet
  facet normal -1 -0 0
    outer loop
      vertex 1.49996 37.7764 10.4801
      vertex 1.49996 37.1597 9.69203
      vertex 1.49996 37.7004 10.5337
    endloop
  endfacet
  facet normal -1 0 0
    outer loop
      vertex 1.49996 37.1179 9.7199
      vertex 1.49996 37.7004 10.5337
      vertex 1.49996 37.1597 9.69203
    endloop
  endfacet
  facet normal -1 -0 0
    outer loop
      vertex 1.49996 37.7004 10.5337
      vertex 1.49996 37.1179 9.7199
      vertex 1.49996 37.6221 10.5839
    endloop
  endfacet
  facet normal -1 0 0
    outer loop
      vertex 1.49996 37.075 9.74593
      vertex 1.49996 37.6221 10.5839
      vertex 1.49996 37.1179 9.7199
    endloop
  endfacet
  facet normal -1 -0 0
    outer loop
      vertex 1.49996 37.6221 10.5839
      vertex 1.49996 37.075 9.74593
      vertex 1.49996 37.5418 10.6308
    endloop
  endfacet
  facet normal -1 0 0
    outer loop
      vertex 1.49996 37.0311 9.77006
      vertex 1.49996 37.5418 10.6308
      vertex 1.49996 37.075 9.74593
    endloop
  endfacet
  facet normal -1 -0 0
    outer loop
      vertex 1.49996 37.5418 10.6308
      vertex 1.49996 37.0311 9.77006
      vertex 1.49996 37.4595 10.674
    endloop
  endfacet
  facet normal -1 0 0
    outer loop
      vertex 1.49996 36.9861 9.79226
      vertex 1.49996 37.4595 10.674
      vertex 1.49996 37.0311 9.77006
    endloop
  endfacet
  facet normal -1 -0 0
    outer loop
      vertex 1.49996 37.4595 10.674
      vertex 1.49996 36.9861 9.79226
      vertex 1.49996 37.3753 10.7137
    endloop
  endfacet
  facet normal -1 0 0
    outer loop
      vertex 1.49996 36.9401 9.81246
      vertex 1.49996 37.3753 10.7137
      vertex 1.49996 36.9861 9.79226
    endloop
  endfacet
  facet normal -1 -0 0
    outer loop
      vertex 1.49996 37.3753 10.7137
      vertex 1.49996 36.9401 9.81246
      vertex 1.49996 37.2896 10.7498
    endloop
  endfacet
  facet normal -1 0 0
    outer loop
      vertex 1.49996 36.8934 9.83065
      vertex 1.49996 37.2896 10.7498
      vertex 1.49996 36.9401 9.81246
    endloop
  endfacet
  facet normal -1 -0 0
    outer loop
      vertex 1.49996 37.2896 10.7498
      vertex 1.49996 36.8934 9.83065
      vertex 1.49996 37.2024 10.782
    endloop
  endfacet
  facet normal -1 0 0
    outer loop
      vertex 1.49996 36.8459 9.84678
      vertex 1.49996 37.2024 10.782
      vertex 1.49996 36.8934 9.83065
    endloop
  endfacet
  facet normal -1 -0 0
    outer loop
      vertex 1.49996 37.2024 10.782
      vertex 1.49996 36.8459 9.84678
      vertex 1.49996 37.1138 10.8105
    endloop
  endfacet
  facet normal -1 0 0
    outer loop
      vertex 1.49996 36.7977 9.86082
      vertex 1.49996 37.1138 10.8105
      vertex 1.49996 36.8459 9.84678
    endloop
  endfacet
  facet normal -1 -0 0
    outer loop
      vertex 1.49996 37.1138 10.8105
      vertex 1.49996 36.7977 9.86082
      vertex 1.49996 37.0241 10.8351
    endloop
  endfacet
  facet normal -1 0 0
    outer loop
      vertex 1.49996 36.7489 9.87274
      vertex 1.49996 37.0241 10.8351
      vertex 1.49996 36.7977 9.86082
    endloop
  endfacet
  facet normal -1 -0 0
    outer loop
      vertex 1.49996 37.0241 10.8351
      vertex 1.49996 36.7489 9.87274
      vertex 1.49996 36.9335 10.8558
    endloop
  endfacet
  facet normal -1 0 0
    outer loop
      vertex 1.49996 36.6997 9.88253
      vertex 1.49996 36.9335 10.8558
      vertex 1.49996 36.7489 9.87274
    endloop
  endfacet
  facet normal -1 -0 0
    outer loop
      vertex 1.49996 36.9335 10.8558
      vertex 1.49996 36.6997 9.88253
      vertex 1.49996 36.842 10.8726
    endloop
  endfacet
  facet normal -1 0 0
    outer loop
      vertex 1.49996 36.6501 9.89016
      vertex 1.49996 36.842 10.8726
      vertex 1.49996 36.6997 9.88253
    endloop
  endfacet
  facet normal -1 -0 0
    outer loop
      vertex 1.49996 36.842 10.8726
      vertex 1.49996 36.6501 9.89016
      vertex 1.49996 36.7499 10.8854
    endloop
  endfacet
  facet normal -1 0 0
    outer loop
      vertex 1.49996 36.6003 9.89563
      vertex 1.49996 36.7499 10.8854
      vertex 1.49996 36.6501 9.89016
    endloop
  endfacet
  facet normal -1 -0 0
    outer loop
      vertex 1.49996 36.7499 10.8854
      vertex 1.49996 36.6003 9.89563
      vertex 1.49996 36.6573 10.8942
    endloop
  endfacet
  facet normal -1 0 0
    outer loop
      vertex 1.49996 36.5502 9.89891
      vertex 1.49996 36.6573 10.8942
      vertex 1.49996 36.6003 9.89563
    endloop
  endfacet
  facet normal -1 -0 0
    outer loop
      vertex 1.49996 36.6573 10.8942
      vertex 1.49996 36.5502 9.89891
      vertex 1.49996 36.5644 10.899
    endloop
  endfacet
  facet normal -1 0 0
    outer loop
      vertex 1.49996 36.5 9.9
      vertex 1.49996 36.5644 10.899
      vertex 1.49996 36.5502 9.89891
    endloop
  endfacet
  facet normal -1 0 0
    outer loop
      vertex 1.49996 36.5 9.9
      vertex 1.49996 36.4714 10.8998
      vertex 1.49996 36.5644 10.899
    endloop
  endfacet
  facet normal -1 0 0
    outer loop
      vertex 1.49996 36.4499 9.89891
      vertex 1.49996 36.4714 10.8998
      vertex 1.49996 36.5 9.9
    endloop
  endfacet
  facet normal -1 0 0
    outer loop
      vertex 1.49996 36.3784 10.8965
      vertex 1.49996 36.4499 9.89891
      vertex 1.49996 36.3998 9.89563
    endloop
  endfacet
  facet normal -1 0 0
    outer loop
      vertex 1.49996 36.4499 9.89891
      vertex 1.49996 36.3784 10.8965
      vertex 1.49996 36.4714 10.8998
    endloop
  endfacet
  facet normal -1 0 0
    outer loop
      vertex 1.49996 36.2857 10.8893
      vertex 1.49996 36.3998 9.89563
      vertex 1.49996 36.3499 9.89016
    endloop
  endfacet
  facet normal -1 0 0
    outer loop
      vertex 1.49996 36.1934 10.878
      vertex 1.49996 36.3499 9.89016
      vertex 1.49996 36.3003 9.88253
    endloop
  endfacet
  facet normal -1 0 0
    outer loop
      vertex 1.49996 36.3998 9.89563
      vertex 1.49996 36.2857 10.8893
      vertex 1.49996 36.3784 10.8965
    endloop
  endfacet
  facet normal -1 0 0
    outer loop
      vertex 1.49996 36.1016 10.8627
      vertex 1.49996 36.3003 9.88253
      vertex 1.49996 36.2511 9.87274
    endloop
  endfacet
  facet normal -1 0 0
    outer loop
      vertex 1.49996 36.0106 10.8435
      vertex 1.49996 36.2511 9.87274
      vertex 1.49996 36.2024 9.86082
    endloop
  endfacet
  facet normal -1 0 0
    outer loop
      vertex 1.49996 36.3499 9.89016
      vertex 1.49996 36.1934 10.878
      vertex 1.49996 36.2857 10.8893
    endloop
  endfacet
  facet normal -1 0 0
    outer loop
      vertex 1.49996 35.9205 10.8204
      vertex 1.49996 36.2024 9.86082
      vertex 1.49996 36.1542 9.84678
    endloop
  endfacet
  facet normal -1 0 0
    outer loop
      vertex 1.49996 35.8315 10.7934
      vertex 1.49996 36.1542 9.84678
      vertex 1.49996 36.1067 9.83065
    endloop
  endfacet
  facet normal -1 0 0
    outer loop
      vertex 1.49996 36.3003 9.88253
      vertex 1.49996 36.1016 10.8627
      vertex 1.49996 36.1934 10.878
    endloop
  endfacet
  facet normal -1 0 0
    outer loop
      vertex 1.49996 35.7438 10.7626
      vertex 1.49996 36.1067 9.83065
      vertex 1.49996 36.06 9.81246
    endloop
  endfacet
  facet normal -1 0 0
    outer loop
      vertex 1.49996 35.6574 10.728
      vertex 1.49996 36.06 9.81246
      vertex 1.49996 36.014 9.79226
    endloop
  endfacet
  facet normal -1 0 0
    outer loop
      vertex 1.49996 36.2511 9.87274
      vertex 1.49996 36.0106 10.8435
      vertex 1.49996 36.1016 10.8627
    endloop
  endfacet
  facet normal -1 0 0
    outer loop
      vertex 1.49996 35.5727 10.6897
      vertex 1.49996 36.014 9.79226
      vertex 1.49996 35.969 9.77006
    endloop
  endfacet
  facet normal -1 0 0
    outer loop
      vertex 1.49996 35.4897 10.6478
      vertex 1.49996 35.969 9.77006
      vertex 1.49996 35.925 9.74593
    endloop
  endfacet
  facet normal -1 0 0
    outer loop
      vertex 1.49996 36.2024 9.86082
      vertex 1.49996 35.9205 10.8204
      vertex 1.49996 36.0106 10.8435
    endloop
  endfacet
  facet normal -1 0 0
    outer loop
      vertex 1.49996 35.4085 10.6023
      vertex 1.49996 35.925 9.74593
      vertex 1.49996 35.8821 9.7199
    endloop
  endfacet
  facet normal -1 0 0
    outer loop
      vertex 1.49996 35.3294 10.5534
      vertex 1.49996 35.8821 9.7199
      vertex 1.49996 35.8404 9.69203
    endloop
  endfacet
  facet normal -1 0 0
    outer loop
      vertex 1.49996 36.1542 9.84678
      vertex 1.49996 35.8315 10.7934
      vertex 1.49996 35.9205 10.8204
    endloop
  endfacet
  facet normal -1 0 0
    outer loop
      vertex 1.49996 35.3294 10.5534
      vertex 1.49996 35.8404 9.69203
      vertex 1.49996 35.8 9.66236
    endloop
  endfacet
  facet normal -1 0 0
    outer loop
      vertex 1.49996 35.3294 10.5534
      vertex 1.49996 35.8 9.66236
      vertex 1.49996 35.7608 9.63095
    endloop
  endfacet
  facet normal -1 0 0
    outer loop
      vertex 1.49996 36.1067 9.83065
      vertex 1.49996 35.7438 10.7626
      vertex 1.49996 35.8315 10.7934
    endloop
  endfacet
  facet normal -1 0 0
    outer loop
      vertex 1.49996 35.3294 10.5534
      vertex 1.49996 35.7608 9.63095
      vertex 1.49996 35.7231 9.59787
    endloop
  endfacet
  facet normal -1 0 0
    outer loop
      vertex 1.49996 35.3294 10.5534
      vertex 1.49996 35.7231 9.59787
      vertex 1.49996 35.6869 9.56318
    endloop
  endfacet
  facet normal -1 0 0
    outer loop
      vertex 1.49996 36.06 9.81246
      vertex 1.49996 35.6574 10.728
      vertex 1.49996 35.7438 10.7626
    endloop
  endfacet
  facet normal -1 0 0
    outer loop
      vertex 1.49996 35.3294 10.5534
      vertex 1.49996 35.6869 9.56318
      vertex 1.49996 35.6522 9.52693
    endloop
  endfacet
  facet normal -1 0 0
    outer loop
      vertex 1.49996 35.3294 10.5534
      vertex 1.49996 35.6522 9.52693
      vertex 1.49996 35.6191 9.48921
    endloop
  endfacet
  facet normal -1 0 0
    outer loop
      vertex 1.49996 35.3294 10.5534
      vertex 1.49996 35.6191 9.48921
      vertex 1.49996 35.5877 9.45008
    endloop
  endfacet
  facet normal -1 0 0
    outer loop
      vertex 1.49996 36.014 9.79226
      vertex 1.49996 35.5727 10.6897
      vertex 1.49996 35.6574 10.728
    endloop
  endfacet
  facet normal -1 0 0
    outer loop
      vertex 1.49996 35.3294 10.5534
      vertex 1.49996 35.5877 9.45008
      vertex 1.49996 35.558 9.40961
    endloop
  endfacet
  facet normal -1 0 0
    outer loop
      vertex 1.49996 35.3294 10.5534
      vertex 1.49996 35.558 9.40961
      vertex 1.49996 35.5301 9.3679
    endloop
  endfacet
  facet normal -1 0 0
    outer loop
      vertex 1.49996 35.3294 10.5534
      vertex 1.49996 35.5301 9.3679
      vertex 1.49996 35.5041 9.325
    endloop
  endfacet
  facet normal -1 0 0
    outer loop
      vertex 1.49996 35.969 9.77006
      vertex 1.49996 35.4897 10.6478
      vertex 1.49996 35.5727 10.6897
    endloop
  endfacet
  facet normal -1 0 0
    outer loop
      vertex 1.49996 35.3294 10.5534
      vertex 1.49996 35.5041 9.325
      vertex 1.49996 35.48 9.28101
    endloop
  endfacet
  facet normal -1 0 0
    outer loop
      vertex 1.49996 35.3294 10.5534
      vertex 1.49996 35.48 9.28101
      vertex 1.49996 35.4578 9.23601
    endloop
  endfacet
  facet normal -1 0 0
    outer loop
      vertex 1.49996 35.3294 10.5534
      vertex 1.49996 35.4578 9.23601
      vertex 1.49996 35.4376 9.19009
    endloop
  endfacet
  facet normal -1 0 0
    outer loop
      vertex 1.49996 35.3294 10.5534
      vertex 1.49996 35.4376 9.19009
      vertex 1.49996 35.4194 9.14333
    endloop
  endfacet
  facet normal -1 0 0
    outer loop
      vertex 1.49996 35.925 9.74593
      vertex 1.49996 35.4085 10.6023
      vertex 1.49996 35.4897 10.6478
    endloop
  endfacet
  facet normal -1 0 0
    outer loop
      vertex 1.49996 35.3294 10.5534
      vertex 1.49996 35.4194 9.14333
      vertex 1.49996 35.4033 9.09581
    endloop
  endfacet
  facet normal -1 0 0
    outer loop
      vertex 1.49996 35.3294 10.5534
      vertex 1.49996 35.4033 9.09581
      vertex 1.49996 35.3892 9.04764
    endloop
  endfacet
  facet normal -1 0 0
    outer loop
      vertex 1.49996 35.3294 10.5534
      vertex 1.49996 35.3892 9.04764
      vertex 1.49996 35.3773 8.99891
    endloop
  endfacet
  facet normal -1 0 0
    outer loop
      vertex 1.49996 35.3294 10.5534
      vertex 1.49996 35.3773 8.99891
      vertex 1.49996 35.3675 8.9497
    endloop
  endfacet
  facet normal -1 0 0
    outer loop
      vertex 1.49996 35.3294 10.5534
      vertex 1.49996 35.3675 8.9497
      vertex 1.49996 35.3599 8.90011
    endloop
  endfacet
  facet normal -1 0 0
    outer loop
      vertex 1.49996 35.3294 10.5534
      vertex 1.49996 35.3599 8.90011
      vertex 1.49996 35.3544 8.85023
    endloop
  endfacet
  facet normal -1 0 0
    outer loop
      vertex 1.49996 35.3294 10.5534
      vertex 1.49996 35.3544 8.85023
      vertex 1.49996 35.3511 8.80016
    endloop
  endfacet
  facet normal -1 0 0
    outer loop
      vertex 1.49996 35.8821 9.7199
      vertex 1.49996 35.3294 10.5534
      vertex 1.49996 35.4085 10.6023
    endloop
  endfacet
  facet normal -1 0 0
    outer loop
      vertex 1.49996 35.3294 10.5534
      vertex 1.49996 35.3511 8.80016
      vertex 1.49996 35.35 8.75
    endloop
  endfacet
  facet normal -1 0 0
    outer loop
      vertex 1.49996 35.35 8.75
      vertex 1.49996 34.3521 8.84299
      vertex 1.49996 34.3581 8.9358
    endloop
  endfacet
  facet normal 0 0.0217513 -0.999763
    outer loop
      vertex 1.49996 36.4499 9.89891
      vertex 3.49996 36.5 9.9
      vertex 3.49996 36.4499 9.89891
    endloop
  endfacet
  facet normal 0 0.0217513 -0.999763
    outer loop
      vertex 3.49996 36.5 9.9
      vertex 1.49996 36.4499 9.89891
      vertex 1.49996 36.5 9.9
    endloop
  endfacet
  facet normal 0 0.0653292 -0.997864
    outer loop
      vertex 1.49996 36.3998 9.89563
      vertex 3.49996 36.4499 9.89891
      vertex 3.49996 36.3998 9.89563
    endloop
  endfacet
  facet normal 0 0.0653292 -0.997864
    outer loop
      vertex 3.49996 36.4499 9.89891
      vertex 1.49996 36.3998 9.89563
      vertex 1.49996 36.4499 9.89891
    endloop
  endfacet
  facet normal 0 0.108967 -0.994045
    outer loop
      vertex 1.49996 36.3499 9.89016
      vertex 3.49996 36.3998 9.89563
      vertex 3.49996 36.3499 9.89016
    endloop
  endfacet
  facet normal 0 0.108967 -0.994045
    outer loop
      vertex 3.49996 36.3998 9.89563
      vertex 1.49996 36.3499 9.89016
      vertex 1.49996 36.3998 9.89563
    endloop
  endfacet
  facet normal 0 0.152042 -0.988374
    outer loop
      vertex 1.49996 36.3003 9.88253
      vertex 3.49996 36.3499 9.89016
      vertex 3.49996 36.3003 9.88253
    endloop
  endfacet
  facet normal 0 0.152042 -0.988374
    outer loop
      vertex 3.49996 36.3499 9.89016
      vertex 1.49996 36.3003 9.88253
      vertex 1.49996 36.3499 9.89016
    endloop
  endfacet
  facet normal 0 0.195158 -0.980772
    outer loop
      vertex 1.49996 36.2511 9.87274
      vertex 3.49996 36.3003 9.88253
      vertex 3.49996 36.2511 9.87274
    endloop
  endfacet
  facet normal 0 0.195158 -0.980772
    outer loop
      vertex 3.49996 36.3003 9.88253
      vertex 1.49996 36.2511 9.87274
      vertex 1.49996 36.3003 9.88253
    endloop
  endfacet
  facet normal 0 0.237746 -0.971327
    outer loop
      vertex 1.49996 36.2024 9.86082
      vertex 3.49996 36.2511 9.87274
      vertex 3.49996 36.2024 9.86082
    endloop
  endfacet
  facet normal 0 0.237746 -0.971327
    outer loop
      vertex 3.49996 36.2511 9.87274
      vertex 1.49996 36.2024 9.86082
      vertex 1.49996 36.2511 9.87274
    endloop
  endfacet
  facet normal 0 0.279663 -0.960098
    outer loop
      vertex 1.49996 36.1542 9.84678
      vertex 3.49996 36.2024 9.86082
      vertex 3.49996 36.1542 9.84678
    endloop
  endfacet
  facet normal 0 0.279663 -0.960098
    outer loop
      vertex 3.49996 36.2024 9.86082
      vertex 1.49996 36.1542 9.84678
      vertex 1.49996 36.2024 9.86082
    endloop
  endfacet
  facet normal 0 0.321545 -0.946894
    outer loop
      vertex 1.49996 36.1067 9.83065
      vertex 3.49996 36.1542 9.84678
      vertex 3.49996 36.1067 9.83065
    endloop
  endfacet
  facet normal 0 0.321545 -0.946894
    outer loop
      vertex 3.49996 36.1542 9.84678
      vertex 1.49996 36.1067 9.83065
      vertex 1.49996 36.1542 9.84678
    endloop
  endfacet
  facet normal 0 0.362947 -0.93181
    outer loop
      vertex 1.49996 36.06 9.81246
      vertex 3.49996 36.1067 9.83065
      vertex 3.49996 36.06 9.81246
    endloop
  endfacet
  facet normal 0 0.362947 -0.93181
    outer loop
      vertex 3.49996 36.1067 9.83065
      vertex 1.49996 36.06 9.81246
      vertex 1.49996 36.1067 9.83065
    endloop
  endfacet
  facet normal 0 0.402071 -0.915608
    outer loop
      vertex 1.49996 36.014 9.79226
      vertex 3.49996 36.06 9.81246
      vertex 3.49996 36.014 9.79226
    endloop
  endfacet
  facet normal 0 0.402071 -0.915608
    outer loop
      vertex 3.49996 36.06 9.81246
      vertex 1.49996 36.014 9.79226
      vertex 1.49996 36.06 9.81246
    endloop
  endfacet
  facet normal 0 0.442424 -0.896806
    outer loop
      vertex 1.49996 35.969 9.77006
      vertex 3.49996 36.014 9.79226
      vertex 3.49996 35.969 9.77006
    endloop
  endfacet
  facet normal 0 0.442424 -0.896806
    outer loop
      vertex 3.49996 36.014 9.79226
      vertex 1.49996 35.969 9.77006
      vertex 1.49996 36.014 9.79226
    endloop
  endfacet
  facet normal 0 0.480847 -0.876804
    outer loop
      vertex 1.49996 35.925 9.74593
      vertex 3.49996 35.969 9.77006
      vertex 3.49996 35.925 9.74593
    endloop
  endfacet
  facet normal 0 0.480847 -0.876804
    outer loop
      vertex 3.49996 35.969 9.77006
      vertex 1.49996 35.925 9.74593
      vertex 1.49996 35.969 9.77006
    endloop
  endfacet
  facet normal 0 0.518739 -0.854933
    outer loop
      vertex 1.49996 35.8821 9.7199
      vertex 3.49996 35.925 9.74593
      vertex 3.49996 35.8821 9.7199
    endloop
  endfacet
  facet normal 0 0.518739 -0.854933
    outer loop
      vertex 3.49996 35.925 9.74593
      vertex 1.49996 35.8821 9.7199
      vertex 1.49996 35.925 9.74593
    endloop
  endfacet
  facet normal 0 0.555666 -0.831406
    outer loop
      vertex 1.49996 35.8404 9.69203
      vertex 3.49996 35.8821 9.7199
      vertex 3.49996 35.8404 9.69203
    endloop
  endfacet
  facet normal 0 0.555666 -0.831406
    outer loop
      vertex 3.49996 35.8821 9.7199
      vertex 1.49996 35.8404 9.69203
      vertex 1.49996 35.8821 9.7199
    endloop
  endfacet
  facet normal 0 0.591926 -0.805993
    outer loop
      vertex 1.49996 35.8 9.66236
      vertex 3.49996 35.8404 9.69203
      vertex 3.49996 35.8 9.66236
    endloop
  endfacet
  facet normal 0 0.591926 -0.805993
    outer loop
      vertex 3.49996 35.8404 9.69203
      vertex 1.49996 35.8 9.66236
      vertex 1.49996 35.8404 9.69203
    endloop
  endfacet
  facet normal 0 0.625302 -0.780383
    outer loop
      vertex 1.49996 35.7608 9.63095
      vertex 3.49996 35.8 9.66236
      vertex 3.49996 35.7608 9.63095
    endloop
  endfacet
  facet normal 0 0.625302 -0.780383
    outer loop
      vertex 3.49996 35.8 9.66236
      vertex 1.49996 35.7608 9.63095
      vertex 1.49996 35.8 9.66236
    endloop
  endfacet
  facet normal 0 0.659549 -0.751662
    outer loop
      vertex 1.49996 35.7231 9.59787
      vertex 3.49996 35.7608 9.63095
      vertex 3.49996 35.7231 9.59787
    endloop
  endfacet
  facet normal 0 0.659549 -0.751662
    outer loop
      vertex 3.49996 35.7608 9.63095
      vertex 1.49996 35.7231 9.59787
      vertex 1.49996 35.7608 9.63095
    endloop
  endfacet
  facet normal 0 0.691888 -0.722005
    outer loop
      vertex 1.49996 35.6869 9.56318
      vertex 3.49996 35.7231 9.59787
      vertex 3.49996 35.6869 9.56318
    endloop
  endfacet
  facet normal 0 0.691888 -0.722005
    outer loop
      vertex 3.49996 35.7231 9.59787
      vertex 1.49996 35.6869 9.56318
      vertex 1.49996 35.7231 9.59787
    endloop
  endfacet
  facet normal 0 0.722382 -0.691494
    outer loop
      vertex 3.49996 35.6522 9.52693
      vertex 1.49996 35.6869 9.56318
      vertex 3.49996 35.6869 9.56318
    endloop
  endfacet
  facet normal 0 0.722382 -0.691494
    outer loop
      vertex 1.49996 35.6869 9.56318
      vertex 3.49996 35.6522 9.52693
      vertex 1.49996 35.6522 9.52693
    endloop
  endfacet
  facet normal 0 0.751638 -0.659576
    outer loop
      vertex 3.49996 35.6191 9.48921
      vertex 1.49996 35.6522 9.52693
      vertex 3.49996 35.6522 9.52693
    endloop
  endfacet
  facet normal 0 0.751638 -0.659576
    outer loop
      vertex 1.49996 35.6522 9.52693
      vertex 3.49996 35.6191 9.48921
      vertex 1.49996 35.6191 9.48921
    endloop
  endfacet
  facet normal 0 0.779935 -0.625861
    outer loop
      vertex 3.49996 35.5877 9.45008
      vertex 1.49996 35.6191 9.48921
      vertex 3.49996 35.6191 9.48921
    endloop
  endfacet
  facet normal 0 0.779935 -0.625861
    outer loop
      vertex 1.49996 35.6191 9.48921
      vertex 3.49996 35.5877 9.45008
      vertex 1.49996 35.5877 9.45008
    endloop
  endfacet
  facet normal 0 0.806196 -0.591649
    outer loop
      vertex 3.49996 35.558 9.40961
      vertex 1.49996 35.5877 9.45008
      vertex 3.49996 35.5877 9.45008
    endloop
  endfacet
  facet normal 0 0.806196 -0.591649
    outer loop
      vertex 1.49996 35.5877 9.45008
      vertex 3.49996 35.558 9.40961
      vertex 1.49996 35.558 9.40961
    endloop
  endfacet
  facet normal 0 0.831191 -0.555987
    outer loop
      vertex 3.49996 35.5301 9.3679
      vertex 1.49996 35.558 9.40961
      vertex 3.49996 35.558 9.40961
    endloop
  endfacet
  facet normal 0 0.831191 -0.555987
    outer loop
      vertex 1.49996 35.558 9.40961
      vertex 3.49996 35.5301 9.3679
      vertex 1.49996 35.5301 9.3679
    endloop
  endfacet
  facet normal 0 0.855198 -0.518302
    outer loop
      vertex 3.49996 35.5041 9.325
      vertex 1.49996 35.5301 9.3679
      vertex 3.49996 35.5301 9.3679
    endloop
  endfacet
  facet normal 0 0.855198 -0.518302
    outer loop
      vertex 1.49996 35.5301 9.3679
      vertex 3.49996 35.5041 9.325
      vertex 1.49996 35.5041 9.325
    endloop
  endfacet
  facet normal 0 0.87701 -0.480472
    outer loop
      vertex 3.49996 35.48 9.28101
      vertex 1.49996 35.5041 9.325
      vertex 3.49996 35.5041 9.325
    endloop
  endfacet
  facet normal 0 0.87701 -0.480472
    outer loop
      vertex 1.49996 35.5041 9.325
      vertex 3.49996 35.48 9.28101
      vertex 1.49996 35.48 9.28101
    endloop
  endfacet
  facet normal 0 0.896806 -0.442424
    outer loop
      vertex 3.49996 35.4578 9.23601
      vertex 1.49996 35.48 9.28101
      vertex 3.49996 35.48 9.28101
    endloop
  endfacet
  facet normal 0 0.896806 -0.442424
    outer loop
      vertex 1.49996 35.48 9.28101
      vertex 3.49996 35.4578 9.23601
      vertex 1.49996 35.4578 9.23601
    endloop
  endfacet
  facet normal 0 0.91535 -0.402658
    outer loop
      vertex 3.49996 35.4376 9.19009
      vertex 1.49996 35.4578 9.23601
      vertex 3.49996 35.4578 9.23601
    endloop
  endfacet
  facet normal 0 0.91535 -0.402658
    outer loop
      vertex 1.49996 35.4578 9.23601
      vertex 3.49996 35.4376 9.19009
      vertex 1.49996 35.4376 9.19009
    endloop
  endfacet
  facet normal 0 0.9319 -0.362716
    outer loop
      vertex 3.49996 35.4194 9.14333
      vertex 1.49996 35.4376 9.19009
      vertex 3.49996 35.4376 9.19009
    endloop
  endfacet
  facet normal 0 0.9319 -0.362716
    outer loop
      vertex 1.49996 35.4376 9.19009
      vertex 3.49996 35.4194 9.14333
      vertex 1.49996 35.4194 9.14333
    endloop
  endfacet
  facet normal 0 0.947117 -0.320888
    outer loop
      vertex 3.49996 35.4033 9.09581
      vertex 1.49996 35.4194 9.14333
      vertex 3.49996 35.4194 9.14333
    endloop
  endfacet
  facet normal 0 0.947117 -0.320888
    outer loop
      vertex 1.49996 35.4194 9.14333
      vertex 3.49996 35.4033 9.09581
      vertex 1.49996 35.4033 9.09581
    endloop
  endfacet
  facet normal 0 0.95973 -0.280926
    outer loop
      vertex 3.49996 35.3892 9.04764
      vertex 1.49996 35.4033 9.09581
      vertex 3.49996 35.4033 9.09581
    endloop
  endfacet
  facet normal 0 0.95973 -0.280926
    outer loop
      vertex 1.49996 35.4033 9.09581
      vertex 3.49996 35.3892 9.04764
      vertex 1.49996 35.3892 9.04764
    endloop
  endfacet
  facet normal 0 0.971453 -0.237232
    outer loop
      vertex 3.49996 35.3773 8.99891
      vertex 1.49996 35.3892 9.04764
      vertex 3.49996 35.3892 9.04764
    endloop
  endfacet
  facet normal 0 0.971453 -0.237232
    outer loop
      vertex 1.49996 35.3892 9.04764
      vertex 3.49996 35.3773 8.99891
      vertex 1.49996 35.3773 8.99891
    endloop
  endfacet
  facet normal 0 0.980741 -0.195311
    outer loop
      vertex 3.49996 35.3675 8.9497
      vertex 1.49996 35.3773 8.99891
      vertex 3.49996 35.3773 8.99891
    endloop
  endfacet
  facet normal 0 0.980741 -0.195311
    outer loop
      vertex 1.49996 35.3773 8.99891
      vertex 3.49996 35.3675 8.9497
      vertex 1.49996 35.3675 8.9497
    endloop
  endfacet
  facet normal 0 0.988459 -0.151488
    outer loop
      vertex 3.49996 35.3599 8.90011
      vertex 1.49996 35.3675 8.9497
      vertex 3.49996 35.3675 8.9497
    endloop
  endfacet
  facet normal 0 0.988459 -0.151488
    outer loop
      vertex 1.49996 35.3675 8.9497
      vertex 3.49996 35.3599 8.90011
      vertex 1.49996 35.3599 8.90011
    endloop
  endfacet
  facet normal 0 0.993976 -0.1096
    outer loop
      vertex 3.49996 35.3544 8.85023
      vertex 1.49996 35.3599 8.90011
      vertex 3.49996 35.3599 8.90011
    endloop
  endfacet
  facet normal 0 0.993976 -0.1096
    outer loop
      vertex 1.49996 35.3599 8.90011
      vertex 3.49996 35.3544 8.85023
      vertex 1.49996 35.3544 8.85023
    endloop
  endfacet
  facet normal 0 0.997835 -0.065765
    outer loop
      vertex 3.49996 35.3511 8.80016
      vertex 1.49996 35.3544 8.85023
      vertex 3.49996 35.3544 8.85023
    endloop
  endfacet
  facet normal 0 0.997835 -0.065765
    outer loop
      vertex 1.49996 35.3544 8.85023
      vertex 3.49996 35.3511 8.80016
      vertex 1.49996 35.3511 8.80016
    endloop
  endfacet
  facet normal 0 0.99976 -0.0219246
    outer loop
      vertex 3.49996 35.35 8.75
      vertex 1.49996 35.3511 8.80016
      vertex 3.49996 35.3511 8.80016
    endloop
  endfacet
  facet normal 0 0.99976 -0.0219246
    outer loop
      vertex 1.49996 35.3511 8.80016
      vertex 3.49996 35.35 8.75
      vertex 1.49996 35.35 8.75
    endloop
  endfacet
  facet normal 0 0.99976 0.0219246
    outer loop
      vertex 3.49996 35.3511 8.69984
      vertex 1.49996 35.35 8.75
      vertex 3.49996 35.35 8.75
    endloop
  endfacet
  facet normal 0 0.99976 0.0219246
    outer loop
      vertex 1.49996 35.35 8.75
      vertex 3.49996 35.3511 8.69984
      vertex 1.49996 35.3511 8.69984
    endloop
  endfacet
  facet normal 0 0.997835 0.065765
    outer loop
      vertex 3.49996 35.3544 8.64977
      vertex 1.49996 35.3511 8.69984
      vertex 3.49996 35.3511 8.69984
    endloop
  endfacet
  facet normal 0 0.997835 0.065765
    outer loop
      vertex 1.49996 35.3511 8.69984
      vertex 3.49996 35.3544 8.64977
      vertex 1.49996 35.3544 8.64977
    endloop
  endfacet
  facet normal 0 0.993973 0.109622
    outer loop
      vertex 3.49996 35.3599 8.5999
      vertex 1.49996 35.3544 8.64977
      vertex 3.49996 35.3544 8.64977
    endloop
  endfacet
  facet normal 0 0.993973 0.109622
    outer loop
      vertex 1.49996 35.3544 8.64977
      vertex 3.49996 35.3599 8.5999
      vertex 1.49996 35.3599 8.5999
    endloop
  endfacet
  facet normal 0 0.988459 0.151488
    outer loop
      vertex 3.49996 35.3675 8.55031
      vertex 1.49996 35.3599 8.5999
      vertex 3.49996 35.3599 8.5999
    endloop
  endfacet
  facet normal 0 0.988459 0.151488
    outer loop
      vertex 1.49996 35.3599 8.5999
      vertex 3.49996 35.3675 8.55031
      vertex 1.49996 35.3675 8.55031
    endloop
  endfacet
  facet normal 0 0.980741 0.195311
    outer loop
      vertex 3.49996 35.3773 8.5011
      vertex 1.49996 35.3675 8.55031
      vertex 3.49996 35.3675 8.55031
    endloop
  endfacet
  facet normal 0 0.980741 0.195311
    outer loop
      vertex 1.49996 35.3675 8.55031
      vertex 3.49996 35.3773 8.5011
      vertex 1.49996 35.3773 8.5011
    endloop
  endfacet
  facet normal 0 0.971464 0.237186
    outer loop
      vertex 3.49996 35.3892 8.45236
      vertex 1.49996 35.3773 8.5011
      vertex 3.49996 35.3773 8.5011
    endloop
  endfacet
  facet normal 0 0.971464 0.237186
    outer loop
      vertex 1.49996 35.3773 8.5011
      vertex 3.49996 35.3892 8.45236
      vertex 1.49996 35.3892 8.45236
    endloop
  endfacet
  facet normal 0 0.95973 0.280926
    outer loop
      vertex 3.49996 35.4033 8.40419
      vertex 1.49996 35.3892 8.45236
      vertex 3.49996 35.3892 8.45236
    endloop
  endfacet
  facet normal 0 0.95973 0.280926
    outer loop
      vertex 1.49996 35.3892 8.45236
      vertex 3.49996 35.4033 8.40419
      vertex 1.49996 35.4033 8.40419
    endloop
  endfacet
  facet normal 0 0.947097 0.320948
    outer loop
      vertex 3.49996 35.4194 8.35668
      vertex 1.49996 35.4033 8.40419
      vertex 3.49996 35.4033 8.40419
    endloop
  endfacet
  facet normal 0 0.947097 0.320948
    outer loop
      vertex 1.49996 35.4033 8.40419
      vertex 3.49996 35.4194 8.35668
      vertex 1.49996 35.4194 8.35668
    endloop
  endfacet
  facet normal 0 0.9319 0.362716
    outer loop
      vertex 3.49996 35.4376 8.30992
      vertex 1.49996 35.4194 8.35668
      vertex 3.49996 35.4194 8.35668
    endloop
  endfacet
  facet normal 0 0.9319 0.362716
    outer loop
      vertex 1.49996 35.4194 8.35668
      vertex 3.49996 35.4376 8.30992
      vertex 1.49996 35.4376 8.30992
    endloop
  endfacet
  facet normal 0 0.915383 0.402585
    outer loop
      vertex 3.49996 35.4578 8.26399
      vertex 1.49996 35.4376 8.30992
      vertex 3.49996 35.4376 8.30992
    endloop
  endfacet
  facet normal 0 0.915383 0.402585
    outer loop
      vertex 1.49996 35.4376 8.30992
      vertex 3.49996 35.4578 8.26399
      vertex 1.49996 35.4578 8.26399
    endloop
  endfacet
  facet normal 0 0.896806 0.442424
    outer loop
      vertex 3.49996 35.48 8.21899
      vertex 1.49996 35.4578 8.26399
      vertex 3.49996 35.4578 8.26399
    endloop
  endfacet
  facet normal 0 0.896806 0.442424
    outer loop
      vertex 1.49996 35.4578 8.26399
      vertex 3.49996 35.48 8.21899
      vertex 1.49996 35.48 8.21899
    endloop
  endfacet
  facet normal 0 0.87701 0.480472
    outer loop
      vertex 3.49996 35.5041 8.175
      vertex 1.49996 35.48 8.21899
      vertex 3.49996 35.48 8.21899
    endloop
  endfacet
  facet normal 0 0.87701 0.480472
    outer loop
      vertex 1.49996 35.48 8.21899
      vertex 3.49996 35.5041 8.175
      vertex 1.49996 35.5041 8.175
    endloop
  endfacet
  facet normal 0 0.855144 0.51839
    outer loop
      vertex 3.49996 35.5301 8.13211
      vertex 1.49996 35.5041 8.175
      vertex 3.49996 35.5041 8.175
    endloop
  endfacet
  facet normal 0 0.855144 0.51839
    outer loop
      vertex 1.49996 35.5041 8.175
      vertex 3.49996 35.5301 8.13211
      vertex 1.49996 35.5301 8.13211
    endloop
  endfacet
  facet normal 0 0.831252 0.555895
    outer loop
      vertex 3.49996 35.558 8.09039
      vertex 1.49996 35.5301 8.13211
      vertex 3.49996 35.5301 8.13211
    endloop
  endfacet
  facet normal 0 0.831252 0.555895
    outer loop
      vertex 1.49996 35.5301 8.13211
      vertex 3.49996 35.558 8.09039
      vertex 1.49996 35.558 8.09039
    endloop
  endfacet
  facet normal 0 0.806126 0.591744
    outer loop
      vertex 3.49996 35.5877 8.04993
      vertex 1.49996 35.558 8.09039
      vertex 3.49996 35.558 8.09039
    endloop
  endfacet
  facet normal 0 0.806126 0.591744
    outer loop
      vertex 1.49996 35.558 8.09039
      vertex 3.49996 35.5877 8.04993
      vertex 1.49996 35.5877 8.04993
    endloop
  endfacet
  facet normal 0 0.779935 0.625861
    outer loop
      vertex 3.49996 35.6191 8.0108
      vertex 1.49996 35.5877 8.04993
      vertex 3.49996 35.5877 8.04993
    endloop
  endfacet
  facet normal 0 0.779935 0.625861
    outer loop
      vertex 1.49996 35.5877 8.04993
      vertex 3.49996 35.6191 8.0108
      vertex 1.49996 35.6191 8.0108
    endloop
  endfacet
  facet normal 0 0.751724 0.659477
    outer loop
      vertex 3.49996 35.6522 7.97307
      vertex 1.49996 35.6191 8.0108
      vertex 3.49996 35.6191 8.0108
    endloop
  endfacet
  facet normal 0 0.751724 0.659477
    outer loop
      vertex 1.49996 35.6191 8.0108
      vertex 3.49996 35.6522 7.97307
      vertex 1.49996 35.6522 7.97307
    endloop
  endfacet
  facet normal 0 0.722287 0.691594
    outer loop
      vertex 3.49996 35.6869 7.93683
      vertex 1.49996 35.6522 7.97307
      vertex 3.49996 35.6522 7.97307
    endloop
  endfacet
  facet normal 0 0.722287 0.691594
    outer loop
      vertex 1.49996 35.6522 7.97307
      vertex 3.49996 35.6869 7.93683
      vertex 1.49996 35.6869 7.93683
    endloop
  endfacet
  facet normal -0 0.691992 0.721905
    outer loop
      vertex 1.49996 35.7231 7.90213
      vertex 3.49996 35.6869 7.93683
      vertex 3.49996 35.7231 7.90213
    endloop
  endfacet
  facet normal 0 0.691992 0.721905
    outer loop
      vertex 3.49996 35.6869 7.93683
      vertex 1.49996 35.7231 7.90213
      vertex 1.49996 35.6869 7.93683
    endloop
  endfacet
  facet normal -0 0.659549 0.751662
    outer loop
      vertex 1.49996 35.7608 7.86905
      vertex 3.49996 35.7231 7.90213
      vertex 3.49996 35.7608 7.86905
    endloop
  endfacet
  facet normal 0 0.659549 0.751662
    outer loop
      vertex 3.49996 35.7231 7.90213
      vertex 1.49996 35.7608 7.86905
      vertex 1.49996 35.7231 7.90213
    endloop
  endfacet
  facet normal -0 0.625181 0.78048
    outer loop
      vertex 1.49996 35.8 7.83765
      vertex 3.49996 35.7608 7.86905
      vertex 3.49996 35.8 7.83765
    endloop
  endfacet
  facet normal 0 0.625181 0.78048
    outer loop
      vertex 3.49996 35.7608 7.86905
      vertex 1.49996 35.8 7.83765
      vertex 1.49996 35.7608 7.86905
    endloop
  endfacet
  facet normal -0 0.591926 0.805993
    outer loop
      vertex 1.49996 35.8404 7.80798
      vertex 3.49996 35.8 7.83765
      vertex 3.49996 35.8404 7.80798
    endloop
  endfacet
  facet normal 0 0.591926 0.805993
    outer loop
      vertex 3.49996 35.8 7.83765
      vertex 1.49996 35.8404 7.80798
      vertex 1.49996 35.8 7.83765
    endloop
  endfacet
  facet normal -0 0.555804 0.831313
    outer loop
      vertex 1.49996 35.8821 7.7801
      vertex 3.49996 35.8404 7.80798
      vertex 3.49996 35.8821 7.7801
    endloop
  endfacet
  facet normal 0 0.555804 0.831313
    outer loop
      vertex 3.49996 35.8404 7.80798
      vertex 1.49996 35.8821 7.7801
      vertex 1.49996 35.8404 7.80798
    endloop
  endfacet
  facet normal -0 0.518739 0.854933
    outer loop
      vertex 1.49996 35.925 7.75407
      vertex 3.49996 35.8821 7.7801
      vertex 3.49996 35.925 7.75407
    endloop
  endfacet
  facet normal 0 0.518739 0.854933
    outer loop
      vertex 3.49996 35.8821 7.7801
      vertex 1.49996 35.925 7.75407
      vertex 1.49996 35.8821 7.7801
    endloop
  endfacet
  facet normal -0 0.480847 0.876804
    outer loop
      vertex 1.49996 35.969 7.72994
      vertex 3.49996 35.925 7.75407
      vertex 3.49996 35.969 7.72994
    endloop
  endfacet
  facet normal 0 0.480847 0.876804
    outer loop
      vertex 3.49996 35.925 7.75407
      vertex 1.49996 35.969 7.72994
      vertex 1.49996 35.925 7.75407
    endloop
  endfacet
  facet normal -0 0.442264 0.896885
    outer loop
      vertex 1.49996 36.014 7.70775
      vertex 3.49996 35.969 7.72994
      vertex 3.49996 36.014 7.70775
    endloop
  endfacet
  facet normal 0 0.442264 0.896885
    outer loop
      vertex 3.49996 35.969 7.72994
      vertex 1.49996 36.014 7.70775
      vertex 1.49996 35.969 7.72994
    endloop
  endfacet
  facet normal -0 0.402238 0.915535
    outer loop
      vertex 1.49996 36.06 7.68754
      vertex 3.49996 36.014 7.70775
      vertex 3.49996 36.06 7.68754
    endloop
  endfacet
  facet normal 0 0.402238 0.915535
    outer loop
      vertex 3.49996 36.014 7.70775
      vertex 1.49996 36.06 7.68754
      vertex 1.49996 36.014 7.70775
    endloop
  endfacet
  facet normal -0 0.362774 0.931877
    outer loop
      vertex 1.49996 36.1067 7.66936
      vertex 3.49996 36.06 7.68754
      vertex 3.49996 36.1067 7.66936
    endloop
  endfacet
  facet normal 0 0.362774 0.931877
    outer loop
      vertex 3.49996 36.06 7.68754
      vertex 1.49996 36.1067 7.66936
      vertex 1.49996 36.06 7.68754
    endloop
  endfacet
  facet normal -0 0.321545 0.946894
    outer loop
      vertex 1.49996 36.1542 7.65323
      vertex 3.49996 36.1067 7.66936
      vertex 3.49996 36.1542 7.65323
    endloop
  endfacet
  facet normal 0 0.321545 0.946894
    outer loop
      vertex 3.49996 36.1067 7.66936
      vertex 1.49996 36.1542 7.65323
      vertex 1.49996 36.1067 7.66936
    endloop
  endfacet
  facet normal -0 0.279663 0.960098
    outer loop
      vertex 1.49996 36.2024 7.63919
      vertex 3.49996 36.1542 7.65323
      vertex 3.49996 36.2024 7.63919
    endloop
  endfacet
  facet normal 0 0.279663 0.960098
    outer loop
      vertex 3.49996 36.1542 7.65323
      vertex 1.49996 36.2024 7.63919
      vertex 1.49996 36.1542 7.65323
    endloop
  endfacet
  facet normal -0 0.237934 0.971281
    outer loop
      vertex 1.49996 36.2511 7.62726
      vertex 3.49996 36.2024 7.63919
      vertex 3.49996 36.2511 7.62726
    endloop
  endfacet
  facet normal 0 0.237934 0.971281
    outer loop
      vertex 3.49996 36.2024 7.63919
      vertex 1.49996 36.2511 7.62726
      vertex 1.49996 36.2024 7.63919
    endloop
  endfacet
  facet normal -0 0.195158 0.980772
    outer loop
      vertex 1.49996 36.3003 7.61747
      vertex 3.49996 36.2511 7.62726
      vertex 3.49996 36.3003 7.61747
    endloop
  endfacet
  facet normal 0 0.195158 0.980772
    outer loop
      vertex 3.49996 36.2511 7.62726
      vertex 1.49996 36.3003 7.61747
      vertex 1.49996 36.2511 7.62726
    endloop
  endfacet
  facet normal -0 0.152042 0.988374
    outer loop
      vertex 1.49996 36.3499 7.60984
      vertex 3.49996 36.3003 7.61747
      vertex 3.49996 36.3499 7.60984
    endloop
  endfacet
  facet normal 0 0.152042 0.988374
    outer loop
      vertex 3.49996 36.3003 7.61747
      vertex 1.49996 36.3499 7.60984
      vertex 1.49996 36.3003 7.61747
    endloop
  endfacet
  facet normal -0 0.10877 0.994067
    outer loop
      vertex 1.49996 36.3998 7.60438
      vertex 3.49996 36.3499 7.60984
      vertex 3.49996 36.3998 7.60438
    endloop
  endfacet
  facet normal 0 0.10877 0.994067
    outer loop
      vertex 3.49996 36.3499 7.60984
      vertex 1.49996 36.3998 7.60438
      vertex 1.49996 36.3499 7.60984
    endloop
  endfacet
  facet normal -0 0.0653292 0.997864
    outer loop
      vertex 1.49996 36.4499 7.6011
      vertex 3.49996 36.3998 7.60438
      vertex 3.49996 36.4499 7.6011
    endloop
  endfacet
  facet normal 0 0.0653292 0.997864
    outer loop
      vertex 3.49996 36.3998 7.60438
      vertex 1.49996 36.4499 7.6011
      vertex 1.49996 36.3998 7.60438
    endloop
  endfacet
  facet normal -0 0.0219508 0.999759
    outer loop
      vertex 1.49996 36.5 7.6
      vertex 3.49996 36.4499 7.6011
      vertex 3.49996 36.5 7.6
    endloop
  endfacet
  facet normal 0 0.0219508 0.999759
    outer loop
      vertex 3.49996 36.4499 7.6011
      vertex 1.49996 36.5 7.6
      vertex 1.49996 36.4499 7.6011
    endloop
  endfacet
  facet normal 0 -0.0219071 0.99976
    outer loop
      vertex 1.49996 36.5502 7.6011
      vertex 3.49996 36.5 7.6
      vertex 3.49996 36.5502 7.6011
    endloop
  endfacet
  facet normal 0 -0.0219071 0.99976
    outer loop
      vertex 3.49996 36.5 7.6
      vertex 1.49996 36.5502 7.6011
      vertex 1.49996 36.5 7.6
    endloop
  endfacet
  facet normal 0 -0.0653292 0.997864
    outer loop
      vertex 1.49996 36.6003 7.60438
      vertex 3.49996 36.5502 7.6011
      vertex 3.49996 36.6003 7.60438
    endloop
  endfacet
  facet normal 0 -0.0653292 0.997864
    outer loop
      vertex 3.49996 36.5502 7.6011
      vertex 1.49996 36.6003 7.60438
      vertex 1.49996 36.5502 7.6011
    endloop
  endfacet
  facet normal 0 -0.108985 0.994043
    outer loop
      vertex 1.49996 36.6501 7.60984
      vertex 3.49996 36.6003 7.60438
      vertex 3.49996 36.6501 7.60984
    endloop
  endfacet
  facet normal 0 -0.108985 0.994043
    outer loop
      vertex 3.49996 36.6003 7.60438
      vertex 1.49996 36.6501 7.60984
      vertex 1.49996 36.6003 7.60438
    endloop
  endfacet
  facet normal 0 -0.152042 0.988374
    outer loop
      vertex 1.49996 36.6997 7.61747
      vertex 3.49996 36.6501 7.60984
      vertex 3.49996 36.6997 7.61747
    endloop
  endfacet
  facet normal 0 -0.152042 0.988374
    outer loop
      vertex 3.49996 36.6501 7.60984
      vertex 1.49996 36.6997 7.61747
      vertex 1.49996 36.6501 7.60984
    endloop
  endfacet
  facet normal 0 -0.195158 0.980772
    outer loop
      vertex 1.49996 36.7489 7.62726
      vertex 3.49996 36.6997 7.61747
      vertex 3.49996 36.7489 7.62726
    endloop
  endfacet
  facet normal 0 -0.195158 0.980772
    outer loop
      vertex 3.49996 36.6997 7.61747
      vertex 1.49996 36.7489 7.62726
      vertex 1.49996 36.6997 7.61747
    endloop
  endfacet
  facet normal 0 -0.237474 0.971394
    outer loop
      vertex 1.49996 36.7977 7.63919
      vertex 3.49996 36.7489 7.62726
      vertex 3.49996 36.7977 7.63919
    endloop
  endfacet
  facet normal 0 -0.237474 0.971394
    outer loop
      vertex 3.49996 36.7489 7.62726
      vertex 1.49996 36.7977 7.63919
      vertex 1.49996 36.7489 7.62726
    endloop
  endfacet
  facet normal 0 -0.279663 0.960098
    outer loop
      vertex 1.49996 36.8459 7.65323
      vertex 3.49996 36.7977 7.63919
      vertex 3.49996 36.8459 7.65323
    endloop
  endfacet
  facet normal 0 -0.279663 0.960098
    outer loop
      vertex 3.49996 36.7977 7.63919
      vertex 1.49996 36.8459 7.65323
      vertex 1.49996 36.7977 7.63919
    endloop
  endfacet
  facet normal 0 -0.321545 0.946894
    outer loop
      vertex 1.49996 36.8934 7.66936
      vertex 3.49996 36.8459 7.65323
      vertex 3.49996 36.8934 7.66936
    endloop
  endfacet
  facet normal 0 -0.321545 0.946894
    outer loop
      vertex 3.49996 36.8459 7.65323
      vertex 1.49996 36.8934 7.66936
      vertex 1.49996 36.8459 7.65323
    endloop
  endfacet
  facet normal 0 -0.362774 0.931877
    outer loop
      vertex 1.49996 36.9401 7.68754
      vertex 3.49996 36.8934 7.66936
      vertex 3.49996 36.9401 7.68754
    endloop
  endfacet
  facet normal 0 -0.362774 0.931877
    outer loop
      vertex 3.49996 36.8934 7.66936
      vertex 1.49996 36.9401 7.68754
      vertex 1.49996 36.8934 7.66936
    endloop
  endfacet
  facet normal 0 -0.402238 0.915535
    outer loop
      vertex 1.49996 36.9861 7.70775
      vertex 3.49996 36.9401 7.68754
      vertex 3.49996 36.9861 7.70775
    endloop
  endfacet
  facet normal 0 -0.402238 0.915535
    outer loop
      vertex 3.49996 36.9401 7.68754
      vertex 1.49996 36.9861 7.70775
      vertex 1.49996 36.9401 7.68754
    endloop
  endfacet
  facet normal 0 -0.442264 0.896885
    outer loop
      vertex 1.49996 37.0311 7.72994
      vertex 3.49996 36.9861 7.70775
      vertex 3.49996 37.0311 7.72994
    endloop
  endfacet
  facet normal 0 -0.442264 0.896885
    outer loop
      vertex 3.49996 36.9861 7.70775
      vertex 1.49996 37.0311 7.72994
      vertex 1.49996 36.9861 7.70775
    endloop
  endfacet
  facet normal 0 -0.481689 0.876342
    outer loop
      vertex 1.49996 37.075 7.75407
      vertex 3.49996 37.0311 7.72994
      vertex 3.49996 37.075 7.75407
    endloop
  endfacet
  facet normal 0 -0.481689 0.876342
    outer loop
      vertex 3.49996 37.0311 7.72994
      vertex 1.49996 37.075 7.75407
      vertex 1.49996 37.0311 7.72994
    endloop
  endfacet
  facet normal 0 -0.518739 0.854933
    outer loop
      vertex 1.49996 37.1179 7.7801
      vertex 3.49996 37.075 7.75407
      vertex 3.49996 37.1179 7.7801
    endloop
  endfacet
  facet normal 0 -0.518739 0.854933
    outer loop
      vertex 3.49996 37.075 7.75407
      vertex 1.49996 37.1179 7.7801
      vertex 1.49996 37.075 7.75407
    endloop
  endfacet
  facet normal 0 -0.554884 0.831928
    outer loop
      vertex 1.49996 37.1597 7.80798
      vertex 3.49996 37.1179 7.7801
      vertex 3.49996 37.1597 7.80798
    endloop
  endfacet
  facet normal 0 -0.554884 0.831928
    outer loop
      vertex 3.49996 37.1179 7.7801
      vertex 1.49996 37.1597 7.80798
      vertex 1.49996 37.1179 7.7801
    endloop
  endfacet
  facet normal 0 -0.591926 0.805993
    outer loop
      vertex 1.49996 37.2001 7.83765
      vertex 3.49996 37.1597 7.80798
      vertex 3.49996 37.2001 7.83765
    endloop
  endfacet
  facet normal 0 -0.591926 0.805993
    outer loop
      vertex 3.49996 37.1597 7.80798
      vertex 1.49996 37.2001 7.83765
      vertex 1.49996 37.1597 7.80798
    endloop
  endfacet
  facet normal 0 -0.626153 0.7797
    outer loop
      vertex 1.49996 37.2392 7.86905
      vertex 3.49996 37.2001 7.83765
      vertex 3.49996 37.2392 7.86905
    endloop
  endfacet
  facet normal 0 -0.626153 0.7797
    outer loop
      vertex 3.49996 37.2001 7.83765
      vertex 1.49996 37.2392 7.86905
      vertex 1.49996 37.2001 7.83765
    endloop
  endfacet
  facet normal 0 -0.658561 0.752527
    outer loop
      vertex 1.49996 37.277 7.90213
      vertex 3.49996 37.2392 7.86905
      vertex 3.49996 37.277 7.90213
    endloop
  endfacet
  facet normal 0 -0.658561 0.752527
    outer loop
      vertex 3.49996 37.2392 7.86905
      vertex 1.49996 37.277 7.90213
      vertex 1.49996 37.2392 7.86905
    endloop
  endfacet
  facet normal 0 -0.691992 0.721905
    outer loop
      vertex 1.49996 37.3132 7.93683
      vertex 3.49996 37.277 7.90213
      vertex 3.49996 37.3132 7.93683
    endloop
  endfacet
  facet normal 0 -0.691992 0.721905
    outer loop
      vertex 3.49996 37.277 7.90213
      vertex 1.49996 37.3132 7.93683
      vertex 1.49996 37.277 7.90213
    endloop
  endfacet
  facet normal 0 -0.722287 0.691594
    outer loop
      vertex 1.49996 37.3132 7.93683
      vertex 3.49996 37.3479 7.97307
      vertex 1.49996 37.3479 7.97307
    endloop
  endfacet
  facet normal 0 -0.722287 0.691594
    outer loop
      vertex 3.49996 37.3479 7.97307
      vertex 1.49996 37.3132 7.93683
      vertex 3.49996 37.3132 7.93683
    endloop
  endfacet
  facet normal 0 -0.751724 0.659477
    outer loop
      vertex 1.49996 37.3479 7.97307
      vertex 3.49996 37.381 8.0108
      vertex 1.49996 37.381 8.0108
    endloop
  endfacet
  facet normal 0 -0.751724 0.659477
    outer loop
      vertex 3.49996 37.381 8.0108
      vertex 1.49996 37.3479 7.97307
      vertex 3.49996 37.3479 7.97307
    endloop
  endfacet
  facet normal 0 -0.779935 0.625861
    outer loop
      vertex 1.49996 37.381 8.0108
      vertex 3.49996 37.4124 8.04993
      vertex 1.49996 37.4124 8.04993
    endloop
  endfacet
  facet normal 0 -0.779935 0.625861
    outer loop
      vertex 3.49996 37.4124 8.04993
      vertex 1.49996 37.381 8.0108
      vertex 3.49996 37.381 8.0108
    endloop
  endfacet
  facet normal 0 -0.806126 0.591744
    outer loop
      vertex 1.49996 37.4124 8.04993
      vertex 3.49996 37.4421 8.09039
      vertex 1.49996 37.4421 8.09039
    endloop
  endfacet
  facet normal 0 -0.806126 0.591744
    outer loop
      vertex 3.49996 37.4421 8.09039
      vertex 1.49996 37.4124 8.04993
      vertex 3.49996 37.4124 8.04993
    endloop
  endfacet
  facet normal 0 -0.832173 0.554516
    outer loop
      vertex 1.49996 37.4421 8.09039
      vertex 3.49996 37.4699 8.13211
      vertex 1.49996 37.4699 8.13211
    endloop
  endfacet
  facet normal 0 -0.832173 0.554516
    outer loop
      vertex 3.49996 37.4699 8.13211
      vertex 1.49996 37.4421 8.09039
      vertex 3.49996 37.4421 8.09039
    endloop
  endfacet
  facet normal 0 -0.85426 0.519846
    outer loop
      vertex 1.49996 37.4699 8.13211
      vertex 3.49996 37.496 8.175
      vertex 1.49996 37.496 8.175
    endloop
  endfacet
  facet normal 0 -0.85426 0.519846
    outer loop
      vertex 3.49996 37.496 8.175
      vertex 1.49996 37.4699 8.13211
      vertex 3.49996 37.4699 8.13211
    endloop
  endfacet
  facet normal 0 -0.87701 0.480472
    outer loop
      vertex 1.49996 37.496 8.175
      vertex 3.49996 37.5201 8.21899
      vertex 1.49996 37.5201 8.21899
    endloop
  endfacet
  facet normal 0 -0.87701 0.480472
    outer loop
      vertex 3.49996 37.5201 8.21899
      vertex 1.49996 37.496 8.175
      vertex 3.49996 37.496 8.175
    endloop
  endfacet
  facet normal 0 -0.896806 0.442424
    outer loop
      vertex 1.49996 37.5201 8.21899
      vertex 3.49996 37.5423 8.26399
      vertex 1.49996 37.5423 8.26399
    endloop
  endfacet
  facet normal 0 -0.896806 0.442424
    outer loop
      vertex 3.49996 37.5423 8.26399
      vertex 1.49996 37.5201 8.21899
      vertex 3.49996 37.5201 8.21899
    endloop
  endfacet
  facet normal 0 -0.915383 0.402585
    outer loop
      vertex 1.49996 37.5423 8.26399
      vertex 3.49996 37.5625 8.30992
      vertex 1.49996 37.5625 8.30992
    endloop
  endfacet
  facet normal 0 -0.915383 0.402585
    outer loop
      vertex 3.49996 37.5625 8.30992
      vertex 1.49996 37.5423 8.26399
      vertex 3.49996 37.5423 8.26399
    endloop
  endfacet
  facet normal 0 -0.9319 0.362716
    outer loop
      vertex 1.49996 37.5625 8.30992
      vertex 3.49996 37.5807 8.35668
      vertex 1.49996 37.5807 8.35668
    endloop
  endfacet
  facet normal 0 -0.9319 0.362716
    outer loop
      vertex 3.49996 37.5807 8.35668
      vertex 1.49996 37.5625 8.30992
      vertex 3.49996 37.5625 8.30992
    endloop
  endfacet
  facet normal 0 -0.947097 0.320948
    outer loop
      vertex 1.49996 37.5807 8.35668
      vertex 3.49996 37.5968 8.40419
      vertex 1.49996 37.5968 8.40419
    endloop
  endfacet
  facet normal 0 -0.947097 0.320948
    outer loop
      vertex 3.49996 37.5968 8.40419
      vertex 1.49996 37.5807 8.35668
      vertex 3.49996 37.5807 8.35668
    endloop
  endfacet
  facet normal 0 -0.960265 0.279089
    outer loop
      vertex 1.49996 37.5968 8.40419
      vertex 3.49996 37.6108 8.45236
      vertex 1.49996 37.6108 8.45236
    endloop
  endfacet
  facet normal 0 -0.960265 0.279089
    outer loop
      vertex 3.49996 37.6108 8.45236
      vertex 1.49996 37.5968 8.40419
      vertex 3.49996 37.5968 8.40419
    endloop
  endfacet
  facet normal 0 -0.971003 0.239065
    outer loop
      vertex 1.49996 37.6108 8.45236
      vertex 3.49996 37.6228 8.5011
      vertex 1.49996 37.6228 8.5011
    endloop
  endfacet
  facet normal 0 -0.971003 0.239065
    outer loop
      vertex 3.49996 37.6228 8.5011
      vertex 1.49996 37.6108 8.45236
      vertex 3.49996 37.6108 8.45236
    endloop
  endfacet
  facet normal 0 -0.980741 0.195311
    outer loop
      vertex 1.49996 37.6228 8.5011
      vertex 3.49996 37.6326 8.55031
      vertex 1.49996 37.6326 8.55031
    endloop
  endfacet
  facet normal 0 -0.980741 0.195311
    outer loop
      vertex 3.49996 37.6326 8.55031
      vertex 1.49996 37.6228 8.5011
      vertex 3.49996 37.6228 8.5011
    endloop
  endfacet
  facet normal 0 -0.988459 0.151488
    outer loop
      vertex 1.49996 37.6326 8.55031
      vertex 3.49996 37.6402 8.5999
      vertex 1.49996 37.6402 8.5999
    endloop
  endfacet
  facet normal 0 -0.988459 0.151488
    outer loop
      vertex 3.49996 37.6402 8.5999
      vertex 1.49996 37.6326 8.55031
      vertex 3.49996 37.6326 8.55031
    endloop
  endfacet
  facet normal 0 -0.993973 0.109622
    outer loop
      vertex 1.49996 37.6402 8.5999
      vertex 3.49996 37.6457 8.64977
      vertex 1.49996 37.6457 8.64977
    endloop
  endfacet
  facet normal 0 -0.993973 0.109622
    outer loop
      vertex 3.49996 37.6457 8.64977
      vertex 1.49996 37.6402 8.5999
      vertex 3.49996 37.6402 8.5999
    endloop
  endfacet
  facet normal 0 -0.997964 0.0637804
    outer loop
      vertex 1.49996 37.6457 8.64977
      vertex 3.49996 37.6489 8.69984
      vertex 1.49996 37.6489 8.69984
    endloop
  endfacet
  facet normal 0 -0.997964 0.0637804
    outer loop
      vertex 3.49996 37.6489 8.69984
      vertex 1.49996 37.6457 8.64977
      vertex 3.49996 37.6457 8.64977
    endloop
  endfacet
  facet normal 0 -0.99976 0.0219246
    outer loop
      vertex 1.49996 37.6489 8.69984
      vertex 3.49996 37.65 8.75
      vertex 1.49996 37.65 8.75
    endloop
  endfacet
  facet normal 0 -0.99976 0.0219246
    outer loop
      vertex 3.49996 37.65 8.75
      vertex 1.49996 37.6489 8.69984
      vertex 3.49996 37.6489 8.69984
    endloop
  endfacet
  facet normal 0 -0.99976 -0.0219246
    outer loop
      vertex 1.49996 37.65 8.75
      vertex 3.49996 37.6489 8.80016
      vertex 1.49996 37.6489 8.80016
    endloop
  endfacet
  facet normal 0 -0.99976 -0.0219246
    outer loop
      vertex 3.49996 37.6489 8.80016
      vertex 1.49996 37.65 8.75
      vertex 3.49996 37.65 8.75
    endloop
  endfacet
  facet normal 0 -0.997964 -0.0637804
    outer loop
      vertex 1.49996 37.6489 8.80016
      vertex 3.49996 37.6457 8.85023
      vertex 1.49996 37.6457 8.85023
    endloop
  endfacet
  facet normal 0 -0.997964 -0.0637804
    outer loop
      vertex 3.49996 37.6457 8.85023
      vertex 1.49996 37.6489 8.80016
      vertex 3.49996 37.6489 8.80016
    endloop
  endfacet
  facet normal 0 -0.993976 -0.1096
    outer loop
      vertex 1.49996 37.6457 8.85023
      vertex 3.49996 37.6402 8.90011
      vertex 1.49996 37.6402 8.90011
    endloop
  endfacet
  facet normal 0 -0.993976 -0.1096
    outer loop
      vertex 3.49996 37.6402 8.90011
      vertex 1.49996 37.6457 8.85023
      vertex 3.49996 37.6457 8.85023
    endloop
  endfacet
  facet normal 0 -0.988459 -0.151488
    outer loop
      vertex 1.49996 37.6402 8.90011
      vertex 3.49996 37.6326 8.9497
      vertex 1.49996 37.6326 8.9497
    endloop
  endfacet
  facet normal 0 -0.988459 -0.151488
    outer loop
      vertex 3.49996 37.6326 8.9497
      vertex 1.49996 37.6402 8.90011
      vertex 3.49996 37.6402 8.90011
    endloop
  endfacet
  facet normal 0 -0.980741 -0.195311
    outer loop
      vertex 1.49996 37.6326 8.9497
      vertex 3.49996 37.6228 8.99891
      vertex 1.49996 37.6228 8.99891
    endloop
  endfacet
  facet normal 0 -0.980741 -0.195311
    outer loop
      vertex 3.49996 37.6228 8.99891
      vertex 1.49996 37.6326 8.9497
      vertex 3.49996 37.6326 8.9497
    endloop
  endfacet
  facet normal 0 -0.970992 -0.239112
    outer loop
      vertex 1.49996 37.6228 8.99891
      vertex 3.49996 37.6108 9.04764
      vertex 1.49996 37.6108 9.04764
    endloop
  endfacet
  facet normal 0 -0.970992 -0.239112
    outer loop
      vertex 3.49996 37.6108 9.04764
      vertex 1.49996 37.6228 8.99891
      vertex 3.49996 37.6228 8.99891
    endloop
  endfacet
  facet normal 0 -0.960265 -0.279089
    outer loop
      vertex 1.49996 37.6108 9.04764
      vertex 3.49996 37.5968 9.09581
      vertex 1.49996 37.5968 9.09581
    endloop
  endfacet
  facet normal 0 -0.960265 -0.279089
    outer loop
      vertex 3.49996 37.5968 9.09581
      vertex 1.49996 37.6108 9.04764
      vertex 3.49996 37.6108 9.04764
    endloop
  endfacet
  facet normal 0 -0.947117 -0.320888
    outer loop
      vertex 1.49996 37.5968 9.09581
      vertex 3.49996 37.5807 9.14333
      vertex 1.49996 37.5807 9.14333
    endloop
  endfacet
  facet normal 0 -0.947117 -0.320888
    outer loop
      vertex 3.49996 37.5807 9.14333
      vertex 1.49996 37.5968 9.09581
      vertex 3.49996 37.5968 9.09581
    endloop
  endfacet
  facet normal 0 -0.9319 -0.362716
    outer loop
      vertex 1.49996 37.5807 9.14333
      vertex 3.49996 37.5625 9.19009
      vertex 1.49996 37.5625 9.19009
    endloop
  endfacet
  facet normal 0 -0.9319 -0.362716
    outer loop
      vertex 3.49996 37.5625 9.19009
      vertex 1.49996 37.5807 9.14333
      vertex 3.49996 37.5807 9.14333
    endloop
  endfacet
  facet normal 0 -0.91535 -0.402658
    outer loop
      vertex 1.49996 37.5625 9.19009
      vertex 3.49996 37.5423 9.23601
      vertex 1.49996 37.5423 9.23601
    endloop
  endfacet
  facet normal 0 -0.91535 -0.402658
    outer loop
      vertex 3.49996 37.5423 9.23601
      vertex 1.49996 37.5625 9.19009
      vertex 3.49996 37.5625 9.19009
    endloop
  endfacet
  facet normal 0 -0.896806 -0.442424
    outer loop
      vertex 1.49996 37.5423 9.23601
      vertex 3.49996 37.5201 9.28101
      vertex 1.49996 37.5201 9.28101
    endloop
  endfacet
  facet normal 0 -0.896806 -0.442424
    outer loop
      vertex 3.49996 37.5201 9.28101
      vertex 1.49996 37.5423 9.23601
      vertex 3.49996 37.5423 9.23601
    endloop
  endfacet
  facet normal 0 -0.87701 -0.480472
    outer loop
      vertex 1.49996 37.5201 9.28101
      vertex 3.49996 37.496 9.325
      vertex 1.49996 37.496 9.325
    endloop
  endfacet
  facet normal 0 -0.87701 -0.480472
    outer loop
      vertex 3.49996 37.496 9.325
      vertex 1.49996 37.5201 9.28101
      vertex 3.49996 37.5201 9.28101
    endloop
  endfacet
  facet normal 0 -0.854314 -0.519757
    outer loop
      vertex 1.49996 37.496 9.325
      vertex 3.49996 37.4699 9.3679
      vertex 1.49996 37.4699 9.3679
    endloop
  endfacet
  facet normal 0 -0.854314 -0.519757
    outer loop
      vertex 3.49996 37.4699 9.3679
      vertex 1.49996 37.496 9.325
      vertex 3.49996 37.496 9.325
    endloop
  endfacet
  facet normal 0 -0.832112 -0.554608
    outer loop
      vertex 1.49996 37.4699 9.3679
      vertex 3.49996 37.4421 9.40961
      vertex 1.49996 37.4421 9.40961
    endloop
  endfacet
  facet normal 0 -0.832112 -0.554608
    outer loop
      vertex 3.49996 37.4421 9.40961
      vertex 1.49996 37.4699 9.3679
      vertex 3.49996 37.4699 9.3679
    endloop
  endfacet
  facet normal 0 -0.806196 -0.591649
    outer loop
      vertex 1.49996 37.4421 9.40961
      vertex 3.49996 37.4124 9.45008
      vertex 1.49996 37.4124 9.45008
    endloop
  endfacet
  facet normal 0 -0.806196 -0.591649
    outer loop
      vertex 3.49996 37.4124 9.45008
      vertex 1.49996 37.4421 9.40961
      vertex 3.49996 37.4421 9.40961
    endloop
  endfacet
  facet normal 0 -0.779935 -0.625861
    outer loop
      vertex 1.49996 37.4124 9.45008
      vertex 3.49996 37.381 9.48921
      vertex 1.49996 37.381 9.48921
    endloop
  endfacet
  facet normal 0 -0.779935 -0.625861
    outer loop
      vertex 3.49996 37.381 9.48921
      vertex 1.49996 37.4124 9.45008
      vertex 3.49996 37.4124 9.45008
    endloop
  endfacet
  facet normal 0 -0.751638 -0.659576
    outer loop
      vertex 1.49996 37.381 9.48921
      vertex 3.49996 37.3479 9.52693
      vertex 1.49996 37.3479 9.52693
    endloop
  endfacet
  facet normal 0 -0.751638 -0.659576
    outer loop
      vertex 3.49996 37.3479 9.52693
      vertex 1.49996 37.381 9.48921
      vertex 3.49996 37.381 9.48921
    endloop
  endfacet
  facet normal 0 -0.722382 -0.691494
    outer loop
      vertex 1.49996 37.3479 9.52693
      vertex 3.49996 37.3132 9.56318
      vertex 1.49996 37.3132 9.56318
    endloop
  endfacet
  facet normal 0 -0.722382 -0.691494
    outer loop
      vertex 3.49996 37.3132 9.56318
      vertex 1.49996 37.3479 9.52693
      vertex 3.49996 37.3479 9.52693
    endloop
  endfacet
  facet normal 0 -0.691888 -0.722005
    outer loop
      vertex 1.49996 37.277 9.59787
      vertex 3.49996 37.3132 9.56318
      vertex 3.49996 37.277 9.59787
    endloop
  endfacet
  facet normal -0 -0.691888 -0.722005
    outer loop
      vertex 3.49996 37.3132 9.56318
      vertex 1.49996 37.277 9.59787
      vertex 1.49996 37.3132 9.56318
    endloop
  endfacet
  facet normal 0 -0.658561 -0.752527
    outer loop
      vertex 1.49996 37.2392 9.63095
      vertex 3.49996 37.277 9.59787
      vertex 3.49996 37.2392 9.63095
    endloop
  endfacet
  facet normal -0 -0.658561 -0.752527
    outer loop
      vertex 3.49996 37.277 9.59787
      vertex 1.49996 37.2392 9.63095
      vertex 1.49996 37.277 9.59787
    endloop
  endfacet
  facet normal 0 -0.626274 -0.779603
    outer loop
      vertex 1.49996 37.2001 9.66236
      vertex 3.49996 37.2392 9.63095
      vertex 3.49996 37.2001 9.66236
    endloop
  endfacet
  facet normal -0 -0.626274 -0.779603
    outer loop
      vertex 3.49996 37.2392 9.63095
      vertex 1.49996 37.2001 9.66236
      vertex 1.49996 37.2392 9.63095
    endloop
  endfacet
  facet normal 0 -0.591926 -0.805993
    outer loop
      vertex 1.49996 37.1597 9.69203
      vertex 3.49996 37.2001 9.66236
      vertex 3.49996 37.1597 9.69203
    endloop
  endfacet
  facet normal -0 -0.591926 -0.805993
    outer loop
      vertex 3.49996 37.2001 9.66236
      vertex 1.49996 37.1597 9.69203
      vertex 1.49996 37.2001 9.66236
    endloop
  endfacet
  facet normal 0 -0.554746 -0.83202
    outer loop
      vertex 1.49996 37.1179 9.7199
      vertex 3.49996 37.1597 9.69203
      vertex 3.49996 37.1179 9.7199
    endloop
  endfacet
  facet normal -0 -0.554746 -0.83202
    outer loop
      vertex 3.49996 37.1597 9.69203
      vertex 1.49996 37.1179 9.7199
      vertex 1.49996 37.1597 9.69203
    endloop
  endfacet
  facet normal 0 -0.518739 -0.854933
    outer loop
      vertex 1.49996 37.075 9.74593
      vertex 3.49996 37.1179 9.7199
      vertex 3.49996 37.075 9.74593
    endloop
  endfacet
  facet normal -0 -0.518739 -0.854933
    outer loop
      vertex 3.49996 37.1179 9.7199
      vertex 1.49996 37.075 9.74593
      vertex 1.49996 37.1179 9.7199
    endloop
  endfacet
  facet normal 0 -0.481689 -0.876342
    outer loop
      vertex 1.49996 37.0311 9.77006
      vertex 3.49996 37.075 9.74593
      vertex 3.49996 37.0311 9.77006
    endloop
  endfacet
  facet normal -0 -0.481689 -0.876342
    outer loop
      vertex 3.49996 37.075 9.74593
      vertex 1.49996 37.0311 9.77006
      vertex 1.49996 37.075 9.74593
    endloop
  endfacet
  facet normal 0 -0.442424 -0.896806
    outer loop
      vertex 1.49996 36.9861 9.79226
      vertex 3.49996 37.0311 9.77006
      vertex 3.49996 36.9861 9.79226
    endloop
  endfacet
  facet normal -0 -0.442424 -0.896806
    outer loop
      vertex 3.49996 37.0311 9.77006
      vertex 1.49996 36.9861 9.79226
      vertex 1.49996 37.0311 9.77006
    endloop
  endfacet
  facet normal 0 -0.402071 -0.915608
    outer loop
      vertex 1.49996 36.9401 9.81246
      vertex 3.49996 36.9861 9.79226
      vertex 3.49996 36.9401 9.81246
    endloop
  endfacet
  facet normal -0 -0.402071 -0.915608
    outer loop
      vertex 3.49996 36.9861 9.79226
      vertex 1.49996 36.9401 9.81246
      vertex 1.49996 36.9861 9.79226
    endloop
  endfacet
  facet normal 0 -0.362947 -0.93181
    outer loop
      vertex 1.49996 36.8934 9.83065
      vertex 3.49996 36.9401 9.81246
      vertex 3.49996 36.8934 9.83065
    endloop
  endfacet
  facet normal -0 -0.362947 -0.93181
    outer loop
      vertex 3.49996 36.9401 9.81246
      vertex 1.49996 36.8934 9.83065
      vertex 1.49996 36.9401 9.81246
    endloop
  endfacet
  facet normal 0 -0.321545 -0.946894
    outer loop
      vertex 1.49996 36.8459 9.84678
      vertex 3.49996 36.8934 9.83065
      vertex 3.49996 36.8459 9.84678
    endloop
  endfacet
  facet normal -0 -0.321545 -0.946894
    outer loop
      vertex 3.49996 36.8934 9.83065
      vertex 1.49996 36.8459 9.84678
      vertex 1.49996 36.8934 9.83065
    endloop
  endfacet
  facet normal 0 -0.279663 -0.960098
    outer loop
      vertex 1.49996 36.7977 9.86082
      vertex 3.49996 36.8459 9.84678
      vertex 3.49996 36.7977 9.86082
    endloop
  endfacet
  facet normal -0 -0.279663 -0.960098
    outer loop
      vertex 3.49996 36.8459 9.84678
      vertex 1.49996 36.7977 9.86082
      vertex 1.49996 36.8459 9.84678
    endloop
  endfacet
  facet normal 0 -0.237286 -0.97144
    outer loop
      vertex 1.49996 36.7489 9.87274
      vertex 3.49996 36.7977 9.86082
      vertex 3.49996 36.7489 9.87274
    endloop
  endfacet
  facet normal -0 -0.237286 -0.97144
    outer loop
      vertex 3.49996 36.7977 9.86082
      vertex 1.49996 36.7489 9.87274
      vertex 1.49996 36.7977 9.86082
    endloop
  endfacet
  facet normal 0 -0.195158 -0.980772
    outer loop
      vertex 1.49996 36.6997 9.88253
      vertex 3.49996 36.7489 9.87274
      vertex 3.49996 36.6997 9.88253
    endloop
  endfacet
  facet normal -0 -0.195158 -0.980772
    outer loop
      vertex 3.49996 36.7489 9.87274
      vertex 1.49996 36.6997 9.88253
      vertex 1.49996 36.7489 9.87274
    endloop
  endfacet
  facet normal 0 -0.152042 -0.988374
    outer loop
      vertex 1.49996 36.6501 9.89016
      vertex 3.49996 36.6997 9.88253
      vertex 3.49996 36.6501 9.89016
    endloop
  endfacet
  facet normal -0 -0.152042 -0.988374
    outer loop
      vertex 3.49996 36.6997 9.88253
      vertex 1.49996 36.6501 9.89016
      vertex 1.49996 36.6997 9.88253
    endloop
  endfacet
  facet normal 0 -0.109183 -0.994022
    outer loop
      vertex 1.49996 36.6003 9.89563
      vertex 3.49996 36.6501 9.89016
      vertex 3.49996 36.6003 9.89563
    endloop
  endfacet
  facet normal -0 -0.109183 -0.994022
    outer loop
      vertex 3.49996 36.6501 9.89016
      vertex 1.49996 36.6003 9.89563
      vertex 1.49996 36.6501 9.89016
    endloop
  endfacet
  facet normal 0 -0.0653292 -0.997864
    outer loop
      vertex 1.49996 36.5502 9.89891
      vertex 3.49996 36.6003 9.89563
      vertex 3.49996 36.5502 9.89891
    endloop
  endfacet
  facet normal -0 -0.0653292 -0.997864
    outer loop
      vertex 3.49996 36.6003 9.89563
      vertex 1.49996 36.5502 9.89891
      vertex 1.49996 36.6003 9.89563
    endloop
  endfacet
  facet normal 0 -0.021708 -0.999764
    outer loop
      vertex 1.49996 36.5 9.9
      vertex 3.49996 36.5502 9.89891
      vertex 3.49996 36.5 9.9
    endloop
  endfacet
  facet normal -0 -0.021708 -0.999764
    outer loop
      vertex 3.49996 36.5502 9.89891
      vertex 1.49996 36.5 9.9
      vertex 1.49996 36.5502 9.89891
    endloop
  endfacet
  facet normal 0 -0.0434099 -0.999057
    outer loop
      vertex 2.99996 36.2099 -2.49063
      vertex 3.49996 36.4 -2.49889
      vertex 3.49996 36.2099 -2.49063
    endloop
  endfacet
  facet normal -0 -0.0434099 -0.999057
    outer loop
      vertex 3.49996 36.4 -2.49889
      vertex 2.99996 36.2099 -2.49063
      vertex 2.99996 36.4 -2.49889
    endloop
  endfacet
  facet normal 0 -0.0855576 -0.996333
    outer loop
      vertex 2.99996 36.0202 -2.47434
      vertex 3.49996 36.2099 -2.49063
      vertex 3.49996 36.0202 -2.47434
    endloop
  endfacet
  facet normal -0 -0.0855576 -0.996333
    outer loop
      vertex 3.49996 36.2099 -2.49063
      vertex 2.99996 36.0202 -2.47434
      vertex 2.99996 36.2099 -2.49063
    endloop
  endfacet
  facet normal 0 -0.127603 -0.991825
    outer loop
      vertex 2.99996 35.8314 -2.45005
      vertex 3.49996 36.0202 -2.47434
      vertex 3.49996 35.8314 -2.45005
    endloop
  endfacet
  facet normal -0 -0.127603 -0.991825
    outer loop
      vertex 3.49996 36.0202 -2.47434
      vertex 2.99996 35.8314 -2.45005
      vertex 2.99996 36.0202 -2.47434
    endloop
  endfacet
  facet normal 0 -0.169474 -0.985535
    outer loop
      vertex 2.99996 35.6438 -2.41779
      vertex 3.49996 35.8314 -2.45005
      vertex 3.49996 35.6438 -2.41779
    endloop
  endfacet
  facet normal -0 -0.169474 -0.985535
    outer loop
      vertex 3.49996 35.8314 -2.45005
      vertex 2.99996 35.6438 -2.41779
      vertex 2.99996 35.8314 -2.45005
    endloop
  endfacet
  facet normal 0 -0.210942 -0.977499
    outer loop
      vertex 2.99996 35.4577 -2.37763
      vertex 3.49996 35.6438 -2.41779
      vertex 3.49996 35.4577 -2.37763
    endloop
  endfacet
  facet normal -0 -0.210942 -0.977499
    outer loop
      vertex 3.49996 35.6438 -2.41779
      vertex 2.99996 35.4577 -2.37763
      vertex 2.99996 35.6438 -2.41779
    endloop
  endfacet
  facet normal 0 -0.252165 -0.967684
    outer loop
      vertex 2.99996 35.2735 -2.32963
      vertex 3.49996 35.4577 -2.37763
      vertex 3.49996 35.2735 -2.32963
    endloop
  endfacet
  facet normal -0 -0.252165 -0.967684
    outer loop
      vertex 3.49996 35.4577 -2.37763
      vertex 2.99996 35.2735 -2.32963
      vertex 2.99996 35.4577 -2.37763
    endloop
  endfacet
  facet normal 0 -0.292886 -0.956147
    outer loop
      vertex 2.99996 35.0915 -2.27388
      vertex 3.49996 35.2735 -2.32963
      vertex 3.49996 35.0915 -2.27388
    endloop
  endfacet
  facet normal -0 -0.292886 -0.956147
    outer loop
      vertex 3.49996 35.2735 -2.32963
      vertex 2.99996 35.0915 -2.27388
      vertex 2.99996 35.2735 -2.32963
    endloop
  endfacet
  facet normal 0 -0.332993 -0.942929
    outer loop
      vertex 2.99996 34.912 -2.21049
      vertex 3.49996 35.0915 -2.27388
      vertex 3.49996 34.912 -2.21049
    endloop
  endfacet
  facet normal -0 -0.332993 -0.942929
    outer loop
      vertex 3.49996 35.0915 -2.27388
      vertex 2.99996 34.912 -2.21049
      vertex 2.99996 35.0915 -2.27388
    endloop
  endfacet
  facet normal 0 -0.372659 -0.927968
    outer loop
      vertex 2.99996 34.7354 -2.13957
      vertex 3.49996 34.912 -2.21049
      vertex 3.49996 34.7354 -2.13957
    endloop
  endfacet
  facet normal -0 -0.372659 -0.927968
    outer loop
      vertex 3.49996 34.912 -2.21049
      vertex 2.99996 34.7354 -2.13957
      vertex 2.99996 34.912 -2.21049
    endloop
  endfacet
  facet normal 0 -0.411478 -0.91142
    outer loop
      vertex 2.99996 34.5619 -2.06124
      vertex 3.49996 34.7354 -2.13957
      vertex 3.49996 34.5619 -2.06124
    endloop
  endfacet
  facet normal -0 -0.411478 -0.91142
    outer loop
      vertex 3.49996 34.7354 -2.13957
      vertex 2.99996 34.5619 -2.06124
      vertex 2.99996 34.7354 -2.13957
    endloop
  endfacet
  facet normal 0 -0.449734 -0.893163
    outer loop
      vertex 2.99996 34.3919 -1.97564
      vertex 3.49996 34.5619 -2.06124
      vertex 3.49996 34.3919 -1.97564
    endloop
  endfacet
  facet normal -0 -0.449734 -0.893163
    outer loop
      vertex 3.49996 34.5619 -2.06124
      vertex 2.99996 34.3919 -1.97564
      vertex 2.99996 34.5619 -2.06124
    endloop
  endfacet
  facet normal 0 -0.486971 -0.873418
    outer loop
      vertex 2.99996 34.2256 -1.88292
      vertex 3.49996 34.3919 -1.97564
      vertex 3.49996 34.2256 -1.88292
    endloop
  endfacet
  facet normal -0 -0.486971 -0.873418
    outer loop
      vertex 3.49996 34.3919 -1.97564
      vertex 2.99996 34.2256 -1.88292
      vertex 2.99996 34.3919 -1.97564
    endloop
  endfacet
  facet normal 0 -0.52374 -0.851878
    outer loop
      vertex 2.99996 34.0635 -1.78326
      vertex 3.49996 34.2256 -1.88292
      vertex 3.49996 34.0635 -1.78326
    endloop
  endfacet
  facet normal -0 -0.52374 -0.851878
    outer loop
      vertex 3.49996 34.2256 -1.88292
      vertex 2.99996 34.0635 -1.78326
      vertex 2.99996 34.2256 -1.88292
    endloop
  endfacet
  facet normal -0.00499683 -0.547988 -0.836472
    outer loop
      vertex -3.00004 34.0635 -1.78326
      vertex -3.00004 34 -1.74166
      vertex -3.50004 33.9056 -1.67683
    endloop
  endfacet
  facet normal 0 -0.547994 -0.836482
    outer loop
      vertex 2.99996 34.0635 -1.78326
      vertex 3.49996 34.0635 -1.78326
      vertex 2.99996 34 -1.74166
    endloop
  endfacet
  facet normal 0.00199207 -0.558921 -0.829218
    outer loop
      vertex 3.49996 34.0635 -1.78326
      vertex 3.49996 33.9056 -1.67683
      vertex 2.99996 34 -1.74166
    endloop
  endfacet
  facet normal 0 -0.558923 -0.82922
    outer loop
      vertex -3.50004 34.0635 -1.78326
      vertex -3.00004 34.0635 -1.78326
      vertex -3.50004 33.9056 -1.67683
    endloop
  endfacet
  facet normal 0 -0.52374 -0.851878
    outer loop
      vertex -3.50004 34.0635 -1.78326
      vertex -3.00004 34.2256 -1.88292
      vertex -3.00004 34.0635 -1.78326
    endloop
  endfacet
  facet normal -0 -0.52374 -0.851878
    outer loop
      vertex -3.00004 34.2256 -1.88292
      vertex -3.50004 34.0635 -1.78326
      vertex -3.50004 34.2256 -1.88292
    endloop
  endfacet
  facet normal 0 -0.486971 -0.873418
    outer loop
      vertex -3.50004 34.2256 -1.88292
      vertex -3.00004 34.3919 -1.97564
      vertex -3.00004 34.2256 -1.88292
    endloop
  endfacet
  facet normal -0 -0.486971 -0.873418
    outer loop
      vertex -3.00004 34.3919 -1.97564
      vertex -3.50004 34.2256 -1.88292
      vertex -3.50004 34.3919 -1.97564
    endloop
  endfacet
  facet normal 0 -0.449734 -0.893163
    outer loop
      vertex -3.50004 34.3919 -1.97564
      vertex -3.00004 34.5619 -2.06124
      vertex -3.00004 34.3919 -1.97564
    endloop
  endfacet
  facet normal -0 -0.449734 -0.893163
    outer loop
      vertex -3.00004 34.5619 -2.06124
      vertex -3.50004 34.3919 -1.97564
      vertex -3.50004 34.5619 -2.06124
    endloop
  endfacet
  facet normal 0 -0.411478 -0.91142
    outer loop
      vertex -3.50004 34.5619 -2.06124
      vertex -3.00004 34.7354 -2.13957
      vertex -3.00004 34.5619 -2.06124
    endloop
  endfacet
  facet normal -0 -0.411478 -0.91142
    outer loop
      vertex -3.00004 34.7354 -2.13957
      vertex -3.50004 34.5619 -2.06124
      vertex -3.50004 34.7354 -2.13957
    endloop
  endfacet
  facet normal 0 -0.372659 -0.927968
    outer loop
      vertex -3.50004 34.7354 -2.13957
      vertex -3.00004 34.912 -2.21049
      vertex -3.00004 34.7354 -2.13957
    endloop
  endfacet
  facet normal -0 -0.372659 -0.927968
    outer loop
      vertex -3.00004 34.912 -2.21049
      vertex -3.50004 34.7354 -2.13957
      vertex -3.50004 34.912 -2.21049
    endloop
  endfacet
  facet normal 0 -0.332993 -0.942929
    outer loop
      vertex -3.50004 34.912 -2.21049
      vertex -3.00004 35.0915 -2.27388
      vertex -3.00004 34.912 -2.21049
    endloop
  endfacet
  facet normal -0 -0.332993 -0.942929
    outer loop
      vertex -3.00004 35.0915 -2.27388
      vertex -3.50004 34.912 -2.21049
      vertex -3.50004 35.0915 -2.27388
    endloop
  endfacet
  facet normal 0 -0.292886 -0.956147
    outer loop
      vertex -3.50004 35.0915 -2.27388
      vertex -3.00004 35.2735 -2.32963
      vertex -3.00004 35.0915 -2.27388
    endloop
  endfacet
  facet normal -0 -0.292886 -0.956147
    outer loop
      vertex -3.00004 35.2735 -2.32963
      vertex -3.50004 35.0915 -2.27388
      vertex -3.50004 35.2735 -2.32963
    endloop
  endfacet
  facet normal 0 -0.252165 -0.967684
    outer loop
      vertex -3.50004 35.2735 -2.32963
      vertex -3.00004 35.4577 -2.37763
      vertex -3.00004 35.2735 -2.32963
    endloop
  endfacet
  facet normal -0 -0.252165 -0.967684
    outer loop
      vertex -3.00004 35.4577 -2.37763
      vertex -3.50004 35.2735 -2.32963
      vertex -3.50004 35.4577 -2.37763
    endloop
  endfacet
  facet normal 0 -0.210942 -0.977499
    outer loop
      vertex -3.50004 35.4577 -2.37763
      vertex -3.00004 35.6438 -2.41779
      vertex -3.00004 35.4577 -2.37763
    endloop
  endfacet
  facet normal -0 -0.210942 -0.977499
    outer loop
      vertex -3.00004 35.6438 -2.41779
      vertex -3.50004 35.4577 -2.37763
      vertex -3.50004 35.6438 -2.41779
    endloop
  endfacet
  facet normal 0 -0.169474 -0.985535
    outer loop
      vertex -3.50004 35.6438 -2.41779
      vertex -3.00004 35.8314 -2.45005
      vertex -3.00004 35.6438 -2.41779
    endloop
  endfacet
  facet normal -0 -0.169474 -0.985535
    outer loop
      vertex -3.00004 35.8314 -2.45005
      vertex -3.50004 35.6438 -2.41779
      vertex -3.50004 35.8314 -2.45005
    endloop
  endfacet
  facet normal 0 -0.127603 -0.991825
    outer loop
      vertex -3.50004 35.8314 -2.45005
      vertex -3.00004 36.0202 -2.47434
      vertex -3.00004 35.8314 -2.45005
    endloop
  endfacet
  facet normal -0 -0.127603 -0.991825
    outer loop
      vertex -3.00004 36.0202 -2.47434
      vertex -3.50004 35.8314 -2.45005
      vertex -3.50004 36.0202 -2.47434
    endloop
  endfacet
  facet normal 0 -0.0855576 -0.996333
    outer loop
      vertex -3.50004 36.0202 -2.47434
      vertex -3.00004 36.2099 -2.49063
      vertex -3.00004 36.0202 -2.47434
    endloop
  endfacet
  facet normal -0 -0.0855576 -0.996333
    outer loop
      vertex -3.00004 36.2099 -2.49063
      vertex -3.50004 36.0202 -2.47434
      vertex -3.50004 36.2099 -2.49063
    endloop
  endfacet
  facet normal 0 -0.0434099 -0.999057
    outer loop
      vertex -3.50004 36.2099 -2.49063
      vertex -3.00004 36.4 -2.49889
      vertex -3.00004 36.2099 -2.49063
    endloop
  endfacet
  facet normal -0 -0.0434099 -0.999057
    outer loop
      vertex -3.00004 36.4 -2.49889
      vertex -3.50004 36.2099 -2.49063
      vertex -3.50004 36.4 -2.49889
    endloop
  endfacet
  facet normal 0 -1 0
    outer loop
      vertex 1.49996 34.35 7.00275
      vertex 3.49996 34.35 8.75
      vertex 1.49996 34.35 8.75
    endloop
  endfacet
  facet normal 0 -1 -0
    outer loop
      vertex 3.49996 34.35 8.75
      vertex 1.49996 34.35 7.00275
      vertex 3.49996 34.35 7.00275
    endloop
  endfacet
  facet normal 0 -0.486931 0.87344
    outer loop
      vertex -1.50004 34.3919 5.97564
      vertex 1.49996 34.2256 5.88293
      vertex 1.49996 34.3919 5.97564
    endloop
  endfacet
  facet normal 0 -0.486931 0.87344
    outer loop
      vertex 1.49996 34.2256 5.88293
      vertex -1.50004 34.3919 5.97564
      vertex -1.50004 34.2256 5.88293
    endloop
  endfacet
  facet normal 0 -0.449734 0.893163
    outer loop
      vertex -1.50004 34.5619 6.06124
      vertex 1.49996 34.3919 5.97564
      vertex 1.49996 34.5619 6.06124
    endloop
  endfacet
  facet normal 0 -0.449734 0.893163
    outer loop
      vertex 1.49996 34.3919 5.97564
      vertex -1.50004 34.5619 6.06124
      vertex -1.50004 34.3919 5.97564
    endloop
  endfacet
  facet normal 0 -0.411478 0.91142
    outer loop
      vertex -1.50004 34.7354 6.13957
      vertex 1.49996 34.5619 6.06124
      vertex 1.49996 34.7354 6.13957
    endloop
  endfacet
  facet normal 0 -0.411478 0.91142
    outer loop
      vertex 1.49996 34.5619 6.06124
      vertex -1.50004 34.7354 6.13957
      vertex -1.50004 34.5619 6.06124
    endloop
  endfacet
  facet normal 0 -0.372704 0.92795
    outer loop
      vertex -1.50004 34.912 6.2105
      vertex 1.49996 34.7354 6.13957
      vertex 1.49996 34.912 6.2105
    endloop
  endfacet
  facet normal 0 -0.372704 0.92795
    outer loop
      vertex 1.49996 34.7354 6.13957
      vertex -1.50004 34.912 6.2105
      vertex -1.50004 34.7354 6.13957
    endloop
  endfacet
  facet normal 0 -0.332993 0.942929
    outer loop
      vertex -1.50004 35.0915 6.27389
      vertex 1.49996 34.912 6.2105
      vertex 1.49996 35.0915 6.27389
    endloop
  endfacet
  facet normal 0 -0.332993 0.942929
    outer loop
      vertex 1.49996 34.912 6.2105
      vertex -1.50004 35.0915 6.27389
      vertex -1.50004 34.912 6.2105
    endloop
  endfacet
  facet normal 0 -0.292838 0.956162
    outer loop
      vertex -1.50004 35.2735 6.32963
      vertex 1.49996 35.0915 6.27389
      vertex 1.49996 35.2735 6.32963
    endloop
  endfacet
  facet normal 0 -0.292838 0.956162
    outer loop
      vertex 1.49996 35.0915 6.27389
      vertex -1.50004 35.2735 6.32963
      vertex -1.50004 35.0915 6.27389
    endloop
  endfacet
  facet normal 0 -0.252165 0.967684
    outer loop
      vertex -1.50004 35.4577 6.37763
      vertex 1.49996 35.2735 6.32963
      vertex 1.49996 35.4577 6.37763
    endloop
  endfacet
  facet normal 0 -0.252165 0.967684
    outer loop
      vertex 1.49996 35.2735 6.32963
      vertex -1.50004 35.4577 6.37763
      vertex -1.50004 35.2735 6.32963
    endloop
  endfacet
  facet normal 0 -0.210942 0.977499
    outer loop
      vertex -1.50004 35.6438 6.41779
      vertex 1.49996 35.4577 6.37763
      vertex 1.49996 35.6438 6.41779
    endloop
  endfacet
  facet normal 0 -0.210942 0.977499
    outer loop
      vertex 1.49996 35.4577 6.37763
      vertex -1.50004 35.6438 6.41779
      vertex -1.50004 35.4577 6.37763
    endloop
  endfacet
  facet normal 0 -0.169474 0.985535
    outer loop
      vertex -1.50004 35.8314 6.45005
      vertex 1.49996 35.6438 6.41779
      vertex 1.49996 35.8314 6.45005
    endloop
  endfacet
  facet normal 0 -0.169474 0.985535
    outer loop
      vertex 1.49996 35.6438 6.41779
      vertex -1.50004 35.8314 6.45005
      vertex -1.50004 35.6438 6.41779
    endloop
  endfacet
  facet normal 0 -0.127655 0.991819
    outer loop
      vertex -1.50004 36.0202 6.47435
      vertex 1.49996 35.8314 6.45005
      vertex 1.49996 36.0202 6.47435
    endloop
  endfacet
  facet normal 0 -0.127655 0.991819
    outer loop
      vertex 1.49996 35.8314 6.45005
      vertex -1.50004 36.0202 6.47435
      vertex -1.50004 35.8314 6.45005
    endloop
  endfacet
  facet normal 0 -0.0855576 0.996333
    outer loop
      vertex -1.50004 36.2099 6.49064
      vertex 1.49996 36.0202 6.47435
      vertex 1.49996 36.2099 6.49064
    endloop
  endfacet
  facet normal 0 -0.0855576 0.996333
    outer loop
      vertex 1.49996 36.0202 6.47435
      vertex -1.50004 36.2099 6.49064
      vertex -1.50004 36.0202 6.47435
    endloop
  endfacet
  facet normal 0 -0.0433574 0.99906
    outer loop
      vertex -1.50004 36.4 6.49889
      vertex 1.49996 36.2099 6.49064
      vertex 1.49996 36.4 6.49889
    endloop
  endfacet
  facet normal 0 -0.0433574 0.99906
    outer loop
      vertex 1.49996 36.2099 6.49064
      vertex -1.50004 36.4 6.49889
      vertex -1.50004 36.2099 6.49064
    endloop
  endfacet
  facet normal 0 1 0
    outer loop
      vertex 3.49996 36.4 6.60233
      vertex 1.49996 36.4 6.49889
      vertex 1.49996 36.4 6.60233
    endloop
  endfacet
  facet normal 0 1 0
    outer loop
      vertex 1.49996 36.4 6.49889
      vertex 3.49996 36.4 4.498
      vertex -1.50004 36.4 6.49889
    endloop
  endfacet
  facet normal 0 1 -0
    outer loop
      vertex 3.49996 36.4 4.498
      vertex 1.49996 36.4 6.49889
      vertex 3.49996 36.4 6.60233
    endloop
  endfacet
  facet normal 0 1 -0
    outer loop
      vertex -1.50004 36.4 6.49889
      vertex -3.50004 36.4 6.60233
      vertex -1.50004 36.4 6.60233
    endloop
  endfacet
  facet normal 0 1 0
    outer loop
      vertex -3.50004 36.4 4.498
      vertex -1.50004 36.4 6.49889
      vertex 3.49996 36.4 4.498
    endloop
  endfacet
  facet normal 0 1 0
    outer loop
      vertex -1.50004 36.4 6.49889
      vertex -3.50004 36.4 4.498
      vertex -3.50004 36.4 6.60233
    endloop
  endfacet
  facet normal 0 0.0615575 -0.998104
    outer loop
      vertex -3.50004 36.2925 4.49137
      vertex 3.49996 36.4 4.498
      vertex 3.49996 36.2925 4.49137
    endloop
  endfacet
  facet normal 0 0.0615575 -0.998104
    outer loop
      vertex 3.49996 36.4 4.498
      vertex -3.50004 36.2925 4.49137
      vertex -3.50004 36.4 4.498
    endloop
  endfacet
  facet normal 0 0.104458 -0.994529
    outer loop
      vertex -3.50004 36.1852 4.4801
      vertex 3.49996 36.2925 4.49137
      vertex 3.49996 36.1852 4.4801
    endloop
  endfacet
  facet normal 0 0.104458 -0.994529
    outer loop
      vertex 3.49996 36.2925 4.49137
      vertex -3.50004 36.1852 4.4801
      vertex -3.50004 36.2925 4.49137
    endloop
  endfacet
  facet normal 0 0.147251 -0.989099
    outer loop
      vertex -3.50004 36.0786 4.46423
      vertex 3.49996 36.1852 4.4801
      vertex 3.49996 36.0786 4.46423
    endloop
  endfacet
  facet normal 0 0.147251 -0.989099
    outer loop
      vertex 3.49996 36.1852 4.4801
      vertex -3.50004 36.0786 4.46423
      vertex -3.50004 36.1852 4.4801
    endloop
  endfacet
  facet normal 0 0.189866 -0.98181
    outer loop
      vertex -3.50004 35.9728 4.44377
      vertex 3.49996 36.0786 4.46423
      vertex 3.49996 35.9728 4.44377
    endloop
  endfacet
  facet normal 0 0.189866 -0.98181
    outer loop
      vertex 3.49996 36.0786 4.46423
      vertex -3.50004 35.9728 4.44377
      vertex -3.50004 36.0786 4.46423
    endloop
  endfacet
  facet normal 0 0.231829 -0.972756
    outer loop
      vertex -3.50004 35.8679 4.41877
      vertex 3.49996 35.9728 4.44377
      vertex 3.49996 35.8679 4.41877
    endloop
  endfacet
  facet normal 0 0.231829 -0.972756
    outer loop
      vertex 3.49996 35.9728 4.44377
      vertex -3.50004 35.8679 4.41877
      vertex -3.50004 35.9728 4.44377
    endloop
  endfacet
  facet normal 0 0.273777 -0.961793
    outer loop
      vertex -3.50004 35.7643 4.38928
      vertex 3.49996 35.8679 4.41877
      vertex 3.49996 35.7643 4.38928
    endloop
  endfacet
  facet normal 0 0.273777 -0.961793
    outer loop
      vertex 3.49996 35.8679 4.41877
      vertex -3.50004 35.7643 4.38928
      vertex -3.50004 35.8679 4.41877
    endloop
  endfacet
  facet normal 0 0.314614 -0.94922
    outer loop
      vertex -3.50004 35.6619 4.35534
      vertex 3.49996 35.7643 4.38928
      vertex 3.49996 35.6619 4.35534
    endloop
  endfacet
  facet normal 0 0.314614 -0.94922
    outer loop
      vertex 3.49996 35.7643 4.38928
      vertex -3.50004 35.6619 4.35534
      vertex -3.50004 35.7643 4.38928
    endloop
  endfacet
  facet normal 0 0.355656 -0.934617
    outer loop
      vertex -3.50004 35.5612 4.31702
      vertex 3.49996 35.6619 4.35534
      vertex 3.49996 35.5612 4.31702
    endloop
  endfacet
  facet normal 0 0.355656 -0.934617
    outer loop
      vertex 3.49996 35.6619 4.35534
      vertex -3.50004 35.5612 4.31702
      vertex -3.50004 35.6619 4.35534
    endloop
  endfacet
  facet normal 0 0.395419 -0.918501
    outer loop
      vertex -3.50004 35.4622 4.2744
      vertex 3.49996 35.5612 4.31702
      vertex 3.49996 35.4622 4.2744
    endloop
  endfacet
  facet normal 0 0.395419 -0.918501
    outer loop
      vertex 3.49996 35.5612 4.31702
      vertex -3.50004 35.4622 4.2744
      vertex -3.50004 35.5612 4.31702
    endloop
  endfacet
  facet normal 0 0.43463 -0.900609
    outer loop
      vertex -3.50004 35.3651 4.22754
      vertex 3.49996 35.4622 4.2744
      vertex 3.49996 35.3651 4.22754
    endloop
  endfacet
  facet normal 0 0.43463 -0.900609
    outer loop
      vertex 3.49996 35.4622 4.2744
      vertex -3.50004 35.3651 4.22754
      vertex -3.50004 35.4622 4.2744
    endloop
  endfacet
  facet normal 0 0.472921 -0.881105
    outer loop
      vertex -3.50004 35.2701 4.17655
      vertex 3.49996 35.3651 4.22754
      vertex 3.49996 35.2701 4.17655
    endloop
  endfacet
  facet normal 0 0.472921 -0.881105
    outer loop
      vertex 3.49996 35.3651 4.22754
      vertex -3.50004 35.2701 4.17655
      vertex -3.50004 35.3651 4.22754
    endloop
  endfacet
  facet normal 0 0.510942 -0.859615
    outer loop
      vertex -3.50004 35.1775 4.12151
      vertex 3.49996 35.2701 4.17655
      vertex 3.49996 35.1775 4.12151
    endloop
  endfacet
  facet normal 0 0.510942 -0.859615
    outer loop
      vertex 3.49996 35.2701 4.17655
      vertex -3.50004 35.1775 4.12151
      vertex -3.50004 35.2701 4.17655
    endloop
  endfacet
  facet normal 0 0.54691 -0.837192
    outer loop
      vertex -3.50004 35.0872 4.06252
      vertex 3.49996 35.1775 4.12151
      vertex 3.49996 35.0872 4.06252
    endloop
  endfacet
  facet normal 0 0.54691 -0.837192
    outer loop
      vertex 3.49996 35.1775 4.12151
      vertex -3.50004 35.0872 4.06252
      vertex -3.50004 35.1775 4.12151
    endloop
  endfacet
  facet normal 0 0.582764 -0.812641
    outer loop
      vertex -3.50004 34.9996 3.9997
      vertex 3.49996 35.0872 4.06252
      vertex 3.49996 34.9996 3.9997
    endloop
  endfacet
  facet normal 0 0.582764 -0.812641
    outer loop
      vertex 3.49996 35.0872 4.06252
      vertex -3.50004 34.9996 3.9997
      vertex -3.50004 35.0872 4.06252
    endloop
  endfacet
  facet normal 0 0.617256 -0.786762
    outer loop
      vertex -3.50004 34.9148 3.93317
      vertex 3.49996 34.9996 3.9997
      vertex 3.49996 34.9148 3.93317
    endloop
  endfacet
  facet normal 0 0.617256 -0.786762
    outer loop
      vertex 3.49996 34.9996 3.9997
      vertex -3.50004 34.9148 3.93317
      vertex -3.50004 34.9996 3.9997
    endloop
  endfacet
  facet normal 0 0.650929 -0.759139
    outer loop
      vertex -3.50004 34.833 3.86303
      vertex 3.49996 34.9148 3.93317
      vertex 3.49996 34.833 3.86303
    endloop
  endfacet
  facet normal 0 0.650929 -0.759139
    outer loop
      vertex 3.49996 34.9148 3.93317
      vertex -3.50004 34.833 3.86303
      vertex -3.50004 34.9148 3.93317
    endloop
  endfacet
  facet normal 0 0.682533 -0.730855
    outer loop
      vertex -3.50004 34.7542 3.78944
      vertex 3.49996 34.833 3.86303
      vertex 3.49996 34.7542 3.78944
    endloop
  endfacet
  facet normal 0 0.682533 -0.730855
    outer loop
      vertex 3.49996 34.833 3.86303
      vertex -3.50004 34.7542 3.78944
      vertex -3.50004 34.833 3.86303
    endloop
  endfacet
  facet normal 0 0.713663 -0.700489
    outer loop
      vertex 3.49996 34.6787 3.71252
      vertex -3.50004 34.7542 3.78944
      vertex 3.49996 34.7542 3.78944
    endloop
  endfacet
  facet normal 0 0.713663 -0.700489
    outer loop
      vertex -3.50004 34.7542 3.78944
      vertex 3.49996 34.6787 3.71252
      vertex -3.50004 34.6787 3.71252
    endloop
  endfacet
  facet normal 0 0.74329 -0.66897
    outer loop
      vertex 3.49996 34.6066 3.63241
      vertex -3.50004 34.6787 3.71252
      vertex 3.49996 34.6787 3.71252
    endloop
  endfacet
  facet normal 0 0.74329 -0.66897
    outer loop
      vertex -3.50004 34.6787 3.71252
      vertex 3.49996 34.6066 3.63241
      vertex -3.50004 34.6066 3.63241
    endloop
  endfacet
  facet normal 0 0.77133 -0.636435
    outer loop
      vertex 3.49996 34.538 3.54927
      vertex -3.50004 34.6066 3.63241
      vertex 3.49996 34.6066 3.63241
    endloop
  endfacet
  facet normal 0 0.77133 -0.636435
    outer loop
      vertex -3.50004 34.6066 3.63241
      vertex 3.49996 34.538 3.54927
      vertex -3.50004 34.538 3.54927
    endloop
  endfacet
  facet normal 0 0.797836 -0.602875
    outer loop
      vertex 3.49996 34.473 3.46325
      vertex -3.50004 34.538 3.54927
      vertex 3.49996 34.538 3.54927
    endloop
  endfacet
  facet normal 0 0.797836 -0.602875
    outer loop
      vertex -3.50004 34.538 3.54927
      vertex 3.49996 34.473 3.46325
      vertex -3.50004 34.473 3.46325
    endloop
  endfacet
  facet normal 0 0.823213 -0.567733
    outer loop
      vertex 3.49996 34.4118 3.37451
      vertex -3.50004 34.473 3.46325
      vertex 3.49996 34.473 3.46325
    endloop
  endfacet
  facet normal 0 0.823213 -0.567733
    outer loop
      vertex -3.50004 34.473 3.46325
      vertex 3.49996 34.4118 3.37451
      vertex -3.50004 34.4118 3.37451
    endloop
  endfacet
  facet normal 0 0.84698 -0.531624
    outer loop
      vertex 3.49996 34.3545 3.28322
      vertex -3.50004 34.4118 3.37451
      vertex 3.49996 34.4118 3.37451
    endloop
  endfacet
  facet normal 0 0.84698 -0.531624
    outer loop
      vertex -3.50004 34.4118 3.37451
      vertex 3.49996 34.3545 3.28322
      vertex -3.50004 34.3545 3.28322
    endloop
  endfacet
  facet normal 0 0.869189 -0.49448
    outer loop
      vertex 3.49996 34.3012 3.18953
      vertex -3.50004 34.3545 3.28322
      vertex 3.49996 34.3545 3.28322
    endloop
  endfacet
  facet normal 0 0.869189 -0.49448
    outer loop
      vertex -3.50004 34.3545 3.28322
      vertex 3.49996 34.3012 3.18953
      vertex -3.50004 34.3012 3.18953
    endloop
  endfacet
  facet normal 0 0.889344 -0.457239
    outer loop
      vertex 3.49996 34.2519 3.09364
      vertex -3.50004 34.3012 3.18953
      vertex 3.49996 34.3012 3.18953
    endloop
  endfacet
  facet normal 0 0.889344 -0.457239
    outer loop
      vertex -3.50004 34.3012 3.18953
      vertex 3.49996 34.2519 3.09364
      vertex -3.50004 34.2519 3.09364
    endloop
  endfacet
  facet normal 0 0.908643 -0.417575
    outer loop
      vertex 3.49996 34.2069 2.99572
      vertex -3.50004 34.2519 3.09364
      vertex 3.49996 34.2519 3.09364
    endloop
  endfacet
  facet normal 0 0.908643 -0.417575
    outer loop
      vertex -3.50004 34.2519 3.09364
      vertex 3.49996 34.2069 2.99572
      vertex -3.50004 34.2069 2.99572
    endloop
  endfacet
  facet normal 0 0.925609 -0.378481
    outer loop
      vertex 3.49996 34.1661 2.89594
      vertex -3.50004 34.2069 2.99572
      vertex 3.49996 34.2069 2.99572
    endloop
  endfacet
  facet normal 0 0.925609 -0.378481
    outer loop
      vertex -3.50004 34.2069 2.99572
      vertex 3.49996 34.1661 2.89594
      vertex -3.50004 34.1661 2.89594
    endloop
  endfacet
  facet normal 0 0.940952 -0.338539
    outer loop
      vertex 3.49996 34.1296 2.79449
      vertex -3.50004 34.1661 2.89594
      vertex 3.49996 34.1661 2.89594
    endloop
  endfacet
  facet normal 0 0.940952 -0.338539
    outer loop
      vertex -3.50004 34.1661 2.89594
      vertex 3.49996 34.1296 2.79449
      vertex -3.50004 34.1296 2.79449
    endloop
  endfacet
  facet normal 0 0.940942 0.338568
    outer loop
      vertex 3.49996 34.1661 1.10407
      vertex -3.50004 34.1296 1.20551
      vertex 3.49996 34.1296 1.20551
    endloop
  endfacet
  facet normal 0 0.940942 0.338568
    outer loop
      vertex -3.50004 34.1296 1.20551
      vertex 3.49996 34.1661 1.10407
      vertex -3.50004 34.1661 1.10407
    endloop
  endfacet
  facet normal 0 0.925609 0.378481
    outer loop
      vertex 3.49996 34.2069 1.00429
      vertex -3.50004 34.1661 1.10407
      vertex 3.49996 34.1661 1.10407
    endloop
  endfacet
  facet normal 0 0.925609 0.378481
    outer loop
      vertex -3.50004 34.1661 1.10407
      vertex 3.49996 34.2069 1.00429
      vertex -3.50004 34.2069 1.00429
    endloop
  endfacet
  facet normal 0 0.908656 0.417547
    outer loop
      vertex 3.49996 34.2519 0.906362
      vertex -3.50004 34.2069 1.00429
      vertex 3.49996 34.2069 1.00429
    endloop
  endfacet
  facet normal 0 0.908656 0.417547
    outer loop
      vertex -3.50004 34.2069 1.00429
      vertex 3.49996 34.2519 0.906362
      vertex -3.50004 34.2519 0.906362
    endloop
  endfacet
  facet normal 0 0.88935 0.457228
    outer loop
      vertex 3.49996 34.3012 0.810469
      vertex -3.50004 34.2519 0.906362
      vertex 3.49996 34.2519 0.906362
    endloop
  endfacet
  facet normal 0 0.88935 0.457228
    outer loop
      vertex -3.50004 34.2519 0.906362
      vertex 3.49996 34.3012 0.810469
      vertex -3.50004 34.3012 0.810469
    endloop
  endfacet
  facet normal 0 0.869176 0.494503
    outer loop
      vertex 3.49996 34.3545 0.716785
      vertex -3.50004 34.3012 0.810469
      vertex 3.49996 34.3012 0.810469
    endloop
  endfacet
  facet normal 0 0.869176 0.494503
    outer loop
      vertex -3.50004 34.3012 0.810469
      vertex 3.49996 34.3545 0.716785
      vertex -3.50004 34.3545 0.716785
    endloop
  endfacet
  facet normal 0 0.846999 0.531595
    outer loop
      vertex 3.49996 34.4118 0.625488
      vertex -3.50004 34.3545 0.716785
      vertex 3.49996 34.3545 0.716785
    endloop
  endfacet
  facet normal 0 0.846999 0.531595
    outer loop
      vertex -3.50004 34.3545 0.716785
      vertex 3.49996 34.4118 0.625488
      vertex -3.50004 34.4118 0.625488
    endloop
  endfacet
  facet normal 0 0.823204 0.567746
    outer loop
      vertex 3.49996 34.473 0.536751
      vertex -3.50004 34.4118 0.625488
      vertex 3.49996 34.4118 0.625488
    endloop
  endfacet
  facet normal 0 0.823204 0.567746
    outer loop
      vertex -3.50004 34.4118 0.625488
      vertex 3.49996 34.473 0.536751
      vertex -3.50004 34.473 0.536751
    endloop
  endfacet
  facet normal 0 0.797846 0.602862
    outer loop
      vertex 3.49996 34.538 0.450728
      vertex -3.50004 34.473 0.536751
      vertex 3.49996 34.473 0.536751
    endloop
  endfacet
  facet normal 0 0.797846 0.602862
    outer loop
      vertex -3.50004 34.473 0.536751
      vertex 3.49996 34.538 0.450728
      vertex -3.50004 34.538 0.450728
    endloop
  endfacet
  facet normal 0 0.771322 0.636445
    outer loop
      vertex 3.49996 34.6066 0.36759
      vertex -3.50004 34.538 0.450728
      vertex 3.49996 34.538 0.450728
    endloop
  endfacet
  facet normal 0 0.771322 0.636445
    outer loop
      vertex -3.50004 34.538 0.450728
      vertex 3.49996 34.6066 0.36759
      vertex -3.50004 34.6066 0.36759
    endloop
  endfacet
  facet normal 0 0.743281 0.668979
    outer loop
      vertex 3.49996 34.6787 0.287482
      vertex -3.50004 34.6066 0.36759
      vertex 3.49996 34.6066 0.36759
    endloop
  endfacet
  facet normal 0 0.743281 0.668979
    outer loop
      vertex -3.50004 34.6066 0.36759
      vertex 3.49996 34.6787 0.287482
      vertex -3.50004 34.6787 0.287482
    endloop
  endfacet
  facet normal 0 0.713654 0.700498
    outer loop
      vertex 3.49996 34.7542 0.210564
      vertex -3.50004 34.6787 0.287482
      vertex 3.49996 34.6787 0.287482
    endloop
  endfacet
  facet normal 0 0.713654 0.700498
    outer loop
      vertex -3.50004 34.6787 0.287482
      vertex 3.49996 34.7542 0.210564
      vertex -3.50004 34.7542 0.210564
    endloop
  endfacet
  facet normal -0 0.682553 0.730836
    outer loop
      vertex -3.50004 34.833 0.13697
      vertex 3.49996 34.7542 0.210564
      vertex 3.49996 34.833 0.13697
    endloop
  endfacet
  facet normal 0 0.682553 0.730836
    outer loop
      vertex 3.49996 34.7542 0.210564
      vertex -3.50004 34.833 0.13697
      vertex -3.50004 34.7542 0.210564
    endloop
  endfacet
  facet normal -0 0.650885 0.759177
    outer loop
      vertex -3.50004 34.9148 0.0668383
      vertex 3.49996 34.833 0.13697
      vertex 3.49996 34.9148 0.0668383
    endloop
  endfacet
  facet normal 0 0.650885 0.759177
    outer loop
      vertex 3.49996 34.833 0.13697
      vertex -3.50004 34.9148 0.0668383
      vertex -3.50004 34.833 0.13697
    endloop
  endfacet
  facet normal -0 0.61729 0.786735
    outer loop
      vertex -3.50004 34.9996 0.000302315
      vertex 3.49996 34.9148 0.0668383
      vertex 3.49996 34.9996 0.000302315
    endloop
  endfacet
  facet normal 0 0.61729 0.786735
    outer loop
      vertex 3.49996 34.9148 0.0668383
      vertex -3.50004 34.9996 0.000302315
      vertex -3.50004 34.9148 0.0668383
    endloop
  endfacet
  facet normal -0 0.582749 0.812652
    outer loop
      vertex -3.50004 35.0872 -0.0625153
      vertex 3.49996 34.9996 0.000302315
      vertex 3.49996 35.0872 -0.0625153
    endloop
  endfacet
  facet normal 0 0.582749 0.812652
    outer loop
      vertex 3.49996 34.9996 0.000302315
      vertex -3.50004 35.0872 -0.0625153
      vertex -3.50004 34.9996 0.000302315
    endloop
  endfacet
  facet normal -0 0.546895 0.837201
    outer loop
      vertex -3.50004 35.1775 -0.121503
      vertex 3.49996 35.0872 -0.0625153
      vertex 3.49996 35.1775 -0.121503
    endloop
  endfacet
  facet normal 0 0.546895 0.837201
    outer loop
      vertex 3.49996 35.0872 -0.0625153
      vertex -3.50004 35.1775 -0.121503
      vertex -3.50004 35.0872 -0.0625153
    endloop
  endfacet
  facet normal -0 0.510921 0.859627
    outer loop
      vertex -3.50004 35.2701 -0.17654
      vertex 3.49996 35.1775 -0.121503
      vertex 3.49996 35.2701 -0.17654
    endloop
  endfacet
  facet normal 0 0.510921 0.859627
    outer loop
      vertex 3.49996 35.1775 -0.121503
      vertex -3.50004 35.2701 -0.17654
      vertex -3.50004 35.1775 -0.121503
    endloop
  endfacet
  facet normal -0 0.472957 0.881085
    outer loop
      vertex -3.50004 35.3651 -0.227535
      vertex 3.49996 35.2701 -0.17654
      vertex 3.49996 35.3651 -0.227535
    endloop
  endfacet
  facet normal 0 0.472957 0.881085
    outer loop
      vertex 3.49996 35.2701 -0.17654
      vertex -3.50004 35.3651 -0.227535
      vertex -3.50004 35.2701 -0.17654
    endloop
  endfacet
  facet normal -0 0.434577 0.900635
    outer loop
      vertex -3.50004 35.4622 -0.274388
      vertex 3.49996 35.3651 -0.227535
      vertex 3.49996 35.4622 -0.274388
    endloop
  endfacet
  facet normal 0 0.434577 0.900635
    outer loop
      vertex 3.49996 35.3651 -0.227535
      vertex -3.50004 35.4622 -0.274388
      vertex -3.50004 35.3651 -0.227535
    endloop
  endfacet
  facet normal -0 0.395474 0.918477
    outer loop
      vertex -3.50004 35.5612 -0.317015
      vertex 3.49996 35.4622 -0.274388
      vertex 3.49996 35.5612 -0.317015
    endloop
  endfacet
  facet normal 0 0.395474 0.918477
    outer loop
      vertex 3.49996 35.4622 -0.274388
      vertex -3.50004 35.5612 -0.317015
      vertex -3.50004 35.4622 -0.274388
    endloop
  endfacet
  facet normal -0 0.355615 0.934632
    outer loop
      vertex -3.50004 35.6619 -0.35533
      vertex 3.49996 35.5612 -0.317015
      vertex 3.49996 35.6619 -0.35533
    endloop
  endfacet
  facet normal 0 0.355615 0.934632
    outer loop
      vertex 3.49996 35.5612 -0.317015
      vertex -3.50004 35.6619 -0.35533
      vertex -3.50004 35.5612 -0.317015
    endloop
  endfacet
  facet normal -0 0.314623 0.949217
    outer loop
      vertex -3.50004 35.7643 -0.389271
      vertex 3.49996 35.6619 -0.35533
      vertex 3.49996 35.7643 -0.389271
    endloop
  endfacet
  facet normal 0 0.314623 0.949217
    outer loop
      vertex 3.49996 35.6619 -0.35533
      vertex -3.50004 35.7643 -0.389271
      vertex -3.50004 35.6619 -0.35533
    endloop
  endfacet
  facet normal -0 0.273837 0.961776
    outer loop
      vertex -3.50004 35.8679 -0.418768
      vertex 3.49996 35.7643 -0.389271
      vertex 3.49996 35.8679 -0.418768
    endloop
  endfacet
  facet normal 0 0.273837 0.961776
    outer loop
      vertex 3.49996 35.7643 -0.389271
      vertex -3.50004 35.8679 -0.418768
      vertex -3.50004 35.7643 -0.389271
    endloop
  endfacet
  facet normal -0 0.231821 0.972759
    outer loop
      vertex -3.50004 35.9728 -0.443767
      vertex 3.49996 35.8679 -0.418768
      vertex 3.49996 35.9728 -0.443767
    endloop
  endfacet
  facet normal 0 0.231821 0.972759
    outer loop
      vertex 3.49996 35.8679 -0.418768
      vertex -3.50004 35.9728 -0.443767
      vertex -3.50004 35.8679 -0.418768
    endloop
  endfacet
  facet normal -0 0.189839 0.981815
    outer loop
      vertex -3.50004 36.0786 -0.464224
      vertex 3.49996 35.9728 -0.443767
      vertex 3.49996 36.0786 -0.464224
    endloop
  endfacet
  facet normal 0 0.189839 0.981815
    outer loop
      vertex 3.49996 35.9728 -0.443767
      vertex -3.50004 36.0786 -0.464224
      vertex -3.50004 35.9728 -0.443767
    endloop
  endfacet
  facet normal -0 0.147297 0.989092
    outer loop
      vertex -3.50004 36.1852 -0.480099
      vertex 3.49996 36.0786 -0.464224
      vertex 3.49996 36.1852 -0.480099
    endloop
  endfacet
  facet normal 0 0.147297 0.989092
    outer loop
      vertex 3.49996 36.0786 -0.464224
      vertex -3.50004 36.1852 -0.480099
      vertex -3.50004 36.0786 -0.464224
    endloop
  endfacet
  facet normal -0 0.104412 0.994534
    outer loop
      vertex -3.50004 36.2925 -0.491364
      vertex 3.49996 36.1852 -0.480099
      vertex 3.49996 36.2925 -0.491364
    endloop
  endfacet
  facet normal 0 0.104412 0.994534
    outer loop
      vertex 3.49996 36.1852 -0.480099
      vertex -3.50004 36.2925 -0.491364
      vertex -3.50004 36.1852 -0.480099
    endloop
  endfacet
  facet normal -0 0.0615482 0.998104
    outer loop
      vertex -3.50004 36.4 -0.497993
      vertex 3.49996 36.2925 -0.491364
      vertex 3.49996 36.4 -0.497993
    endloop
  endfacet
  facet normal 0 0.0615482 0.998104
    outer loop
      vertex 3.49996 36.2925 -0.491364
      vertex -3.50004 36.4 -0.497993
      vertex -3.50004 36.2925 -0.491364
    endloop
  endfacet
  facet normal 0 1 -0
    outer loop
      vertex -0.0741396 36.4 -3.54327
      vertex -3.50004 36.4 -0.497993
      vertex -4.1008e-05 36.4 -3.54165
    endloop
  endfacet
  facet normal 0 1 0
    outer loop
      vertex 3.49996 36.4 -0.497993
      vertex 0.0741568 36.4 -3.54327
      vertex -4.1008e-05 36.4 -3.54165
    endloop
  endfacet
  facet normal 0 1 0
    outer loop
      vertex 3.49996 36.4 -0.497993
      vertex 0.148155 36.4 -3.54812
      vertex 0.0741568 36.4 -3.54327
    endloop
  endfacet
  facet normal 0 1 0
    outer loop
      vertex 3.49996 36.4 -0.497993
      vertex 0.221856 36.4 -3.5562
      vertex 0.148155 36.4 -3.54812
    endloop
  endfacet
  facet normal 0 1 0
    outer loop
      vertex 3.49996 36.4 -0.497993
      vertex 0.295156 36.4 -3.56748
      vertex 0.221856 36.4 -3.5562
    endloop
  endfacet
  facet normal 0 1 0
    outer loop
      vertex 2.99996 36.4 -2.49889
      vertex 0.367955 36.4 -3.58195
      vertex 0.295156 36.4 -3.56748
    endloop
  endfacet
  facet normal 0 1 0
    outer loop
      vertex 2.99996 36.4 -2.49889
      vertex 0.439958 36.4 -3.59958
      vertex 0.367955 36.4 -3.58195
    endloop
  endfacet
  facet normal 0 1 0
    outer loop
      vertex 2.99996 36.4 -2.49889
      vertex 0.511158 36.4 -3.62034
      vertex 0.439958 36.4 -3.59958
    endloop
  endfacet
  facet normal 0 1 0
    outer loop
      vertex 2.99996 36.4 -2.49889
      vertex 0.581455 36.4 -3.64418
      vertex 0.511158 36.4 -3.62034
    endloop
  endfacet
  facet normal 0 1 0
    outer loop
      vertex 2.99996 36.4 -2.49889
      vertex 0.650558 36.4 -3.67106
      vertex 0.581455 36.4 -3.64418
    endloop
  endfacet
  facet normal 0 1 0
    outer loop
      vertex 2.99996 36.4 -2.49889
      vertex 0.718455 36.4 -3.70093
      vertex 0.650558 36.4 -3.67106
    endloop
  endfacet
  facet normal 0 1 0
    outer loop
      vertex 2.99996 36.4 -2.49889
      vertex 0.784958 36.4 -3.73374
      vertex 0.718455 36.4 -3.70093
    endloop
  endfacet
  facet normal 0 1 0
    outer loop
      vertex 2.99996 36.4 -2.49889
      vertex 0.849957 36.4 -3.76941
      vertex 0.784958 36.4 -3.73374
    endloop
  endfacet
  facet normal 0 1 0
    outer loop
      vertex 2.99996 36.4 -2.49889
      vertex 0.913458 36.4 -3.80789
      vertex 0.849957 36.4 -3.76941
    endloop
  endfacet
  facet normal 0 1 0
    outer loop
      vertex 2.99996 36.4 -2.49889
      vertex 0.975058 36.4 -3.8491
      vertex 0.913458 36.4 -3.80789
    endloop
  endfacet
  facet normal 0 1 0
    outer loop
      vertex 2.99996 36.4 -2.49889
      vertex 1.03486 36.4 -3.89295
      vertex 0.975058 36.4 -3.8491
    endloop
  endfacet
  facet normal 0 1 0
    outer loop
      vertex 2.99996 36.4 -2.49889
      vertex 1.09276 36.4 -3.93938
      vertex 1.03486 36.4 -3.89295
    endloop
  endfacet
  facet normal 0 1 0
    outer loop
      vertex 2.99996 36.4 -2.49889
      vertex 1.14846 36.4 -3.98828
      vertex 1.09276 36.4 -3.93938
    endloop
  endfacet
  facet normal 0 1 0
    outer loop
      vertex 2.99996 36.4 -2.49889
      vertex 1.20206 36.4 -4.03957
      vertex 1.14846 36.4 -3.98828
    endloop
  endfacet
  facet normal 0 1 0
    outer loop
      vertex 2.99996 36.4 -2.49889
      vertex 1.25336 36.4 -4.09315
      vertex 1.20206 36.4 -4.03957
    endloop
  endfacet
  facet normal 0 1 0
    outer loop
      vertex 2.99996 36.4 -2.49889
      vertex 1.30226 36.4 -4.14892
      vertex 1.25336 36.4 -4.09315
    endloop
  endfacet
  facet normal 0 1 0
    outer loop
      vertex 2.99996 36.4 -2.49889
      vertex 1.34866 36.4 -4.20676
      vertex 1.30226 36.4 -4.14892
    endloop
  endfacet
  facet normal 0 1 0
    outer loop
      vertex 2.99996 36.4 -2.49889
      vertex 1.39256 36.4 -4.26658
      vertex 1.34866 36.4 -4.20676
    endloop
  endfacet
  facet normal 0 1 0
    outer loop
      vertex 2.99996 36.4 -2.49889
      vertex 1.43376 36.4 -4.32825
      vertex 1.39256 36.4 -4.26658
    endloop
  endfacet
  facet normal 0 1 0
    outer loop
      vertex 2.99996 36.4 -2.49889
      vertex 1.47226 36.4 -4.39165
      vertex 1.43376 36.4 -4.32825
    endloop
  endfacet
  facet normal 0 1 0
    outer loop
      vertex 2.99996 36.4 -2.49889
      vertex 1.50796 36.4 -4.45668
      vertex 1.47226 36.4 -4.39165
    endloop
  endfacet
  facet normal 0 1 0
    outer loop
      vertex 2.99996 36.4 -2.49889
      vertex 1.54076 36.4 -4.5232
      vertex 1.50796 36.4 -4.45668
    endloop
  endfacet
  facet normal 0 1 0
    outer loop
      vertex 2.99996 36.4 -2.49889
      vertex 1.57056 36.4 -4.59109
      vertex 1.54076 36.4 -4.5232
    endloop
  endfacet
  facet normal 0 1 0
    outer loop
      vertex 2.99996 36.4 -2.49889
      vertex 1.59746 36.4 -4.66022
      vertex 1.57056 36.4 -4.59109
    endloop
  endfacet
  facet normal 0 1 0
    outer loop
      vertex 2.99996 36.4 -2.49889
      vertex 1.62136 36.4 -4.73046
      vertex 1.59746 36.4 -4.66022
    endloop
  endfacet
  facet normal 0 1 0
    outer loop
      vertex 2.99996 36.4 -2.49889
      vertex 1.64206 36.4 -4.80166
      vertex 1.62136 36.4 -4.73046
    endloop
  endfacet
  facet normal 0 1 0
    outer loop
      vertex 2.99996 36.4 -2.49889
      vertex 1.65966 36.4 -4.87371
      vertex 1.64206 36.4 -4.80166
    endloop
  endfacet
  facet normal 0 1 0
    outer loop
      vertex 2.99996 36.4 -2.49889
      vertex 1.67416 36.4 -4.94645
      vertex 1.65966 36.4 -4.87371
    endloop
  endfacet
  facet normal 0 1 0
    outer loop
      vertex 2.99996 36.4 -2.49889
      vertex 1.68546 36.4 -5.01976
      vertex 1.67416 36.4 -4.94645
    endloop
  endfacet
  facet normal 0 1 0
    outer loop
      vertex 2.99996 36.4 -2.49889
      vertex 1.69356 36.4 -5.09349
      vertex 1.68546 36.4 -5.01976
    endloop
  endfacet
  facet normal 0 1 0
    outer loop
      vertex 2.99996 36.4 -2.49889
      vertex 1.69836 36.4 -5.1675
      vertex 1.69356 36.4 -5.09349
    endloop
  endfacet
  facet normal 0 1 0
    outer loop
      vertex 2.99996 36.4 -2.49889
      vertex 1.69996 36.4 -5.24166
      vertex 1.69836 36.4 -5.1675
    endloop
  endfacet
  facet normal 0 1 0
    outer loop
      vertex 2.99996 36.4 -2.49889
      vertex 1.69836 36.4 -5.31581
      vertex 1.69996 36.4 -5.24166
    endloop
  endfacet
  facet normal 0 1 0
    outer loop
      vertex 2.99996 36.4 -2.49889
      vertex 1.69356 36.4 -5.38982
      vertex 1.69836 36.4 -5.31581
    endloop
  endfacet
  facet normal 0 1 -0
    outer loop
      vertex 2.99996 36.4 -8.74166
      vertex 1.69356 36.4 -5.38982
      vertex 2.99996 36.4 -2.49889
    endloop
  endfacet
  facet normal 0 1 0
    outer loop
      vertex 1.69356 36.4 -5.38982
      vertex 2.99996 36.4 -8.74166
      vertex 1.68546 36.4 -5.46355
    endloop
  endfacet
  facet normal 0 1 0
    outer loop
      vertex 1.68546 36.4 -5.46355
      vertex 2.99996 36.4 -8.74166
      vertex 1.67416 36.4 -5.53686
    endloop
  endfacet
  facet normal 0 1 0
    outer loop
      vertex 1.67416 36.4 -5.53686
      vertex 2.99996 36.4 -8.74166
      vertex 1.65966 36.4 -5.6096
    endloop
  endfacet
  facet normal 0 1 0
    outer loop
      vertex 1.65966 36.4 -5.6096
      vertex 2.99996 36.4 -8.74166
      vertex 1.64206 36.4 -5.68165
    endloop
  endfacet
  facet normal 0 1 0
    outer loop
      vertex 1.64206 36.4 -5.68165
      vertex 2.99996 36.4 -8.74166
      vertex 1.62136 36.4 -5.75285
    endloop
  endfacet
  facet normal 0 1 0
    outer loop
      vertex 1.62136 36.4 -5.75285
      vertex 2.99996 36.4 -8.74166
      vertex 1.59746 36.4 -5.82309
    endloop
  endfacet
  facet normal 0 1 0
    outer loop
      vertex 0.0741568 36.4 -6.94004
      vertex 2.99996 36.4 -8.74166
      vertex -4.1008e-05 36.4 -6.94165
    endloop
  endfacet
  facet normal 0 1 0
    outer loop
      vertex 0.148155 36.4 -6.93519
      vertex 2.99996 36.4 -8.74166
      vertex 0.0741568 36.4 -6.94004
    endloop
  endfacet
  facet normal 0 1 0
    outer loop
      vertex 0.221856 36.4 -6.92711
      vertex 2.99996 36.4 -8.74166
      vertex 0.148155 36.4 -6.93519
    endloop
  endfacet
  facet normal 0 1 0
    outer loop
      vertex 0.295156 36.4 -6.91583
      vertex 2.99996 36.4 -8.74166
      vertex 0.221856 36.4 -6.92711
    endloop
  endfacet
  facet normal 0 1 0
    outer loop
      vertex 0.367955 36.4 -6.90136
      vertex 2.99996 36.4 -8.74166
      vertex 0.295156 36.4 -6.91583
    endloop
  endfacet
  facet normal 0 1 0
    outer loop
      vertex 0.439958 36.4 -6.88373
      vertex 2.99996 36.4 -8.74166
      vertex 0.367955 36.4 -6.90136
    endloop
  endfacet
  facet normal 0 1 0
    outer loop
      vertex 0.511158 36.4 -6.86297
      vertex 2.99996 36.4 -8.74166
      vertex 0.439958 36.4 -6.88373
    endloop
  endfacet
  facet normal 0 1 0
    outer loop
      vertex 0.581455 36.4 -6.83913
      vertex 2.99996 36.4 -8.74166
      vertex 0.511158 36.4 -6.86297
    endloop
  endfacet
  facet normal 0 1 0
    outer loop
      vertex 0.650558 36.4 -6.81225
      vertex 2.99996 36.4 -8.74166
      vertex 0.581455 36.4 -6.83913
    endloop
  endfacet
  facet normal 0 1 0
    outer loop
      vertex 0.718455 36.4 -6.78238
      vertex 2.99996 36.4 -8.74166
      vertex 0.650558 36.4 -6.81225
    endloop
  endfacet
  facet normal 0 1 0
    outer loop
      vertex 0.784958 36.4 -6.74957
      vertex 2.99996 36.4 -8.74166
      vertex 0.718455 36.4 -6.78238
    endloop
  endfacet
  facet normal 0 1 0
    outer loop
      vertex 0.849957 36.4 -6.7139
      vertex 2.99996 36.4 -8.74166
      vertex 0.784958 36.4 -6.74957
    endloop
  endfacet
  facet normal 0 1 0
    outer loop
      vertex 0.913458 36.4 -6.67542
      vertex 2.99996 36.4 -8.74166
      vertex 0.849957 36.4 -6.7139
    endloop
  endfacet
  facet normal 0 1 0
    outer loop
      vertex 0.975058 36.4 -6.63421
      vertex 2.99996 36.4 -8.74166
      vertex 0.913458 36.4 -6.67542
    endloop
  endfacet
  facet normal 0 1 0
    outer loop
      vertex 1.03486 36.4 -6.59036
      vertex 2.99996 36.4 -8.74166
      vertex 0.975058 36.4 -6.63421
    endloop
  endfacet
  facet normal 0 1 0
    outer loop
      vertex 1.09276 36.4 -6.54393
      vertex 2.99996 36.4 -8.74166
      vertex 1.03486 36.4 -6.59036
    endloop
  endfacet
  facet normal 0 1 0
    outer loop
      vertex 1.14846 36.4 -6.49503
      vertex 2.99996 36.4 -8.74166
      vertex 1.09276 36.4 -6.54393
    endloop
  endfacet
  facet normal 0 1 0
    outer loop
      vertex 1.20206 36.4 -6.44374
      vertex 2.99996 36.4 -8.74166
      vertex 1.14846 36.4 -6.49503
    endloop
  endfacet
  facet normal 0 1 0
    outer loop
      vertex 1.25336 36.4 -6.39016
      vertex 2.99996 36.4 -8.74166
      vertex 1.20206 36.4 -6.44374
    endloop
  endfacet
  facet normal 0 1 0
    outer loop
      vertex 1.30226 36.4 -6.33439
      vertex 2.99996 36.4 -8.74166
      vertex 1.25336 36.4 -6.39016
    endloop
  endfacet
  facet normal 0 1 0
    outer loop
      vertex 1.34866 36.4 -6.27655
      vertex 2.99996 36.4 -8.74166
      vertex 1.30226 36.4 -6.33439
    endloop
  endfacet
  facet normal 0 1 0
    outer loop
      vertex 1.39256 36.4 -6.21673
      vertex 2.99996 36.4 -8.74166
      vertex 1.34866 36.4 -6.27655
    endloop
  endfacet
  facet normal 0 1 0
    outer loop
      vertex 1.43376 36.4 -6.15506
      vertex 2.99996 36.4 -8.74166
      vertex 1.39256 36.4 -6.21673
    endloop
  endfacet
  facet normal 0 1 0
    outer loop
      vertex 1.47226 36.4 -6.09165
      vertex 2.99996 36.4 -8.74166
      vertex 1.43376 36.4 -6.15506
    endloop
  endfacet
  facet normal 0 1 0
    outer loop
      vertex 1.50796 36.4 -6.02663
      vertex 2.99996 36.4 -8.74166
      vertex 1.47226 36.4 -6.09165
    endloop
  endfacet
  facet normal 0 1 0
    outer loop
      vertex 1.54076 36.4 -5.96011
      vertex 2.99996 36.4 -8.74166
      vertex 1.50796 36.4 -6.02663
    endloop
  endfacet
  facet normal 0 1 0
    outer loop
      vertex 1.57056 36.4 -5.89222
      vertex 2.99996 36.4 -8.74166
      vertex 1.54076 36.4 -5.96011
    endloop
  endfacet
  facet normal 0 1 0
    outer loop
      vertex 1.59746 36.4 -5.82309
      vertex 2.99996 36.4 -8.74166
      vertex 1.57056 36.4 -5.89222
    endloop
  endfacet
  facet normal 0 1 0
    outer loop
      vertex 2.99996 36.4 -2.49889
      vertex 3.49996 36.4 -0.497993
      vertex 3.49996 36.4 -2.49889
    endloop
  endfacet
  facet normal 0 1 0
    outer loop
      vertex 0.295156 36.4 -3.56748
      vertex 3.49996 36.4 -0.497993
      vertex 2.99996 36.4 -2.49889
    endloop
  endfacet
  facet normal 0 1 0
    outer loop
      vertex 3.49996 36.4 -0.497993
      vertex -4.1008e-05 36.4 -3.54165
      vertex -3.50004 36.4 -0.497993
    endloop
  endfacet
  facet normal 0 1 0
    outer loop
      vertex -3.50004 36.4 -0.497993
      vertex -3.00004 36.4 -2.49889
      vertex -3.50004 36.4 -2.49889
    endloop
  endfacet
  facet normal 0 1 -0
    outer loop
      vertex -0.148142 36.4 -3.54812
      vertex -3.50004 36.4 -0.497993
      vertex -0.0741396 36.4 -3.54327
    endloop
  endfacet
  facet normal 0 1 -0
    outer loop
      vertex -0.221942 36.4 -3.5562
      vertex -3.50004 36.4 -0.497993
      vertex -0.148142 36.4 -3.54812
    endloop
  endfacet
  facet normal 0 1 -0
    outer loop
      vertex -0.295239 36.4 -3.56748
      vertex -3.50004 36.4 -0.497993
      vertex -0.221942 36.4 -3.5562
    endloop
  endfacet
  facet normal 0 1 0
    outer loop
      vertex -3.50004 36.4 -0.497993
      vertex -0.295239 36.4 -3.56748
      vertex -3.00004 36.4 -2.49889
    endloop
  endfacet
  facet normal 0 1 -0
    outer loop
      vertex -0.367942 36.4 -3.58195
      vertex -3.00004 36.4 -2.49889
      vertex -0.295239 36.4 -3.56748
    endloop
  endfacet
  facet normal 0 1 -0
    outer loop
      vertex -0.440042 36.4 -3.59958
      vertex -3.00004 36.4 -2.49889
      vertex -0.367942 36.4 -3.58195
    endloop
  endfacet
  facet normal 0 1 -0
    outer loop
      vertex -0.511242 36.4 -3.62034
      vertex -3.00004 36.4 -2.49889
      vertex -0.440042 36.4 -3.59958
    endloop
  endfacet
  facet normal 0 1 -0
    outer loop
      vertex -0.581442 36.4 -3.64418
      vertex -3.00004 36.4 -2.49889
      vertex -0.511242 36.4 -3.62034
    endloop
  endfacet
  facet normal 0 1 -0
    outer loop
      vertex -0.650539 36.4 -3.67106
      vertex -3.00004 36.4 -2.49889
      vertex -0.581442 36.4 -3.64418
    endloop
  endfacet
  facet normal 0 1 -0
    outer loop
      vertex -0.718439 36.4 -3.70093
      vertex -3.00004 36.4 -2.49889
      vertex -0.650539 36.4 -3.67106
    endloop
  endfacet
  facet normal 0 1 -0
    outer loop
      vertex -0.784942 36.4 -3.73374
      vertex -3.00004 36.4 -2.49889
      vertex -0.718439 36.4 -3.70093
    endloop
  endfacet
  facet normal 0 1 -0
    outer loop
      vertex -0.850039 36.4 -3.76941
      vertex -3.00004 36.4 -2.49889
      vertex -0.784942 36.4 -3.73374
    endloop
  endfacet
  facet normal 0 1 -0
    outer loop
      vertex -0.913442 36.4 -3.80789
      vertex -3.00004 36.4 -2.49889
      vertex -0.850039 36.4 -3.76941
    endloop
  endfacet
  facet normal 0 1 -0
    outer loop
      vertex -0.975039 36.4 -3.8491
      vertex -3.00004 36.4 -2.49889
      vertex -0.913442 36.4 -3.80789
    endloop
  endfacet
  facet normal 0 1 -0
    outer loop
      vertex -1.03494 36.4 -3.89295
      vertex -3.00004 36.4 -2.49889
      vertex -0.975039 36.4 -3.8491
    endloop
  endfacet
  facet normal 0 1 -0
    outer loop
      vertex -1.09274 36.4 -3.93938
      vertex -3.00004 36.4 -2.49889
      vertex -1.03494 36.4 -3.89295
    endloop
  endfacet
  facet normal 0 1 -0
    outer loop
      vertex -1.14854 36.4 -3.98828
      vertex -3.00004 36.4 -2.49889
      vertex -1.09274 36.4 -3.93938
    endloop
  endfacet
  facet normal 0 1 -0
    outer loop
      vertex -1.20204 36.4 -4.03957
      vertex -3.00004 36.4 -2.49889
      vertex -1.14854 36.4 -3.98828
    endloop
  endfacet
  facet normal 0 1 -0
    outer loop
      vertex -1.25334 36.4 -4.09315
      vertex -3.00004 36.4 -2.49889
      vertex -1.20204 36.4 -4.03957
    endloop
  endfacet
  facet normal 0 1 -0
    outer loop
      vertex -1.30224 36.4 -4.14892
      vertex -3.00004 36.4 -2.49889
      vertex -1.25334 36.4 -4.09315
    endloop
  endfacet
  facet normal 0 1 -0
    outer loop
      vertex -1.34874 36.4 -4.20676
      vertex -3.00004 36.4 -2.49889
      vertex -1.30224 36.4 -4.14892
    endloop
  endfacet
  facet normal 0 1 -0
    outer loop
      vertex -1.39254 36.4 -4.26658
      vertex -3.00004 36.4 -2.49889
      vertex -1.34874 36.4 -4.20676
    endloop
  endfacet
  facet normal 0 1 -0
    outer loop
      vertex -1.43374 36.4 -4.32825
      vertex -3.00004 36.4 -2.49889
      vertex -1.39254 36.4 -4.26658
    endloop
  endfacet
  facet normal 0 1 -0
    outer loop
      vertex -1.47224 36.4 -4.39165
      vertex -3.00004 36.4 -2.49889
      vertex -1.43374 36.4 -4.32825
    endloop
  endfacet
  facet normal 0 1 -0
    outer loop
      vertex -1.50794 36.4 -4.45668
      vertex -3.00004 36.4 -2.49889
      vertex -1.47224 36.4 -4.39165
    endloop
  endfacet
  facet normal 0 1 -0
    outer loop
      vertex -1.54074 36.4 -4.5232
      vertex -3.00004 36.4 -2.49889
      vertex -1.50794 36.4 -4.45668
    endloop
  endfacet
  facet normal 0 1 -0
    outer loop
      vertex -1.57064 36.4 -4.59109
      vertex -3.00004 36.4 -2.49889
      vertex -1.54074 36.4 -4.5232
    endloop
  endfacet
  facet normal 0 1 -0
    outer loop
      vertex -1.59744 36.4 -4.66022
      vertex -3.00004 36.4 -2.49889
      vertex -1.57064 36.4 -4.59109
    endloop
  endfacet
  facet normal 0 1 -0
    outer loop
      vertex -1.62134 36.4 -4.73046
      vertex -3.00004 36.4 -2.49889
      vertex -1.59744 36.4 -4.66022
    endloop
  endfacet
  facet normal 0 1 -0
    outer loop
      vertex -1.64204 36.4 -4.80166
      vertex -3.00004 36.4 -2.49889
      vertex -1.62134 36.4 -4.73046
    endloop
  endfacet
  facet normal 0 1 -0
    outer loop
      vertex -1.65974 36.4 -4.87371
      vertex -3.00004 36.4 -2.49889
      vertex -1.64204 36.4 -4.80166
    endloop
  endfacet
  facet normal 0 1 -0
    outer loop
      vertex -1.67414 36.4 -4.94645
      vertex -3.00004 36.4 -2.49889
      vertex -1.65974 36.4 -4.87371
    endloop
  endfacet
  facet normal 0 1 -0
    outer loop
      vertex -1.68544 36.4 -5.01976
      vertex -3.00004 36.4 -2.49889
      vertex -1.67414 36.4 -4.94645
    endloop
  endfacet
  facet normal 0 1 -0
    outer loop
      vertex -1.69354 36.4 -5.09349
      vertex -3.00004 36.4 -2.49889
      vertex -1.68544 36.4 -5.01976
    endloop
  endfacet
  facet normal 0 1 -0
    outer loop
      vertex -1.69834 36.4 -5.1675
      vertex -3.00004 36.4 -2.49889
      vertex -1.69354 36.4 -5.09349
    endloop
  endfacet
  facet normal 0 1 -0
    outer loop
      vertex -1.70004 36.4 -5.24166
      vertex -3.00004 36.4 -2.49889
      vertex -1.69834 36.4 -5.1675
    endloop
  endfacet
  facet normal 0 1 0
    outer loop
      vertex -1.69834 36.4 -5.31581
      vertex -3.00004 36.4 -2.49889
      vertex -1.70004 36.4 -5.24166
    endloop
  endfacet
  facet normal 0 1 0
    outer loop
      vertex -1.69354 36.4 -5.38982
      vertex -3.00004 36.4 -2.49889
      vertex -1.69834 36.4 -5.31581
    endloop
  endfacet
  facet normal 0 1 0
    outer loop
      vertex -3.00004 36.4 -8.74166
      vertex -1.69354 36.4 -5.38982
      vertex -1.68544 36.4 -5.46355
    endloop
  endfacet
  facet normal 0 1 0
    outer loop
      vertex -3.00004 36.4 -8.74166
      vertex -1.68544 36.4 -5.46355
      vertex -1.67414 36.4 -5.53686
    endloop
  endfacet
  facet normal 0 1 0
    outer loop
      vertex -3.00004 36.4 -8.74166
      vertex -1.67414 36.4 -5.53686
      vertex -1.65974 36.4 -5.6096
    endloop
  endfacet
  facet normal 0 1 0
    outer loop
      vertex -3.00004 36.4 -8.74166
      vertex -1.65974 36.4 -5.6096
      vertex -1.64204 36.4 -5.68165
    endloop
  endfacet
  facet normal 0 1 0
    outer loop
      vertex -3.00004 36.4 -8.74166
      vertex -1.64204 36.4 -5.68165
      vertex -1.62134 36.4 -5.75285
    endloop
  endfacet
  facet normal 0 1 0
    outer loop
      vertex -3.00004 36.4 -8.74166
      vertex -1.62134 36.4 -5.75285
      vertex -1.59744 36.4 -5.82309
    endloop
  endfacet
  facet normal 0 1 0
    outer loop
      vertex -3.00004 36.4 -8.74166
      vertex -1.59744 36.4 -5.82309
      vertex -1.57064 36.4 -5.89222
    endloop
  endfacet
  facet normal 0 1 0
    outer loop
      vertex -3.00004 36.4 -8.74166
      vertex -4.1008e-05 36.4 -6.94165
      vertex 2.99996 36.4 -8.74166
    endloop
  endfacet
  facet normal 0 1 0
    outer loop
      vertex -4.1008e-05 36.4 -6.94165
      vertex -3.00004 36.4 -8.74166
      vertex -0.0741396 36.4 -6.94004
    endloop
  endfacet
  facet normal 0 1 0
    outer loop
      vertex -0.0741396 36.4 -6.94004
      vertex -3.00004 36.4 -8.74166
      vertex -0.148142 36.4 -6.93519
    endloop
  endfacet
  facet normal 0 1 0
    outer loop
      vertex -0.148142 36.4 -6.93519
      vertex -3.00004 36.4 -8.74166
      vertex -0.221942 36.4 -6.92711
    endloop
  endfacet
  facet normal 0 1 0
    outer loop
      vertex -0.221942 36.4 -6.92711
      vertex -3.00004 36.4 -8.74166
      vertex -0.295239 36.4 -6.91583
    endloop
  endfacet
  facet normal 0 1 0
    outer loop
      vertex -0.295239 36.4 -6.91583
      vertex -3.00004 36.4 -8.74166
      vertex -0.367942 36.4 -6.90136
    endloop
  endfacet
  facet normal 0 1 0
    outer loop
      vertex -0.367942 36.4 -6.90136
      vertex -3.00004 36.4 -8.74166
      vertex -0.440042 36.4 -6.88373
    endloop
  endfacet
  facet normal 0 1 0
    outer loop
      vertex -0.440042 36.4 -6.88373
      vertex -3.00004 36.4 -8.74166
      vertex -0.511242 36.4 -6.86297
    endloop
  endfacet
  facet normal 0 1 0
    outer loop
      vertex -0.511242 36.4 -6.86297
      vertex -3.00004 36.4 -8.74166
      vertex -0.581442 36.4 -6.83913
    endloop
  endfacet
  facet normal 0 1 0
    outer loop
      vertex -0.581442 36.4 -6.83913
      vertex -3.00004 36.4 -8.74166
      vertex -0.650539 36.4 -6.81225
    endloop
  endfacet
  facet normal 0 1 0
    outer loop
      vertex -0.650539 36.4 -6.81225
      vertex -3.00004 36.4 -8.74166
      vertex -0.718439 36.4 -6.78238
    endloop
  endfacet
  facet normal 0 1 0
    outer loop
      vertex -1.69354 36.4 -5.38982
      vertex -3.00004 36.4 -8.74166
      vertex -3.00004 36.4 -2.49889
    endloop
  endfacet
  facet normal 0 1 0
    outer loop
      vertex -1.54074 36.4 -5.96011
      vertex -3.00004 36.4 -8.74166
      vertex -1.57064 36.4 -5.89222
    endloop
  endfacet
  facet normal 0 1 0
    outer loop
      vertex -1.50794 36.4 -6.02663
      vertex -3.00004 36.4 -8.74166
      vertex -1.54074 36.4 -5.96011
    endloop
  endfacet
  facet normal 0 1 0
    outer loop
      vertex -1.47224 36.4 -6.09165
      vertex -3.00004 36.4 -8.74166
      vertex -1.50794 36.4 -6.02663
    endloop
  endfacet
  facet normal 0 1 0
    outer loop
      vertex -1.43374 36.4 -6.15506
      vertex -3.00004 36.4 -8.74166
      vertex -1.47224 36.4 -6.09165
    endloop
  endfacet
  facet normal 0 1 0
    outer loop
      vertex -1.39254 36.4 -6.21673
      vertex -3.00004 36.4 -8.74166
      vertex -1.43374 36.4 -6.15506
    endloop
  endfacet
  facet normal 0 1 0
    outer loop
      vertex -1.34874 36.4 -6.27655
      vertex -3.00004 36.4 -8.74166
      vertex -1.39254 36.4 -6.21673
    endloop
  endfacet
  facet normal 0 1 0
    outer loop
      vertex -1.30224 36.4 -6.33439
      vertex -3.00004 36.4 -8.74166
      vertex -1.34874 36.4 -6.27655
    endloop
  endfacet
  facet normal 0 1 0
    outer loop
      vertex -1.25334 36.4 -6.39016
      vertex -3.00004 36.4 -8.74166
      vertex -1.30224 36.4 -6.33439
    endloop
  endfacet
  facet normal 0 1 0
    outer loop
      vertex -1.20204 36.4 -6.44374
      vertex -3.00004 36.4 -8.74166
      vertex -1.25334 36.4 -6.39016
    endloop
  endfacet
  facet normal 0 1 0
    outer loop
      vertex -1.14854 36.4 -6.49503
      vertex -3.00004 36.4 -8.74166
      vertex -1.20204 36.4 -6.44374
    endloop
  endfacet
  facet normal 0 1 0
    outer loop
      vertex -1.09274 36.4 -6.54393
      vertex -3.00004 36.4 -8.74166
      vertex -1.14854 36.4 -6.49503
    endloop
  endfacet
  facet normal 0 1 0
    outer loop
      vertex -1.03494 36.4 -6.59036
      vertex -3.00004 36.4 -8.74166
      vertex -1.09274 36.4 -6.54393
    endloop
  endfacet
  facet normal 0 1 0
    outer loop
      vertex -0.975039 36.4 -6.63421
      vertex -3.00004 36.4 -8.74166
      vertex -1.03494 36.4 -6.59036
    endloop
  endfacet
  facet normal 0 1 0
    outer loop
      vertex -0.913442 36.4 -6.67542
      vertex -3.00004 36.4 -8.74166
      vertex -0.975039 36.4 -6.63421
    endloop
  endfacet
  facet normal 0 1 0
    outer loop
      vertex -0.850039 36.4 -6.7139
      vertex -3.00004 36.4 -8.74166
      vertex -0.913442 36.4 -6.67542
    endloop
  endfacet
  facet normal 0 1 0
    outer loop
      vertex -0.784942 36.4 -6.74957
      vertex -3.00004 36.4 -8.74166
      vertex -0.850039 36.4 -6.7139
    endloop
  endfacet
  facet normal 0 1 0
    outer loop
      vertex -0.718439 36.4 -6.78238
      vertex -3.00004 36.4 -8.74166
      vertex -0.784942 36.4 -6.74957
    endloop
  endfacet
  facet normal 1 0 0
    outer loop
      vertex 2.99996 36.2099 -2.49063
      vertex 2.99996 36.4 -8.74166
      vertex 2.99996 36.4 -2.49889
    endloop
  endfacet
  facet normal 1 0 0
    outer loop
      vertex 2.99996 36.0202 -2.47434
      vertex 2.99996 36.4 -8.74166
      vertex 2.99996 36.2099 -2.49063
    endloop
  endfacet
  facet normal 1 0 0
    outer loop
      vertex 2.99996 35.8314 -2.45005
      vertex 2.99996 36.4 -8.74166
      vertex 2.99996 36.0202 -2.47434
    endloop
  endfacet
  facet normal 1 0 0
    outer loop
      vertex 2.99996 35.6438 -2.41779
      vertex 2.99996 36.4 -8.74166
      vertex 2.99996 35.8314 -2.45005
    endloop
  endfacet
  facet normal 1 0 0
    outer loop
      vertex 2.99996 34 -8.74166
      vertex 2.99996 35.6438 -2.41779
      vertex 2.99996 35.4577 -2.37763
    endloop
  endfacet
  facet normal 1 0 0
    outer loop
      vertex 2.99996 34 -8.74166
      vertex 2.99996 35.4577 -2.37763
      vertex 2.99996 35.2735 -2.32963
    endloop
  endfacet
  facet normal 1 0 0
    outer loop
      vertex 2.99996 34 -8.74166
      vertex 2.99996 35.2735 -2.32963
      vertex 2.99996 35.0915 -2.27388
    endloop
  endfacet
  facet normal 1 0 0
    outer loop
      vertex 2.99996 34 -8.74166
      vertex 2.99996 35.0915 -2.27388
      vertex 2.99996 34.912 -2.21049
    endloop
  endfacet
  facet normal 1 0 0
    outer loop
      vertex 2.99996 34 -8.74166
      vertex 2.99996 34.912 -2.21049
      vertex 2.99996 34.7354 -2.13957
    endloop
  endfacet
  facet normal 1 0 0
    outer loop
      vertex 2.99996 34 -8.74166
      vertex 2.99996 34.7354 -2.13957
      vertex 2.99996 34.5619 -2.06124
    endloop
  endfacet
  facet normal 1 0 0
    outer loop
      vertex 2.99996 34 -8.74166
      vertex 2.99996 34.5619 -2.06124
      vertex 2.99996 34.3919 -1.97564
    endloop
  endfacet
  facet normal 1 0 0
    outer loop
      vertex 2.99996 34 -8.74166
      vertex 2.99996 34.3919 -1.97564
      vertex 2.99996 34.2256 -1.88292
    endloop
  endfacet
  facet normal 1 0 0
    outer loop
      vertex 2.99996 34 -8.74166
      vertex 2.99996 34.2256 -1.88292
      vertex 2.99996 34.0635 -1.78326
    endloop
  endfacet
  facet normal 1 0 0
    outer loop
      vertex 2.99996 34 -8.74166
      vertex 2.99996 34.0635 -1.78326
      vertex 2.99996 34 -1.74166
    endloop
  endfacet
  facet normal 1 0 0
    outer loop
      vertex 2.99996 35.6438 -2.41779
      vertex 2.99996 34 -8.74166
      vertex 2.99996 36.4 -8.74166
    endloop
  endfacet
  facet normal 1 0 0
    outer loop
      vertex 3.49996 36.2099 -2.49063
      vertex 3.49996 36.4 -0.497993
      vertex 3.49996 36.2925 -0.491364
    endloop
  endfacet
  facet normal 1 0 0
    outer loop
      vertex 3.49996 36.4 -0.497993
      vertex 3.49996 36.2099 -2.49063
      vertex 3.49996 36.4 -2.49889
    endloop
  endfacet
  facet normal 1 0 0
    outer loop
      vertex 3.49996 36.0202 -2.47434
      vertex 3.49996 36.2925 -0.491364
      vertex 3.49996 36.1852 -0.480099
    endloop
  endfacet
  facet normal 1 0 0
    outer loop
      vertex 3.49996 35.8314 -2.45005
      vertex 3.49996 36.1852 -0.480099
      vertex 3.49996 36.0786 -0.464224
    endloop
  endfacet
  facet normal 1 0 0
    outer loop
      vertex 3.49996 36.2925 -0.491364
      vertex 3.49996 36.0202 -2.47434
      vertex 3.49996 36.2099 -2.49063
    endloop
  endfacet
  facet normal 1 0 0
    outer loop
      vertex 3.49996 35.6438 -2.41779
      vertex 3.49996 36.0786 -0.464224
      vertex 3.49996 35.9728 -0.443767
    endloop
  endfacet
  facet normal 1 0 0
    outer loop
      vertex 3.49996 35.4577 -2.37763
      vertex 3.49996 35.9728 -0.443767
      vertex 3.49996 35.8679 -0.418768
    endloop
  endfacet
  facet normal 1 0 0
    outer loop
      vertex 3.49996 36.1852 -0.480099
      vertex 3.49996 35.8314 -2.45005
      vertex 3.49996 36.0202 -2.47434
    endloop
  endfacet
  facet normal 1 0 0
    outer loop
      vertex 3.49996 35.2735 -2.32963
      vertex 3.49996 35.8679 -0.418768
      vertex 3.49996 35.7643 -0.389271
    endloop
  endfacet
  facet normal 1 0 0
    outer loop
      vertex 3.49996 35.0915 -2.27388
      vertex 3.49996 35.7643 -0.389271
      vertex 3.49996 35.6619 -0.35533
    endloop
  endfacet
  facet normal 1 0 0
    outer loop
      vertex 3.49996 36.0786 -0.464224
      vertex 3.49996 35.6438 -2.41779
      vertex 3.49996 35.8314 -2.45005
    endloop
  endfacet
  facet normal 1 0 0
    outer loop
      vertex 3.49996 34.912 -2.21049
      vertex 3.49996 35.6619 -0.35533
      vertex 3.49996 35.5612 -0.317015
    endloop
  endfacet
  facet normal 1 0 0
    outer loop
      vertex 3.49996 34.7354 -2.13957
      vertex 3.49996 35.5612 -0.317015
      vertex 3.49996 35.4622 -0.274388
    endloop
  endfacet
  facet normal 1 0 0
    outer loop
      vertex 3.49996 35.9728 -0.443767
      vertex 3.49996 35.4577 -2.37763
      vertex 3.49996 35.6438 -2.41779
    endloop
  endfacet
  facet normal 1 0 0
    outer loop
      vertex 3.49996 34.5619 -2.06124
      vertex 3.49996 35.4622 -0.274388
      vertex 3.49996 35.3651 -0.227535
    endloop
  endfacet
  facet normal 1 0 0
    outer loop
      vertex 3.49996 35.8679 -0.418768
      vertex 3.49996 35.2735 -2.32963
      vertex 3.49996 35.4577 -2.37763
    endloop
  endfacet
  facet normal 1 0 0
    outer loop
      vertex 3.49996 34.3919 -1.97564
      vertex 3.49996 35.3651 -0.227535
      vertex 3.49996 35.2701 -0.17654
    endloop
  endfacet
  facet normal 1 0 0
    outer loop
      vertex 3.49996 34.2256 -1.88292
      vertex 3.49996 35.2701 -0.17654
      vertex 3.49996 35.1775 -0.121503
    endloop
  endfacet
  facet normal 1 0 0
    outer loop
      vertex 3.49996 35.7643 -0.389271
      vertex 3.49996 35.0915 -2.27388
      vertex 3.49996 35.2735 -2.32963
    endloop
  endfacet
  facet normal 1 0 0
    outer loop
      vertex 3.49996 34.0635 -1.78326
      vertex 3.49996 35.1775 -0.121503
      vertex 3.49996 35.0872 -0.0625153
    endloop
  endfacet
  facet normal 1 0 0
    outer loop
      vertex 3.49996 33.9 -1.6727
      vertex 3.49996 35.0872 -0.0625153
      vertex 3.49996 34.9996 0.000302315
    endloop
  endfacet
  facet normal 1 0 0
    outer loop
      vertex 3.49996 33.9 -1.6727
      vertex 3.49996 34.9996 0.000302315
      vertex 3.49996 34.9148 0.0668383
    endloop
  endfacet
  facet normal 1 0 0
    outer loop
      vertex 3.49996 35.6619 -0.35533
      vertex 3.49996 34.912 -2.21049
      vertex 3.49996 35.0915 -2.27388
    endloop
  endfacet
  facet normal 1 0 0
    outer loop
      vertex 3.49996 33.9 -1.6727
      vertex 3.49996 34.9148 0.0668383
      vertex 3.49996 34.833 0.13697
    endloop
  endfacet
  facet normal 1 0 0
    outer loop
      vertex 3.49996 33.9 -1.6727
      vertex 3.49996 34.833 0.13697
      vertex 3.49996 34.7542 0.210564
    endloop
  endfacet
  facet normal 1 0 0
    outer loop
      vertex 3.49996 35.5612 -0.317015
      vertex 3.49996 34.7354 -2.13957
      vertex 3.49996 34.912 -2.21049
    endloop
  endfacet
  facet normal 1 0 0
    outer loop
      vertex 3.49996 33.9 -1.6727
      vertex 3.49996 34.7542 0.210564
      vertex 3.49996 34.6787 0.287482
    endloop
  endfacet
  facet normal 1 0 0
    outer loop
      vertex 3.49996 33.9 -1.6727
      vertex 3.49996 34.6787 0.287482
      vertex 3.49996 34.6066 0.36759
    endloop
  endfacet
  facet normal 1 0 0
    outer loop
      vertex 3.49996 35.4622 -0.274388
      vertex 3.49996 34.5619 -2.06124
      vertex 3.49996 34.7354 -2.13957
    endloop
  endfacet
  facet normal 1 0 0
    outer loop
      vertex 3.49996 33.9 -1.6727
      vertex 3.49996 34.6066 0.36759
      vertex 3.49996 34.538 0.450728
    endloop
  endfacet
  facet normal 1 0 0
    outer loop
      vertex 3.49996 33.9 -1.6727
      vertex 3.49996 34.538 0.450728
      vertex 3.49996 34.473 0.536751
    endloop
  endfacet
  facet normal 1 0 0
    outer loop
      vertex 3.49996 33.9 -1.6727
      vertex 3.49996 34.473 0.536751
      vertex 3.49996 34.4118 0.625488
    endloop
  endfacet
  facet normal 1 0 0
    outer loop
      vertex 3.49996 35.3651 -0.227535
      vertex 3.49996 34.3919 -1.97564
      vertex 3.49996 34.5619 -2.06124
    endloop
  endfacet
  facet normal 1 0 0
    outer loop
      vertex 3.49996 33.9 -1.6727
      vertex 3.49996 34.4118 0.625488
      vertex 3.49996 34.3545 0.716785
    endloop
  endfacet
  facet normal 1 0 0
    outer loop
      vertex 3.49996 33.9 -1.6727
      vertex 3.49996 34.3545 0.716785
      vertex 3.49996 34.3012 0.810469
    endloop
  endfacet
  facet normal 1 0 0
    outer loop
      vertex 3.49996 33.9 -1.6727
      vertex 3.49996 34.3012 0.810469
      vertex 3.49996 34.2519 0.906362
    endloop
  endfacet
  facet normal 1 0 0
    outer loop
      vertex 3.49996 35.2701 -0.17654
      vertex 3.49996 34.2256 -1.88292
      vertex 3.49996 34.3919 -1.97564
    endloop
  endfacet
  facet normal 1 0 0
    outer loop
      vertex 3.49996 33.9 -1.6727
      vertex 3.49996 34.2519 0.906362
      vertex 3.49996 34.2069 1.00429
    endloop
  endfacet
  facet normal 1 0 0
    outer loop
      vertex 3.49996 33.9 -1.6727
      vertex 3.49996 34.2069 1.00429
      vertex 3.49996 34.1661 1.10407
    endloop
  endfacet
  facet normal 1 0 0
    outer loop
      vertex 3.49996 33.9 -1.6727
      vertex 3.49996 34.1661 1.10407
      vertex 3.49996 34.1296 1.20551
    endloop
  endfacet
  facet normal 1 0 0
    outer loop
      vertex 3.49996 33.9 -1.6727
      vertex 3.49996 34.1296 1.20551
      vertex 3.49996 34.0976 1.30843
    endloop
  endfacet
  facet normal 1 0 0
    outer loop
      vertex 3.49996 33.9 -1.6727
      vertex 3.49996 34.0976 1.30843
      vertex 3.49996 34.07 1.41263
    endloop
  endfacet
  facet normal 1 0 0
    outer loop
      vertex 3.49996 35.1775 -0.121503
      vertex 3.49996 34.0635 -1.78326
      vertex 3.49996 34.2256 -1.88292
    endloop
  endfacet
  facet normal 1 0 0
    outer loop
      vertex 3.49996 33.9 -1.6727
      vertex 3.49996 34.07 1.41263
      vertex 3.49996 34.047 1.51793
    endloop
  endfacet
  facet normal 1 0 0
    outer loop
      vertex 3.49996 33.9 -1.6727
      vertex 3.49996 34.047 1.51793
      vertex 3.49996 34.0285 1.62413
    endloop
  endfacet
  facet normal 1 0 0
    outer loop
      vertex 3.49996 33.9 -1.6727
      vertex 3.49996 34.0285 1.62413
      vertex 3.49996 34.0146 1.73102
    endloop
  endfacet
  facet normal 1 0 0
    outer loop
      vertex 3.49996 33.9 -1.6727
      vertex 3.49996 34.0146 1.73102
      vertex 3.49996 34.0053 1.83841
    endloop
  endfacet
  facet normal 1 0 0
    outer loop
      vertex 3.49996 33.9 -1.6727
      vertex 3.49996 34.0053 1.83841
      vertex 3.49996 34.0006 1.94611
    endloop
  endfacet
  facet normal 1 0 0
    outer loop
      vertex 3.49996 34.0053 2.16159
      vertex 3.49996 33.9 5.73939
      vertex 3.49996 34.0006 2.0539
    endloop
  endfacet
  facet normal 1 0 0
    outer loop
      vertex 3.49996 34.0006 2.0539
      vertex 3.49996 33.9 5.73939
      vertex 3.49996 34.0006 1.94611
    endloop
  endfacet
  facet normal 1 0 0
    outer loop
      vertex 3.49996 33.9 -1.6727
      vertex 3.49996 34.0006 1.94611
      vertex 3.49996 33.9 5.73939
    endloop
  endfacet
  facet normal 1 0 0
    outer loop
      vertex 3.49996 35.0872 -0.0625153
      vertex 3.49996 33.9 -1.6727
      vertex 3.49996 33.9056 -1.67683
    endloop
  endfacet
  facet normal 1 0 0
    outer loop
      vertex 3.49996 35.0872 -0.0625153
      vertex 3.49996 33.9056 -1.67683
      vertex 3.49996 34.0635 -1.78326
    endloop
  endfacet
  facet normal 1 0 0
    outer loop
      vertex 3.49996 38.6493 8.80732
      vertex 3.49996 37.6489 8.80016
      vertex 3.49996 37.65 8.75
    endloop
  endfacet
  facet normal 1 0 0
    outer loop
      vertex 3.49996 37.7764 10.4801
      vertex 3.49996 37.6457 8.85023
      vertex 3.49996 37.6489 8.80016
    endloop
  endfacet
  facet normal 1 0 0
    outer loop
      vertex 3.49996 37.7764 10.4801
      vertex 3.49996 37.6402 8.90011
      vertex 3.49996 37.6457 8.85023
    endloop
  endfacet
  facet normal 1 0 0
    outer loop
      vertex 3.49996 37.7764 10.4801
      vertex 3.49996 37.6326 8.9497
      vertex 3.49996 37.6402 8.90011
    endloop
  endfacet
  facet normal 1 0 0
    outer loop
      vertex 3.49996 37.7764 10.4801
      vertex 3.49996 37.6228 8.99891
      vertex 3.49996 37.6326 8.9497
    endloop
  endfacet
  facet normal 1 0 0
    outer loop
      vertex 3.49996 37.1179 9.7199
      vertex 3.49996 37.7004 10.5337
      vertex 3.49996 37.6221 10.5839
    endloop
  endfacet
  facet normal 1 0 0
    outer loop
      vertex 3.49996 37.7764 10.4801
      vertex 3.49996 37.6108 9.04764
      vertex 3.49996 37.6228 8.99891
    endloop
  endfacet
  facet normal 1 0 0
    outer loop
      vertex 3.49996 37.7764 10.4801
      vertex 3.49996 37.5968 9.09581
      vertex 3.49996 37.6108 9.04764
    endloop
  endfacet
  facet normal 1 0 0
    outer loop
      vertex 3.49996 37.7764 10.4801
      vertex 3.49996 37.5807 9.14333
      vertex 3.49996 37.5968 9.09581
    endloop
  endfacet
  facet normal 1 0 0
    outer loop
      vertex 3.49996 37.7764 10.4801
      vertex 3.49996 37.5625 9.19009
      vertex 3.49996 37.5807 9.14333
    endloop
  endfacet
  facet normal 1 0 0
    outer loop
      vertex 3.49996 37.7764 10.4801
      vertex 3.49996 37.5423 9.23601
      vertex 3.49996 37.5625 9.19009
    endloop
  endfacet
  facet normal 1 0 0
    outer loop
      vertex 3.49996 37.075 9.74593
      vertex 3.49996 37.6221 10.5839
      vertex 3.49996 37.5418 10.6308
    endloop
  endfacet
  facet normal 1 0 0
    outer loop
      vertex 3.49996 37.7764 10.4801
      vertex 3.49996 37.5201 9.28101
      vertex 3.49996 37.5423 9.23601
    endloop
  endfacet
  facet normal 1 0 0
    outer loop
      vertex 3.49996 37.7764 10.4801
      vertex 3.49996 37.496 9.325
      vertex 3.49996 37.5201 9.28101
    endloop
  endfacet
  facet normal 1 0 0
    outer loop
      vertex 3.49996 37.7764 10.4801
      vertex 3.49996 37.4699 9.3679
      vertex 3.49996 37.496 9.325
    endloop
  endfacet
  facet normal 1 0 0
    outer loop
      vertex 3.49996 37.0311 9.77006
      vertex 3.49996 37.5418 10.6308
      vertex 3.49996 37.4595 10.674
    endloop
  endfacet
  facet normal 1 0 0
    outer loop
      vertex 3.49996 37.7764 10.4801
      vertex 3.49996 37.4421 9.40961
      vertex 3.49996 37.4699 9.3679
    endloop
  endfacet
  facet normal 1 0 0
    outer loop
      vertex 3.49996 37.7764 10.4801
      vertex 3.49996 37.4124 9.45008
      vertex 3.49996 37.4421 9.40961
    endloop
  endfacet
  facet normal 1 0 0
    outer loop
      vertex 3.49996 37.7764 10.4801
      vertex 3.49996 37.381 9.48921
      vertex 3.49996 37.4124 9.45008
    endloop
  endfacet
  facet normal 1 0 0
    outer loop
      vertex 3.49996 36.9861 9.79226
      vertex 3.49996 37.4595 10.674
      vertex 3.49996 37.3753 10.7137
    endloop
  endfacet
  facet normal 1 0 0
    outer loop
      vertex 3.49996 37.7764 10.4801
      vertex 3.49996 37.3479 9.52693
      vertex 3.49996 37.381 9.48921
    endloop
  endfacet
  facet normal 1 0 0
    outer loop
      vertex 3.49996 37.7764 10.4801
      vertex 3.49996 37.3132 9.56318
      vertex 3.49996 37.3479 9.52693
    endloop
  endfacet
  facet normal 1 0 0
    outer loop
      vertex 3.49996 36.9401 9.81246
      vertex 3.49996 37.3753 10.7137
      vertex 3.49996 37.2896 10.7498
    endloop
  endfacet
  facet normal 1 0 0
    outer loop
      vertex 3.49996 37.7764 10.4801
      vertex 3.49996 37.277 9.59787
      vertex 3.49996 37.3132 9.56318
    endloop
  endfacet
  facet normal 1 0 0
    outer loop
      vertex 3.49996 37.7764 10.4801
      vertex 3.49996 37.2392 9.63095
      vertex 3.49996 37.277 9.59787
    endloop
  endfacet
  facet normal 1 0 0
    outer loop
      vertex 3.49996 36.8934 9.83065
      vertex 3.49996 37.2896 10.7498
      vertex 3.49996 37.2024 10.782
    endloop
  endfacet
  facet normal 1 0 0
    outer loop
      vertex 3.49996 37.7764 10.4801
      vertex 3.49996 37.2001 9.66236
      vertex 3.49996 37.2392 9.63095
    endloop
  endfacet
  facet normal 1 0 0
    outer loop
      vertex 3.49996 37.7764 10.4801
      vertex 3.49996 37.1597 9.69203
      vertex 3.49996 37.2001 9.66236
    endloop
  endfacet
  facet normal 1 0 0
    outer loop
      vertex 3.49996 37.7004 10.5337
      vertex 3.49996 37.1179 9.7199
      vertex 3.49996 37.1597 9.69203
    endloop
  endfacet
  facet normal 1 0 0
    outer loop
      vertex 3.49996 36.8459 9.84678
      vertex 3.49996 37.2024 10.782
      vertex 3.49996 37.1138 10.8105
    endloop
  endfacet
  facet normal 1 0 0
    outer loop
      vertex 3.49996 37.6221 10.5839
      vertex 3.49996 37.075 9.74593
      vertex 3.49996 37.1179 9.7199
    endloop
  endfacet
  facet normal 1 0 0
    outer loop
      vertex 3.49996 37.5418 10.6308
      vertex 3.49996 37.0311 9.77006
      vertex 3.49996 37.075 9.74593
    endloop
  endfacet
  facet normal 1 0 0
    outer loop
      vertex 3.49996 36.7977 9.86082
      vertex 3.49996 37.1138 10.8105
      vertex 3.49996 37.0241 10.8351
    endloop
  endfacet
  facet normal 1 0 0
    outer loop
      vertex 3.49996 37.4595 10.674
      vertex 3.49996 36.9861 9.79226
      vertex 3.49996 37.0311 9.77006
    endloop
  endfacet
  facet normal 1 0 0
    outer loop
      vertex 3.49996 37.3753 10.7137
      vertex 3.49996 36.9401 9.81246
      vertex 3.49996 36.9861 9.79226
    endloop
  endfacet
  facet normal 1 0 0
    outer loop
      vertex 3.49996 36.7489 9.87274
      vertex 3.49996 37.0241 10.8351
      vertex 3.49996 36.9335 10.8558
    endloop
  endfacet
  facet normal 1 0 0
    outer loop
      vertex 3.49996 37.2896 10.7498
      vertex 3.49996 36.8934 9.83065
      vertex 3.49996 36.9401 9.81246
    endloop
  endfacet
  facet normal 1 0 0
    outer loop
      vertex 3.49996 37.2024 10.782
      vertex 3.49996 36.8459 9.84678
      vertex 3.49996 36.8934 9.83065
    endloop
  endfacet
  facet normal 1 0 0
    outer loop
      vertex 3.49996 36.6997 9.88253
      vertex 3.49996 36.9335 10.8558
      vertex 3.49996 36.842 10.8726
    endloop
  endfacet
  facet normal 1 0 0
    outer loop
      vertex 3.49996 37.1138 10.8105
      vertex 3.49996 36.7977 9.86082
      vertex 3.49996 36.8459 9.84678
    endloop
  endfacet
  facet normal 1 0 0
    outer loop
      vertex 3.49996 36.6501 9.89016
      vertex 3.49996 36.842 10.8726
      vertex 3.49996 36.7499 10.8854
    endloop
  endfacet
  facet normal 1 0 0
    outer loop
      vertex 3.49996 37.0241 10.8351
      vertex 3.49996 36.7489 9.87274
      vertex 3.49996 36.7977 9.86082
    endloop
  endfacet
  facet normal 1 0 0
    outer loop
      vertex 3.49996 36.9335 10.8558
      vertex 3.49996 36.6997 9.88253
      vertex 3.49996 36.7489 9.87274
    endloop
  endfacet
  facet normal 1 0 0
    outer loop
      vertex 3.49996 36.6003 9.89563
      vertex 3.49996 36.7499 10.8854
      vertex 3.49996 36.6573 10.8942
    endloop
  endfacet
  facet normal 1 0 0
    outer loop
      vertex 3.49996 36.842 10.8726
      vertex 3.49996 36.6501 9.89016
      vertex 3.49996 36.6997 9.88253
    endloop
  endfacet
  facet normal 1 0 0
    outer loop
      vertex 3.49996 36.7499 10.8854
      vertex 3.49996 36.6003 9.89563
      vertex 3.49996 36.6501 9.89016
    endloop
  endfacet
  facet normal 1 0 0
    outer loop
      vertex 3.49996 36.5502 9.89891
      vertex 3.49996 36.6573 10.8942
      vertex 3.49996 36.5644 10.899
    endloop
  endfacet
  facet normal 1 0 0
    outer loop
      vertex 3.49996 36.6573 10.8942
      vertex 3.49996 36.5502 9.89891
      vertex 3.49996 36.6003 9.89563
    endloop
  endfacet
  facet normal 1 0 0
    outer loop
      vertex 3.49996 36.5644 10.899
      vertex 3.49996 36.5 9.9
      vertex 3.49996 36.5502 9.89891
    endloop
  endfacet
  facet normal 1 0 0
    outer loop
      vertex 3.49996 36.4714 10.8998
      vertex 3.49996 36.5 9.9
      vertex 3.49996 36.5644 10.899
    endloop
  endfacet
  facet normal 1 0 0
    outer loop
      vertex 3.49996 36.4714 10.8998
      vertex 3.49996 36.4499 9.89891
      vertex 3.49996 36.5 9.9
    endloop
  endfacet
  facet normal 1 -0 0
    outer loop
      vertex 3.49996 36.3784 10.8965
      vertex 3.49996 36.4499 9.89891
      vertex 3.49996 36.4714 10.8998
    endloop
  endfacet
  facet normal 1 0 0
    outer loop
      vertex 3.49996 36.4499 9.89891
      vertex 3.49996 36.3784 10.8965
      vertex 3.49996 36.3998 9.89563
    endloop
  endfacet
  facet normal 1 -0 0
    outer loop
      vertex 3.49996 36.2857 10.8893
      vertex 3.49996 36.3998 9.89563
      vertex 3.49996 36.3784 10.8965
    endloop
  endfacet
  facet normal 1 0 0
    outer loop
      vertex 3.49996 36.3998 9.89563
      vertex 3.49996 36.2857 10.8893
      vertex 3.49996 36.3499 9.89016
    endloop
  endfacet
  facet normal 1 -0 0
    outer loop
      vertex 3.49996 36.1934 10.878
      vertex 3.49996 36.3499 9.89016
      vertex 3.49996 36.2857 10.8893
    endloop
  endfacet
  facet normal 1 0 0
    outer loop
      vertex 3.49996 36.3499 9.89016
      vertex 3.49996 36.1934 10.878
      vertex 3.49996 36.3003 9.88253
    endloop
  endfacet
  facet normal 1 -0 0
    outer loop
      vertex 3.49996 36.1016 10.8627
      vertex 3.49996 36.3003 9.88253
      vertex 3.49996 36.1934 10.878
    endloop
  endfacet
  facet normal 1 0 0
    outer loop
      vertex 3.49996 36.3003 9.88253
      vertex 3.49996 36.1016 10.8627
      vertex 3.49996 36.2511 9.87274
    endloop
  endfacet
  facet normal 1 -0 0
    outer loop
      vertex 3.49996 36.0106 10.8435
      vertex 3.49996 36.2511 9.87274
      vertex 3.49996 36.1016 10.8627
    endloop
  endfacet
  facet normal 1 0 0
    outer loop
      vertex 3.49996 36.2511 9.87274
      vertex 3.49996 36.0106 10.8435
      vertex 3.49996 36.2024 9.86082
    endloop
  endfacet
  facet normal 1 -0 0
    outer loop
      vertex 3.49996 35.9205 10.8204
      vertex 3.49996 36.2024 9.86082
      vertex 3.49996 36.0106 10.8435
    endloop
  endfacet
  facet normal 1 0 0
    outer loop
      vertex 3.49996 36.2024 9.86082
      vertex 3.49996 35.9205 10.8204
      vertex 3.49996 36.1542 9.84678
    endloop
  endfacet
  facet normal 1 -0 0
    outer loop
      vertex 3.49996 35.8315 10.7934
      vertex 3.49996 36.1542 9.84678
      vertex 3.49996 35.9205 10.8204
    endloop
  endfacet
  facet normal 1 0 0
    outer loop
      vertex 3.49996 36.1542 9.84678
      vertex 3.49996 35.8315 10.7934
      vertex 3.49996 36.1067 9.83065
    endloop
  endfacet
  facet normal 1 -0 0
    outer loop
      vertex 3.49996 35.7438 10.7626
      vertex 3.49996 36.1067 9.83065
      vertex 3.49996 35.8315 10.7934
    endloop
  endfacet
  facet normal 1 0 0
    outer loop
      vertex 3.49996 36.1067 9.83065
      vertex 3.49996 35.7438 10.7626
      vertex 3.49996 36.06 9.81246
    endloop
  endfacet
  facet normal 1 -0 0
    outer loop
      vertex 3.49996 35.6574 10.728
      vertex 3.49996 36.06 9.81246
      vertex 3.49996 35.7438 10.7626
    endloop
  endfacet
  facet normal 1 0 0
    outer loop
      vertex 3.49996 36.06 9.81246
      vertex 3.49996 35.6574 10.728
      vertex 3.49996 36.014 9.79226
    endloop
  endfacet
  facet normal 1 -0 0
    outer loop
      vertex 3.49996 35.5727 10.6897
      vertex 3.49996 36.014 9.79226
      vertex 3.49996 35.6574 10.728
    endloop
  endfacet
  facet normal 1 0 0
    outer loop
      vertex 3.49996 36.014 9.79226
      vertex 3.49996 35.5727 10.6897
      vertex 3.49996 35.969 9.77006
    endloop
  endfacet
  facet normal 1 -0 0
    outer loop
      vertex 3.49996 35.4897 10.6478
      vertex 3.49996 35.969 9.77006
      vertex 3.49996 35.5727 10.6897
    endloop
  endfacet
  facet normal 1 0 0
    outer loop
      vertex 3.49996 35.969 9.77006
      vertex 3.49996 35.4897 10.6478
      vertex 3.49996 35.925 9.74593
    endloop
  endfacet
  facet normal 1 -0 0
    outer loop
      vertex 3.49996 35.4085 10.6023
      vertex 3.49996 35.925 9.74593
      vertex 3.49996 35.4897 10.6478
    endloop
  endfacet
  facet normal 1 0 0
    outer loop
      vertex 3.49996 35.925 9.74593
      vertex 3.49996 35.4085 10.6023
      vertex 3.49996 35.8821 9.7199
    endloop
  endfacet
  facet normal 1 -0 0
    outer loop
      vertex 3.49996 35.3294 10.5534
      vertex 3.49996 35.8821 9.7199
      vertex 3.49996 35.4085 10.6023
    endloop
  endfacet
  facet normal 1 0 0
    outer loop
      vertex 3.49996 35.8821 9.7199
      vertex 3.49996 35.3294 10.5534
      vertex 3.49996 35.8404 9.69203
    endloop
  endfacet
  facet normal 1 -0 0
    outer loop
      vertex 3.49996 35.2525 10.5011
      vertex 3.49996 35.8404 9.69203
      vertex 3.49996 35.3294 10.5534
    endloop
  endfacet
  facet normal 1 0 0
    outer loop
      vertex 3.49996 35.8404 9.69203
      vertex 3.49996 35.2525 10.5011
      vertex 3.49996 35.8 9.66236
    endloop
  endfacet
  facet normal 1 -0 0
    outer loop
      vertex 3.49996 35.178 10.4455
      vertex 3.49996 35.8 9.66236
      vertex 3.49996 35.2525 10.5011
    endloop
  endfacet
  facet normal 1 0 0
    outer loop
      vertex 3.49996 35.8 9.66236
      vertex 3.49996 35.178 10.4455
      vertex 3.49996 35.7608 9.63095
    endloop
  endfacet
  facet normal 1 -0 0
    outer loop
      vertex 3.49996 35.1059 10.3867
      vertex 3.49996 35.7608 9.63095
      vertex 3.49996 35.178 10.4455
    endloop
  endfacet
  facet normal 1 0 0
    outer loop
      vertex 3.49996 35.7608 9.63095
      vertex 3.49996 35.1059 10.3867
      vertex 3.49996 35.7231 9.59787
    endloop
  endfacet
  facet normal 1 -0 0
    outer loop
      vertex 3.49996 35.0364 10.3249
      vertex 3.49996 35.7231 9.59787
      vertex 3.49996 35.1059 10.3867
    endloop
  endfacet
  facet normal 1 0 0
    outer loop
      vertex 3.49996 35.7231 9.59787
      vertex 3.49996 35.0364 10.3249
      vertex 3.49996 35.6869 9.56318
    endloop
  endfacet
  facet normal 1 -0 0
    outer loop
      vertex 3.49996 34.9697 10.2601
      vertex 3.49996 35.6869 9.56318
      vertex 3.49996 35.0364 10.3249
    endloop
  endfacet
  facet normal 1 0 0
    outer loop
      vertex 3.49996 35.6869 9.56318
      vertex 3.49996 34.9697 10.2601
      vertex 3.49996 35.6522 9.52693
    endloop
  endfacet
  facet normal 1 -0 0
    outer loop
      vertex 3.49996 34.9058 10.1925
      vertex 3.49996 35.6522 9.52693
      vertex 3.49996 34.9697 10.2601
    endloop
  endfacet
  facet normal 1 0 0
    outer loop
      vertex 3.49996 35.6522 9.52693
      vertex 3.49996 34.9058 10.1925
      vertex 3.49996 35.6191 9.48921
    endloop
  endfacet
  facet normal 1 -0 0
    outer loop
      vertex 3.49996 34.8449 10.1222
      vertex 3.49996 35.6191 9.48921
      vertex 3.49996 34.9058 10.1925
    endloop
  endfacet
  facet normal 1 0 0
    outer loop
      vertex 3.49996 35.6191 9.48921
      vertex 3.49996 34.8449 10.1222
      vertex 3.49996 35.5877 9.45008
    endloop
  endfacet
  facet normal 1 -0 0
    outer loop
      vertex 3.49996 34.7871 10.0493
      vertex 3.49996 35.5877 9.45008
      vertex 3.49996 34.8449 10.1222
    endloop
  endfacet
  facet normal 1 0 0
    outer loop
      vertex 3.49996 35.5877 9.45008
      vertex 3.49996 34.7871 10.0493
      vertex 3.49996 35.558 9.40961
    endloop
  endfacet
  facet normal 1 -0 0
    outer loop
      vertex 3.49996 34.7325 9.97404
      vertex 3.49996 35.558 9.40961
      vertex 3.49996 34.7871 10.0493
    endloop
  endfacet
  facet normal 1 0 0
    outer loop
      vertex 3.49996 35.558 9.40961
      vertex 3.49996 34.7325 9.97404
      vertex 3.49996 35.5301 9.3679
    endloop
  endfacet
  facet normal 1 -0 0
    outer loop
      vertex 3.49996 34.6812 9.89645
      vertex 3.49996 35.5301 9.3679
      vertex 3.49996 34.7325 9.97404
    endloop
  endfacet
  facet normal 1 0 0
    outer loop
      vertex 3.49996 35.5301 9.3679
      vertex 3.49996 34.6812 9.89645
      vertex 3.49996 35.5041 9.325
    endloop
  endfacet
  facet normal 1 0 0
    outer loop
      vertex 3.49996 35.5041 9.325
      vertex 3.49996 34.6333 9.81672
      vertex 3.49996 35.48 9.28101
    endloop
  endfacet
  facet normal 1 -0 0
    outer loop
      vertex 3.49996 34.6333 9.81672
      vertex 3.49996 35.5041 9.325
      vertex 3.49996 34.6812 9.89645
    endloop
  endfacet
  facet normal 1 -0 0
    outer loop
      vertex 3.49996 37.65 8.75
      vertex 3.49996 38.6497 8.71432
      vertex 3.49996 38.6493 8.80732
    endloop
  endfacet
  facet normal 1 0 0
    outer loop
      vertex 3.49996 37.6489 8.80016
      vertex 3.49996 38.6493 8.80732
      vertex 3.49996 38.6448 8.90022
    endloop
  endfacet
  facet normal 1 0 0
    outer loop
      vertex 3.49996 37.6489 8.69984
      vertex 3.49996 38.6497 8.71432
      vertex 3.49996 37.65 8.75
    endloop
  endfacet
  facet normal 1 0 0
    outer loop
      vertex 3.49996 37.6489 8.80016
      vertex 3.49996 38.6448 8.90022
      vertex 3.49996 38.6363 8.99284
    endloop
  endfacet
  facet normal 1 0 0
    outer loop
      vertex 3.49996 38.6497 8.71432
      vertex 3.49996 37.6489 8.69984
      vertex 3.49996 38.6462 8.62138
    endloop
  endfacet
  facet normal 1 0 0
    outer loop
      vertex 3.49996 37.6489 8.80016
      vertex 3.49996 38.6363 8.99284
      vertex 3.49996 38.6238 9.08501
    endloop
  endfacet
  facet normal 1 -0 0
    outer loop
      vertex 3.49996 37.6457 8.64977
      vertex 3.49996 38.6462 8.62138
      vertex 3.49996 37.6489 8.69984
    endloop
  endfacet
  facet normal 1 0 0
    outer loop
      vertex 3.49996 37.6489 8.80016
      vertex 3.49996 38.6238 9.08501
      vertex 3.49996 38.6073 9.17654
    endloop
  endfacet
  facet normal 1 0 0
    outer loop
      vertex 3.49996 38.6462 8.62138
      vertex 3.49996 37.6457 8.64977
      vertex 3.49996 38.6386 8.52868
    endloop
  endfacet
  facet normal 1 0 0
    outer loop
      vertex 3.49996 37.6489 8.80016
      vertex 3.49996 38.6073 9.17654
      vertex 3.49996 38.5869 9.26728
    endloop
  endfacet
  facet normal 1 -0 0
    outer loop
      vertex 3.49996 37.6402 8.5999
      vertex 3.49996 38.6386 8.52868
      vertex 3.49996 37.6457 8.64977
    endloop
  endfacet
  facet normal 1 0 0
    outer loop
      vertex 3.49996 37.6489 8.80016
      vertex 3.49996 38.5869 9.26728
      vertex 3.49996 38.5626 9.35705
    endloop
  endfacet
  facet normal 1 0 0
    outer loop
      vertex 3.49996 38.6386 8.52868
      vertex 3.49996 37.6402 8.5999
      vertex 3.49996 38.627 8.43639
    endloop
  endfacet
  facet normal 1 0 0
    outer loop
      vertex 3.49996 37.6489 8.80016
      vertex 3.49996 38.5626 9.35705
      vertex 3.49996 38.5344 9.44569
    endloop
  endfacet
  facet normal 1 -0 0
    outer loop
      vertex 3.49996 37.6326 8.55031
      vertex 3.49996 38.627 8.43639
      vertex 3.49996 37.6402 8.5999
    endloop
  endfacet
  facet normal 1 0 0
    outer loop
      vertex 3.49996 37.6489 8.80016
      vertex 3.49996 38.5344 9.44569
      vertex 3.49996 38.5024 9.53302
    endloop
  endfacet
  facet normal 1 0 0
    outer loop
      vertex 3.49996 38.627 8.43639
      vertex 3.49996 37.6326 8.55031
      vertex 3.49996 38.6115 8.3447
    endloop
  endfacet
  facet normal 1 0 0
    outer loop
      vertex 3.49996 37.6489 8.80016
      vertex 3.49996 38.5024 9.53302
      vertex 3.49996 38.4666 9.61889
    endloop
  endfacet
  facet normal 1 -0 0
    outer loop
      vertex 3.49996 37.6228 8.5011
      vertex 3.49996 38.6115 8.3447
      vertex 3.49996 37.6326 8.55031
    endloop
  endfacet
  facet normal 1 0 0
    outer loop
      vertex 3.49996 37.6489 8.80016
      vertex 3.49996 38.4666 9.61889
      vertex 3.49996 38.4272 9.70313
    endloop
  endfacet
  facet normal 1 0 0
    outer loop
      vertex 3.49996 38.6115 8.3447
      vertex 3.49996 37.6228 8.5011
      vertex 3.49996 38.592 8.25376
    endloop
  endfacet
  facet normal 1 0 0
    outer loop
      vertex 3.49996 37.6489 8.80016
      vertex 3.49996 38.4272 9.70313
      vertex 3.49996 38.3842 9.78559
    endloop
  endfacet
  facet normal 1 -0 0
    outer loop
      vertex 3.49996 37.6108 8.45236
      vertex 3.49996 38.592 8.25376
      vertex 3.49996 37.6228 8.5011
    endloop
  endfacet
  facet normal 1 0 0
    outer loop
      vertex 3.49996 37.6489 8.80016
      vertex 3.49996 38.3842 9.78559
      vertex 3.49996 38.3377 9.86611
    endloop
  endfacet
  facet normal 1 0 0
    outer loop
      vertex 3.49996 38.592 8.25376
      vertex 3.49996 37.6108 8.45236
      vertex 3.49996 38.5686 8.16374
    endloop
  endfacet
  facet normal 1 0 0
    outer loop
      vertex 3.49996 37.6489 8.80016
      vertex 3.49996 38.3377 9.86611
      vertex 3.49996 38.2877 9.94454
    endloop
  endfacet
  facet normal 1 -0 0
    outer loop
      vertex 3.49996 37.5968 8.40419
      vertex 3.49996 38.5686 8.16374
      vertex 3.49996 37.6108 8.45236
    endloop
  endfacet
  facet normal 1 0 0
    outer loop
      vertex 3.49996 37.6489 8.80016
      vertex 3.49996 38.2877 9.94454
      vertex 3.49996 38.2343 10.0207
    endloop
  endfacet
  facet normal 1 0 0
    outer loop
      vertex 3.49996 38.5686 8.16374
      vertex 3.49996 37.5968 8.40419
      vertex 3.49996 38.5413 8.07483
    endloop
  endfacet
  facet normal 1 0 0
    outer loop
      vertex 3.49996 37.6489 8.80016
      vertex 3.49996 38.2343 10.0207
      vertex 3.49996 38.1777 10.0945
    endloop
  endfacet
  facet normal 1 -0 0
    outer loop
      vertex 3.49996 37.5807 8.35668
      vertex 3.49996 38.5413 8.07483
      vertex 3.49996 37.5968 8.40419
    endloop
  endfacet
  facet normal 1 0 0
    outer loop
      vertex 3.49996 37.6489 8.80016
      vertex 3.49996 38.1777 10.0945
      vertex 3.49996 38.118 10.1658
    endloop
  endfacet
  facet normal 1 0 0
    outer loop
      vertex 3.49996 38.5413 8.07483
      vertex 3.49996 37.5807 8.35668
      vertex 3.49996 38.5102 7.98718
    endloop
  endfacet
  facet normal 1 0 0
    outer loop
      vertex 3.49996 37.6489 8.80016
      vertex 3.49996 38.118 10.1658
      vertex 3.49996 38.0553 10.2345
    endloop
  endfacet
  facet normal 1 -0 0
    outer loop
      vertex 3.49996 37.5625 8.30992
      vertex 3.49996 38.5102 7.98718
      vertex 3.49996 37.5807 8.35668
    endloop
  endfacet
  facet normal 1 0 0
    outer loop
      vertex 3.49996 37.6489 8.80016
      vertex 3.49996 38.0553 10.2345
      vertex 3.49996 37.9896 10.3004
    endloop
  endfacet
  facet normal 1 0 0
    outer loop
      vertex 3.49996 38.5102 7.98718
      vertex 3.49996 37.5625 8.30992
      vertex 3.49996 38.4753 7.90096
    endloop
  endfacet
  facet normal 1 0 0
    outer loop
      vertex 3.49996 37.6489 8.80016
      vertex 3.49996 37.9896 10.3004
      vertex 3.49996 37.9212 10.3633
    endloop
  endfacet
  facet normal 1 -0 0
    outer loop
      vertex 3.49996 37.5423 8.26399
      vertex 3.49996 38.4753 7.90096
      vertex 3.49996 37.5625 8.30992
    endloop
  endfacet
  facet normal 1 0 0
    outer loop
      vertex 3.49996 37.6489 8.80016
      vertex 3.49996 37.9212 10.3633
      vertex 3.49996 37.8501 10.4233
    endloop
  endfacet
  facet normal 1 0 0
    outer loop
      vertex 3.49996 38.4753 7.90096
      vertex 3.49996 37.5423 8.26399
      vertex 3.49996 38.4367 7.81632
    endloop
  endfacet
  facet normal 1 0 0
    outer loop
      vertex 3.49996 37.6489 8.80016
      vertex 3.49996 37.8501 10.4233
      vertex 3.49996 37.7764 10.4801
    endloop
  endfacet
  facet normal 1 -0 0
    outer loop
      vertex 3.49996 37.5201 8.21899
      vertex 3.49996 38.4367 7.81632
      vertex 3.49996 37.5423 8.26399
    endloop
  endfacet
  facet normal 1 0 0
    outer loop
      vertex 3.49996 37.1597 9.69203
      vertex 3.49996 37.7764 10.4801
      vertex 3.49996 37.7004 10.5337
    endloop
  endfacet
  facet normal 1 0 0
    outer loop
      vertex 3.49996 38.4367 7.81632
      vertex 3.49996 37.5201 8.21899
      vertex 3.49996 38.3945 7.73344
    endloop
  endfacet
  facet normal 1 -0 0
    outer loop
      vertex 3.49996 37.496 8.175
      vertex 3.49996 38.3945 7.73344
      vertex 3.49996 37.5201 8.21899
    endloop
  endfacet
  facet normal 1 0 0
    outer loop
      vertex 3.49996 38.3945 7.73344
      vertex 3.49996 37.496 8.175
      vertex 3.49996 38.3488 7.65245
    endloop
  endfacet
  facet normal 1 -0 0
    outer loop
      vertex 3.49996 37.4699 8.13211
      vertex 3.49996 38.3488 7.65245
      vertex 3.49996 37.496 8.175
    endloop
  endfacet
  facet normal 1 0 0
    outer loop
      vertex 3.49996 38.3488 7.65245
      vertex 3.49996 37.4699 8.13211
      vertex 3.49996 38.2996 7.57352
    endloop
  endfacet
  facet normal 1 -0 0
    outer loop
      vertex 3.49996 37.4421 8.09039
      vertex 3.49996 38.2996 7.57352
      vertex 3.49996 37.4699 8.13211
    endloop
  endfacet
  facet normal 1 0 0
    outer loop
      vertex 3.49996 38.2996 7.57352
      vertex 3.49996 37.4421 8.09039
      vertex 3.49996 38.247 7.49679
    endloop
  endfacet
  facet normal 1 -0 0
    outer loop
      vertex 3.49996 37.4124 8.04993
      vertex 3.49996 38.247 7.49679
      vertex 3.49996 37.4421 8.09039
    endloop
  endfacet
  facet normal 1 0 0
    outer loop
      vertex 3.49996 38.247 7.49679
      vertex 3.49996 37.4124 8.04993
      vertex 3.49996 38.1912 7.42241
    endloop
  endfacet
  facet normal 1 -0 0
    outer loop
      vertex 3.49996 37.381 8.0108
      vertex 3.49996 38.1912 7.42241
      vertex 3.49996 37.4124 8.04993
    endloop
  endfacet
  facet normal 1 0 0
    outer loop
      vertex 3.49996 38.1912 7.42241
      vertex 3.49996 37.381 8.0108
      vertex 3.49996 38.1322 7.35051
    endloop
  endfacet
  facet normal 1 -0 0
    outer loop
      vertex 3.49996 37.3479 7.97307
      vertex 3.49996 38.1322 7.35051
      vertex 3.49996 37.381 8.0108
    endloop
  endfacet
  facet normal 1 0 0
    outer loop
      vertex 3.49996 38.1322 7.35051
      vertex 3.49996 37.3479 7.97307
      vertex 3.49996 38.0701 7.28123
    endloop
  endfacet
  facet normal 1 -0 0
    outer loop
      vertex 3.49996 37.3132 7.93683
      vertex 3.49996 38.0701 7.28123
      vertex 3.49996 37.3479 7.97307
    endloop
  endfacet
  facet normal 1 0 0
    outer loop
      vertex 3.49996 38.0701 7.28123
      vertex 3.49996 37.3132 7.93683
      vertex 3.49996 38.0051 7.2147
    endloop
  endfacet
  facet normal 1 -0 0
    outer loop
      vertex 3.49996 37.277 7.90213
      vertex 3.49996 38.0051 7.2147
      vertex 3.49996 37.3132 7.93683
    endloop
  endfacet
  facet normal 1 0 0
    outer loop
      vertex 3.49996 38.0051 7.2147
      vertex 3.49996 37.277 7.90213
      vertex 3.49996 37.9373 7.15104
    endloop
  endfacet
  facet normal 1 -0 0
    outer loop
      vertex 3.49996 37.2392 7.86905
      vertex 3.49996 37.9373 7.15104
      vertex 3.49996 37.277 7.90213
    endloop
  endfacet
  facet normal 1 0 0
    outer loop
      vertex 3.49996 37.9373 7.15104
      vertex 3.49996 37.2392 7.86905
      vertex 3.49996 37.8668 7.09037
    endloop
  endfacet
  facet normal 1 -0 0
    outer loop
      vertex 3.49996 37.2001 7.83765
      vertex 3.49996 37.8668 7.09037
      vertex 3.49996 37.2392 7.86905
    endloop
  endfacet
  facet normal 1 0 0
    outer loop
      vertex 3.49996 37.8668 7.09037
      vertex 3.49996 37.2001 7.83765
      vertex 3.49996 37.7938 7.03281
    endloop
  endfacet
  facet normal 1 -0 0
    outer loop
      vertex 3.49996 37.1597 7.80798
      vertex 3.49996 37.7938 7.03281
      vertex 3.49996 37.2001 7.83765
    endloop
  endfacet
  facet normal 1 0 0
    outer loop
      vertex 3.49996 37.7938 7.03281
      vertex 3.49996 37.1597 7.80798
      vertex 3.49996 37.7183 6.97847
    endloop
  endfacet
  facet normal 1 -0 0
    outer loop
      vertex 3.49996 37.1179 7.7801
      vertex 3.49996 37.7183 6.97847
      vertex 3.49996 37.1597 7.80798
    endloop
  endfacet
  facet normal 1 0 0
    outer loop
      vertex 3.49996 37.7183 6.97847
      vertex 3.49996 37.1179 7.7801
      vertex 3.49996 37.6405 6.92744
    endloop
  endfacet
  facet normal 1 -0 0
    outer loop
      vertex 3.49996 37.075 7.75407
      vertex 3.49996 37.6405 6.92744
      vertex 3.49996 37.1179 7.7801
    endloop
  endfacet
  facet normal 1 0 0
    outer loop
      vertex 3.49996 37.6405 6.92744
      vertex 3.49996 37.075 7.75407
      vertex 3.49996 37.5606 6.87981
    endloop
  endfacet
  facet normal 1 -0 0
    outer loop
      vertex 3.49996 37.0311 7.72994
      vertex 3.49996 37.5606 6.87981
      vertex 3.49996 37.075 7.75407
    endloop
  endfacet
  facet normal 1 0 0
    outer loop
      vertex 3.49996 37.5606 6.87981
      vertex 3.49996 37.0311 7.72994
      vertex 3.49996 37.4788 6.83569
    endloop
  endfacet
  facet normal 1 -0 0
    outer loop
      vertex 3.49996 36.9861 7.70775
      vertex 3.49996 37.4788 6.83569
      vertex 3.49996 37.0311 7.72994
    endloop
  endfacet
  facet normal 1 0 0
    outer loop
      vertex 3.49996 37.4788 6.83569
      vertex 3.49996 36.9861 7.70775
      vertex 3.49996 37.3951 6.79515
    endloop
  endfacet
  facet normal 1 -0 0
    outer loop
      vertex 3.49996 36.9401 7.68754
      vertex 3.49996 37.3951 6.79515
      vertex 3.49996 36.9861 7.70775
    endloop
  endfacet
  facet normal 1 0 0
    outer loop
      vertex 3.49996 37.3951 6.79515
      vertex 3.49996 36.9401 7.68754
      vertex 3.49996 37.3097 6.75828
    endloop
  endfacet
  facet normal 1 -0 0
    outer loop
      vertex 3.49996 36.8934 7.66936
      vertex 3.49996 37.3097 6.75828
      vertex 3.49996 36.9401 7.68754
    endloop
  endfacet
  facet normal 1 0 0
    outer loop
      vertex 3.49996 37.3097 6.75828
      vertex 3.49996 36.8934 7.66936
      vertex 3.49996 37.2228 6.72512
    endloop
  endfacet
  facet normal 1 -0 0
    outer loop
      vertex 3.49996 36.8459 7.65323
      vertex 3.49996 37.2228 6.72512
      vertex 3.49996 36.8934 7.66936
    endloop
  endfacet
  facet normal 1 0 0
    outer loop
      vertex 3.49996 37.2228 6.72512
      vertex 3.49996 36.8459 7.65323
      vertex 3.49996 37.1345 6.69576
    endloop
  endfacet
  facet normal 1 -0 0
    outer loop
      vertex 3.49996 36.7977 7.63919
      vertex 3.49996 37.1345 6.69576
      vertex 3.49996 36.8459 7.65323
    endloop
  endfacet
  facet normal 1 0 0
    outer loop
      vertex 3.49996 37.1345 6.69576
      vertex 3.49996 36.7977 7.63919
      vertex 3.49996 37.0451 6.67024
    endloop
  endfacet
  facet normal 1 -0 0
    outer loop
      vertex 3.49996 36.7489 7.62726
      vertex 3.49996 37.0451 6.67024
      vertex 3.49996 36.7977 7.63919
    endloop
  endfacet
  facet normal 1 0 0
    outer loop
      vertex 3.49996 37.0451 6.67024
      vertex 3.49996 36.7489 7.62726
      vertex 3.49996 36.9546 6.64861
    endloop
  endfacet
  facet normal 1 -0 0
    outer loop
      vertex 3.49996 36.6997 7.61747
      vertex 3.49996 36.9546 6.64861
      vertex 3.49996 36.7489 7.62726
    endloop
  endfacet
  facet normal 1 0 0
    outer loop
      vertex 3.49996 36.9546 6.64861
      vertex 3.49996 36.6997 7.61747
      vertex 3.49996 36.8633 6.63092
    endloop
  endfacet
  facet normal 1 -0 0
    outer loop
      vertex 3.49996 36.6501 7.60984
      vertex 3.49996 36.8633 6.63092
      vertex 3.49996 36.6997 7.61747
    endloop
  endfacet
  facet normal 1 0 0
    outer loop
      vertex 3.49996 36.8633 6.63092
      vertex 3.49996 36.6501 7.60984
      vertex 3.49996 36.7713 6.61719
    endloop
  endfacet
  facet normal 1 -0 0
    outer loop
      vertex 3.49996 36.6003 7.60438
      vertex 3.49996 36.7713 6.61719
      vertex 3.49996 36.6501 7.60984
    endloop
  endfacet
  facet normal 1 0 0
    outer loop
      vertex 3.49996 36.7713 6.61719
      vertex 3.49996 36.6003 7.60438
      vertex 3.49996 36.6788 6.60745
    endloop
  endfacet
  facet normal 1 -0 0
    outer loop
      vertex 3.49996 36.5502 7.6011
      vertex 3.49996 36.6788 6.60745
      vertex 3.49996 36.6003 7.60438
    endloop
  endfacet
  facet normal 1 0 0
    outer loop
      vertex 3.49996 36.6788 6.60745
      vertex 3.49996 36.5502 7.6011
      vertex 3.49996 36.586 6.60172
    endloop
  endfacet
  facet normal 1 -0 0
    outer loop
      vertex 3.49996 36.5 7.6
      vertex 3.49996 36.586 6.60172
      vertex 3.49996 36.5502 7.6011
    endloop
  endfacet
  facet normal 1 0 0
    outer loop
      vertex 3.49996 36.5 7.6
      vertex 3.49996 36.493 6.60001
      vertex 3.49996 36.586 6.60172
    endloop
  endfacet
  facet normal 1 0 0
    outer loop
      vertex 3.49996 36.4499 7.6011
      vertex 3.49996 36.493 6.60001
      vertex 3.49996 36.5 7.6
    endloop
  endfacet
  facet normal 1 0 0
    outer loop
      vertex 3.49996 36.4499 7.6011
      vertex 3.49996 36.4 6.60233
      vertex 3.49996 36.493 6.60001
    endloop
  endfacet
  facet normal 1 0 0
    outer loop
      vertex 3.49996 36.3998 7.60438
      vertex 3.49996 36.4 6.60233
      vertex 3.49996 36.4499 7.6011
    endloop
  endfacet
  facet normal 1 0 0
    outer loop
      vertex 3.49996 36.3499 7.60984
      vertex 3.49996 36.4 6.60233
      vertex 3.49996 36.3998 7.60438
    endloop
  endfacet
  facet normal 1 0 0
    outer loop
      vertex 3.49996 36.3003 7.61747
      vertex 3.49996 36.4 6.60233
      vertex 3.49996 36.3499 7.60984
    endloop
  endfacet
  facet normal 1 0 0
    outer loop
      vertex 3.49996 36.2511 7.62726
      vertex 3.49996 36.4 6.60233
      vertex 3.49996 36.3003 7.61747
    endloop
  endfacet
  facet normal 1 0 0
    outer loop
      vertex 3.49996 36.4 6.60233
      vertex 3.49996 36.2925 4.49137
      vertex 3.49996 36.4 4.498
    endloop
  endfacet
  facet normal 1 0 0
    outer loop
      vertex 3.49996 36.2024 7.63919
      vertex 3.49996 36.4 6.60233
      vertex 3.49996 36.2511 7.62726
    endloop
  endfacet
  facet normal 1 0 0
    outer loop
      vertex 3.49996 36.1542 7.65323
      vertex 3.49996 36.4 6.60233
      vertex 3.49996 36.2024 7.63919
    endloop
  endfacet
  facet normal 1 0 0
    outer loop
      vertex 3.49996 36.4 6.60233
      vertex 3.49996 36.1852 4.4801
      vertex 3.49996 36.2925 4.49137
    endloop
  endfacet
  facet normal 1 0 0
    outer loop
      vertex 3.49996 36.1067 7.66936
      vertex 3.49996 36.4 6.60233
      vertex 3.49996 36.1542 7.65323
    endloop
  endfacet
  facet normal 1 0 0
    outer loop
      vertex 3.49996 36.06 7.68754
      vertex 3.49996 36.4 6.60233
      vertex 3.49996 36.1067 7.66936
    endloop
  endfacet
  facet normal 1 0 0
    outer loop
      vertex 3.49996 36.4 6.60233
      vertex 3.49996 36.0786 4.46423
      vertex 3.49996 36.1852 4.4801
    endloop
  endfacet
  facet normal 1 0 0
    outer loop
      vertex 3.49996 36.014 7.70775
      vertex 3.49996 36.4 6.60233
      vertex 3.49996 36.06 7.68754
    endloop
  endfacet
  facet normal 1 0 0
    outer loop
      vertex 3.49996 35.969 7.72994
      vertex 3.49996 36.4 6.60233
      vertex 3.49996 36.014 7.70775
    endloop
  endfacet
  facet normal 1 0 0
    outer loop
      vertex 3.49996 34.2649 6.42555
      vertex 3.49996 36.4 6.60233
      vertex 3.49996 34.2874 6.50612
    endloop
  endfacet
  facet normal 1 0 0
    outer loop
      vertex 3.49996 35.925 7.75407
      vertex 3.49996 36.4 6.60233
      vertex 3.49996 35.969 7.72994
    endloop
  endfacet
  facet normal 1 -0 0
    outer loop
      vertex 3.49996 34.3483 6.91913
      vertex 3.49996 36.4 6.60233
      vertex 3.49996 35.925 7.75407
    endloop
  endfacet
  facet normal 1 0 0
    outer loop
      vertex 3.49996 34.3483 6.91913
      vertex 3.49996 35.925 7.75407
      vertex 3.49996 35.8821 7.7801
    endloop
  endfacet
  facet normal 1 0 0
    outer loop
      vertex 3.49996 34.2391 6.34599
      vertex 3.49996 36.4 6.60233
      vertex 3.49996 34.2649 6.42555
    endloop
  endfacet
  facet normal 1 0 0
    outer loop
      vertex 3.49996 34.35 7.00275
      vertex 3.49996 35.8821 7.7801
      vertex 3.49996 35.8404 7.80798
    endloop
  endfacet
  facet normal 1 0 0
    outer loop
      vertex 3.49996 34.35 7.00275
      vertex 3.49996 35.8404 7.80798
      vertex 3.49996 35.8 7.83765
    endloop
  endfacet
  facet normal 1 0 0
    outer loop
      vertex 3.49996 36.4 6.60233
      vertex 3.49996 35.9728 4.44377
      vertex 3.49996 36.0786 4.46423
    endloop
  endfacet
  facet normal 1 0 0
    outer loop
      vertex 3.49996 34.35 7.00275
      vertex 3.49996 35.8 7.83765
      vertex 3.49996 35.7608 7.86905
    endloop
  endfacet
  facet normal 1 0 0
    outer loop
      vertex 3.49996 34.35 7.00275
      vertex 3.49996 35.7608 7.86905
      vertex 3.49996 35.7231 7.90213
    endloop
  endfacet
  facet normal 1 0 0
    outer loop
      vertex 3.49996 34.35 7.00275
      vertex 3.49996 35.7231 7.90213
      vertex 3.49996 35.6869 7.93683
    endloop
  endfacet
  facet normal 1 0 0
    outer loop
      vertex 3.49996 36.4 6.60233
      vertex 3.49996 34.3065 6.58756
      vertex 3.49996 34.2874 6.50612
    endloop
  endfacet
  facet normal 1 0 0
    outer loop
      vertex 3.49996 34.35 7.00275
      vertex 3.49996 35.6869 7.93683
      vertex 3.49996 35.6522 7.97307
    endloop
  endfacet
  facet normal 1 0 0
    outer loop
      vertex 3.49996 34.35 7.00275
      vertex 3.49996 35.6522 7.97307
      vertex 3.49996 35.6191 8.0108
    endloop
  endfacet
  facet normal 1 0 0
    outer loop
      vertex 3.49996 34.35 7.00275
      vertex 3.49996 35.6191 8.0108
      vertex 3.49996 35.5877 8.04993
    endloop
  endfacet
  facet normal 1 0 0
    outer loop
      vertex 3.49996 34.21 6.26758
      vertex 3.49996 36.4 6.60233
      vertex 3.49996 34.2391 6.34599
    endloop
  endfacet
  facet normal 1 0 0
    outer loop
      vertex 3.49996 34.35 7.00275
      vertex 3.49996 35.5877 8.04993
      vertex 3.49996 35.558 8.09039
    endloop
  endfacet
  facet normal 1 0 0
    outer loop
      vertex 3.49996 34.35 7.00275
      vertex 3.49996 35.558 8.09039
      vertex 3.49996 35.5301 8.13211
    endloop
  endfacet
  facet normal 1 0 0
    outer loop
      vertex 3.49996 34.35 7.00275
      vertex 3.49996 35.5301 8.13211
      vertex 3.49996 35.5041 8.175
    endloop
  endfacet
  facet normal 1 0 0
    outer loop
      vertex 3.49996 34.35 7.00275
      vertex 3.49996 35.5041 8.175
      vertex 3.49996 35.48 8.21899
    endloop
  endfacet
  facet normal 1 0 0
    outer loop
      vertex 3.49996 36.4 6.60233
      vertex 3.49996 34.3221 6.66972
      vertex 3.49996 34.3065 6.58756
    endloop
  endfacet
  facet normal 1 0 0
    outer loop
      vertex 3.49996 34.35 7.00275
      vertex 3.49996 35.48 8.21899
      vertex 3.49996 35.4578 8.26399
    endloop
  endfacet
  facet normal 1 0 0
    outer loop
      vertex 3.49996 34.35 8.75
      vertex 3.49996 35.4578 8.26399
      vertex 3.49996 35.4376 8.30992
    endloop
  endfacet
  facet normal 1 0 0
    outer loop
      vertex 3.49996 34.35 8.75
      vertex 3.49996 35.4376 8.30992
      vertex 3.49996 35.4194 8.35668
    endloop
  endfacet
  facet normal 1 0 0
    outer loop
      vertex 3.49996 34.35 8.75
      vertex 3.49996 35.4194 8.35668
      vertex 3.49996 35.4033 8.40419
    endloop
  endfacet
  facet normal 1 0 0
    outer loop
      vertex 3.49996 34.35 8.75
      vertex 3.49996 35.4033 8.40419
      vertex 3.49996 35.3892 8.45236
    endloop
  endfacet
  facet normal 1 0 0
    outer loop
      vertex 3.49996 34.35 8.75
      vertex 3.49996 35.3892 8.45236
      vertex 3.49996 35.3773 8.5011
    endloop
  endfacet
  facet normal 1 0 0
    outer loop
      vertex 3.49996 34.35 8.75
      vertex 3.49996 35.3773 8.5011
      vertex 3.49996 35.3675 8.55031
    endloop
  endfacet
  facet normal 1 0 0
    outer loop
      vertex 3.49996 36.4 6.60233
      vertex 3.49996 34.3343 6.75247
      vertex 3.49996 34.3221 6.66972
    endloop
  endfacet
  facet normal 1 0 0
    outer loop
      vertex 3.49996 34.35 8.75
      vertex 3.49996 35.3675 8.55031
      vertex 3.49996 35.3599 8.5999
    endloop
  endfacet
  facet normal 1 0 0
    outer loop
      vertex 3.49996 34.35 8.75
      vertex 3.49996 35.3599 8.5999
      vertex 3.49996 35.3544 8.64977
    endloop
  endfacet
  facet normal 1 0 0
    outer loop
      vertex 3.49996 34.35 8.75
      vertex 3.49996 35.3544 8.64977
      vertex 3.49996 35.3511 8.69984
    endloop
  endfacet
  facet normal 1 -0 0
    outer loop
      vertex 3.49996 34.35 8.75
      vertex 3.49996 35.3511 8.69984
      vertex 3.49996 35.35 8.75
    endloop
  endfacet
  facet normal 1 -0 0
    outer loop
      vertex 3.49996 34.5889 9.73498
      vertex 3.49996 35.48 9.28101
      vertex 3.49996 34.6333 9.81672
    endloop
  endfacet
  facet normal 1 0 0
    outer loop
      vertex 3.49996 35.8821 7.7801
      vertex 3.49996 34.35 7.00275
      vertex 3.49996 34.3483 6.91913
    endloop
  endfacet
  facet normal 1 0 0
    outer loop
      vertex 3.49996 35.48 9.28101
      vertex 3.49996 34.5889 9.73498
      vertex 3.49996 35.4578 9.23601
    endloop
  endfacet
  facet normal 1 -0 0
    outer loop
      vertex 3.49996 34.5481 9.65141
      vertex 3.49996 35.4578 9.23601
      vertex 3.49996 34.5889 9.73498
    endloop
  endfacet
  facet normal 1 0 0
    outer loop
      vertex 3.49996 36.4 6.60233
      vertex 3.49996 34.3483 6.91913
      vertex 3.49996 34.343 6.83565
    endloop
  endfacet
  facet normal 1 0 0
    outer loop
      vertex 3.49996 35.4578 9.23601
      vertex 3.49996 34.5481 9.65141
      vertex 3.49996 35.4376 9.19009
    endloop
  endfacet
  facet normal 1 0 0
    outer loop
      vertex 3.49996 36.4 6.60233
      vertex 3.49996 34.343 6.83565
      vertex 3.49996 34.3343 6.75247
    endloop
  endfacet
  facet normal 1 -0 0
    outer loop
      vertex 3.49996 34.511 9.56615
      vertex 3.49996 35.4376 9.19009
      vertex 3.49996 34.5481 9.65141
    endloop
  endfacet
  facet normal 1 0 0
    outer loop
      vertex 3.49996 36.4 6.60233
      vertex 3.49996 35.8679 4.41877
      vertex 3.49996 35.9728 4.44377
    endloop
  endfacet
  facet normal 1 0 0
    outer loop
      vertex 3.49996 35.4376 9.19009
      vertex 3.49996 34.511 9.56615
      vertex 3.49996 35.4194 9.14333
    endloop
  endfacet
  facet normal 1 0 0
    outer loop
      vertex 3.49996 34.1777 6.19045
      vertex 3.49996 36.4 6.60233
      vertex 3.49996 34.21 6.26758
    endloop
  endfacet
  facet normal 1 -0 0
    outer loop
      vertex 3.49996 34.4775 9.47936
      vertex 3.49996 35.4194 9.14333
      vertex 3.49996 34.511 9.56615
    endloop
  endfacet
  facet normal 1 0 0
    outer loop
      vertex 3.49996 35.4194 9.14333
      vertex 3.49996 34.4775 9.47936
      vertex 3.49996 35.4033 9.09581
    endloop
  endfacet
  facet normal 1 0 0
    outer loop
      vertex 3.49996 36.4 6.60233
      vertex 3.49996 35.7643 4.38928
      vertex 3.49996 35.8679 4.41877
    endloop
  endfacet
  facet normal 1 -0 0
    outer loop
      vertex 3.49996 34.4479 9.3912
      vertex 3.49996 35.4033 9.09581
      vertex 3.49996 34.4775 9.47936
    endloop
  endfacet
  facet normal 1 0 0
    outer loop
      vertex 3.49996 36.4 6.60233
      vertex 3.49996 34.1777 6.19045
      vertex 3.49996 35.7643 4.38928
    endloop
  endfacet
  facet normal 1 0 0
    outer loop
      vertex 3.49996 35.4033 9.09581
      vertex 3.49996 34.4479 9.3912
      vertex 3.49996 35.3892 9.04764
    endloop
  endfacet
  facet normal 1 -0 0
    outer loop
      vertex 3.49996 34.4221 9.30185
      vertex 3.49996 35.3892 9.04764
      vertex 3.49996 34.4479 9.3912
    endloop
  endfacet
  facet normal 1 -0 0
    outer loop
      vertex 3.49996 34.1421 6.11475
      vertex 3.49996 35.7643 4.38928
      vertex 3.49996 34.1777 6.19045
    endloop
  endfacet
  facet normal 1 0 0
    outer loop
      vertex 3.49996 35.3892 9.04764
      vertex 3.49996 34.4221 9.30185
      vertex 3.49996 35.3773 8.99891
    endloop
  endfacet
  facet normal 1 0 0
    outer loop
      vertex 3.49996 35.7643 4.38928
      vertex 3.49996 34.1421 6.11475
      vertex 3.49996 35.6619 4.35534
    endloop
  endfacet
  facet normal 1 -0 0
    outer loop
      vertex 3.49996 34.4001 9.21146
      vertex 3.49996 35.3773 8.99891
      vertex 3.49996 34.4221 9.30185
    endloop
  endfacet
  facet normal 1 0 0
    outer loop
      vertex 3.49996 35.3773 8.99891
      vertex 3.49996 34.4001 9.21146
      vertex 3.49996 35.3675 8.9497
    endloop
  endfacet
  facet normal 1 -0 0
    outer loop
      vertex 3.49996 34.1034 6.04059
      vertex 3.49996 35.6619 4.35534
      vertex 3.49996 34.1421 6.11475
    endloop
  endfacet
  facet normal 1 -0 0
    outer loop
      vertex 3.49996 34.3822 9.12021
      vertex 3.49996 35.3675 8.9497
      vertex 3.49996 34.4001 9.21146
    endloop
  endfacet
  facet normal 1 0 0
    outer loop
      vertex 3.49996 35.3675 8.9497
      vertex 3.49996 34.3822 9.12021
      vertex 3.49996 35.3599 8.90011
    endloop
  endfacet
  facet normal 1 0 0
    outer loop
      vertex 3.49996 35.6619 4.35534
      vertex 3.49996 34.1034 6.04059
      vertex 3.49996 35.5612 4.31702
    endloop
  endfacet
  facet normal 1 -0 0
    outer loop
      vertex 3.49996 34.3681 9.02827
      vertex 3.49996 35.3599 8.90011
      vertex 3.49996 34.3822 9.12021
    endloop
  endfacet
  facet normal 1 0 0
    outer loop
      vertex 3.49996 35.3599 8.90011
      vertex 3.49996 34.3681 9.02827
      vertex 3.49996 35.3544 8.85023
    endloop
  endfacet
  facet normal 1 -0 0
    outer loop
      vertex 3.49996 34.0616 5.96812
      vertex 3.49996 35.5612 4.31702
      vertex 3.49996 34.1034 6.04059
    endloop
  endfacet
  facet normal 1 -0 0
    outer loop
      vertex 3.49996 34.3581 8.9358
      vertex 3.49996 35.3544 8.85023
      vertex 3.49996 34.3681 9.02827
    endloop
  endfacet
  facet normal 1 0 0
    outer loop
      vertex 3.49996 35.3544 8.85023
      vertex 3.49996 34.3581 8.9358
      vertex 3.49996 35.3511 8.80016
    endloop
  endfacet
  facet normal 1 -0 0
    outer loop
      vertex 3.49996 34.3521 8.84299
      vertex 3.49996 35.3511 8.80016
      vertex 3.49996 34.3581 8.9358
    endloop
  endfacet
  facet normal 1 0 0
    outer loop
      vertex 3.49996 35.3511 8.80016
      vertex 3.49996 34.3521 8.84299
      vertex 3.49996 35.35 8.75
    endloop
  endfacet
  facet normal 1 0 0
    outer loop
      vertex 3.49996 35.5612 4.31702
      vertex 3.49996 34.0616 5.96812
      vertex 3.49996 35.4622 4.2744
    endloop
  endfacet
  facet normal 1 0 0
    outer loop
      vertex 3.49996 35.35 8.75
      vertex 3.49996 34.3521 8.84299
      vertex 3.49996 34.35 8.75
    endloop
  endfacet
  facet normal 1 0 0
    outer loop
      vertex 3.49996 35.4578 8.26399
      vertex 3.49996 34.35 8.75
      vertex 3.49996 34.35 7.00275
    endloop
  endfacet
  facet normal 1 -0 0
    outer loop
      vertex 3.49996 34.0169 5.89747
      vertex 3.49996 35.4622 4.2744
      vertex 3.49996 34.0616 5.96812
    endloop
  endfacet
  facet normal 1 0 0
    outer loop
      vertex 3.49996 35.4622 4.2744
      vertex 3.49996 34.0169 5.89747
      vertex 3.49996 35.3651 4.22754
    endloop
  endfacet
  facet normal 1 -0 0
    outer loop
      vertex 3.49996 33.9692 5.82874
      vertex 3.49996 35.3651 4.22754
      vertex 3.49996 34.0169 5.89747
    endloop
  endfacet
  facet normal 1 0 0
    outer loop
      vertex 3.49996 35.3651 4.22754
      vertex 3.49996 33.9692 5.82874
      vertex 3.49996 35.2701 4.17655
    endloop
  endfacet
  facet normal 1 -0 0
    outer loop
      vertex 3.49996 33.9187 5.76207
      vertex 3.49996 35.2701 4.17655
      vertex 3.49996 33.9692 5.82874
    endloop
  endfacet
  facet normal 1 -0 0
    outer loop
      vertex 3.49996 33.9 5.73939
      vertex 3.49996 35.2701 4.17655
      vertex 3.49996 33.9187 5.76207
    endloop
  endfacet
  facet normal 1 0 0
    outer loop
      vertex 3.49996 35.2701 4.17655
      vertex 3.49996 33.9 5.73939
      vertex 3.49996 35.1775 4.12151
    endloop
  endfacet
  facet normal 1 0 0
    outer loop
      vertex 3.49996 35.1775 4.12151
      vertex 3.49996 33.9 5.73939
      vertex 3.49996 35.0872 4.06252
    endloop
  endfacet
  facet normal 1 0 0
    outer loop
      vertex 3.49996 35.0872 4.06252
      vertex 3.49996 33.9 5.73939
      vertex 3.49996 34.9996 3.9997
    endloop
  endfacet
  facet normal 1 0 0
    outer loop
      vertex 3.49996 34.9996 3.9997
      vertex 3.49996 33.9 5.73939
      vertex 3.49996 34.9148 3.93317
    endloop
  endfacet
  facet normal 1 0 0
    outer loop
      vertex 3.49996 34.9148 3.93317
      vertex 3.49996 33.9 5.73939
      vertex 3.49996 34.833 3.86303
    endloop
  endfacet
  facet normal 1 0 0
    outer loop
      vertex 3.49996 34.833 3.86303
      vertex 3.49996 33.9 5.73939
      vertex 3.49996 34.7542 3.78944
    endloop
  endfacet
  facet normal 1 0 0
    outer loop
      vertex 3.49996 34.7542 3.78944
      vertex 3.49996 33.9 5.73939
      vertex 3.49996 34.6787 3.71252
    endloop
  endfacet
  facet normal 1 0 0
    outer loop
      vertex 3.49996 34.6787 3.71252
      vertex 3.49996 33.9 5.73939
      vertex 3.49996 34.6066 3.63241
    endloop
  endfacet
  facet normal 1 0 0
    outer loop
      vertex 3.49996 34.6066 3.63241
      vertex 3.49996 33.9 5.73939
      vertex 3.49996 34.538 3.54927
    endloop
  endfacet
  facet normal 1 0 0
    outer loop
      vertex 3.49996 34.538 3.54927
      vertex 3.49996 33.9 5.73939
      vertex 3.49996 34.473 3.46325
    endloop
  endfacet
  facet normal 1 0 0
    outer loop
      vertex 3.49996 34.473 3.46325
      vertex 3.49996 33.9 5.73939
      vertex 3.49996 34.4118 3.37451
    endloop
  endfacet
  facet normal 1 0 0
    outer loop
      vertex 3.49996 34.4118 3.37451
      vertex 3.49996 33.9 5.73939
      vertex 3.49996 34.3545 3.28322
    endloop
  endfacet
  facet normal 1 0 0
    outer loop
      vertex 3.49996 34.3545 3.28322
      vertex 3.49996 33.9 5.73939
      vertex 3.49996 34.3012 3.18953
    endloop
  endfacet
  facet normal 1 0 0
    outer loop
      vertex 3.49996 34.3012 3.18953
      vertex 3.49996 33.9 5.73939
      vertex 3.49996 34.2519 3.09364
    endloop
  endfacet
  facet normal 1 0 0
    outer loop
      vertex 3.49996 34.2519 3.09364
      vertex 3.49996 33.9 5.73939
      vertex 3.49996 34.2069 2.99572
    endloop
  endfacet
  facet normal 1 0 0
    outer loop
      vertex 3.49996 34.2069 2.99572
      vertex 3.49996 33.9 5.73939
      vertex 3.49996 34.1661 2.89594
    endloop
  endfacet
  facet normal 1 0 0
    outer loop
      vertex 3.49996 34.1661 2.89594
      vertex 3.49996 33.9 5.73939
      vertex 3.49996 34.1296 2.79449
    endloop
  endfacet
  facet normal 1 0 0
    outer loop
      vertex 3.49996 34.1296 2.79449
      vertex 3.49996 33.9 5.73939
      vertex 3.49996 34.0976 2.69158
    endloop
  endfacet
  facet normal 1 0 0
    outer loop
      vertex 3.49996 34.0976 2.69158
      vertex 3.49996 33.9 5.73939
      vertex 3.49996 34.07 2.58737
    endloop
  endfacet
  facet normal 1 0 0
    outer loop
      vertex 3.49996 34.07 2.58737
      vertex 3.49996 33.9 5.73939
      vertex 3.49996 34.047 2.48207
    endloop
  endfacet
  facet normal 1 0 0
    outer loop
      vertex 3.49996 34.047 2.48207
      vertex 3.49996 33.9 5.73939
      vertex 3.49996 34.0285 2.37588
    endloop
  endfacet
  facet normal 1 0 0
    outer loop
      vertex 3.49996 34.0146 2.26899
      vertex 3.49996 33.9 5.73939
      vertex 3.49996 34.0053 2.16159
    endloop
  endfacet
  facet normal 1 0 0
    outer loop
      vertex 3.49996 34.0285 2.37588
      vertex 3.49996 33.9 5.73939
      vertex 3.49996 34.0146 2.26899
    endloop
  endfacet
  facet normal -1 0 0
    outer loop
      vertex -3.50004 36.2099 -2.49063
      vertex -3.50004 36.4 -0.497993
      vertex -3.50004 36.4 -2.49889
    endloop
  endfacet
  facet normal -1 -0 0
    outer loop
      vertex -3.50004 36.4 -0.497993
      vertex -3.50004 36.2099 -2.49063
      vertex -3.50004 36.2925 -0.491364
    endloop
  endfacet
  facet normal -1 0 0
    outer loop
      vertex -3.50004 36.0202 -2.47434
      vertex -3.50004 36.2925 -0.491364
      vertex -3.50004 36.2099 -2.49063
    endloop
  endfacet
  facet normal -1 -0 0
    outer loop
      vertex -3.50004 36.2925 -0.491364
      vertex -3.50004 36.0202 -2.47434
      vertex -3.50004 36.1852 -0.480099
    endloop
  endfacet
  facet normal -1 0 0
    outer loop
      vertex -3.50004 35.8314 -2.45005
      vertex -3.50004 36.1852 -0.480099
      vertex -3.50004 36.0202 -2.47434
    endloop
  endfacet
  facet normal -1 -0 0
    outer loop
      vertex -3.50004 36.1852 -0.480099
      vertex -3.50004 35.8314 -2.45005
      vertex -3.50004 36.0786 -0.464224
    endloop
  endfacet
  facet normal -1 0 0
    outer loop
      vertex -3.50004 35.6438 -2.41779
      vertex -3.50004 36.0786 -0.464224
      vertex -3.50004 35.8314 -2.45005
    endloop
  endfacet
  facet normal -1 -0 0
    outer loop
      vertex -3.50004 36.0786 -0.464224
      vertex -3.50004 35.6438 -2.41779
      vertex -3.50004 35.9728 -0.443767
    endloop
  endfacet
  facet normal -1 0 0
    outer loop
      vertex -3.50004 35.4577 -2.37763
      vertex -3.50004 35.9728 -0.443767
      vertex -3.50004 35.6438 -2.41779
    endloop
  endfacet
  facet normal -1 -0 0
    outer loop
      vertex -3.50004 35.9728 -0.443767
      vertex -3.50004 35.4577 -2.37763
      vertex -3.50004 35.8679 -0.418768
    endloop
  endfacet
  facet normal -1 0 0
    outer loop
      vertex -3.50004 35.2735 -2.32963
      vertex -3.50004 35.8679 -0.418768
      vertex -3.50004 35.4577 -2.37763
    endloop
  endfacet
  facet normal -1 -0 0
    outer loop
      vertex -3.50004 35.8679 -0.418768
      vertex -3.50004 35.2735 -2.32963
      vertex -3.50004 35.7643 -0.389271
    endloop
  endfacet
  facet normal -1 0 0
    outer loop
      vertex -3.50004 35.0915 -2.27388
      vertex -3.50004 35.7643 -0.389271
      vertex -3.50004 35.2735 -2.32963
    endloop
  endfacet
  facet normal -1 -0 0
    outer loop
      vertex -3.50004 35.7643 -0.389271
      vertex -3.50004 35.0915 -2.27388
      vertex -3.50004 35.6619 -0.35533
    endloop
  endfacet
  facet normal -1 0 0
    outer loop
      vertex -3.50004 34.912 -2.21049
      vertex -3.50004 35.6619 -0.35533
      vertex -3.50004 35.0915 -2.27388
    endloop
  endfacet
  facet normal -1 -0 0
    outer loop
      vertex -3.50004 35.6619 -0.35533
      vertex -3.50004 34.912 -2.21049
      vertex -3.50004 35.5612 -0.317015
    endloop
  endfacet
  facet normal -1 0 0
    outer loop
      vertex -3.50004 34.7354 -2.13957
      vertex -3.50004 35.5612 -0.317015
      vertex -3.50004 34.912 -2.21049
    endloop
  endfacet
  facet normal -1 -0 0
    outer loop
      vertex -3.50004 35.5612 -0.317015
      vertex -3.50004 34.7354 -2.13957
      vertex -3.50004 35.4622 -0.274388
    endloop
  endfacet
  facet normal -1 0 0
    outer loop
      vertex -3.50004 34.5619 -2.06124
      vertex -3.50004 35.4622 -0.274388
      vertex -3.50004 34.7354 -2.13957
    endloop
  endfacet
  facet normal -1 -0 0
    outer loop
      vertex -3.50004 35.4622 -0.274388
      vertex -3.50004 34.5619 -2.06124
      vertex -3.50004 35.3651 -0.227535
    endloop
  endfacet
  facet normal -1 0 0
    outer loop
      vertex -3.50004 34.3919 -1.97564
      vertex -3.50004 35.3651 -0.227535
      vertex -3.50004 34.5619 -2.06124
    endloop
  endfacet
  facet normal -1 -0 0
    outer loop
      vertex -3.50004 35.3651 -0.227535
      vertex -3.50004 34.3919 -1.97564
      vertex -3.50004 35.2701 -0.17654
    endloop
  endfacet
  facet normal -1 0 0
    outer loop
      vertex -3.50004 34.2256 -1.88292
      vertex -3.50004 35.2701 -0.17654
      vertex -3.50004 34.3919 -1.97564
    endloop
  endfacet
  facet normal -1 -0 0
    outer loop
      vertex -3.50004 35.2701 -0.17654
      vertex -3.50004 34.2256 -1.88292
      vertex -3.50004 35.1775 -0.121503
    endloop
  endfacet
  facet normal -1 0 0
    outer loop
      vertex -3.50004 34.0635 -1.78326
      vertex -3.50004 35.1775 -0.121503
      vertex -3.50004 34.2256 -1.88292
    endloop
  endfacet
  facet normal -1 -0 0
    outer loop
      vertex -3.50004 35.1775 -0.121503
      vertex -3.50004 34.0635 -1.78326
      vertex -3.50004 35.0872 -0.0625153
    endloop
  endfacet
  facet normal -1 0 0
    outer loop
      vertex -3.50004 33.9056 -1.67683
      vertex -3.50004 35.0872 -0.0625153
      vertex -3.50004 34.0635 -1.78326
    endloop
  endfacet
  facet normal -1 0 0
    outer loop
      vertex -3.50004 33.9 -1.6727
      vertex -3.50004 35.0872 -0.0625153
      vertex -3.50004 33.9056 -1.67683
    endloop
  endfacet
  facet normal -1 -0 0
    outer loop
      vertex -3.50004 35.0872 -0.0625153
      vertex -3.50004 33.9 -1.6727
      vertex -3.50004 34.9996 0.000302315
    endloop
  endfacet
  facet normal -1 -0 0
    outer loop
      vertex -3.50004 34.9996 0.000302315
      vertex -3.50004 33.9 -1.6727
      vertex -3.50004 34.9148 0.0668383
    endloop
  endfacet
  facet normal -1 -0 0
    outer loop
      vertex -3.50004 34.9148 0.0668383
      vertex -3.50004 33.9 -1.6727
      vertex -3.50004 34.833 0.13697
    endloop
  endfacet
  facet normal -1 -0 0
    outer loop
      vertex -3.50004 34.833 0.13697
      vertex -3.50004 33.9 -1.6727
      vertex -3.50004 34.7542 0.210564
    endloop
  endfacet
  facet normal -1 -0 0
    outer loop
      vertex -3.50004 34.7542 0.210564
      vertex -3.50004 33.9 -1.6727
      vertex -3.50004 34.6787 0.287482
    endloop
  endfacet
  facet normal -1 -0 0
    outer loop
      vertex -3.50004 34.6787 0.287482
      vertex -3.50004 33.9 -1.6727
      vertex -3.50004 34.6066 0.36759
    endloop
  endfacet
  facet normal -1 -0 0
    outer loop
      vertex -3.50004 34.6066 0.36759
      vertex -3.50004 33.9 -1.6727
      vertex -3.50004 34.538 0.450728
    endloop
  endfacet
  facet normal -1 -0 0
    outer loop
      vertex -3.50004 34.538 0.450728
      vertex -3.50004 33.9 -1.6727
      vertex -3.50004 34.473 0.536751
    endloop
  endfacet
  facet normal -1 -0 0
    outer loop
      vertex -3.50004 34.473 0.536751
      vertex -3.50004 33.9 -1.6727
      vertex -3.50004 34.4118 0.625488
    endloop
  endfacet
  facet normal -1 -0 0
    outer loop
      vertex -3.50004 34.4118 0.625488
      vertex -3.50004 33.9 -1.6727
      vertex -3.50004 34.3545 0.716785
    endloop
  endfacet
  facet normal -1 -0 0
    outer loop
      vertex -3.50004 34.3545 0.716785
      vertex -3.50004 33.9 -1.6727
      vertex -3.50004 34.3012 0.810469
    endloop
  endfacet
  facet normal -1 -0 0
    outer loop
      vertex -3.50004 34.3012 0.810469
      vertex -3.50004 33.9 -1.6727
      vertex -3.50004 34.2519 0.906362
    endloop
  endfacet
  facet normal -1 -0 0
    outer loop
      vertex -3.50004 34.2519 0.906362
      vertex -3.50004 33.9 -1.6727
      vertex -3.50004 34.2069 1.00429
    endloop
  endfacet
  facet normal -1 -0 0
    outer loop
      vertex -3.50004 34.2069 1.00429
      vertex -3.50004 33.9 -1.6727
      vertex -3.50004 34.1661 1.10407
    endloop
  endfacet
  facet normal -1 -0 0
    outer loop
      vertex -3.50004 34.1661 1.10407
      vertex -3.50004 33.9 -1.6727
      vertex -3.50004 34.1296 1.20551
    endloop
  endfacet
  facet normal -1 -0 0
    outer loop
      vertex -3.50004 34.1296 1.20551
      vertex -3.50004 33.9 -1.6727
      vertex -3.50004 34.0976 1.30843
    endloop
  endfacet
  facet normal -1 -0 0
    outer loop
      vertex -3.50004 34.07 1.41263
      vertex -3.50004 33.9 -1.6727
      vertex -3.50004 34.047 1.51793
    endloop
  endfacet
  facet normal -1 -0 0
    outer loop
      vertex -3.50004 34.047 1.51793
      vertex -3.50004 33.9 -1.6727
      vertex -3.50004 34.0285 1.62413
    endloop
  endfacet
  facet normal -1 -0 0
    outer loop
      vertex -3.50004 34.0285 1.62413
      vertex -3.50004 33.9 -1.6727
      vertex -3.50004 34.0146 1.73102
    endloop
  endfacet
  facet normal -1 -0 0
    outer loop
      vertex -3.50004 34.0146 1.73102
      vertex -3.50004 33.9 -1.6727
      vertex -3.50004 34.0053 1.83841
    endloop
  endfacet
  facet normal -1 0 0
    outer loop
      vertex -3.50004 33.9 5.73939
      vertex -3.50004 34.0006 2.0539
      vertex -3.50004 34.0006 1.94611
    endloop
  endfacet
  facet normal -1 0 0
    outer loop
      vertex -3.50004 34.0006 2.0539
      vertex -3.50004 33.9187 5.76207
      vertex -3.50004 33.9692 5.82874
    endloop
  endfacet
  facet normal -1 -0 0
    outer loop
      vertex -3.50004 34.0053 1.83841
      vertex -3.50004 33.9 -1.6727
      vertex -3.50004 34.0006 1.94611
    endloop
  endfacet
  facet normal -1 -0 0
    outer loop
      vertex -3.50004 34.0976 1.30843
      vertex -3.50004 33.9 -1.6727
      vertex -3.50004 34.07 1.41263
    endloop
  endfacet
  facet normal -1 -0 0
    outer loop
      vertex -3.50004 34.0006 1.94611
      vertex -3.50004 33.9 -1.6727
      vertex -3.50004 33.9 5.73939
    endloop
  endfacet
  facet normal -1 0 0
    outer loop
      vertex -3.50004 34.0006 2.0539
      vertex -3.50004 33.9 5.73939
      vertex -3.50004 33.9187 5.76207
    endloop
  endfacet
  facet normal -1 0 0
    outer loop
      vertex -3.50004 36.2925 4.49137
      vertex -3.50004 36.4 6.60233
      vertex -3.50004 36.4 4.498
    endloop
  endfacet
  facet normal -1 0 0
    outer loop
      vertex -3.50004 36.1852 4.4801
      vertex -3.50004 36.4 6.60233
      vertex -3.50004 36.2925 4.49137
    endloop
  endfacet
  facet normal -1 0 0
    outer loop
      vertex -3.50004 36.4 6.60233
      vertex -3.50004 36.3499 7.60984
      vertex -3.50004 36.3998 7.60438
    endloop
  endfacet
  facet normal -1 0 0
    outer loop
      vertex -3.50004 36.4 6.60233
      vertex -3.50004 36.3003 7.61747
      vertex -3.50004 36.3499 7.60984
    endloop
  endfacet
  facet normal -1 0 0
    outer loop
      vertex -3.50004 36.0786 4.46423
      vertex -3.50004 36.4 6.60233
      vertex -3.50004 36.1852 4.4801
    endloop
  endfacet
  facet normal -1 0 0
    outer loop
      vertex -3.50004 36.4 6.60233
      vertex -3.50004 36.2511 7.62726
      vertex -3.50004 36.3003 7.61747
    endloop
  endfacet
  facet normal -1 0 0
    outer loop
      vertex -3.50004 35.9728 4.44377
      vertex -3.50004 36.4 6.60233
      vertex -3.50004 36.0786 4.46423
    endloop
  endfacet
  facet normal -1 0 0
    outer loop
      vertex -3.50004 36.4 6.60233
      vertex -3.50004 36.2024 7.63919
      vertex -3.50004 36.2511 7.62726
    endloop
  endfacet
  facet normal -1 0 -0
    outer loop
      vertex -3.50004 34.3065 6.58756
      vertex -3.50004 36.4 6.60233
      vertex -3.50004 34.2874 6.50612
    endloop
  endfacet
  facet normal -1 0 0
    outer loop
      vertex -3.50004 36.4 6.60233
      vertex -3.50004 36.1542 7.65323
      vertex -3.50004 36.2024 7.63919
    endloop
  endfacet
  facet normal -1 0 -0
    outer loop
      vertex -3.50004 34.3221 6.66972
      vertex -3.50004 36.4 6.60233
      vertex -3.50004 34.3065 6.58756
    endloop
  endfacet
  facet normal -1 0 0
    outer loop
      vertex -3.50004 36.4 6.60233
      vertex -3.50004 36.1067 7.66936
      vertex -3.50004 36.1542 7.65323
    endloop
  endfacet
  facet normal -1 0 0
    outer loop
      vertex -3.50004 35.8679 4.41877
      vertex -3.50004 36.4 6.60233
      vertex -3.50004 35.9728 4.44377
    endloop
  endfacet
  facet normal -1 0 -0
    outer loop
      vertex -3.50004 34.3343 6.75247
      vertex -3.50004 36.4 6.60233
      vertex -3.50004 34.3221 6.66972
    endloop
  endfacet
  facet normal -1 0 0
    outer loop
      vertex -3.50004 36.4 6.60233
      vertex -3.50004 36.06 7.68754
      vertex -3.50004 36.1067 7.66936
    endloop
  endfacet
  facet normal -1 0 -0
    outer loop
      vertex -3.50004 34.343 6.83565
      vertex -3.50004 36.4 6.60233
      vertex -3.50004 34.3343 6.75247
    endloop
  endfacet
  facet normal -1 0 0
    outer loop
      vertex -3.50004 35.7643 4.38928
      vertex -3.50004 36.4 6.60233
      vertex -3.50004 35.8679 4.41877
    endloop
  endfacet
  facet normal -1 0 0
    outer loop
      vertex -3.50004 36.4 6.60233
      vertex -3.50004 36.014 7.70775
      vertex -3.50004 36.06 7.68754
    endloop
  endfacet
  facet normal -1 0 -0
    outer loop
      vertex -3.50004 34.3483 6.91913
      vertex -3.50004 36.4 6.60233
      vertex -3.50004 34.343 6.83565
    endloop
  endfacet
  facet normal -1 0 0
    outer loop
      vertex -3.50004 34.1777 6.19045
      vertex -3.50004 36.4 6.60233
      vertex -3.50004 35.7643 4.38928
    endloop
  endfacet
  facet normal -1 0 0
    outer loop
      vertex -3.50004 36.4 6.60233
      vertex -3.50004 35.969 7.72994
      vertex -3.50004 36.014 7.70775
    endloop
  endfacet
  facet normal -1 0 0
    outer loop
      vertex -3.50004 36.4 6.60233
      vertex -3.50004 34.3483 6.91913
      vertex -3.50004 35.925 7.75407
    endloop
  endfacet
  facet normal -1 -0 0
    outer loop
      vertex -3.50004 35.925 7.75407
      vertex -3.50004 34.3483 6.91913
      vertex -3.50004 35.8821 7.7801
    endloop
  endfacet
  facet normal -1 0 0
    outer loop
      vertex -3.50004 34.1421 6.11475
      vertex -3.50004 35.7643 4.38928
      vertex -3.50004 35.6619 4.35534
    endloop
  endfacet
  facet normal -1 0 -0
    outer loop
      vertex -3.50004 34.35 7.00275
      vertex -3.50004 35.8821 7.7801
      vertex -3.50004 34.3483 6.91913
    endloop
  endfacet
  facet normal -1 -0 0
    outer loop
      vertex -3.50004 35.8821 7.7801
      vertex -3.50004 34.35 7.00275
      vertex -3.50004 35.8404 7.80798
    endloop
  endfacet
  facet normal -1 -0 0
    outer loop
      vertex -3.50004 35.8404 7.80798
      vertex -3.50004 34.35 7.00275
      vertex -3.50004 35.8 7.83765
    endloop
  endfacet
  facet normal -1 0 0
    outer loop
      vertex -3.50004 34.1034 6.04059
      vertex -3.50004 35.6619 4.35534
      vertex -3.50004 35.5612 4.31702
    endloop
  endfacet
  facet normal -1 -0 0
    outer loop
      vertex -3.50004 35.8 7.83765
      vertex -3.50004 34.35 7.00275
      vertex -3.50004 35.7608 7.86905
    endloop
  endfacet
  facet normal -1 -0 0
    outer loop
      vertex -3.50004 35.7608 7.86905
      vertex -3.50004 34.35 7.00275
      vertex -3.50004 35.7231 7.90213
    endloop
  endfacet
  facet normal -1 -0 0
    outer loop
      vertex -3.50004 35.6869 7.93683
      vertex -3.50004 34.35 7.00275
      vertex -3.50004 35.6522 7.97307
    endloop
  endfacet
  facet normal -1 -0 0
    outer loop
      vertex -3.50004 35.6522 7.97307
      vertex -3.50004 34.35 7.00275
      vertex -3.50004 35.6191 8.0108
    endloop
  endfacet
  facet normal -1 0 0
    outer loop
      vertex -3.50004 34.0616 5.96812
      vertex -3.50004 35.5612 4.31702
      vertex -3.50004 35.4622 4.2744
    endloop
  endfacet
  facet normal -1 -0 0
    outer loop
      vertex -3.50004 35.6191 8.0108
      vertex -3.50004 34.35 7.00275
      vertex -3.50004 35.5877 8.04993
    endloop
  endfacet
  facet normal -1 -0 0
    outer loop
      vertex -3.50004 35.5877 8.04993
      vertex -3.50004 34.35 7.00275
      vertex -3.50004 35.558 8.09039
    endloop
  endfacet
  facet normal -1 -0 0
    outer loop
      vertex -3.50004 35.558 8.09039
      vertex -3.50004 34.35 7.00275
      vertex -3.50004 35.5301 8.13211
    endloop
  endfacet
  facet normal -1 -0 0
    outer loop
      vertex -3.50004 35.5301 8.13211
      vertex -3.50004 34.35 7.00275
      vertex -3.50004 35.5041 8.175
    endloop
  endfacet
  facet normal -1 -0 0
    outer loop
      vertex -3.50004 35.48 8.21899
      vertex -3.50004 34.35 7.00275
      vertex -3.50004 35.4578 8.26399
    endloop
  endfacet
  facet normal -1 0 0
    outer loop
      vertex -3.50004 34.35 8.75
      vertex -3.50004 35.4578 8.26399
      vertex -3.50004 34.35 7.00275
    endloop
  endfacet
  facet normal -1 0 0
    outer loop
      vertex -3.50004 35.4578 8.26399
      vertex -3.50004 34.35 8.75
      vertex -3.50004 35.4376 8.30992
    endloop
  endfacet
  facet normal -1 0 0
    outer loop
      vertex -3.50004 34.0169 5.89747
      vertex -3.50004 35.4622 4.2744
      vertex -3.50004 35.3651 4.22754
    endloop
  endfacet
  facet normal -1 0 0
    outer loop
      vertex -3.50004 35.4376 8.30992
      vertex -3.50004 34.35 8.75
      vertex -3.50004 35.4194 8.35668
    endloop
  endfacet
  facet normal -1 0 0
    outer loop
      vertex -3.50004 35.4194 8.35668
      vertex -3.50004 34.35 8.75
      vertex -3.50004 35.4033 8.40419
    endloop
  endfacet
  facet normal -1 0 0
    outer loop
      vertex -3.50004 35.4033 8.40419
      vertex -3.50004 34.35 8.75
      vertex -3.50004 35.3892 8.45236
    endloop
  endfacet
  facet normal -1 0 0
    outer loop
      vertex -3.50004 35.3773 8.5011
      vertex -3.50004 34.35 8.75
      vertex -3.50004 35.3675 8.55031
    endloop
  endfacet
  facet normal -1 0 0
    outer loop
      vertex -3.50004 35.3675 8.55031
      vertex -3.50004 34.35 8.75
      vertex -3.50004 35.3599 8.5999
    endloop
  endfacet
  facet normal -1 0 0
    outer loop
      vertex -3.50004 33.9692 5.82874
      vertex -3.50004 35.3651 4.22754
      vertex -3.50004 35.2701 4.17655
    endloop
  endfacet
  facet normal -1 0 0
    outer loop
      vertex -3.50004 35.3511 8.69984
      vertex -3.50004 34.35 8.75
      vertex -3.50004 35.35 8.75
    endloop
  endfacet
  facet normal -1 0 -0
    outer loop
      vertex -3.50004 34.3521 8.84299
      vertex -3.50004 35.35 8.75
      vertex -3.50004 34.35 8.75
    endloop
  endfacet
  facet normal -1 0 0
    outer loop
      vertex -3.50004 33.9692 5.82874
      vertex -3.50004 35.2701 4.17655
      vertex -3.50004 35.1775 4.12151
    endloop
  endfacet
  facet normal -1 0 0
    outer loop
      vertex -3.50004 35.35 8.75
      vertex -3.50004 35.2525 10.5011
      vertex -3.50004 35.3294 10.5534
    endloop
  endfacet
  facet normal -1 0 0
    outer loop
      vertex -3.50004 33.9692 5.82874
      vertex -3.50004 35.1775 4.12151
      vertex -3.50004 35.0872 4.06252
    endloop
  endfacet
  facet normal -1 0 0
    outer loop
      vertex -3.50004 35.35 8.75
      vertex -3.50004 35.178 10.4455
      vertex -3.50004 35.2525 10.5011
    endloop
  endfacet
  facet normal -1 0 0
    outer loop
      vertex -3.50004 33.9692 5.82874
      vertex -3.50004 35.0872 4.06252
      vertex -3.50004 34.9996 3.9997
    endloop
  endfacet
  facet normal -1 0 0
    outer loop
      vertex -3.50004 35.35 8.75
      vertex -3.50004 35.1059 10.3867
      vertex -3.50004 35.178 10.4455
    endloop
  endfacet
  facet normal -1 0 0
    outer loop
      vertex -3.50004 33.9692 5.82874
      vertex -3.50004 34.9996 3.9997
      vertex -3.50004 34.9148 3.93317
    endloop
  endfacet
  facet normal -1 0 0
    outer loop
      vertex -3.50004 35.35 8.75
      vertex -3.50004 35.0364 10.3249
      vertex -3.50004 35.1059 10.3867
    endloop
  endfacet
  facet normal -1 0 0
    outer loop
      vertex -3.50004 35.35 8.75
      vertex -3.50004 34.9697 10.2601
      vertex -3.50004 35.0364 10.3249
    endloop
  endfacet
  facet normal -1 0 0
    outer loop
      vertex -3.50004 33.9692 5.82874
      vertex -3.50004 34.9148 3.93317
      vertex -3.50004 34.833 3.86303
    endloop
  endfacet
  facet normal -1 0 0
    outer loop
      vertex -3.50004 35.35 8.75
      vertex -3.50004 34.9058 10.1925
      vertex -3.50004 34.9697 10.2601
    endloop
  endfacet
  facet normal -1 0 0
    outer loop
      vertex -3.50004 33.9692 5.82874
      vertex -3.50004 34.833 3.86303
      vertex -3.50004 34.7542 3.78944
    endloop
  endfacet
  facet normal -1 0 0
    outer loop
      vertex -3.50004 35.35 8.75
      vertex -3.50004 34.8449 10.1222
      vertex -3.50004 34.9058 10.1925
    endloop
  endfacet
  facet normal -1 0 0
    outer loop
      vertex -3.50004 35.35 8.75
      vertex -3.50004 34.7871 10.0493
      vertex -3.50004 34.8449 10.1222
    endloop
  endfacet
  facet normal -1 0 0
    outer loop
      vertex -3.50004 33.9692 5.82874
      vertex -3.50004 34.7542 3.78944
      vertex -3.50004 34.6787 3.71252
    endloop
  endfacet
  facet normal -1 0 0
    outer loop
      vertex -3.50004 35.35 8.75
      vertex -3.50004 34.7325 9.97404
      vertex -3.50004 34.7871 10.0493
    endloop
  endfacet
  facet normal -1 0 0
    outer loop
      vertex -3.50004 33.9692 5.82874
      vertex -3.50004 34.6787 3.71252
      vertex -3.50004 34.6066 3.63241
    endloop
  endfacet
  facet normal -1 0 0
    outer loop
      vertex -3.50004 35.35 8.75
      vertex -3.50004 34.6812 9.89645
      vertex -3.50004 34.7325 9.97404
    endloop
  endfacet
  facet normal -1 0 0
    outer loop
      vertex -3.50004 35.35 8.75
      vertex -3.50004 34.6333 9.81672
      vertex -3.50004 34.6812 9.89645
    endloop
  endfacet
  facet normal -1 0 0
    outer loop
      vertex -3.50004 33.9692 5.82874
      vertex -3.50004 34.6066 3.63241
      vertex -3.50004 34.538 3.54927
    endloop
  endfacet
  facet normal -1 0 0
    outer loop
      vertex -3.50004 35.35 8.75
      vertex -3.50004 34.5889 9.73498
      vertex -3.50004 34.6333 9.81672
    endloop
  endfacet
  facet normal -1 0 0
    outer loop
      vertex -3.50004 35.35 8.75
      vertex -3.50004 34.5481 9.65141
      vertex -3.50004 34.5889 9.73498
    endloop
  endfacet
  facet normal -1 0 0
    outer loop
      vertex -3.50004 33.9692 5.82874
      vertex -3.50004 34.538 3.54927
      vertex -3.50004 34.473 3.46325
    endloop
  endfacet
  facet normal -1 0 0
    outer loop
      vertex -3.50004 35.35 8.75
      vertex -3.50004 34.511 9.56615
      vertex -3.50004 34.5481 9.65141
    endloop
  endfacet
  facet normal -1 0 0
    outer loop
      vertex -3.50004 35.35 8.75
      vertex -3.50004 34.4775 9.47936
      vertex -3.50004 34.511 9.56615
    endloop
  endfacet
  facet normal -1 0 0
    outer loop
      vertex -3.50004 33.9692 5.82874
      vertex -3.50004 34.473 3.46325
      vertex -3.50004 34.4118 3.37451
    endloop
  endfacet
  facet normal -1 0 0
    outer loop
      vertex -3.50004 35.35 8.75
      vertex -3.50004 34.4479 9.3912
      vertex -3.50004 34.4775 9.47936
    endloop
  endfacet
  facet normal -1 0 0
    outer loop
      vertex -3.50004 35.35 8.75
      vertex -3.50004 34.4221 9.30185
      vertex -3.50004 34.4479 9.3912
    endloop
  endfacet
  facet normal -1 0 0
    outer loop
      vertex -3.50004 35.35 8.75
      vertex -3.50004 34.4001 9.21146
      vertex -3.50004 34.4221 9.30185
    endloop
  endfacet
  facet normal -1 0 0
    outer loop
      vertex -3.50004 35.35 8.75
      vertex -3.50004 34.3822 9.12021
      vertex -3.50004 34.4001 9.21146
    endloop
  endfacet
  facet normal -1 0 0
    outer loop
      vertex -3.50004 33.9692 5.82874
      vertex -3.50004 34.4118 3.37451
      vertex -3.50004 34.3545 3.28322
    endloop
  endfacet
  facet normal -1 0 0
    outer loop
      vertex -3.50004 35.35 8.75
      vertex -3.50004 34.3681 9.02827
      vertex -3.50004 34.3822 9.12021
    endloop
  endfacet
  facet normal -1 0 0
    outer loop
      vertex -3.50004 35.35 8.75
      vertex -3.50004 34.3581 8.9358
      vertex -3.50004 34.3681 9.02827
    endloop
  endfacet
  facet normal -1 0 0
    outer loop
      vertex -3.50004 35.3544 8.64977
      vertex -3.50004 34.35 8.75
      vertex -3.50004 35.3511 8.69984
    endloop
  endfacet
  facet normal -1 0 0
    outer loop
      vertex -3.50004 35.3599 8.5999
      vertex -3.50004 34.35 8.75
      vertex -3.50004 35.3544 8.64977
    endloop
  endfacet
  facet normal -1 0 0
    outer loop
      vertex -3.50004 35.3892 8.45236
      vertex -3.50004 34.35 8.75
      vertex -3.50004 35.3773 8.5011
    endloop
  endfacet
  facet normal -1 -0 0
    outer loop
      vertex -3.50004 35.5041 8.175
      vertex -3.50004 34.35 7.00275
      vertex -3.50004 35.48 8.21899
    endloop
  endfacet
  facet normal -1 -0 0
    outer loop
      vertex -3.50004 35.7231 7.90213
      vertex -3.50004 34.35 7.00275
      vertex -3.50004 35.6869 7.93683
    endloop
  endfacet
  facet normal -1 0 0
    outer loop
      vertex -3.50004 33.9692 5.82874
      vertex -3.50004 34.3545 3.28322
      vertex -3.50004 34.3012 3.18953
    endloop
  endfacet
  facet normal -1 0 0
    outer loop
      vertex -3.50004 36.4 6.60233
      vertex -3.50004 35.925 7.75407
      vertex -3.50004 35.969 7.72994
    endloop
  endfacet
  facet normal -1 0 0
    outer loop
      vertex -3.50004 36.4 6.60233
      vertex -3.50004 34.2649 6.42555
      vertex -3.50004 34.2874 6.50612
    endloop
  endfacet
  facet normal -1 0 0
    outer loop
      vertex -3.50004 33.9692 5.82874
      vertex -3.50004 34.3012 3.18953
      vertex -3.50004 34.2519 3.09364
    endloop
  endfacet
  facet normal -1 0 0
    outer loop
      vertex -3.50004 36.4 6.60233
      vertex -3.50004 34.2391 6.34599
      vertex -3.50004 34.2649 6.42555
    endloop
  endfacet
  facet normal -1 0 0
    outer loop
      vertex -3.50004 36.4 6.60233
      vertex -3.50004 34.21 6.26758
      vertex -3.50004 34.2391 6.34599
    endloop
  endfacet
  facet normal -1 0 0
    outer loop
      vertex -3.50004 33.9692 5.82874
      vertex -3.50004 34.2519 3.09364
      vertex -3.50004 34.2069 2.99572
    endloop
  endfacet
  facet normal -1 0 0
    outer loop
      vertex -3.50004 36.4 6.60233
      vertex -3.50004 34.1777 6.19045
      vertex -3.50004 34.21 6.26758
    endloop
  endfacet
  facet normal -1 0 0
    outer loop
      vertex -3.50004 33.9692 5.82874
      vertex -3.50004 34.2069 2.99572
      vertex -3.50004 34.1661 2.89594
    endloop
  endfacet
  facet normal -1 0 0
    outer loop
      vertex -3.50004 35.7643 4.38928
      vertex -3.50004 34.1421 6.11475
      vertex -3.50004 34.1777 6.19045
    endloop
  endfacet
  facet normal -1 0 0
    outer loop
      vertex -3.50004 33.9692 5.82874
      vertex -3.50004 34.1661 2.89594
      vertex -3.50004 34.1296 2.79449
    endloop
  endfacet
  facet normal -1 0 0
    outer loop
      vertex -3.50004 35.6619 4.35534
      vertex -3.50004 34.1034 6.04059
      vertex -3.50004 34.1421 6.11475
    endloop
  endfacet
  facet normal -1 0 0
    outer loop
      vertex -3.50004 33.9692 5.82874
      vertex -3.50004 34.1296 2.79449
      vertex -3.50004 34.0976 2.69158
    endloop
  endfacet
  facet normal -1 0 0
    outer loop
      vertex -3.50004 33.9692 5.82874
      vertex -3.50004 34.0976 2.69158
      vertex -3.50004 34.07 2.58737
    endloop
  endfacet
  facet normal -1 0 0
    outer loop
      vertex -3.50004 35.5612 4.31702
      vertex -3.50004 34.0616 5.96812
      vertex -3.50004 34.1034 6.04059
    endloop
  endfacet
  facet normal -1 0 0
    outer loop
      vertex -3.50004 33.9692 5.82874
      vertex -3.50004 34.07 2.58737
      vertex -3.50004 34.047 2.48207
    endloop
  endfacet
  facet normal -1 0 0
    outer loop
      vertex -3.50004 33.9692 5.82874
      vertex -3.50004 34.047 2.48207
      vertex -3.50004 34.0285 2.37588
    endloop
  endfacet
  facet normal -1 0 0
    outer loop
      vertex -3.50004 35.4622 4.2744
      vertex -3.50004 34.0169 5.89747
      vertex -3.50004 34.0616 5.96812
    endloop
  endfacet
  facet normal -1 0 0
    outer loop
      vertex -3.50004 33.9692 5.82874
      vertex -3.50004 34.0285 2.37588
      vertex -3.50004 34.0146 2.26899
    endloop
  endfacet
  facet normal -1 0 0
    outer loop
      vertex -3.50004 33.9692 5.82874
      vertex -3.50004 34.0146 2.26899
      vertex -3.50004 34.0053 2.16159
    endloop
  endfacet
  facet normal -1 0 0
    outer loop
      vertex -3.50004 33.9692 5.82874
      vertex -3.50004 34.0053 2.16159
      vertex -3.50004 34.0006 2.0539
    endloop
  endfacet
  facet normal -1 0 0
    outer loop
      vertex -3.50004 35.3651 4.22754
      vertex -3.50004 33.9692 5.82874
      vertex -3.50004 34.0169 5.89747
    endloop
  endfacet
  facet normal -1 0 0
    outer loop
      vertex -3.50004 37.6489 8.69984
      vertex -3.50004 38.6497 8.71432
      vertex -3.50004 38.6462 8.62138
    endloop
  endfacet
  facet normal -1 0 0
    outer loop
      vertex -3.50004 38.6497 8.71432
      vertex -3.50004 37.65 8.75
      vertex -3.50004 38.6493 8.80732
    endloop
  endfacet
  facet normal -1 0 0
    outer loop
      vertex -3.50004 37.6457 8.64977
      vertex -3.50004 38.6462 8.62138
      vertex -3.50004 38.6386 8.52868
    endloop
  endfacet
  facet normal -1 0 0
    outer loop
      vertex -3.50004 37.6489 8.80016
      vertex -3.50004 38.6493 8.80732
      vertex -3.50004 37.65 8.75
    endloop
  endfacet
  facet normal -1 0 0
    outer loop
      vertex -3.50004 37.6402 8.5999
      vertex -3.50004 38.6386 8.52868
      vertex -3.50004 38.627 8.43639
    endloop
  endfacet
  facet normal -1 -0 0
    outer loop
      vertex -3.50004 38.6493 8.80732
      vertex -3.50004 37.6489 8.80016
      vertex -3.50004 38.6448 8.90022
    endloop
  endfacet
  facet normal -1 0 0
    outer loop
      vertex -3.50004 37.6326 8.55031
      vertex -3.50004 38.627 8.43639
      vertex -3.50004 38.6115 8.3447
    endloop
  endfacet
  facet normal -1 0 0
    outer loop
      vertex -3.50004 37.6457 8.85023
      vertex -3.50004 38.6448 8.90022
      vertex -3.50004 37.6489 8.80016
    endloop
  endfacet
  facet normal -1 0 0
    outer loop
      vertex -3.50004 37.6228 8.5011
      vertex -3.50004 38.6115 8.3447
      vertex -3.50004 38.592 8.25376
    endloop
  endfacet
  facet normal -1 -0 0
    outer loop
      vertex -3.50004 38.6448 8.90022
      vertex -3.50004 37.6457 8.85023
      vertex -3.50004 38.6363 8.99284
    endloop
  endfacet
  facet normal -1 0 0
    outer loop
      vertex -3.50004 37.6108 8.45236
      vertex -3.50004 38.592 8.25376
      vertex -3.50004 38.5686 8.16374
    endloop
  endfacet
  facet normal -1 0 0
    outer loop
      vertex -3.50004 37.6402 8.90011
      vertex -3.50004 38.6363 8.99284
      vertex -3.50004 37.6457 8.85023
    endloop
  endfacet
  facet normal -1 0 0
    outer loop
      vertex -3.50004 37.5968 8.40419
      vertex -3.50004 38.5686 8.16374
      vertex -3.50004 38.5413 8.07483
    endloop
  endfacet
  facet normal -1 -0 0
    outer loop
      vertex -3.50004 38.6363 8.99284
      vertex -3.50004 37.6402 8.90011
      vertex -3.50004 38.6238 9.08501
    endloop
  endfacet
  facet normal -1 0 0
    outer loop
      vertex -3.50004 37.5807 8.35668
      vertex -3.50004 38.5413 8.07483
      vertex -3.50004 38.5102 7.98718
    endloop
  endfacet
  facet normal -1 0 0
    outer loop
      vertex -3.50004 37.6326 8.9497
      vertex -3.50004 38.6238 9.08501
      vertex -3.50004 37.6402 8.90011
    endloop
  endfacet
  facet normal -1 0 0
    outer loop
      vertex -3.50004 37.5625 8.30992
      vertex -3.50004 38.5102 7.98718
      vertex -3.50004 38.4753 7.90096
    endloop
  endfacet
  facet normal -1 -0 0
    outer loop
      vertex -3.50004 38.6238 9.08501
      vertex -3.50004 37.6326 8.9497
      vertex -3.50004 38.6073 9.17654
    endloop
  endfacet
  facet normal -1 0 0
    outer loop
      vertex -3.50004 37.5423 8.26399
      vertex -3.50004 38.4753 7.90096
      vertex -3.50004 38.4367 7.81632
    endloop
  endfacet
  facet normal -1 0 0
    outer loop
      vertex -3.50004 37.6228 8.99891
      vertex -3.50004 38.6073 9.17654
      vertex -3.50004 37.6326 8.9497
    endloop
  endfacet
  facet normal -1 0 0
    outer loop
      vertex -3.50004 37.5201 8.21899
      vertex -3.50004 38.4367 7.81632
      vertex -3.50004 38.3945 7.73344
    endloop
  endfacet
  facet normal -1 -0 0
    outer loop
      vertex -3.50004 38.6073 9.17654
      vertex -3.50004 37.6228 8.99891
      vertex -3.50004 38.5869 9.26728
    endloop
  endfacet
  facet normal -1 0 0
    outer loop
      vertex -3.50004 37.496 8.175
      vertex -3.50004 38.3945 7.73344
      vertex -3.50004 38.3488 7.65245
    endloop
  endfacet
  facet normal -1 0 0
    outer loop
      vertex -3.50004 37.6108 9.04764
      vertex -3.50004 38.5869 9.26728
      vertex -3.50004 37.6228 8.99891
    endloop
  endfacet
  facet normal -1 0 0
    outer loop
      vertex -3.50004 37.4699 8.13211
      vertex -3.50004 38.3488 7.65245
      vertex -3.50004 38.2996 7.57352
    endloop
  endfacet
  facet normal -1 -0 0
    outer loop
      vertex -3.50004 38.5869 9.26728
      vertex -3.50004 37.6108 9.04764
      vertex -3.50004 38.5626 9.35705
    endloop
  endfacet
  facet normal -1 0 0
    outer loop
      vertex -3.50004 37.4421 8.09039
      vertex -3.50004 38.2996 7.57352
      vertex -3.50004 38.247 7.49679
    endloop
  endfacet
  facet normal -1 0 0
    outer loop
      vertex -3.50004 37.5968 9.09581
      vertex -3.50004 38.5626 9.35705
      vertex -3.50004 37.6108 9.04764
    endloop
  endfacet
  facet normal -1 0 0
    outer loop
      vertex -3.50004 37.4124 8.04993
      vertex -3.50004 38.247 7.49679
      vertex -3.50004 38.1912 7.42241
    endloop
  endfacet
  facet normal -1 -0 0
    outer loop
      vertex -3.50004 38.5626 9.35705
      vertex -3.50004 37.5968 9.09581
      vertex -3.50004 38.5344 9.44569
    endloop
  endfacet
  facet normal -1 0 0
    outer loop
      vertex -3.50004 37.381 8.0108
      vertex -3.50004 38.1912 7.42241
      vertex -3.50004 38.1322 7.35051
    endloop
  endfacet
  facet normal -1 0 0
    outer loop
      vertex -3.50004 37.5807 9.14333
      vertex -3.50004 38.5344 9.44569
      vertex -3.50004 37.5968 9.09581
    endloop
  endfacet
  facet normal -1 0 0
    outer loop
      vertex -3.50004 37.3479 7.97307
      vertex -3.50004 38.1322 7.35051
      vertex -3.50004 38.0701 7.28123
    endloop
  endfacet
  facet normal -1 -0 0
    outer loop
      vertex -3.50004 38.5344 9.44569
      vertex -3.50004 37.5807 9.14333
      vertex -3.50004 38.5024 9.53302
    endloop
  endfacet
  facet normal -1 0 0
    outer loop
      vertex -3.50004 37.3132 7.93683
      vertex -3.50004 38.0701 7.28123
      vertex -3.50004 38.0051 7.2147
    endloop
  endfacet
  facet normal -1 0 0
    outer loop
      vertex -3.50004 37.5625 9.19009
      vertex -3.50004 38.5024 9.53302
      vertex -3.50004 37.5807 9.14333
    endloop
  endfacet
  facet normal -1 0 0
    outer loop
      vertex -3.50004 37.277 7.90213
      vertex -3.50004 38.0051 7.2147
      vertex -3.50004 37.9373 7.15104
    endloop
  endfacet
  facet normal -1 -0 0
    outer loop
      vertex -3.50004 38.5024 9.53302
      vertex -3.50004 37.5625 9.19009
      vertex -3.50004 38.4666 9.61889
    endloop
  endfacet
  facet normal -1 0 0
    outer loop
      vertex -3.50004 37.2392 7.86905
      vertex -3.50004 37.9373 7.15104
      vertex -3.50004 37.8668 7.09037
    endloop
  endfacet
  facet normal -1 0 0
    outer loop
      vertex -3.50004 37.5423 9.23601
      vertex -3.50004 38.4666 9.61889
      vertex -3.50004 37.5625 9.19009
    endloop
  endfacet
  facet normal -1 0 0
    outer loop
      vertex -3.50004 37.2001 7.83765
      vertex -3.50004 37.8668 7.09037
      vertex -3.50004 37.7938 7.03281
    endloop
  endfacet
  facet normal -1 -0 0
    outer loop
      vertex -3.50004 38.4666 9.61889
      vertex -3.50004 37.5423 9.23601
      vertex -3.50004 38.4272 9.70313
    endloop
  endfacet
  facet normal -1 0 0
    outer loop
      vertex -3.50004 37.1597 7.80798
      vertex -3.50004 37.7938 7.03281
      vertex -3.50004 37.7183 6.97847
    endloop
  endfacet
  facet normal -1 0 0
    outer loop
      vertex -3.50004 37.5201 9.28101
      vertex -3.50004 38.4272 9.70313
      vertex -3.50004 37.5423 9.23601
    endloop
  endfacet
  facet normal -1 -0 0
    outer loop
      vertex -3.50004 38.4272 9.70313
      vertex -3.50004 37.5201 9.28101
      vertex -3.50004 38.3842 9.78559
    endloop
  endfacet
  facet normal -1 -0 0
    outer loop
      vertex -3.50004 38.6497 8.71432
      vertex -3.50004 37.6489 8.69984
      vertex -3.50004 37.65 8.75
    endloop
  endfacet
  facet normal -1 0 0
    outer loop
      vertex -3.50004 38.6462 8.62138
      vertex -3.50004 37.6457 8.64977
      vertex -3.50004 37.6489 8.69984
    endloop
  endfacet
  facet normal -1 0 0
    outer loop
      vertex -3.50004 37.1179 7.7801
      vertex -3.50004 37.7183 6.97847
      vertex -3.50004 37.6405 6.92744
    endloop
  endfacet
  facet normal -1 0 0
    outer loop
      vertex -3.50004 38.6386 8.52868
      vertex -3.50004 37.6402 8.5999
      vertex -3.50004 37.6457 8.64977
    endloop
  endfacet
  facet normal -1 0 0
    outer loop
      vertex -3.50004 38.627 8.43639
      vertex -3.50004 37.6326 8.55031
      vertex -3.50004 37.6402 8.5999
    endloop
  endfacet
  facet normal -1 0 0
    outer loop
      vertex -3.50004 38.6115 8.3447
      vertex -3.50004 37.6228 8.5011
      vertex -3.50004 37.6326 8.55031
    endloop
  endfacet
  facet normal -1 0 0
    outer loop
      vertex -3.50004 38.592 8.25376
      vertex -3.50004 37.6108 8.45236
      vertex -3.50004 37.6228 8.5011
    endloop
  endfacet
  facet normal -1 0 0
    outer loop
      vertex -3.50004 38.5686 8.16374
      vertex -3.50004 37.5968 8.40419
      vertex -3.50004 37.6108 8.45236
    endloop
  endfacet
  facet normal -1 0 0
    outer loop
      vertex -3.50004 38.5413 8.07483
      vertex -3.50004 37.5807 8.35668
      vertex -3.50004 37.5968 8.40419
    endloop
  endfacet
  facet normal -1 0 0
    outer loop
      vertex -3.50004 38.5102 7.98718
      vertex -3.50004 37.5625 8.30992
      vertex -3.50004 37.5807 8.35668
    endloop
  endfacet
  facet normal -1 0 0
    outer loop
      vertex -3.50004 37.075 7.75407
      vertex -3.50004 37.6405 6.92744
      vertex -3.50004 37.5606 6.87981
    endloop
  endfacet
  facet normal -1 0 0
    outer loop
      vertex -3.50004 38.4753 7.90096
      vertex -3.50004 37.5423 8.26399
      vertex -3.50004 37.5625 8.30992
    endloop
  endfacet
  facet normal -1 0 0
    outer loop
      vertex -3.50004 38.4367 7.81632
      vertex -3.50004 37.5201 8.21899
      vertex -3.50004 37.5423 8.26399
    endloop
  endfacet
  facet normal -1 0 0
    outer loop
      vertex -3.50004 38.3945 7.73344
      vertex -3.50004 37.496 8.175
      vertex -3.50004 37.5201 8.21899
    endloop
  endfacet
  facet normal -1 0 0
    outer loop
      vertex -3.50004 37.0311 7.72994
      vertex -3.50004 37.5606 6.87981
      vertex -3.50004 37.4788 6.83569
    endloop
  endfacet
  facet normal -1 0 0
    outer loop
      vertex -3.50004 38.3488 7.65245
      vertex -3.50004 37.4699 8.13211
      vertex -3.50004 37.496 8.175
    endloop
  endfacet
  facet normal -1 0 0
    outer loop
      vertex -3.50004 38.2996 7.57352
      vertex -3.50004 37.4421 8.09039
      vertex -3.50004 37.4699 8.13211
    endloop
  endfacet
  facet normal -1 0 0
    outer loop
      vertex -3.50004 38.247 7.49679
      vertex -3.50004 37.4124 8.04993
      vertex -3.50004 37.4421 8.09039
    endloop
  endfacet
  facet normal -1 0 0
    outer loop
      vertex -3.50004 36.9861 7.70775
      vertex -3.50004 37.4788 6.83569
      vertex -3.50004 37.3951 6.79515
    endloop
  endfacet
  facet normal -1 0 0
    outer loop
      vertex -3.50004 38.1912 7.42241
      vertex -3.50004 37.381 8.0108
      vertex -3.50004 37.4124 8.04993
    endloop
  endfacet
  facet normal -1 0 0
    outer loop
      vertex -3.50004 38.1322 7.35051
      vertex -3.50004 37.3479 7.97307
      vertex -3.50004 37.381 8.0108
    endloop
  endfacet
  facet normal -1 0 0
    outer loop
      vertex -3.50004 38.0701 7.28123
      vertex -3.50004 37.3132 7.93683
      vertex -3.50004 37.3479 7.97307
    endloop
  endfacet
  facet normal -1 0 0
    outer loop
      vertex -3.50004 36.9401 7.68754
      vertex -3.50004 37.3951 6.79515
      vertex -3.50004 37.3097 6.75828
    endloop
  endfacet
  facet normal -1 0 0
    outer loop
      vertex -3.50004 38.0051 7.2147
      vertex -3.50004 37.277 7.90213
      vertex -3.50004 37.3132 7.93683
    endloop
  endfacet
  facet normal -1 0 0
    outer loop
      vertex -3.50004 37.9373 7.15104
      vertex -3.50004 37.2392 7.86905
      vertex -3.50004 37.277 7.90213
    endloop
  endfacet
  facet normal -1 0 0
    outer loop
      vertex -3.50004 36.8934 7.66936
      vertex -3.50004 37.3097 6.75828
      vertex -3.50004 37.2228 6.72512
    endloop
  endfacet
  facet normal -1 0 0
    outer loop
      vertex -3.50004 37.8668 7.09037
      vertex -3.50004 37.2001 7.83765
      vertex -3.50004 37.2392 7.86905
    endloop
  endfacet
  facet normal -1 0 0
    outer loop
      vertex -3.50004 37.7938 7.03281
      vertex -3.50004 37.1597 7.80798
      vertex -3.50004 37.2001 7.83765
    endloop
  endfacet
  facet normal -1 0 0
    outer loop
      vertex -3.50004 36.8459 7.65323
      vertex -3.50004 37.2228 6.72512
      vertex -3.50004 37.1345 6.69576
    endloop
  endfacet
  facet normal -1 0 0
    outer loop
      vertex -3.50004 37.7183 6.97847
      vertex -3.50004 37.1179 7.7801
      vertex -3.50004 37.1597 7.80798
    endloop
  endfacet
  facet normal -1 0 0
    outer loop
      vertex -3.50004 37.6405 6.92744
      vertex -3.50004 37.075 7.75407
      vertex -3.50004 37.1179 7.7801
    endloop
  endfacet
  facet normal -1 0 0
    outer loop
      vertex -3.50004 36.7977 7.63919
      vertex -3.50004 37.1345 6.69576
      vertex -3.50004 37.0451 6.67024
    endloop
  endfacet
  facet normal -1 0 0
    outer loop
      vertex -3.50004 37.5606 6.87981
      vertex -3.50004 37.0311 7.72994
      vertex -3.50004 37.075 7.75407
    endloop
  endfacet
  facet normal -1 0 0
    outer loop
      vertex -3.50004 37.4788 6.83569
      vertex -3.50004 36.9861 7.70775
      vertex -3.50004 37.0311 7.72994
    endloop
  endfacet
  facet normal -1 0 0
    outer loop
      vertex -3.50004 36.7489 7.62726
      vertex -3.50004 37.0451 6.67024
      vertex -3.50004 36.9546 6.64861
    endloop
  endfacet
  facet normal -1 0 0
    outer loop
      vertex -3.50004 37.3951 6.79515
      vertex -3.50004 36.9401 7.68754
      vertex -3.50004 36.9861 7.70775
    endloop
  endfacet
  facet normal -1 0 0
    outer loop
      vertex -3.50004 37.3097 6.75828
      vertex -3.50004 36.8934 7.66936
      vertex -3.50004 36.9401 7.68754
    endloop
  endfacet
  facet normal -1 0 0
    outer loop
      vertex -3.50004 36.6997 7.61747
      vertex -3.50004 36.9546 6.64861
      vertex -3.50004 36.8633 6.63092
    endloop
  endfacet
  facet normal -1 0 0
    outer loop
      vertex -3.50004 37.2228 6.72512
      vertex -3.50004 36.8459 7.65323
      vertex -3.50004 36.8934 7.66936
    endloop
  endfacet
  facet normal -1 0 0
    outer loop
      vertex -3.50004 37.1345 6.69576
      vertex -3.50004 36.7977 7.63919
      vertex -3.50004 36.8459 7.65323
    endloop
  endfacet
  facet normal -1 0 0
    outer loop
      vertex -3.50004 36.6501 7.60984
      vertex -3.50004 36.8633 6.63092
      vertex -3.50004 36.7713 6.61719
    endloop
  endfacet
  facet normal -1 0 0
    outer loop
      vertex -3.50004 37.0451 6.67024
      vertex -3.50004 36.7489 7.62726
      vertex -3.50004 36.7977 7.63919
    endloop
  endfacet
  facet normal -1 0 0
    outer loop
      vertex -3.50004 36.9546 6.64861
      vertex -3.50004 36.6997 7.61747
      vertex -3.50004 36.7489 7.62726
    endloop
  endfacet
  facet normal -1 0 0
    outer loop
      vertex -3.50004 36.6003 7.60438
      vertex -3.50004 36.7713 6.61719
      vertex -3.50004 36.6788 6.60745
    endloop
  endfacet
  facet normal -1 0 0
    outer loop
      vertex -3.50004 36.8633 6.63092
      vertex -3.50004 36.6501 7.60984
      vertex -3.50004 36.6997 7.61747
    endloop
  endfacet
  facet normal -1 0 0
    outer loop
      vertex -3.50004 36.7713 6.61719
      vertex -3.50004 36.6003 7.60438
      vertex -3.50004 36.6501 7.60984
    endloop
  endfacet
  facet normal -1 0 0
    outer loop
      vertex -3.50004 36.5502 7.6011
      vertex -3.50004 36.6788 6.60745
      vertex -3.50004 36.586 6.60172
    endloop
  endfacet
  facet normal -1 0 0
    outer loop
      vertex -3.50004 36.6788 6.60745
      vertex -3.50004 36.5502 7.6011
      vertex -3.50004 36.6003 7.60438
    endloop
  endfacet
  facet normal -1 0 0
    outer loop
      vertex -3.50004 36.586 6.60172
      vertex -3.50004 36.5 7.6
      vertex -3.50004 36.5502 7.6011
    endloop
  endfacet
  facet normal -1 0 0
    outer loop
      vertex -3.50004 36.493 6.60001
      vertex -3.50004 36.5 7.6
      vertex -3.50004 36.586 6.60172
    endloop
  endfacet
  facet normal -1 0 0
    outer loop
      vertex -3.50004 36.493 6.60001
      vertex -3.50004 36.4499 7.6011
      vertex -3.50004 36.5 7.6
    endloop
  endfacet
  facet normal -1 0 0
    outer loop
      vertex -3.50004 36.4 6.60233
      vertex -3.50004 36.4499 7.6011
      vertex -3.50004 36.493 6.60001
    endloop
  endfacet
  facet normal -1 -0 0
    outer loop
      vertex -3.50004 36.4499 7.6011
      vertex -3.50004 36.4 6.60233
      vertex -3.50004 36.3998 7.60438
    endloop
  endfacet
  facet normal -1 0 0
    outer loop
      vertex -3.50004 37.496 9.325
      vertex -3.50004 38.3842 9.78559
      vertex -3.50004 37.5201 9.28101
    endloop
  endfacet
  facet normal -1 -0 0
    outer loop
      vertex -3.50004 38.3842 9.78559
      vertex -3.50004 37.496 9.325
      vertex -3.50004 38.3377 9.86611
    endloop
  endfacet
  facet normal -1 0 0
    outer loop
      vertex -3.50004 37.4699 9.3679
      vertex -3.50004 38.3377 9.86611
      vertex -3.50004 37.496 9.325
    endloop
  endfacet
  facet normal -1 -0 0
    outer loop
      vertex -3.50004 38.3377 9.86611
      vertex -3.50004 37.4699 9.3679
      vertex -3.50004 38.2877 9.94454
    endloop
  endfacet
  facet normal -1 0 0
    outer loop
      vertex -3.50004 37.4421 9.40961
      vertex -3.50004 38.2877 9.94454
      vertex -3.50004 37.4699 9.3679
    endloop
  endfacet
  facet normal -1 -0 0
    outer loop
      vertex -3.50004 38.2877 9.94454
      vertex -3.50004 37.4421 9.40961
      vertex -3.50004 38.2343 10.0207
    endloop
  endfacet
  facet normal -1 0 0
    outer loop
      vertex -3.50004 37.4124 9.45008
      vertex -3.50004 38.2343 10.0207
      vertex -3.50004 37.4421 9.40961
    endloop
  endfacet
  facet normal -1 -0 0
    outer loop
      vertex -3.50004 38.2343 10.0207
      vertex -3.50004 37.4124 9.45008
      vertex -3.50004 38.1777 10.0945
    endloop
  endfacet
  facet normal -1 0 0
    outer loop
      vertex -3.50004 37.381 9.48921
      vertex -3.50004 38.1777 10.0945
      vertex -3.50004 37.4124 9.45008
    endloop
  endfacet
  facet normal -1 -0 0
    outer loop
      vertex -3.50004 38.1777 10.0945
      vertex -3.50004 37.381 9.48921
      vertex -3.50004 38.118 10.1658
    endloop
  endfacet
  facet normal -1 0 0
    outer loop
      vertex -3.50004 37.3479 9.52693
      vertex -3.50004 38.118 10.1658
      vertex -3.50004 37.381 9.48921
    endloop
  endfacet
  facet normal -1 -0 0
    outer loop
      vertex -3.50004 38.118 10.1658
      vertex -3.50004 37.3479 9.52693
      vertex -3.50004 38.0553 10.2345
    endloop
  endfacet
  facet normal -1 0 0
    outer loop
      vertex -3.50004 37.3132 9.56318
      vertex -3.50004 38.0553 10.2345
      vertex -3.50004 37.3479 9.52693
    endloop
  endfacet
  facet normal -1 -0 0
    outer loop
      vertex -3.50004 38.0553 10.2345
      vertex -3.50004 37.3132 9.56318
      vertex -3.50004 37.9896 10.3004
    endloop
  endfacet
  facet normal -1 0 0
    outer loop
      vertex -3.50004 37.277 9.59787
      vertex -3.50004 37.9896 10.3004
      vertex -3.50004 37.3132 9.56318
    endloop
  endfacet
  facet normal -1 -0 0
    outer loop
      vertex -3.50004 37.9896 10.3004
      vertex -3.50004 37.277 9.59787
      vertex -3.50004 37.9212 10.3633
    endloop
  endfacet
  facet normal -1 0 0
    outer loop
      vertex -3.50004 37.2392 9.63095
      vertex -3.50004 37.9212 10.3633
      vertex -3.50004 37.277 9.59787
    endloop
  endfacet
  facet normal -1 -0 0
    outer loop
      vertex -3.50004 37.9212 10.3633
      vertex -3.50004 37.2392 9.63095
      vertex -3.50004 37.8501 10.4233
    endloop
  endfacet
  facet normal -1 0 0
    outer loop
      vertex -3.50004 37.2001 9.66236
      vertex -3.50004 37.8501 10.4233
      vertex -3.50004 37.2392 9.63095
    endloop
  endfacet
  facet normal -1 -0 0
    outer loop
      vertex -3.50004 37.8501 10.4233
      vertex -3.50004 37.2001 9.66236
      vertex -3.50004 37.7764 10.4801
    endloop
  endfacet
  facet normal -1 0 0
    outer loop
      vertex -3.50004 37.1597 9.69203
      vertex -3.50004 37.7764 10.4801
      vertex -3.50004 37.2001 9.66236
    endloop
  endfacet
  facet normal -1 -0 0
    outer loop
      vertex -3.50004 37.7764 10.4801
      vertex -3.50004 37.1597 9.69203
      vertex -3.50004 37.7004 10.5337
    endloop
  endfacet
  facet normal -1 0 0
    outer loop
      vertex -3.50004 37.1179 9.7199
      vertex -3.50004 37.7004 10.5337
      vertex -3.50004 37.1597 9.69203
    endloop
  endfacet
  facet normal -1 -0 0
    outer loop
      vertex -3.50004 37.7004 10.5337
      vertex -3.50004 37.1179 9.7199
      vertex -3.50004 37.6221 10.5839
    endloop
  endfacet
  facet normal -1 0 0
    outer loop
      vertex -3.50004 37.075 9.74593
      vertex -3.50004 37.6221 10.5839
      vertex -3.50004 37.1179 9.7199
    endloop
  endfacet
  facet normal -1 -0 0
    outer loop
      vertex -3.50004 37.6221 10.5839
      vertex -3.50004 37.075 9.74593
      vertex -3.50004 37.5418 10.6308
    endloop
  endfacet
  facet normal -1 0 0
    outer loop
      vertex -3.50004 37.0311 9.77006
      vertex -3.50004 37.5418 10.6308
      vertex -3.50004 37.075 9.74593
    endloop
  endfacet
  facet normal -1 -0 0
    outer loop
      vertex -3.50004 37.5418 10.6308
      vertex -3.50004 37.0311 9.77006
      vertex -3.50004 37.4595 10.674
    endloop
  endfacet
  facet normal -1 0 0
    outer loop
      vertex -3.50004 36.9861 9.79226
      vertex -3.50004 37.4595 10.674
      vertex -3.50004 37.0311 9.77006
    endloop
  endfacet
  facet normal -1 -0 0
    outer loop
      vertex -3.50004 37.4595 10.674
      vertex -3.50004 36.9861 9.79226
      vertex -3.50004 37.3753 10.7137
    endloop
  endfacet
  facet normal -1 0 0
    outer loop
      vertex -3.50004 36.9401 9.81246
      vertex -3.50004 37.3753 10.7137
      vertex -3.50004 36.9861 9.79226
    endloop
  endfacet
  facet normal -1 -0 0
    outer loop
      vertex -3.50004 37.3753 10.7137
      vertex -3.50004 36.9401 9.81246
      vertex -3.50004 37.2896 10.7498
    endloop
  endfacet
  facet normal -1 0 0
    outer loop
      vertex -3.50004 36.8934 9.83065
      vertex -3.50004 37.2896 10.7498
      vertex -3.50004 36.9401 9.81246
    endloop
  endfacet
  facet normal -1 -0 0
    outer loop
      vertex -3.50004 37.2896 10.7498
      vertex -3.50004 36.8934 9.83065
      vertex -3.50004 37.2024 10.782
    endloop
  endfacet
  facet normal -1 0 0
    outer loop
      vertex -3.50004 36.8459 9.84678
      vertex -3.50004 37.2024 10.782
      vertex -3.50004 36.8934 9.83065
    endloop
  endfacet
  facet normal -1 -0 0
    outer loop
      vertex -3.50004 37.2024 10.782
      vertex -3.50004 36.8459 9.84678
      vertex -3.50004 37.1138 10.8105
    endloop
  endfacet
  facet normal -1 0 0
    outer loop
      vertex -3.50004 36.7977 9.86082
      vertex -3.50004 37.1138 10.8105
      vertex -3.50004 36.8459 9.84678
    endloop
  endfacet
  facet normal -1 -0 0
    outer loop
      vertex -3.50004 37.1138 10.8105
      vertex -3.50004 36.7977 9.86082
      vertex -3.50004 37.0241 10.8351
    endloop
  endfacet
  facet normal -1 0 0
    outer loop
      vertex -3.50004 36.7489 9.87274
      vertex -3.50004 37.0241 10.8351
      vertex -3.50004 36.7977 9.86082
    endloop
  endfacet
  facet normal -1 -0 0
    outer loop
      vertex -3.50004 37.0241 10.8351
      vertex -3.50004 36.7489 9.87274
      vertex -3.50004 36.9335 10.8558
    endloop
  endfacet
  facet normal -1 0 0
    outer loop
      vertex -3.50004 36.6997 9.88253
      vertex -3.50004 36.9335 10.8558
      vertex -3.50004 36.7489 9.87274
    endloop
  endfacet
  facet normal -1 -0 0
    outer loop
      vertex -3.50004 36.9335 10.8558
      vertex -3.50004 36.6997 9.88253
      vertex -3.50004 36.842 10.8726
    endloop
  endfacet
  facet normal -1 0 0
    outer loop
      vertex -3.50004 36.6501 9.89016
      vertex -3.50004 36.842 10.8726
      vertex -3.50004 36.6997 9.88253
    endloop
  endfacet
  facet normal -1 -0 0
    outer loop
      vertex -3.50004 36.842 10.8726
      vertex -3.50004 36.6501 9.89016
      vertex -3.50004 36.7499 10.8854
    endloop
  endfacet
  facet normal -1 0 0
    outer loop
      vertex -3.50004 36.6003 9.89563
      vertex -3.50004 36.7499 10.8854
      vertex -3.50004 36.6501 9.89016
    endloop
  endfacet
  facet normal -1 -0 0
    outer loop
      vertex -3.50004 36.7499 10.8854
      vertex -3.50004 36.6003 9.89563
      vertex -3.50004 36.6573 10.8942
    endloop
  endfacet
  facet normal -1 0 0
    outer loop
      vertex -3.50004 36.5502 9.89891
      vertex -3.50004 36.6573 10.8942
      vertex -3.50004 36.6003 9.89563
    endloop
  endfacet
  facet normal -1 -0 0
    outer loop
      vertex -3.50004 36.6573 10.8942
      vertex -3.50004 36.5502 9.89891
      vertex -3.50004 36.5644 10.899
    endloop
  endfacet
  facet normal -1 0 0
    outer loop
      vertex -3.50004 36.5 9.9
      vertex -3.50004 36.5644 10.899
      vertex -3.50004 36.5502 9.89891
    endloop
  endfacet
  facet normal -1 0 0
    outer loop
      vertex -3.50004 36.5 9.9
      vertex -3.50004 36.4714 10.8998
      vertex -3.50004 36.5644 10.899
    endloop
  endfacet
  facet normal -1 0 0
    outer loop
      vertex -3.50004 36.4499 9.89891
      vertex -3.50004 36.4714 10.8998
      vertex -3.50004 36.5 9.9
    endloop
  endfacet
  facet normal -1 0 0
    outer loop
      vertex -3.50004 36.3784 10.8965
      vertex -3.50004 36.4499 9.89891
      vertex -3.50004 36.3998 9.89563
    endloop
  endfacet
  facet normal -1 0 0
    outer loop
      vertex -3.50004 36.4499 9.89891
      vertex -3.50004 36.3784 10.8965
      vertex -3.50004 36.4714 10.8998
    endloop
  endfacet
  facet normal -1 0 0
    outer loop
      vertex -3.50004 36.2857 10.8893
      vertex -3.50004 36.3998 9.89563
      vertex -3.50004 36.3499 9.89016
    endloop
  endfacet
  facet normal -1 0 0
    outer loop
      vertex -3.50004 36.1934 10.878
      vertex -3.50004 36.3499 9.89016
      vertex -3.50004 36.3003 9.88253
    endloop
  endfacet
  facet normal -1 0 0
    outer loop
      vertex -3.50004 36.3998 9.89563
      vertex -3.50004 36.2857 10.8893
      vertex -3.50004 36.3784 10.8965
    endloop
  endfacet
  facet normal -1 0 0
    outer loop
      vertex -3.50004 36.1016 10.8627
      vertex -3.50004 36.3003 9.88253
      vertex -3.50004 36.2511 9.87274
    endloop
  endfacet
  facet normal -1 0 0
    outer loop
      vertex -3.50004 36.0106 10.8435
      vertex -3.50004 36.2511 9.87274
      vertex -3.50004 36.2024 9.86082
    endloop
  endfacet
  facet normal -1 0 0
    outer loop
      vertex -3.50004 36.3499 9.89016
      vertex -3.50004 36.1934 10.878
      vertex -3.50004 36.2857 10.8893
    endloop
  endfacet
  facet normal -1 0 0
    outer loop
      vertex -3.50004 35.9205 10.8204
      vertex -3.50004 36.2024 9.86082
      vertex -3.50004 36.1542 9.84678
    endloop
  endfacet
  facet normal -1 0 0
    outer loop
      vertex -3.50004 35.8315 10.7934
      vertex -3.50004 36.1542 9.84678
      vertex -3.50004 36.1067 9.83065
    endloop
  endfacet
  facet normal -1 0 0
    outer loop
      vertex -3.50004 36.3003 9.88253
      vertex -3.50004 36.1016 10.8627
      vertex -3.50004 36.1934 10.878
    endloop
  endfacet
  facet normal -1 0 0
    outer loop
      vertex -3.50004 35.7438 10.7626
      vertex -3.50004 36.1067 9.83065
      vertex -3.50004 36.06 9.81246
    endloop
  endfacet
  facet normal -1 0 0
    outer loop
      vertex -3.50004 35.6574 10.728
      vertex -3.50004 36.06 9.81246
      vertex -3.50004 36.014 9.79226
    endloop
  endfacet
  facet normal -1 0 0
    outer loop
      vertex -3.50004 36.2511 9.87274
      vertex -3.50004 36.0106 10.8435
      vertex -3.50004 36.1016 10.8627
    endloop
  endfacet
  facet normal -1 0 0
    outer loop
      vertex -3.50004 35.5727 10.6897
      vertex -3.50004 36.014 9.79226
      vertex -3.50004 35.969 9.77006
    endloop
  endfacet
  facet normal -1 0 0
    outer loop
      vertex -3.50004 35.4897 10.6478
      vertex -3.50004 35.969 9.77006
      vertex -3.50004 35.925 9.74593
    endloop
  endfacet
  facet normal -1 0 0
    outer loop
      vertex -3.50004 36.2024 9.86082
      vertex -3.50004 35.9205 10.8204
      vertex -3.50004 36.0106 10.8435
    endloop
  endfacet
  facet normal -1 0 0
    outer loop
      vertex -3.50004 35.4085 10.6023
      vertex -3.50004 35.925 9.74593
      vertex -3.50004 35.8821 9.7199
    endloop
  endfacet
  facet normal -1 0 0
    outer loop
      vertex -3.50004 35.3294 10.5534
      vertex -3.50004 35.8821 9.7199
      vertex -3.50004 35.8404 9.69203
    endloop
  endfacet
  facet normal -1 0 0
    outer loop
      vertex -3.50004 36.1542 9.84678
      vertex -3.50004 35.8315 10.7934
      vertex -3.50004 35.9205 10.8204
    endloop
  endfacet
  facet normal -1 0 0
    outer loop
      vertex -3.50004 35.3294 10.5534
      vertex -3.50004 35.8404 9.69203
      vertex -3.50004 35.8 9.66236
    endloop
  endfacet
  facet normal -1 0 0
    outer loop
      vertex -3.50004 35.3294 10.5534
      vertex -3.50004 35.8 9.66236
      vertex -3.50004 35.7608 9.63095
    endloop
  endfacet
  facet normal -1 0 0
    outer loop
      vertex -3.50004 36.1067 9.83065
      vertex -3.50004 35.7438 10.7626
      vertex -3.50004 35.8315 10.7934
    endloop
  endfacet
  facet normal -1 0 0
    outer loop
      vertex -3.50004 35.3294 10.5534
      vertex -3.50004 35.7608 9.63095
      vertex -3.50004 35.7231 9.59787
    endloop
  endfacet
  facet normal -1 0 0
    outer loop
      vertex -3.50004 35.3294 10.5534
      vertex -3.50004 35.7231 9.59787
      vertex -3.50004 35.6869 9.56318
    endloop
  endfacet
  facet normal -1 0 0
    outer loop
      vertex -3.50004 36.06 9.81246
      vertex -3.50004 35.6574 10.728
      vertex -3.50004 35.7438 10.7626
    endloop
  endfacet
  facet normal -1 0 0
    outer loop
      vertex -3.50004 35.3294 10.5534
      vertex -3.50004 35.6869 9.56318
      vertex -3.50004 35.6522 9.52693
    endloop
  endfacet
  facet normal -1 0 0
    outer loop
      vertex -3.50004 35.3294 10.5534
      vertex -3.50004 35.6522 9.52693
      vertex -3.50004 35.6191 9.48921
    endloop
  endfacet
  facet normal -1 0 0
    outer loop
      vertex -3.50004 35.3294 10.5534
      vertex -3.50004 35.6191 9.48921
      vertex -3.50004 35.5877 9.45008
    endloop
  endfacet
  facet normal -1 0 0
    outer loop
      vertex -3.50004 36.014 9.79226
      vertex -3.50004 35.5727 10.6897
      vertex -3.50004 35.6574 10.728
    endloop
  endfacet
  facet normal -1 0 0
    outer loop
      vertex -3.50004 35.3294 10.5534
      vertex -3.50004 35.5877 9.45008
      vertex -3.50004 35.558 9.40961
    endloop
  endfacet
  facet normal -1 0 0
    outer loop
      vertex -3.50004 35.3294 10.5534
      vertex -3.50004 35.558 9.40961
      vertex -3.50004 35.5301 9.3679
    endloop
  endfacet
  facet normal -1 0 0
    outer loop
      vertex -3.50004 35.3294 10.5534
      vertex -3.50004 35.5301 9.3679
      vertex -3.50004 35.5041 9.325
    endloop
  endfacet
  facet normal -1 0 0
    outer loop
      vertex -3.50004 35.969 9.77006
      vertex -3.50004 35.4897 10.6478
      vertex -3.50004 35.5727 10.6897
    endloop
  endfacet
  facet normal -1 0 0
    outer loop
      vertex -3.50004 35.3294 10.5534
      vertex -3.50004 35.5041 9.325
      vertex -3.50004 35.48 9.28101
    endloop
  endfacet
  facet normal -1 0 0
    outer loop
      vertex -3.50004 35.3294 10.5534
      vertex -3.50004 35.48 9.28101
      vertex -3.50004 35.4578 9.23601
    endloop
  endfacet
  facet normal -1 0 0
    outer loop
      vertex -3.50004 35.3294 10.5534
      vertex -3.50004 35.4578 9.23601
      vertex -3.50004 35.4376 9.19009
    endloop
  endfacet
  facet normal -1 0 0
    outer loop
      vertex -3.50004 35.3294 10.5534
      vertex -3.50004 35.4376 9.19009
      vertex -3.50004 35.4194 9.14333
    endloop
  endfacet
  facet normal -1 0 0
    outer loop
      vertex -3.50004 35.925 9.74593
      vertex -3.50004 35.4085 10.6023
      vertex -3.50004 35.4897 10.6478
    endloop
  endfacet
  facet normal -1 0 0
    outer loop
      vertex -3.50004 35.3294 10.5534
      vertex -3.50004 35.4194 9.14333
      vertex -3.50004 35.4033 9.09581
    endloop
  endfacet
  facet normal -1 0 0
    outer loop
      vertex -3.50004 35.3294 10.5534
      vertex -3.50004 35.4033 9.09581
      vertex -3.50004 35.3892 9.04764
    endloop
  endfacet
  facet normal -1 0 0
    outer loop
      vertex -3.50004 35.3294 10.5534
      vertex -3.50004 35.3892 9.04764
      vertex -3.50004 35.3773 8.99891
    endloop
  endfacet
  facet normal -1 0 0
    outer loop
      vertex -3.50004 35.3294 10.5534
      vertex -3.50004 35.3773 8.99891
      vertex -3.50004 35.3675 8.9497
    endloop
  endfacet
  facet normal -1 0 0
    outer loop
      vertex -3.50004 35.3294 10.5534
      vertex -3.50004 35.3675 8.9497
      vertex -3.50004 35.3599 8.90011
    endloop
  endfacet
  facet normal -1 0 0
    outer loop
      vertex -3.50004 35.3294 10.5534
      vertex -3.50004 35.3599 8.90011
      vertex -3.50004 35.3544 8.85023
    endloop
  endfacet
  facet normal -1 0 0
    outer loop
      vertex -3.50004 35.3294 10.5534
      vertex -3.50004 35.3544 8.85023
      vertex -3.50004 35.3511 8.80016
    endloop
  endfacet
  facet normal -1 0 0
    outer loop
      vertex -3.50004 35.8821 9.7199
      vertex -3.50004 35.3294 10.5534
      vertex -3.50004 35.4085 10.6023
    endloop
  endfacet
  facet normal -1 0 0
    outer loop
      vertex -3.50004 35.3294 10.5534
      vertex -3.50004 35.3511 8.80016
      vertex -3.50004 35.35 8.75
    endloop
  endfacet
  facet normal -1 0 0
    outer loop
      vertex -3.50004 35.35 8.75
      vertex -3.50004 34.3521 8.84299
      vertex -3.50004 34.3581 8.9358
    endloop
  endfacet
  facet normal 0 -1 0
    outer loop
      vertex -3.50004 33.9 5.73939
      vertex -1.50004 33.9 5.67271
      vertex -1.50004 33.9 5.73939
    endloop
  endfacet
  facet normal 0 -1 0
    outer loop
      vertex -3.50004 33.9 -1.6727
      vertex -1.50004 33.9 5.67271
      vertex -3.50004 33.9 5.73939
    endloop
  endfacet
  facet normal 0 -1 0
    outer loop
      vertex -1 33.9 -1.6727
      vertex -1.50004 33.9 5.67271
      vertex -3.50004 33.9 -1.6727
    endloop
  endfacet
  facet normal 0 -1 0
    outer loop
      vertex -1.50004 33.9 5.67271
      vertex -1 33.9 -1.6727
      vertex -1 33.9 5.67271
    endloop
  endfacet
  facet normal 0 -1 0
    outer loop
      vertex 1 33.9 5.67271
      vertex 1 33.9 -1.6727
      vertex 1.49996 33.9 5.67271
    endloop
  endfacet
  facet normal 0 -1 0
    outer loop
      vertex 1.49996 33.9 5.67271
      vertex 3.49996 33.9 5.73939
      vertex 1.49996 33.9 5.73939
    endloop
  endfacet
  facet normal 0 -1 0
    outer loop
      vertex 3.49996 33.9 -1.6727
      vertex 1.49996 33.9 5.67271
      vertex 1 33.9 -1.6727
    endloop
  endfacet
  facet normal 0 -1 0
    outer loop
      vertex 1.49996 33.9 5.67271
      vertex 3.49996 33.9 -1.6727
      vertex 3.49996 33.9 5.73939
    endloop
  endfacet
endsolid OpenSCAD_Model
