solid OpenSCAD_Model
  facet normal 0 -0.755886 -0.654703
    outer loop
      vertex 27.1896 -5.44962 -13.7755
      vertex 29.1896 -5.50436 -13.7123
      vertex 27.1896 -5.50436 -13.7123
    endloop
  endfacet
  facet normal 0 -0.755886 -0.654703
    outer loop
      vertex 29.1896 -5.50436 -13.7123
      vertex 27.1896 -5.44962 -13.7755
      vertex 29.1896 -5.44962 -13.7755
    endloop
  endfacet
  facet normal 0 -0.728126 -0.685443
    outer loop
      vertex 27.1896 -5.50436 -13.7123
      vertex 29.1896 -5.56169 -13.6514
      vertex 27.1896 -5.56169 -13.6514
    endloop
  endfacet
  facet normal 0 -0.728126 -0.685443
    outer loop
      vertex 29.1896 -5.56169 -13.6514
      vertex 27.1896 -5.50436 -13.7123
      vertex 29.1896 -5.50436 -13.7123
    endloop
  endfacet
  facet normal 0 -0.699115 -0.715009
    outer loop
      vertex 27.1896 -5.62152 -13.5929
      vertex 29.1896 -5.56169 -13.6514
      vertex 29.1896 -5.62152 -13.5929
    endloop
  endfacet
  facet normal -0 -0.699115 -0.715009
    outer loop
      vertex 29.1896 -5.56169 -13.6514
      vertex 27.1896 -5.62152 -13.5929
      vertex 27.1896 -5.56169 -13.6514
    endloop
  endfacet
  facet normal 0 -0.668317 -0.743876
    outer loop
      vertex 27.1896 -5.68374 -13.537
      vertex 29.1896 -5.62152 -13.5929
      vertex 29.1896 -5.68374 -13.537
    endloop
  endfacet
  facet normal -0 -0.668317 -0.743876
    outer loop
      vertex 29.1896 -5.62152 -13.5929
      vertex 27.1896 -5.68374 -13.537
      vertex 27.1896 -5.62152 -13.5929
    endloop
  endfacet
  facet normal 0 -0.636235 -0.771495
    outer loop
      vertex 27.1896 -5.74825 -13.4838
      vertex 29.1896 -5.68374 -13.537
      vertex 29.1896 -5.74825 -13.4838
    endloop
  endfacet
  facet normal -0 -0.636235 -0.771495
    outer loop
      vertex 29.1896 -5.68374 -13.537
      vertex 27.1896 -5.74825 -13.4838
      vertex 27.1896 -5.68374 -13.537
    endloop
  endfacet
  facet normal 0 -0.6038 -0.797136
    outer loop
      vertex 27.1896 -5.81492 -13.4333
      vertex 29.1896 -5.74825 -13.4838
      vertex 29.1896 -5.81492 -13.4333
    endloop
  endfacet
  facet normal -0 -0.6038 -0.797136
    outer loop
      vertex 29.1896 -5.74825 -13.4838
      vertex 27.1896 -5.81492 -13.4333
      vertex 27.1896 -5.74825 -13.4838
    endloop
  endfacet
  facet normal 0 -0.570161 -0.821533
    outer loop
      vertex 27.1896 -5.88365 -13.3856
      vertex 29.1896 -5.81492 -13.4333
      vertex 29.1896 -5.88365 -13.3856
    endloop
  endfacet
  facet normal -0 -0.570161 -0.821533
    outer loop
      vertex 29.1896 -5.81492 -13.4333
      vertex 27.1896 -5.88365 -13.3856
      vertex 27.1896 -5.81492 -13.4333
    endloop
  endfacet
  facet normal 0 -0.534668 -0.845062
    outer loop
      vertex 27.1896 -5.9543 -13.3409
      vertex 29.1896 -5.88365 -13.3856
      vertex 29.1896 -5.9543 -13.3409
    endloop
  endfacet
  facet normal -0 -0.534668 -0.845062
    outer loop
      vertex 29.1896 -5.88365 -13.3856
      vertex 27.1896 -5.9543 -13.3409
      vertex 27.1896 -5.88365 -13.3856
    endloop
  endfacet
  facet normal 0 -0.499636 -0.866235
    outer loop
      vertex 27.1896 -6.02677 -13.2991
      vertex 29.1896 -5.9543 -13.3409
      vertex 29.1896 -6.02677 -13.2991
    endloop
  endfacet
  facet normal -0 -0.499636 -0.866235
    outer loop
      vertex 29.1896 -5.9543 -13.3409
      vertex 27.1896 -6.02677 -13.2991
      vertex 27.1896 -5.9543 -13.3409
    endloop
  endfacet
  facet normal 0 -0.46264 -0.886546
    outer loop
      vertex 27.1896 -6.10093 -13.2604
      vertex 29.1896 -6.02677 -13.2991
      vertex 29.1896 -6.10093 -13.2604
    endloop
  endfacet
  facet normal -0 -0.46264 -0.886546
    outer loop
      vertex 29.1896 -6.02677 -13.2991
      vertex 27.1896 -6.10093 -13.2604
      vertex 27.1896 -6.02677 -13.2991
    endloop
  endfacet
  facet normal 0 -0.425567 -0.904927
    outer loop
      vertex 27.1896 -6.17663 -13.2248
      vertex 29.1896 -6.10093 -13.2604
      vertex 29.1896 -6.17663 -13.2248
    endloop
  endfacet
  facet normal -0 -0.425567 -0.904927
    outer loop
      vertex 29.1896 -6.10093 -13.2604
      vertex 27.1896 -6.17663 -13.2248
      vertex 27.1896 -6.10093 -13.2604
    endloop
  endfacet
  facet normal 0 -0.386271 -0.922386
    outer loop
      vertex 27.1896 -6.25376 -13.1925
      vertex 29.1896 -6.17663 -13.2248
      vertex 29.1896 -6.25376 -13.1925
    endloop
  endfacet
  facet normal -0 -0.386271 -0.922386
    outer loop
      vertex 29.1896 -6.17663 -13.2248
      vertex 27.1896 -6.25376 -13.1925
      vertex 27.1896 -6.17663 -13.2248
    endloop
  endfacet
  facet normal 0 -0.347937 -0.937518
    outer loop
      vertex 27.1896 -6.33217 -13.1634
      vertex 29.1896 -6.25376 -13.1925
      vertex 29.1896 -6.33217 -13.1634
    endloop
  endfacet
  facet normal -0 -0.347937 -0.937518
    outer loop
      vertex 29.1896 -6.25376 -13.1925
      vertex 27.1896 -6.33217 -13.1634
      vertex 27.1896 -6.25376 -13.1925
    endloop
  endfacet
  facet normal 0 -0.30847 -0.951234
    outer loop
      vertex 27.1896 -6.41173 -13.1376
      vertex 29.1896 -6.33217 -13.1634
      vertex 29.1896 -6.41173 -13.1376
    endloop
  endfacet
  facet normal -0 -0.30847 -0.951234
    outer loop
      vertex 29.1896 -6.33217 -13.1634
      vertex 27.1896 -6.41173 -13.1376
      vertex 27.1896 -6.33217 -13.1634
    endloop
  endfacet
  facet normal 0 -0.268969 -0.963149
    outer loop
      vertex 27.1896 -6.4923 -13.1151
      vertex 29.1896 -6.41173 -13.1376
      vertex 29.1896 -6.4923 -13.1151
    endloop
  endfacet
  facet normal -0 -0.268969 -0.963149
    outer loop
      vertex 29.1896 -6.41173 -13.1376
      vertex 27.1896 -6.4923 -13.1151
      vertex 27.1896 -6.41173 -13.1376
    endloop
  endfacet
  facet normal 0 -0.228333 -0.973583
    outer loop
      vertex 27.1896 -6.57374 -13.096
      vertex 29.1896 -6.4923 -13.1151
      vertex 29.1896 -6.57374 -13.096
    endloop
  endfacet
  facet normal -0 -0.228333 -0.973583
    outer loop
      vertex 29.1896 -6.4923 -13.1151
      vertex 27.1896 -6.57374 -13.096
      vertex 27.1896 -6.4923 -13.1151
    endloop
  endfacet
  facet normal 0 -0.186541 -0.982447
    outer loop
      vertex 27.1896 -6.6559 -13.0804
      vertex 29.1896 -6.57374 -13.096
      vertex 29.1896 -6.6559 -13.0804
    endloop
  endfacet
  facet normal -0 -0.186541 -0.982447
    outer loop
      vertex 29.1896 -6.57374 -13.096
      vertex 27.1896 -6.6559 -13.0804
      vertex 27.1896 -6.57374 -13.096
    endloop
  endfacet
  facet normal 0 -0.145855 -0.989306
    outer loop
      vertex 27.1896 -6.73865 -13.0682
      vertex 29.1896 -6.6559 -13.0804
      vertex 29.1896 -6.73865 -13.0682
    endloop
  endfacet
  facet normal -0 -0.145855 -0.989306
    outer loop
      vertex 29.1896 -6.6559 -13.0804
      vertex 27.1896 -6.73865 -13.0682
      vertex 27.1896 -6.6559 -13.0804
    endloop
  endfacet
  facet normal 0 -0.104025 -0.994575
    outer loop
      vertex 27.1896 -6.82183 -13.0595
      vertex 29.1896 -6.73865 -13.0682
      vertex 29.1896 -6.82183 -13.0595
    endloop
  endfacet
  facet normal -0 -0.104025 -0.994575
    outer loop
      vertex 29.1896 -6.73865 -13.0682
      vertex 27.1896 -6.82183 -13.0595
      vertex 27.1896 -6.73865 -13.0682
    endloop
  endfacet
  facet normal 0 -0.0633607 -0.997991
    outer loop
      vertex 27.1896 -6.90531 -13.0542
      vertex 29.1896 -6.82183 -13.0595
      vertex 29.1896 -6.90531 -13.0542
    endloop
  endfacet
  facet normal -0 -0.0633607 -0.997991
    outer loop
      vertex 29.1896 -6.82183 -13.0595
      vertex 27.1896 -6.90531 -13.0542
      vertex 27.1896 -6.82183 -13.0595
    endloop
  endfacet
  facet normal 0 -0.0203259 -0.999793
    outer loop
      vertex 27.1896 -6.98893 -13.0525
      vertex 29.1896 -6.90531 -13.0542
      vertex 29.1896 -6.98893 -13.0525
    endloop
  endfacet
  facet normal -0 -0.0203259 -0.999793
    outer loop
      vertex 29.1896 -6.90531 -13.0542
      vertex 27.1896 -6.98893 -13.0525
      vertex 27.1896 -6.90531 -13.0542
    endloop
  endfacet
  facet normal 0 -0.755886 -0.654703
    outer loop
      vertex 32.1896 -5.44962 -13.7755
      vertex 34.1896 -5.50436 -13.7123
      vertex 32.1896 -5.50436 -13.7123
    endloop
  endfacet
  facet normal 0 -0.755886 -0.654703
    outer loop
      vertex 34.1896 -5.50436 -13.7123
      vertex 32.1896 -5.44962 -13.7755
      vertex 34.1896 -5.44962 -13.7755
    endloop
  endfacet
  facet normal 0 -0.728126 -0.685443
    outer loop
      vertex 32.1896 -5.50436 -13.7123
      vertex 34.1896 -5.56169 -13.6514
      vertex 32.1896 -5.56169 -13.6514
    endloop
  endfacet
  facet normal 0 -0.728126 -0.685443
    outer loop
      vertex 34.1896 -5.56169 -13.6514
      vertex 32.1896 -5.50436 -13.7123
      vertex 34.1896 -5.50436 -13.7123
    endloop
  endfacet
  facet normal 0 -0.699115 -0.715009
    outer loop
      vertex 32.1896 -5.62152 -13.5929
      vertex 34.1896 -5.56169 -13.6514
      vertex 34.1896 -5.62152 -13.5929
    endloop
  endfacet
  facet normal -0 -0.699115 -0.715009
    outer loop
      vertex 34.1896 -5.56169 -13.6514
      vertex 32.1896 -5.62152 -13.5929
      vertex 32.1896 -5.56169 -13.6514
    endloop
  endfacet
  facet normal 0 -0.668317 -0.743876
    outer loop
      vertex 32.1896 -5.68374 -13.537
      vertex 34.1896 -5.62152 -13.5929
      vertex 34.1896 -5.68374 -13.537
    endloop
  endfacet
  facet normal -0 -0.668317 -0.743876
    outer loop
      vertex 34.1896 -5.62152 -13.5929
      vertex 32.1896 -5.68374 -13.537
      vertex 32.1896 -5.62152 -13.5929
    endloop
  endfacet
  facet normal 0 -0.636235 -0.771495
    outer loop
      vertex 32.1896 -5.74825 -13.4838
      vertex 34.1896 -5.68374 -13.537
      vertex 34.1896 -5.74825 -13.4838
    endloop
  endfacet
  facet normal -0 -0.636235 -0.771495
    outer loop
      vertex 34.1896 -5.68374 -13.537
      vertex 32.1896 -5.74825 -13.4838
      vertex 32.1896 -5.68374 -13.537
    endloop
  endfacet
  facet normal 0 -0.6038 -0.797136
    outer loop
      vertex 32.1896 -5.81492 -13.4333
      vertex 34.1896 -5.74825 -13.4838
      vertex 34.1896 -5.81492 -13.4333
    endloop
  endfacet
  facet normal -0 -0.6038 -0.797136
    outer loop
      vertex 34.1896 -5.74825 -13.4838
      vertex 32.1896 -5.81492 -13.4333
      vertex 32.1896 -5.74825 -13.4838
    endloop
  endfacet
  facet normal 0 -0.570161 -0.821533
    outer loop
      vertex 32.1896 -5.88365 -13.3856
      vertex 34.1896 -5.81492 -13.4333
      vertex 34.1896 -5.88365 -13.3856
    endloop
  endfacet
  facet normal -0 -0.570161 -0.821533
    outer loop
      vertex 34.1896 -5.81492 -13.4333
      vertex 32.1896 -5.88365 -13.3856
      vertex 32.1896 -5.81492 -13.4333
    endloop
  endfacet
  facet normal 0 -0.534668 -0.845062
    outer loop
      vertex 32.1896 -5.9543 -13.3409
      vertex 34.1896 -5.88365 -13.3856
      vertex 34.1896 -5.9543 -13.3409
    endloop
  endfacet
  facet normal -0 -0.534668 -0.845062
    outer loop
      vertex 34.1896 -5.88365 -13.3856
      vertex 32.1896 -5.9543 -13.3409
      vertex 32.1896 -5.88365 -13.3856
    endloop
  endfacet
  facet normal 0 -0.499636 -0.866235
    outer loop
      vertex 32.1896 -6.02677 -13.2991
      vertex 34.1896 -5.9543 -13.3409
      vertex 34.1896 -6.02677 -13.2991
    endloop
  endfacet
  facet normal -0 -0.499636 -0.866235
    outer loop
      vertex 34.1896 -5.9543 -13.3409
      vertex 32.1896 -6.02677 -13.2991
      vertex 32.1896 -5.9543 -13.3409
    endloop
  endfacet
  facet normal 0 -0.46264 -0.886546
    outer loop
      vertex 32.1896 -6.10093 -13.2604
      vertex 34.1896 -6.02677 -13.2991
      vertex 34.1896 -6.10093 -13.2604
    endloop
  endfacet
  facet normal -0 -0.46264 -0.886546
    outer loop
      vertex 34.1896 -6.02677 -13.2991
      vertex 32.1896 -6.10093 -13.2604
      vertex 32.1896 -6.02677 -13.2991
    endloop
  endfacet
  facet normal 0 -0.425567 -0.904927
    outer loop
      vertex 32.1896 -6.17663 -13.2248
      vertex 34.1896 -6.10093 -13.2604
      vertex 34.1896 -6.17663 -13.2248
    endloop
  endfacet
  facet normal -0 -0.425567 -0.904927
    outer loop
      vertex 34.1896 -6.10093 -13.2604
      vertex 32.1896 -6.17663 -13.2248
      vertex 32.1896 -6.10093 -13.2604
    endloop
  endfacet
  facet normal 0 -0.386271 -0.922386
    outer loop
      vertex 32.1896 -6.25376 -13.1925
      vertex 34.1896 -6.17663 -13.2248
      vertex 34.1896 -6.25376 -13.1925
    endloop
  endfacet
  facet normal -0 -0.386271 -0.922386
    outer loop
      vertex 34.1896 -6.17663 -13.2248
      vertex 32.1896 -6.25376 -13.1925
      vertex 32.1896 -6.17663 -13.2248
    endloop
  endfacet
  facet normal 0 -0.347937 -0.937518
    outer loop
      vertex 32.1896 -6.33217 -13.1634
      vertex 34.1896 -6.25376 -13.1925
      vertex 34.1896 -6.33217 -13.1634
    endloop
  endfacet
  facet normal -0 -0.347937 -0.937518
    outer loop
      vertex 34.1896 -6.25376 -13.1925
      vertex 32.1896 -6.33217 -13.1634
      vertex 32.1896 -6.25376 -13.1925
    endloop
  endfacet
  facet normal 0 -0.30847 -0.951234
    outer loop
      vertex 32.1896 -6.41173 -13.1376
      vertex 34.1896 -6.33217 -13.1634
      vertex 34.1896 -6.41173 -13.1376
    endloop
  endfacet
  facet normal -0 -0.30847 -0.951234
    outer loop
      vertex 34.1896 -6.33217 -13.1634
      vertex 32.1896 -6.41173 -13.1376
      vertex 32.1896 -6.33217 -13.1634
    endloop
  endfacet
  facet normal 0 -0.268969 -0.963149
    outer loop
      vertex 32.1896 -6.4923 -13.1151
      vertex 34.1896 -6.41173 -13.1376
      vertex 34.1896 -6.4923 -13.1151
    endloop
  endfacet
  facet normal -0 -0.268969 -0.963149
    outer loop
      vertex 34.1896 -6.41173 -13.1376
      vertex 32.1896 -6.4923 -13.1151
      vertex 32.1896 -6.41173 -13.1376
    endloop
  endfacet
  facet normal 0 -0.228333 -0.973583
    outer loop
      vertex 32.1896 -6.57374 -13.096
      vertex 34.1896 -6.4923 -13.1151
      vertex 34.1896 -6.57374 -13.096
    endloop
  endfacet
  facet normal -0 -0.228333 -0.973583
    outer loop
      vertex 34.1896 -6.4923 -13.1151
      vertex 32.1896 -6.57374 -13.096
      vertex 32.1896 -6.4923 -13.1151
    endloop
  endfacet
  facet normal 0 -0.186541 -0.982447
    outer loop
      vertex 32.1896 -6.6559 -13.0804
      vertex 34.1896 -6.57374 -13.096
      vertex 34.1896 -6.6559 -13.0804
    endloop
  endfacet
  facet normal -0 -0.186541 -0.982447
    outer loop
      vertex 34.1896 -6.57374 -13.096
      vertex 32.1896 -6.6559 -13.0804
      vertex 32.1896 -6.57374 -13.096
    endloop
  endfacet
  facet normal 0 -0.145855 -0.989306
    outer loop
      vertex 32.1896 -6.73865 -13.0682
      vertex 34.1896 -6.6559 -13.0804
      vertex 34.1896 -6.73865 -13.0682
    endloop
  endfacet
  facet normal -0 -0.145855 -0.989306
    outer loop
      vertex 34.1896 -6.6559 -13.0804
      vertex 32.1896 -6.73865 -13.0682
      vertex 32.1896 -6.6559 -13.0804
    endloop
  endfacet
  facet normal 0 -0.104025 -0.994575
    outer loop
      vertex 32.1896 -6.82183 -13.0595
      vertex 34.1896 -6.73865 -13.0682
      vertex 34.1896 -6.82183 -13.0595
    endloop
  endfacet
  facet normal -0 -0.104025 -0.994575
    outer loop
      vertex 34.1896 -6.73865 -13.0682
      vertex 32.1896 -6.82183 -13.0595
      vertex 32.1896 -6.73865 -13.0682
    endloop
  endfacet
  facet normal 0 -0.0633607 -0.997991
    outer loop
      vertex 32.1896 -6.90531 -13.0542
      vertex 34.1896 -6.82183 -13.0595
      vertex 34.1896 -6.90531 -13.0542
    endloop
  endfacet
  facet normal -0 -0.0633607 -0.997991
    outer loop
      vertex 34.1896 -6.82183 -13.0595
      vertex 32.1896 -6.90531 -13.0542
      vertex 32.1896 -6.82183 -13.0595
    endloop
  endfacet
  facet normal 0 -0.0203259 -0.999793
    outer loop
      vertex 32.1896 -6.98893 -13.0525
      vertex 34.1896 -6.90531 -13.0542
      vertex 34.1896 -6.98893 -13.0525
    endloop
  endfacet
  facet normal -0 -0.0203259 -0.999793
    outer loop
      vertex 34.1896 -6.90531 -13.0542
      vertex 32.1896 -6.98893 -13.0525
      vertex 32.1896 -6.90531 -13.0542
    endloop
  endfacet
  facet normal 0 0 -1
    outer loop
      vertex 27.1896 -8.73618 -13.0525
      vertex 29.1896 -6.98893 -13.0525
      vertex 29.1896 -8.73618 -13.0525
    endloop
  endfacet
  facet normal -0 0 -1
    outer loop
      vertex 29.1896 -6.98893 -13.0525
      vertex 27.1896 -8.73618 -13.0525
      vertex 27.1896 -6.98893 -13.0525
    endloop
  endfacet
  facet normal 1 -0 0
    outer loop
      vertex 29.1896 -7.58618 -10.9025
      vertex 29.1896 -6.58619 -10.9095
      vertex 29.1896 -6.5879 -10.8165
    endloop
  endfacet
  facet normal 1 0 0
    outer loop
      vertex 29.1896 -7.58728 -10.8523
      vertex 29.1896 -6.5879 -10.8165
      vertex 29.1896 -6.59363 -10.7237
    endloop
  endfacet
  facet normal 1 0 0
    outer loop
      vertex 29.1896 -5.55001 -13.65
      vertex 29.1896 -5.50436 -13.7123
      vertex 29.1896 -5.44962 -13.7755
    endloop
  endfacet
  facet normal 1 0 0
    outer loop
      vertex 29.1896 -5.55001 -13.65
      vertex 29.1896 -5.56169 -13.6514
      vertex 29.1896 -5.50436 -13.7123
    endloop
  endfacet
  facet normal 1 0 0
    outer loop
      vertex 29.1896 -5.55001 -13.65
      vertex 29.1896 -5.62152 -13.5929
      vertex 29.1896 -5.56169 -13.6514
    endloop
  endfacet
  facet normal 1 0 0
    outer loop
      vertex 29.1896 -5.66302 -13.4969
      vertex 29.1896 -5.62152 -13.5929
      vertex 29.1896 -5.55001 -13.65
    endloop
  endfacet
  facet normal 1 0 0
    outer loop
      vertex 29.1896 -5.66302 -13.4969
      vertex 29.1896 -5.68374 -13.537
      vertex 29.1896 -5.62152 -13.5929
    endloop
  endfacet
  facet normal 1 0 0
    outer loop
      vertex 29.1896 -5.66302 -13.4969
      vertex 29.1896 -5.74825 -13.4838
      vertex 29.1896 -5.68374 -13.537
    endloop
  endfacet
  facet normal 1 0 0
    outer loop
      vertex 29.1896 -5.76945 -13.339
      vertex 29.1896 -5.74825 -13.4838
      vertex 29.1896 -5.66302 -13.4969
    endloop
  endfacet
  facet normal 1 0 0
    outer loop
      vertex 29.1896 -5.76945 -13.339
      vertex 29.1896 -5.81492 -13.4333
      vertex 29.1896 -5.74825 -13.4838
    endloop
  endfacet
  facet normal 1 0 0
    outer loop
      vertex 29.1896 -5.88365 -13.3856
      vertex 29.1896 -5.76945 -13.339
      vertex 29.1896 -5.86911 -13.1769
    endloop
  endfacet
  facet normal 1 0 0
    outer loop
      vertex 29.1896 -5.76945 -13.339
      vertex 29.1896 -5.88365 -13.3856
      vertex 29.1896 -5.81492 -13.4333
    endloop
  endfacet
  facet normal 1 0 0
    outer loop
      vertex 29.1896 -5.86911 -13.1769
      vertex 29.1896 -5.9543 -13.3409
      vertex 29.1896 -5.88365 -13.3856
    endloop
  endfacet
  facet normal 1 0 0
    outer loop
      vertex 29.1896 -6.10093 -13.2604
      vertex 29.1896 -5.86911 -13.1769
      vertex 29.1896 -5.96182 -13.0106
    endloop
  endfacet
  facet normal 1 0 0
    outer loop
      vertex 29.1896 -5.86911 -13.1769
      vertex 29.1896 -6.02677 -13.2991
      vertex 29.1896 -5.9543 -13.3409
    endloop
  endfacet
  facet normal 1 0 0
    outer loop
      vertex 29.1896 -6.25376 -13.1925
      vertex 29.1896 -5.96182 -13.0106
      vertex 29.1896 -6.04742 -12.8406
    endloop
  endfacet
  facet normal 1 0 0
    outer loop
      vertex 29.1896 -5.86911 -13.1769
      vertex 29.1896 -6.10093 -13.2604
      vertex 29.1896 -6.02677 -13.2991
    endloop
  endfacet
  facet normal 1 0 0
    outer loop
      vertex 29.1896 -6.41173 -13.1376
      vertex 29.1896 -6.04742 -12.8406
      vertex 29.1896 -6.12575 -12.6671
    endloop
  endfacet
  facet normal 1 0 0
    outer loop
      vertex 29.1896 -5.96182 -13.0106
      vertex 29.1896 -6.17663 -13.2248
      vertex 29.1896 -6.10093 -13.2604
    endloop
  endfacet
  facet normal 1 0 0
    outer loop
      vertex 29.1896 -6.57374 -13.096
      vertex 29.1896 -6.12575 -12.6671
      vertex 29.1896 -6.19668 -12.4905
    endloop
  endfacet
  facet normal 1 0 0
    outer loop
      vertex 29.1896 -5.96182 -13.0106
      vertex 29.1896 -6.25376 -13.1925
      vertex 29.1896 -6.17663 -13.2248
    endloop
  endfacet
  facet normal 1 0 0
    outer loop
      vertex 29.1896 -6.73865 -13.0682
      vertex 29.1896 -6.19668 -12.4905
      vertex 29.1896 -6.26007 -12.311
    endloop
  endfacet
  facet normal 1 0 0
    outer loop
      vertex 29.1896 -6.90531 -13.0542
      vertex 29.1896 -6.26007 -12.311
      vertex 29.1896 -6.31581 -12.129
    endloop
  endfacet
  facet normal 1 0 0
    outer loop
      vertex 29.1896 -6.04742 -12.8406
      vertex 29.1896 -6.33217 -13.1634
      vertex 29.1896 -6.25376 -13.1925
    endloop
  endfacet
  facet normal 1 0 0
    outer loop
      vertex 29.1896 -6.98893 -13.0525
      vertex 29.1896 -6.31581 -12.129
      vertex 29.1896 -6.36381 -11.9448
    endloop
  endfacet
  facet normal 1 0 0
    outer loop
      vertex 29.1896 -7.79416 -11.5621
      vertex 29.1896 -6.36381 -11.9448
      vertex 29.1896 -6.40397 -11.7587
    endloop
  endfacet
  facet normal 1 0 0
    outer loop
      vertex 29.1896 -6.04742 -12.8406
      vertex 29.1896 -6.41173 -13.1376
      vertex 29.1896 -6.33217 -13.1634
    endloop
  endfacet
  facet normal 1 0 0
    outer loop
      vertex 29.1896 -7.71612 -11.4335
      vertex 29.1896 -6.40397 -11.7587
      vertex 29.1896 -6.43623 -11.5711
    endloop
  endfacet
  facet normal 1 0 0
    outer loop
      vertex 29.1896 -7.67372 -11.3425
      vertex 29.1896 -6.43623 -11.5711
      vertex 29.1896 -6.46053 -11.3823
    endloop
  endfacet
  facet normal 1 0 0
    outer loop
      vertex 29.1896 -6.58851 -11.0025
      vertex 29.1896 -6.46053 -11.3823
      vertex 29.1896 -6.47682 -11.1926
    endloop
  endfacet
  facet normal 1 -0 0
    outer loop
      vertex 29.1896 -6.58851 -11.0025
      vertex 29.1896 -6.47682 -11.1926
      vertex 29.1896 -6.48507 -11.0025
    endloop
  endfacet
  facet normal 1 0 0
    outer loop
      vertex 29.1896 -6.12575 -12.6671
      vertex 29.1896 -6.4923 -13.1151
      vertex 29.1896 -6.41173 -13.1376
    endloop
  endfacet
  facet normal 1 0 0
    outer loop
      vertex 29.1896 -6.12575 -12.6671
      vertex 29.1896 -6.57374 -13.096
      vertex 29.1896 -6.4923 -13.1151
    endloop
  endfacet
  facet normal 1 -0 0
    outer loop
      vertex 29.1896 -7.62537 -11.2001
      vertex 29.1896 -6.46053 -11.3823
      vertex 29.1896 -6.58851 -11.0025
    endloop
  endfacet
  facet normal 1 0 0
    outer loop
      vertex 29.1896 -7.58728 -10.9526
      vertex 29.1896 -6.58619 -10.9095
      vertex 29.1896 -7.58618 -10.9025
    endloop
  endfacet
  facet normal 1 0 0
    outer loop
      vertex 29.1896 -7.59056 -10.8022
      vertex 29.1896 -6.59363 -10.7237
      vertex 29.1896 -6.60337 -10.6312
    endloop
  endfacet
  facet normal 1 0 0
    outer loop
      vertex 29.1896 -7.59602 -10.7524
      vertex 29.1896 -6.60337 -10.6312
      vertex 29.1896 -6.6171 -10.5392
    endloop
  endfacet
  facet normal 1 0 0
    outer loop
      vertex 29.1896 -7.60365 -10.7028
      vertex 29.1896 -6.6171 -10.5392
      vertex 29.1896 -6.63479 -10.4479
    endloop
  endfacet
  facet normal 1 0 0
    outer loop
      vertex 29.1896 -6.19668 -12.4905
      vertex 29.1896 -6.6559 -13.0804
      vertex 29.1896 -6.57374 -13.096
    endloop
  endfacet
  facet normal 1 0 0
    outer loop
      vertex 29.1896 -7.61344 -10.6536
      vertex 29.1896 -6.63479 -10.4479
      vertex 29.1896 -6.65642 -10.3574
    endloop
  endfacet
  facet normal 1 0 0
    outer loop
      vertex 29.1896 -7.62537 -10.6048
      vertex 29.1896 -6.65642 -10.3574
      vertex 29.1896 -6.68194 -10.268
    endloop
  endfacet
  facet normal 1 0 0
    outer loop
      vertex 29.1896 -7.63941 -10.5566
      vertex 29.1896 -6.68194 -10.268
      vertex 29.1896 -6.7113 -10.1797
    endloop
  endfacet
  facet normal 1 0 0
    outer loop
      vertex 29.1896 -6.46053 -11.3823
      vertex 29.1896 -7.62537 -11.2001
      vertex 29.1896 -7.63941 -11.2483
    endloop
  endfacet
  facet normal 1 0 0
    outer loop
      vertex 29.1896 -7.65554 -10.5091
      vertex 29.1896 -6.7113 -10.1797
      vertex 29.1896 -6.74446 -10.0928
    endloop
  endfacet
  facet normal 1 0 0
    outer loop
      vertex 29.1896 -7.67372 -10.4624
      vertex 29.1896 -6.74446 -10.0928
      vertex 29.1896 -6.78133 -10.0074
    endloop
  endfacet
  facet normal 1 0 0
    outer loop
      vertex 29.1896 -6.58851 -11.0025
      vertex 29.1896 -7.61344 -11.1514
      vertex 29.1896 -7.62537 -11.2001
    endloop
  endfacet
  facet normal 1 0 0
    outer loop
      vertex 29.1896 -7.69393 -10.4164
      vertex 29.1896 -6.78133 -10.0074
      vertex 29.1896 -6.82187 -9.92372
    endloop
  endfacet
  facet normal 1 0 0
    outer loop
      vertex 29.1896 -7.71612 -10.3714
      vertex 29.1896 -6.82187 -9.92372
      vertex 29.1896 -6.86599 -9.84185
    endloop
  endfacet
  facet normal 1 0 0
    outer loop
      vertex 29.1896 -6.58851 -11.0025
      vertex 29.1896 -7.60365 -11.1022
      vertex 29.1896 -7.61344 -11.1514
    endloop
  endfacet
  facet normal 1 0 0
    outer loop
      vertex 29.1896 -7.74025 -10.3275
      vertex 29.1896 -6.86599 -9.84185
      vertex 29.1896 -6.91362 -9.76196
    endloop
  endfacet
  facet normal 1 0 0
    outer loop
      vertex 29.1896 -7.76628 -10.2846
      vertex 29.1896 -6.91362 -9.76196
      vertex 29.1896 -6.96465 -9.6842
    endloop
  endfacet
  facet normal 1 0 0
    outer loop
      vertex 29.1896 -6.58851 -11.0025
      vertex 29.1896 -7.59602 -11.0526
      vertex 29.1896 -7.60365 -11.1022
    endloop
  endfacet
  facet normal 1 0 0
    outer loop
      vertex 29.1896 -7.79416 -10.2428
      vertex 29.1896 -6.96465 -9.6842
      vertex 29.1896 -7.01899 -9.60872
    endloop
  endfacet
  facet normal 1 0 0
    outer loop
      vertex 29.1896 -7.82383 -10.2024
      vertex 29.1896 -7.01899 -9.60872
      vertex 29.1896 -7.07655 -9.53566
    endloop
  endfacet
  facet normal 1 0 0
    outer loop
      vertex 29.1896 -7.85523 -10.1633
      vertex 29.1896 -7.07655 -9.53566
      vertex 29.1896 -7.13722 -9.46516
    endloop
  endfacet
  facet normal 1 0 0
    outer loop
      vertex 29.1896 -7.88831 -10.1255
      vertex 29.1896 -7.13722 -9.46516
      vertex 29.1896 -7.20088 -9.39736
    endloop
  endfacet
  facet normal 1 0 0
    outer loop
      vertex 29.1896 -7.92301 -10.0893
      vertex 29.1896 -7.20088 -9.39736
      vertex 29.1896 -7.26741 -9.33236
    endloop
  endfacet
  facet normal 1 0 0
    outer loop
      vertex 29.1896 -7.95925 -10.0546
      vertex 29.1896 -7.26741 -9.33236
      vertex 29.1896 -7.33669 -9.27031
    endloop
  endfacet
  facet normal 1 0 0
    outer loop
      vertex 29.1896 -7.99698 -10.0215
      vertex 29.1896 -7.33669 -9.27031
      vertex 29.1896 -7.40859 -9.21131
    endloop
  endfacet
  facet normal 1 0 0
    outer loop
      vertex 29.1896 -8.03611 -9.9901
      vertex 29.1896 -7.40859 -9.21131
      vertex 29.1896 -7.48297 -9.15547
    endloop
  endfacet
  facet normal 1 0 0
    outer loop
      vertex 29.1896 -8.07657 -9.96043
      vertex 29.1896 -7.48297 -9.15547
      vertex 29.1896 -7.5597 -9.10291
    endloop
  endfacet
  facet normal 1 0 0
    outer loop
      vertex 29.1896 -6.59363 -10.7237
      vertex 29.1896 -7.59056 -10.8022
      vertex 29.1896 -7.58728 -10.8523
    endloop
  endfacet
  facet normal 1 0 0
    outer loop
      vertex 29.1896 -6.58851 -11.0025
      vertex 29.1896 -7.58728 -10.9526
      vertex 29.1896 -7.59056 -11.0027
    endloop
  endfacet
  facet normal 1 0 0
    outer loop
      vertex 29.1896 -6.58851 -11.0025
      vertex 29.1896 -7.59056 -11.0027
      vertex 29.1896 -7.59602 -11.0526
    endloop
  endfacet
  facet normal 1 0 0
    outer loop
      vertex 29.1896 -6.46053 -11.3823
      vertex 29.1896 -7.63941 -11.2483
      vertex 29.1896 -7.65554 -11.2958
    endloop
  endfacet
  facet normal 1 0 0
    outer loop
      vertex 29.1896 -6.46053 -11.3823
      vertex 29.1896 -7.65554 -11.2958
      vertex 29.1896 -7.67372 -11.3425
    endloop
  endfacet
  facet normal 1 0 0
    outer loop
      vertex 29.1896 -6.43623 -11.5711
      vertex 29.1896 -7.67372 -11.3425
      vertex 29.1896 -7.69393 -11.3885
    endloop
  endfacet
  facet normal 1 0 0
    outer loop
      vertex 29.1896 -6.19668 -12.4905
      vertex 29.1896 -6.73865 -13.0682
      vertex 29.1896 -6.6559 -13.0804
    endloop
  endfacet
  facet normal 1 0 0
    outer loop
      vertex 29.1896 -6.43623 -11.5711
      vertex 29.1896 -7.69393 -11.3885
      vertex 29.1896 -7.71612 -11.4335
    endloop
  endfacet
  facet normal 1 0 0
    outer loop
      vertex 29.1896 -6.26007 -12.311
      vertex 29.1896 -6.82183 -13.0595
      vertex 29.1896 -6.73865 -13.0682
    endloop
  endfacet
  facet normal 1 0 0
    outer loop
      vertex 29.1896 -6.40397 -11.7587
      vertex 29.1896 -7.71612 -11.4335
      vertex 29.1896 -7.74025 -11.4775
    endloop
  endfacet
  facet normal 1 0 0
    outer loop
      vertex 29.1896 -6.40397 -11.7587
      vertex 29.1896 -7.74025 -11.4775
      vertex 29.1896 -7.76628 -11.5204
    endloop
  endfacet
  facet normal 1 0 0
    outer loop
      vertex 29.1896 -6.26007 -12.311
      vertex 29.1896 -6.90531 -13.0542
      vertex 29.1896 -6.82183 -13.0595
    endloop
  endfacet
  facet normal 1 0 0
    outer loop
      vertex 29.1896 -6.40397 -11.7587
      vertex 29.1896 -7.76628 -11.5204
      vertex 29.1896 -7.79416 -11.5621
    endloop
  endfacet
  facet normal 1 0 0
    outer loop
      vertex 29.1896 -6.31581 -12.129
      vertex 29.1896 -6.98893 -13.0525
      vertex 29.1896 -6.90531 -13.0542
    endloop
  endfacet
  facet normal 1 0 0
    outer loop
      vertex 29.1896 -6.36381 -11.9448
      vertex 29.1896 -7.79416 -11.5621
      vertex 29.1896 -7.82383 -11.6025
    endloop
  endfacet
  facet normal 1 0 0
    outer loop
      vertex 29.1896 -6.36381 -11.9448
      vertex 29.1896 -7.82383 -11.6025
      vertex 29.1896 -7.85523 -11.6417
    endloop
  endfacet
  facet normal 1 0 0
    outer loop
      vertex 29.1896 -6.36381 -11.9448
      vertex 29.1896 -7.85523 -11.6417
      vertex 29.1896 -6.98893 -13.0525
    endloop
  endfacet
  facet normal 1 -0 0
    outer loop
      vertex 29.1896 -7.88831 -11.6794
      vertex 29.1896 -6.98893 -13.0525
      vertex 29.1896 -7.85523 -11.6417
    endloop
  endfacet
  facet normal 1 -0 0
    outer loop
      vertex 29.1896 -7.92301 -11.7156
      vertex 29.1896 -6.98893 -13.0525
      vertex 29.1896 -7.88831 -11.6794
    endloop
  endfacet
  facet normal 1 -0 0
    outer loop
      vertex 29.1896 -7.95925 -11.7503
      vertex 29.1896 -6.98893 -13.0525
      vertex 29.1896 -7.92301 -11.7156
    endloop
  endfacet
  facet normal 1 -0 0
    outer loop
      vertex 29.1896 -7.99698 -11.7834
      vertex 29.1896 -6.98893 -13.0525
      vertex 29.1896 -7.95925 -11.7503
    endloop
  endfacet
  facet normal 1 -0 0
    outer loop
      vertex 29.1896 -8.03611 -11.8148
      vertex 29.1896 -6.98893 -13.0525
      vertex 29.1896 -7.99698 -11.7834
    endloop
  endfacet
  facet normal 1 -0 0
    outer loop
      vertex 29.1896 -8.07657 -11.8445
      vertex 29.1896 -6.98893 -13.0525
      vertex 29.1896 -8.03611 -11.8148
    endloop
  endfacet
  facet normal 1 -0 0
    outer loop
      vertex 29.1896 -8.11829 -11.8724
      vertex 29.1896 -6.98893 -13.0525
      vertex 29.1896 -8.07657 -11.8445
    endloop
  endfacet
  facet normal 1 -0 0
    outer loop
      vertex 29.1896 -8.16118 -11.8984
      vertex 29.1896 -6.98893 -13.0525
      vertex 29.1896 -8.11829 -11.8724
    endloop
  endfacet
  facet normal 1 -0 0
    outer loop
      vertex 29.1896 -8.20517 -11.9225
      vertex 29.1896 -6.98893 -13.0525
      vertex 29.1896 -8.16118 -11.8984
    endloop
  endfacet
  facet normal 1 -0 0
    outer loop
      vertex 29.1896 -8.25017 -11.9447
      vertex 29.1896 -6.98893 -13.0525
      vertex 29.1896 -8.20517 -11.9225
    endloop
  endfacet
  facet normal 1 0 0
    outer loop
      vertex 29.1896 -8.73618 -13.0525
      vertex 29.1896 -8.25017 -11.9447
      vertex 29.1896 -8.2961 -11.9649
    endloop
  endfacet
  facet normal 1 0 0
    outer loop
      vertex 29.1896 -8.73618 -13.0525
      vertex 29.1896 -8.2961 -11.9649
      vertex 29.1896 -8.34286 -11.9831
    endloop
  endfacet
  facet normal 1 0 0
    outer loop
      vertex 29.1896 -8.73618 -13.0525
      vertex 29.1896 -8.34286 -11.9831
      vertex 29.1896 -8.39037 -11.9992
    endloop
  endfacet
  facet normal 1 0 0
    outer loop
      vertex 29.1896 -8.73618 -13.0525
      vertex 29.1896 -8.39037 -11.9992
      vertex 29.1896 -8.43854 -12.0133
    endloop
  endfacet
  facet normal 1 0 0
    outer loop
      vertex 29.1896 -8.73618 -13.0525
      vertex 29.1896 -8.43854 -12.0133
      vertex 29.1896 -8.48728 -12.0252
    endloop
  endfacet
  facet normal 1 0 0
    outer loop
      vertex 29.1896 -8.73618 -13.0525
      vertex 29.1896 -8.48728 -12.0252
      vertex 29.1896 -8.53649 -12.035
    endloop
  endfacet
  facet normal 1 0 0
    outer loop
      vertex 29.1896 -8.73618 -13.0525
      vertex 29.1896 -8.53649 -12.035
      vertex 29.1896 -8.58608 -12.0426
    endloop
  endfacet
  facet normal 1 0 0
    outer loop
      vertex 29.1896 -8.73618 -13.0525
      vertex 29.1896 -8.58608 -12.0426
      vertex 29.1896 -8.63595 -12.0481
    endloop
  endfacet
  facet normal 1 0 0
    outer loop
      vertex 29.1896 -8.73618 -13.0525
      vertex 29.1896 -8.63595 -12.0481
      vertex 29.1896 -8.68602 -12.0514
    endloop
  endfacet
  facet normal 1 0 0
    outer loop
      vertex 29.1896 -8.73618 -13.0525
      vertex 29.1896 -8.68602 -12.0514
      vertex 29.1896 -8.73618 -12.0525
    endloop
  endfacet
  facet normal 1 0 0
    outer loop
      vertex 29.1896 -8.25017 -11.9447
      vertex 29.1896 -8.73618 -13.0525
      vertex 29.1896 -6.98893 -13.0525
    endloop
  endfacet
  facet normal 1 0 0
    outer loop
      vertex 29.1896 -8.78634 -12.0514
      vertex 29.1896 -8.73618 -13.0525
      vertex 29.1896 -8.73618 -12.0525
    endloop
  endfacet
  facet normal 1 0 0
    outer loop
      vertex 29.1896 -8.78634 -12.0514
      vertex 29.1896 -8.82917 -13.0504
      vertex 29.1896 -8.73618 -13.0525
    endloop
  endfacet
  facet normal 1 0 0
    outer loop
      vertex 29.1896 -8.83641 -12.0481
      vertex 29.1896 -8.82917 -13.0504
      vertex 29.1896 -8.78634 -12.0514
    endloop
  endfacet
  facet normal 1 0 0
    outer loop
      vertex 29.1896 -8.92198 -13.0444
      vertex 29.1896 -8.83641 -12.0481
      vertex 29.1896 -8.88629 -12.0426
    endloop
  endfacet
  facet normal 1 0 0
    outer loop
      vertex 29.1896 -8.83641 -12.0481
      vertex 29.1896 -8.92198 -13.0444
      vertex 29.1896 -8.82917 -13.0504
    endloop
  endfacet
  facet normal 1 0 0
    outer loop
      vertex 29.1896 -9.01445 -13.0344
      vertex 29.1896 -8.88629 -12.0426
      vertex 29.1896 -8.93588 -12.035
    endloop
  endfacet
  facet normal 1 0 0
    outer loop
      vertex 29.1896 -9.10639 -13.0203
      vertex 29.1896 -8.93588 -12.035
      vertex 29.1896 -8.98509 -12.0252
    endloop
  endfacet
  facet normal 1 0 0
    outer loop
      vertex 29.1896 -8.88629 -12.0426
      vertex 29.1896 -9.01445 -13.0344
      vertex 29.1896 -8.92198 -13.0444
    endloop
  endfacet
  facet normal 1 0 0
    outer loop
      vertex 29.1896 -9.19764 -13.0024
      vertex 29.1896 -8.98509 -12.0252
      vertex 29.1896 -9.03382 -12.0133
    endloop
  endfacet
  facet normal 1 0 0
    outer loop
      vertex 29.1896 -9.28803 -12.9804
      vertex 29.1896 -9.03382 -12.0133
      vertex 29.1896 -9.08199 -11.9992
    endloop
  endfacet
  facet normal 1 0 0
    outer loop
      vertex 29.1896 -8.93588 -12.035
      vertex 29.1896 -9.10639 -13.0203
      vertex 29.1896 -9.01445 -13.0344
    endloop
  endfacet
  facet normal 1 0 0
    outer loop
      vertex 29.1896 -9.37738 -12.9546
      vertex 29.1896 -9.08199 -11.9992
      vertex 29.1896 -9.12951 -11.9831
    endloop
  endfacet
  facet normal 1 0 0
    outer loop
      vertex 29.1896 -9.55233 -12.8915
      vertex 29.1896 -9.12951 -11.9831
      vertex 29.1896 -9.17627 -11.9649
    endloop
  endfacet
  facet normal 1 0 0
    outer loop
      vertex 29.1896 -8.98509 -12.0252
      vertex 29.1896 -9.19764 -13.0024
      vertex 29.1896 -9.10639 -13.0203
    endloop
  endfacet
  facet normal 1 0 0
    outer loop
      vertex 29.1896 -9.63759 -12.8544
      vertex 29.1896 -9.17627 -11.9649
      vertex 29.1896 -9.22219 -11.9447
    endloop
  endfacet
  facet normal 1 0 0
    outer loop
      vertex 29.1896 -9.72116 -12.8136
      vertex 29.1896 -9.22219 -11.9447
      vertex 29.1896 -9.26719 -11.9225
    endloop
  endfacet
  facet normal 1 0 0
    outer loop
      vertex 29.1896 -9.03382 -12.0133
      vertex 29.1896 -9.28803 -12.9804
      vertex 29.1896 -9.19764 -13.0024
    endloop
  endfacet
  facet normal 1 0 0
    outer loop
      vertex 29.1896 -9.8029 -12.7692
      vertex 29.1896 -9.26719 -11.9225
      vertex 29.1896 -9.31118 -11.8984
    endloop
  endfacet
  facet normal 1 0 0
    outer loop
      vertex 29.1896 -9.88263 -12.7213
      vertex 29.1896 -9.31118 -11.8984
      vertex 29.1896 -9.35408 -11.8724
    endloop
  endfacet
  facet normal 1 0 0
    outer loop
      vertex 29.1896 -9.08199 -11.9992
      vertex 29.1896 -9.37738 -12.9546
      vertex 29.1896 -9.28803 -12.9804
    endloop
  endfacet
  facet normal 1 0 0
    outer loop
      vertex 29.1896 -9.96022 -12.67
      vertex 29.1896 -9.35408 -11.8724
      vertex 29.1896 -9.39579 -11.8445
    endloop
  endfacet
  facet normal 1 0 0
    outer loop
      vertex 29.1896 -10.0355 -12.6154
      vertex 29.1896 -9.39579 -11.8445
      vertex 29.1896 -9.43626 -11.8148
    endloop
  endfacet
  facet normal 1 0 0
    outer loop
      vertex 29.1896 -9.12951 -11.9831
      vertex 29.1896 -9.46554 -12.925
      vertex 29.1896 -9.37738 -12.9546
    endloop
  endfacet
  facet normal 1 0 0
    outer loop
      vertex 29.1896 -10.1084 -12.5576
      vertex 29.1896 -9.43626 -11.8148
      vertex 29.1896 -9.47539 -11.7834
    endloop
  endfacet
  facet normal 1 0 0
    outer loop
      vertex 29.1896 -10.1787 -12.4967
      vertex 29.1896 -9.47539 -11.7834
      vertex 29.1896 -9.51311 -11.7503
    endloop
  endfacet
  facet normal 1 0 0
    outer loop
      vertex 29.1896 -10.2463 -12.4328
      vertex 29.1896 -9.51311 -11.7503
      vertex 29.1896 -9.54936 -11.7156
    endloop
  endfacet
  facet normal 1 0 0
    outer loop
      vertex 29.1896 -9.12951 -11.9831
      vertex 29.1896 -9.55233 -12.8915
      vertex 29.1896 -9.46554 -12.925
    endloop
  endfacet
  facet normal 1 0 0
    outer loop
      vertex 29.1896 -10.3111 -12.3661
      vertex 29.1896 -9.54936 -11.7156
      vertex 29.1896 -9.58405 -11.6794
    endloop
  endfacet
  facet normal 1 0 0
    outer loop
      vertex 29.1896 -10.3729 -12.2966
      vertex 29.1896 -9.58405 -11.6794
      vertex 29.1896 -9.61713 -11.6417
    endloop
  endfacet
  facet normal 1 0 0
    outer loop
      vertex 29.1896 -9.17627 -11.9649
      vertex 29.1896 -9.63759 -12.8544
      vertex 29.1896 -9.55233 -12.8915
    endloop
  endfacet
  facet normal 1 0 0
    outer loop
      vertex 29.1896 -10.4317 -12.2245
      vertex 29.1896 -9.61713 -11.6417
      vertex 29.1896 -9.64854 -11.6025
    endloop
  endfacet
  facet normal 1 0 0
    outer loop
      vertex 29.1896 -10.4873 -12.15
      vertex 29.1896 -9.64854 -11.6025
      vertex 29.1896 -9.67821 -11.5621
    endloop
  endfacet
  facet normal 1 0 0
    outer loop
      vertex 29.1896 -10.5396 -12.0731
      vertex 29.1896 -9.67821 -11.5621
      vertex 29.1896 -9.70608 -11.5204
    endloop
  endfacet
  facet normal 1 0 0
    outer loop
      vertex 29.1896 -9.22219 -11.9447
      vertex 29.1896 -9.72116 -12.8136
      vertex 29.1896 -9.63759 -12.8544
    endloop
  endfacet
  facet normal 1 0 0
    outer loop
      vertex 29.1896 -10.5885 -11.994
      vertex 29.1896 -9.70608 -11.5204
      vertex 29.1896 -9.73211 -11.4775
    endloop
  endfacet
  facet normal 1 0 0
    outer loop
      vertex 29.1896 -10.634 -11.9128
      vertex 29.1896 -9.73211 -11.4775
      vertex 29.1896 -9.75624 -11.4335
    endloop
  endfacet
  facet normal 1 0 0
    outer loop
      vertex 29.1896 -10.6759 -11.8298
      vertex 29.1896 -9.75624 -11.4335
      vertex 29.1896 -9.77844 -11.3885
    endloop
  endfacet
  facet normal 1 0 0
    outer loop
      vertex 29.1896 -10.7142 -11.7451
      vertex 29.1896 -9.77844 -11.3885
      vertex 29.1896 -9.79864 -11.3425
    endloop
  endfacet
  facet normal 1 0 0
    outer loop
      vertex 29.1896 -9.26719 -11.9225
      vertex 29.1896 -9.8029 -12.7692
      vertex 29.1896 -9.72116 -12.8136
    endloop
  endfacet
  facet normal 1 0 0
    outer loop
      vertex 29.1896 -10.7488 -11.6587
      vertex 29.1896 -9.79864 -11.3425
      vertex 29.1896 -9.81683 -11.2958
    endloop
  endfacet
  facet normal 1 0 0
    outer loop
      vertex 29.1896 -10.7796 -11.571
      vertex 29.1896 -9.81683 -11.2958
      vertex 29.1896 -9.83296 -11.2483
    endloop
  endfacet
  facet normal 1 0 0
    outer loop
      vertex 29.1896 -10.8066 -11.482
      vertex 29.1896 -9.83296 -11.2483
      vertex 29.1896 -9.847 -11.2001
    endloop
  endfacet
  facet normal 1 0 0
    outer loop
      vertex 29.1896 -10.8297 -11.3919
      vertex 29.1896 -9.847 -11.2001
      vertex 29.1896 -9.85892 -11.1514
    endloop
  endfacet
  facet normal 1 0 0
    outer loop
      vertex 29.1896 -10.8489 -11.3009
      vertex 29.1896 -9.85892 -11.1514
      vertex 29.1896 -9.86871 -11.1022
    endloop
  endfacet
  facet normal 1 0 0
    outer loop
      vertex 29.1896 -10.8642 -11.2091
      vertex 29.1896 -9.86871 -11.1022
      vertex 29.1896 -9.87634 -11.0526
    endloop
  endfacet
  facet normal 1 0 0
    outer loop
      vertex 29.1896 -10.8755 -11.1168
      vertex 29.1896 -9.87634 -11.0526
      vertex 29.1896 -9.88181 -11.0027
    endloop
  endfacet
  facet normal 1 0 0
    outer loop
      vertex 29.1896 -9.31118 -11.8984
      vertex 29.1896 -9.88263 -12.7213
      vertex 29.1896 -9.8029 -12.7692
    endloop
  endfacet
  facet normal 1 0 0
    outer loop
      vertex 29.1896 -10.8827 -11.0241
      vertex 29.1896 -9.88181 -11.0027
      vertex 29.1896 -9.88509 -10.9526
    endloop
  endfacet
  facet normal 1 -0 0
    outer loop
      vertex 29.1896 -10.886 -10.9311
      vertex 29.1896 -9.88509 -10.9526
      vertex 29.1896 -9.88618 -10.9025
    endloop
  endfacet
  facet normal 1 -0 0
    outer loop
      vertex 29.1896 -10.6602 -9.94304
      vertex 29.1896 -9.75624 -10.3714
      vertex 29.1896 -10.617 -9.86073
    endloop
  endfacet
  facet normal 1 0 0
    outer loop
      vertex 29.1896 -9.35408 -11.8724
      vertex 29.1896 -9.96022 -12.67
      vertex 29.1896 -9.88263 -12.7213
    endloop
  endfacet
  facet normal 1 0 0
    outer loop
      vertex 29.1896 -9.75624 -10.3714
      vertex 29.1896 -10.6602 -9.94304
      vertex 29.1896 -9.77844 -10.4164
    endloop
  endfacet
  facet normal 1 0 0
    outer loop
      vertex 29.1896 -9.39579 -11.8445
      vertex 29.1896 -10.0355 -12.6154
      vertex 29.1896 -9.96022 -12.67
    endloop
  endfacet
  facet normal 1 -0 0
    outer loop
      vertex 29.1896 -10.6999 -10.0272
      vertex 29.1896 -9.77844 -10.4164
      vertex 29.1896 -10.6602 -9.94304
    endloop
  endfacet
  facet normal 1 0 0
    outer loop
      vertex 29.1896 -9.43626 -11.8148
      vertex 29.1896 -10.1084 -12.5576
      vertex 29.1896 -10.0355 -12.6154
    endloop
  endfacet
  facet normal 1 0 0
    outer loop
      vertex 29.1896 -9.77844 -10.4164
      vertex 29.1896 -10.6999 -10.0272
      vertex 29.1896 -9.79864 -10.4624
    endloop
  endfacet
  facet normal 1 0 0
    outer loop
      vertex 29.1896 -9.47539 -11.7834
      vertex 29.1896 -10.1787 -12.4967
      vertex 29.1896 -10.1084 -12.5576
    endloop
  endfacet
  facet normal 1 -0 0
    outer loop
      vertex 29.1896 -10.736 -10.1129
      vertex 29.1896 -9.79864 -10.4624
      vertex 29.1896 -10.6999 -10.0272
    endloop
  endfacet
  facet normal 1 0 0
    outer loop
      vertex 29.1896 -9.51311 -11.7503
      vertex 29.1896 -10.2463 -12.4328
      vertex 29.1896 -10.1787 -12.4967
    endloop
  endfacet
  facet normal 1 0 0
    outer loop
      vertex 29.1896 -9.79864 -10.4624
      vertex 29.1896 -10.736 -10.1129
      vertex 29.1896 -9.81683 -10.5091
    endloop
  endfacet
  facet normal 1 0 0
    outer loop
      vertex 29.1896 -9.54936 -11.7156
      vertex 29.1896 -10.3111 -12.3661
      vertex 29.1896 -10.2463 -12.4328
    endloop
  endfacet
  facet normal 1 -0 0
    outer loop
      vertex 29.1896 -10.7682 -10.2001
      vertex 29.1896 -9.81683 -10.5091
      vertex 29.1896 -10.736 -10.1129
    endloop
  endfacet
  facet normal 1 0 0
    outer loop
      vertex 29.1896 -9.58405 -11.6794
      vertex 29.1896 -10.3729 -12.2966
      vertex 29.1896 -10.3111 -12.3661
    endloop
  endfacet
  facet normal 1 0 0
    outer loop
      vertex 29.1896 -9.81683 -10.5091
      vertex 29.1896 -10.7682 -10.2001
      vertex 29.1896 -9.83296 -10.5566
    endloop
  endfacet
  facet normal 1 0 0
    outer loop
      vertex 29.1896 -9.61713 -11.6417
      vertex 29.1896 -10.4317 -12.2245
      vertex 29.1896 -10.3729 -12.2966
    endloop
  endfacet
  facet normal 1 -0 0
    outer loop
      vertex 29.1896 -10.7967 -10.2887
      vertex 29.1896 -9.83296 -10.5566
      vertex 29.1896 -10.7682 -10.2001
    endloop
  endfacet
  facet normal 1 0 0
    outer loop
      vertex 29.1896 -9.64854 -11.6025
      vertex 29.1896 -10.4873 -12.15
      vertex 29.1896 -10.4317 -12.2245
    endloop
  endfacet
  facet normal 1 0 0
    outer loop
      vertex 29.1896 -9.83296 -10.5566
      vertex 29.1896 -10.7967 -10.2887
      vertex 29.1896 -9.847 -10.6048
    endloop
  endfacet
  facet normal 1 0 0
    outer loop
      vertex 29.1896 -9.67821 -11.5621
      vertex 29.1896 -10.5396 -12.0731
      vertex 29.1896 -10.4873 -12.15
    endloop
  endfacet
  facet normal 1 -0 0
    outer loop
      vertex 29.1896 -10.8213 -10.3784
      vertex 29.1896 -9.847 -10.6048
      vertex 29.1896 -10.7967 -10.2887
    endloop
  endfacet
  facet normal 1 0 0
    outer loop
      vertex 29.1896 -9.70608 -11.5204
      vertex 29.1896 -10.5885 -11.994
      vertex 29.1896 -10.5396 -12.0731
    endloop
  endfacet
  facet normal 1 0 0
    outer loop
      vertex 29.1896 -9.847 -10.6048
      vertex 29.1896 -10.8213 -10.3784
      vertex 29.1896 -9.85892 -10.6536
    endloop
  endfacet
  facet normal 1 0 0
    outer loop
      vertex 29.1896 -9.73211 -11.4775
      vertex 29.1896 -10.634 -11.9128
      vertex 29.1896 -10.5885 -11.994
    endloop
  endfacet
  facet normal 1 -0 0
    outer loop
      vertex 29.1896 -10.842 -10.469
      vertex 29.1896 -9.85892 -10.6536
      vertex 29.1896 -10.8213 -10.3784
    endloop
  endfacet
  facet normal 1 0 0
    outer loop
      vertex 29.1896 -9.75624 -11.4335
      vertex 29.1896 -10.6759 -11.8298
      vertex 29.1896 -10.634 -11.9128
    endloop
  endfacet
  facet normal 1 0 0
    outer loop
      vertex 29.1896 -9.85892 -10.6536
      vertex 29.1896 -10.842 -10.469
      vertex 29.1896 -9.86871 -10.7028
    endloop
  endfacet
  facet normal 1 0 0
    outer loop
      vertex 29.1896 -9.77844 -11.3885
      vertex 29.1896 -10.7142 -11.7451
      vertex 29.1896 -10.6759 -11.8298
    endloop
  endfacet
  facet normal 1 -0 0
    outer loop
      vertex 29.1896 -10.8588 -10.5605
      vertex 29.1896 -9.86871 -10.7028
      vertex 29.1896 -10.842 -10.469
    endloop
  endfacet
  facet normal 1 0 0
    outer loop
      vertex 29.1896 -9.79864 -11.3425
      vertex 29.1896 -10.7488 -11.6587
      vertex 29.1896 -10.7142 -11.7451
    endloop
  endfacet
  facet normal 1 0 0
    outer loop
      vertex 29.1896 -9.86871 -10.7028
      vertex 29.1896 -10.8588 -10.5605
      vertex 29.1896 -9.87634 -10.7524
    endloop
  endfacet
  facet normal 1 0 0
    outer loop
      vertex 29.1896 -9.81683 -11.2958
      vertex 29.1896 -10.7796 -11.571
      vertex 29.1896 -10.7488 -11.6587
    endloop
  endfacet
  facet normal 1 -0 0
    outer loop
      vertex 29.1896 -10.8716 -10.6526
      vertex 29.1896 -9.87634 -10.7524
      vertex 29.1896 -10.8588 -10.5605
    endloop
  endfacet
  facet normal 1 0 0
    outer loop
      vertex 29.1896 -9.83296 -11.2483
      vertex 29.1896 -10.8066 -11.482
      vertex 29.1896 -10.7796 -11.571
    endloop
  endfacet
  facet normal 1 0 0
    outer loop
      vertex 29.1896 -9.87634 -10.7524
      vertex 29.1896 -10.8716 -10.6526
      vertex 29.1896 -9.88181 -10.8022
    endloop
  endfacet
  facet normal 1 0 0
    outer loop
      vertex 29.1896 -9.847 -11.2001
      vertex 29.1896 -10.8297 -11.3919
      vertex 29.1896 -10.8066 -11.482
    endloop
  endfacet
  facet normal 1 -0 0
    outer loop
      vertex 29.1896 -10.8804 -10.7452
      vertex 29.1896 -9.88181 -10.8022
      vertex 29.1896 -10.8716 -10.6526
    endloop
  endfacet
  facet normal 1 0 0
    outer loop
      vertex 29.1896 -9.85892 -11.1514
      vertex 29.1896 -10.8489 -11.3009
      vertex 29.1896 -10.8297 -11.3919
    endloop
  endfacet
  facet normal 1 0 0
    outer loop
      vertex 29.1896 -9.88181 -10.8022
      vertex 29.1896 -10.8804 -10.7452
      vertex 29.1896 -9.88509 -10.8523
    endloop
  endfacet
  facet normal 1 0 0
    outer loop
      vertex 29.1896 -9.86871 -11.1022
      vertex 29.1896 -10.8642 -11.2091
      vertex 29.1896 -10.8489 -11.3009
    endloop
  endfacet
  facet normal 1 -0 0
    outer loop
      vertex 29.1896 -10.8852 -10.8381
      vertex 29.1896 -9.88509 -10.8523
      vertex 29.1896 -10.8804 -10.7452
    endloop
  endfacet
  facet normal 1 0 0
    outer loop
      vertex 29.1896 -9.87634 -11.0526
      vertex 29.1896 -10.8755 -11.1168
      vertex 29.1896 -10.8642 -11.2091
    endloop
  endfacet
  facet normal 1 0 0
    outer loop
      vertex 29.1896 -9.88509 -10.8523
      vertex 29.1896 -10.8852 -10.8381
      vertex 29.1896 -9.88618 -10.9025
    endloop
  endfacet
  facet normal 1 0 0
    outer loop
      vertex 29.1896 -9.88181 -11.0027
      vertex 29.1896 -10.8827 -11.0241
      vertex 29.1896 -10.8755 -11.1168
    endloop
  endfacet
  facet normal 1 0 0
    outer loop
      vertex 29.1896 -10.886 -10.9311
      vertex 29.1896 -9.88618 -10.9025
      vertex 29.1896 -10.8852 -10.8381
    endloop
  endfacet
  facet normal 1 0 0
    outer loop
      vertex 29.1896 -9.88509 -10.9526
      vertex 29.1896 -10.886 -10.9311
      vertex 29.1896 -10.8827 -11.0241
    endloop
  endfacet
  facet normal 1 0 0
    outer loop
      vertex 29.1896 -6.58619 -10.9095
      vertex 29.1896 -7.58728 -10.9526
      vertex 29.1896 -6.58851 -11.0025
    endloop
  endfacet
  facet normal 1 0 0
    outer loop
      vertex 29.1896 -6.5879 -10.8165
      vertex 29.1896 -7.58728 -10.8523
      vertex 29.1896 -7.58618 -10.9025
    endloop
  endfacet
  facet normal 1 0 0
    outer loop
      vertex 29.1896 -6.60337 -10.6312
      vertex 29.1896 -7.59602 -10.7524
      vertex 29.1896 -7.59056 -10.8022
    endloop
  endfacet
  facet normal 1 0 0
    outer loop
      vertex 29.1896 -6.6171 -10.5392
      vertex 29.1896 -7.60365 -10.7028
      vertex 29.1896 -7.59602 -10.7524
    endloop
  endfacet
  facet normal 1 0 0
    outer loop
      vertex 29.1896 -6.63479 -10.4479
      vertex 29.1896 -7.61344 -10.6536
      vertex 29.1896 -7.60365 -10.7028
    endloop
  endfacet
  facet normal 1 0 0
    outer loop
      vertex 29.1896 -6.65642 -10.3574
      vertex 29.1896 -7.62537 -10.6048
      vertex 29.1896 -7.61344 -10.6536
    endloop
  endfacet
  facet normal 1 0 0
    outer loop
      vertex 29.1896 -8.11829 -9.93256
      vertex 29.1896 -7.5597 -9.10291
      vertex 29.1896 -7.63863 -9.05371
    endloop
  endfacet
  facet normal 1 0 0
    outer loop
      vertex 29.1896 -6.68194 -10.268
      vertex 29.1896 -7.63941 -10.5566
      vertex 29.1896 -7.62537 -10.6048
    endloop
  endfacet
  facet normal 1 0 0
    outer loop
      vertex 29.1896 -6.7113 -10.1797
      vertex 29.1896 -7.65554 -10.5091
      vertex 29.1896 -7.63941 -10.5566
    endloop
  endfacet
  facet normal 1 0 0
    outer loop
      vertex 29.1896 -6.74446 -10.0928
      vertex 29.1896 -7.67372 -10.4624
      vertex 29.1896 -7.65554 -10.5091
    endloop
  endfacet
  facet normal 1 0 0
    outer loop
      vertex 29.1896 -6.78133 -10.0074
      vertex 29.1896 -7.69393 -10.4164
      vertex 29.1896 -7.67372 -10.4624
    endloop
  endfacet
  facet normal 1 0 0
    outer loop
      vertex 29.1896 -6.82187 -9.92372
      vertex 29.1896 -7.71612 -10.3714
      vertex 29.1896 -7.69393 -10.4164
    endloop
  endfacet
  facet normal 1 0 0
    outer loop
      vertex 29.1896 -8.16118 -9.90653
      vertex 29.1896 -7.63863 -9.05371
      vertex 29.1896 -7.71962 -9.00797
    endloop
  endfacet
  facet normal 1 0 0
    outer loop
      vertex 29.1896 -6.86599 -9.84185
      vertex 29.1896 -7.74025 -10.3275
      vertex 29.1896 -7.71612 -10.3714
    endloop
  endfacet
  facet normal 1 0 0
    outer loop
      vertex 29.1896 -6.91362 -9.76196
      vertex 29.1896 -7.76628 -10.2846
      vertex 29.1896 -7.74025 -10.3275
    endloop
  endfacet
  facet normal 1 0 0
    outer loop
      vertex 29.1896 -6.96465 -9.6842
      vertex 29.1896 -7.79416 -10.2428
      vertex 29.1896 -7.76628 -10.2846
    endloop
  endfacet
  facet normal 1 0 0
    outer loop
      vertex 29.1896 -8.20517 -9.8824
      vertex 29.1896 -7.71962 -9.00797
      vertex 29.1896 -7.8025 -8.96578
    endloop
  endfacet
  facet normal 1 0 0
    outer loop
      vertex 29.1896 -7.01899 -9.60872
      vertex 29.1896 -7.82383 -10.2024
      vertex 29.1896 -7.79416 -10.2428
    endloop
  endfacet
  facet normal 1 0 0
    outer loop
      vertex 29.1896 -7.07655 -9.53566
      vertex 29.1896 -7.85523 -10.1633
      vertex 29.1896 -7.82383 -10.2024
    endloop
  endfacet
  facet normal 1 0 0
    outer loop
      vertex 29.1896 -8.25017 -9.86021
      vertex 29.1896 -7.8025 -8.96578
      vertex 29.1896 -7.88714 -8.92721
    endloop
  endfacet
  facet normal 1 0 0
    outer loop
      vertex 29.1896 -7.13722 -9.46516
      vertex 29.1896 -7.88831 -10.1255
      vertex 29.1896 -7.85523 -10.1633
    endloop
  endfacet
  facet normal 1 0 0
    outer loop
      vertex 29.1896 -7.20088 -9.39736
      vertex 29.1896 -7.92301 -10.0893
      vertex 29.1896 -7.88831 -10.1255
    endloop
  endfacet
  facet normal 1 0 0
    outer loop
      vertex 29.1896 -7.26741 -9.33236
      vertex 29.1896 -7.95925 -10.0546
      vertex 29.1896 -7.92301 -10.0893
    endloop
  endfacet
  facet normal 1 0 0
    outer loop
      vertex 29.1896 -8.2961 -9.84
      vertex 29.1896 -7.88714 -8.92721
      vertex 29.1896 -7.97336 -8.89233
    endloop
  endfacet
  facet normal 1 0 0
    outer loop
      vertex 29.1896 -7.33669 -9.27031
      vertex 29.1896 -7.99698 -10.0215
      vertex 29.1896 -7.95925 -10.0546
    endloop
  endfacet
  facet normal 1 0 0
    outer loop
      vertex 29.1896 -7.40859 -9.21131
      vertex 29.1896 -8.03611 -9.9901
      vertex 29.1896 -7.99698 -10.0215
    endloop
  endfacet
  facet normal 1 0 0
    outer loop
      vertex 29.1896 -8.34286 -9.82181
      vertex 29.1896 -7.97336 -8.89233
      vertex 29.1896 -8.06101 -8.86122
    endloop
  endfacet
  facet normal 1 0 0
    outer loop
      vertex 29.1896 -7.48297 -9.15547
      vertex 29.1896 -8.07657 -9.96043
      vertex 29.1896 -8.03611 -9.9901
    endloop
  endfacet
  facet normal 1 0 0
    outer loop
      vertex 29.1896 -7.5597 -9.10291
      vertex 29.1896 -8.11829 -9.93256
      vertex 29.1896 -8.07657 -9.96043
    endloop
  endfacet
  facet normal 1 0 0
    outer loop
      vertex 29.1896 -8.39037 -9.80569
      vertex 29.1896 -8.06101 -8.86122
      vertex 29.1896 -8.14992 -8.83393
    endloop
  endfacet
  facet normal 1 0 0
    outer loop
      vertex 29.1896 -7.63863 -9.05371
      vertex 29.1896 -8.16118 -9.90653
      vertex 29.1896 -8.11829 -9.93256
    endloop
  endfacet
  facet normal 1 0 0
    outer loop
      vertex 29.1896 -7.71962 -9.00797
      vertex 29.1896 -8.20517 -9.8824
      vertex 29.1896 -8.16118 -9.90653
    endloop
  endfacet
  facet normal 1 0 0
    outer loop
      vertex 29.1896 -8.43854 -9.79165
      vertex 29.1896 -8.14992 -8.83393
      vertex 29.1896 -8.23994 -8.81051
    endloop
  endfacet
  facet normal 1 0 0
    outer loop
      vertex 29.1896 -7.8025 -8.96578
      vertex 29.1896 -8.25017 -9.86021
      vertex 29.1896 -8.20517 -9.8824
    endloop
  endfacet
  facet normal 1 0 0
    outer loop
      vertex 29.1896 -7.88714 -8.92721
      vertex 29.1896 -8.2961 -9.84
      vertex 29.1896 -8.25017 -9.86021
    endloop
  endfacet
  facet normal 1 0 0
    outer loop
      vertex 29.1896 -8.48728 -9.77972
      vertex 29.1896 -8.23994 -8.81051
      vertex 29.1896 -8.33088 -8.79101
    endloop
  endfacet
  facet normal 1 0 0
    outer loop
      vertex 29.1896 -7.97336 -8.89233
      vertex 29.1896 -8.34286 -9.82181
      vertex 29.1896 -8.2961 -9.84
    endloop
  endfacet
  facet normal 1 0 0
    outer loop
      vertex 29.1896 -8.06101 -8.86122
      vertex 29.1896 -8.39037 -9.80569
      vertex 29.1896 -8.34286 -9.82181
    endloop
  endfacet
  facet normal 1 0 0
    outer loop
      vertex 29.1896 -8.53649 -9.76993
      vertex 29.1896 -8.33088 -8.79101
      vertex 29.1896 -8.42257 -8.77546
    endloop
  endfacet
  facet normal 1 0 0
    outer loop
      vertex 29.1896 -8.14992 -8.83393
      vertex 29.1896 -8.43854 -9.79165
      vertex 29.1896 -8.39037 -9.80569
    endloop
  endfacet
  facet normal 1 0 0
    outer loop
      vertex 29.1896 -8.23994 -8.81051
      vertex 29.1896 -8.48728 -9.77972
      vertex 29.1896 -8.43854 -9.79165
    endloop
  endfacet
  facet normal 1 0 0
    outer loop
      vertex 29.1896 -8.58608 -9.7623
      vertex 29.1896 -8.42257 -8.77546
      vertex 29.1896 -8.51486 -8.76388
    endloop
  endfacet
  facet normal 1 0 0
    outer loop
      vertex 29.1896 -8.33088 -8.79101
      vertex 29.1896 -8.53649 -9.76993
      vertex 29.1896 -8.48728 -9.77972
    endloop
  endfacet
  facet normal 1 0 0
    outer loop
      vertex 29.1896 -8.42257 -8.77546
      vertex 29.1896 -8.58608 -9.7623
      vertex 29.1896 -8.53649 -9.76993
    endloop
  endfacet
  facet normal 1 0 0
    outer loop
      vertex 29.1896 -8.63595 -9.75684
      vertex 29.1896 -8.51486 -8.76388
      vertex 29.1896 -8.60756 -8.75631
    endloop
  endfacet
  facet normal 1 0 0
    outer loop
      vertex 29.1896 -8.51486 -8.76388
      vertex 29.1896 -8.63595 -9.75684
      vertex 29.1896 -8.58608 -9.7623
    endloop
  endfacet
  facet normal 1 0 0
    outer loop
      vertex 29.1896 -8.60756 -8.75631
      vertex 29.1896 -8.68602 -9.75356
      vertex 29.1896 -8.63595 -9.75684
    endloop
  endfacet
  facet normal 1 0 0
    outer loop
      vertex 29.1896 -8.7005 -8.75276
      vertex 29.1896 -8.68602 -9.75356
      vertex 29.1896 -8.60756 -8.75631
    endloop
  endfacet
  facet normal 1 0 0
    outer loop
      vertex 29.1896 -8.7005 -8.75276
      vertex 29.1896 -8.73618 -9.75246
      vertex 29.1896 -8.68602 -9.75356
    endloop
  endfacet
  facet normal 1 -0 0
    outer loop
      vertex 29.1896 -8.7935 -8.75322
      vertex 29.1896 -8.73618 -9.75246
      vertex 29.1896 -8.7005 -8.75276
    endloop
  endfacet
  facet normal 1 0 0
    outer loop
      vertex 29.1896 -8.73618 -9.75246
      vertex 29.1896 -8.7935 -8.75322
      vertex 29.1896 -8.78634 -9.75356
    endloop
  endfacet
  facet normal 1 -0 0
    outer loop
      vertex 29.1896 -8.8864 -8.75772
      vertex 29.1896 -8.78634 -9.75356
      vertex 29.1896 -8.7935 -8.75322
    endloop
  endfacet
  facet normal 1 0 0
    outer loop
      vertex 29.1896 -8.78634 -9.75356
      vertex 29.1896 -8.8864 -8.75772
      vertex 29.1896 -8.83641 -9.75684
    endloop
  endfacet
  facet normal 1 -0 0
    outer loop
      vertex 29.1896 -8.97902 -8.76622
      vertex 29.1896 -8.83641 -9.75684
      vertex 29.1896 -8.8864 -8.75772
    endloop
  endfacet
  facet normal 1 0 0
    outer loop
      vertex 29.1896 -8.83641 -9.75684
      vertex 29.1896 -8.97902 -8.76622
      vertex 29.1896 -8.88629 -9.7623
    endloop
  endfacet
  facet normal 1 -0 0
    outer loop
      vertex 29.1896 -9.07119 -8.77872
      vertex 29.1896 -8.88629 -9.7623
      vertex 29.1896 -8.97902 -8.76622
    endloop
  endfacet
  facet normal 1 0 0
    outer loop
      vertex 29.1896 -8.88629 -9.7623
      vertex 29.1896 -9.07119 -8.77872
      vertex 29.1896 -8.93588 -9.76993
    endloop
  endfacet
  facet normal 1 -0 0
    outer loop
      vertex 29.1896 -9.16272 -8.7952
      vertex 29.1896 -8.93588 -9.76993
      vertex 29.1896 -9.07119 -8.77872
    endloop
  endfacet
  facet normal 1 0 0
    outer loop
      vertex 29.1896 -8.93588 -9.76993
      vertex 29.1896 -9.16272 -8.7952
      vertex 29.1896 -8.98509 -9.77972
    endloop
  endfacet
  facet normal 1 -0 0
    outer loop
      vertex 29.1896 -9.25346 -8.81562
      vertex 29.1896 -8.98509 -9.77972
      vertex 29.1896 -9.16272 -8.7952
    endloop
  endfacet
  facet normal 1 0 0
    outer loop
      vertex 29.1896 -8.98509 -9.77972
      vertex 29.1896 -9.25346 -8.81562
      vertex 29.1896 -9.03382 -9.79165
    endloop
  endfacet
  facet normal 1 -0 0
    outer loop
      vertex 29.1896 -9.34323 -8.83994
      vertex 29.1896 -9.03382 -9.79165
      vertex 29.1896 -9.25346 -8.81562
    endloop
  endfacet
  facet normal 1 0 0
    outer loop
      vertex 29.1896 -9.03382 -9.79165
      vertex 29.1896 -9.34323 -8.83994
      vertex 29.1896 -9.08199 -9.80569
    endloop
  endfacet
  facet normal 1 -0 0
    outer loop
      vertex 29.1896 -9.43187 -8.86812
      vertex 29.1896 -9.08199 -9.80569
      vertex 29.1896 -9.34323 -8.83994
    endloop
  endfacet
  facet normal 1 0 0
    outer loop
      vertex 29.1896 -9.08199 -9.80569
      vertex 29.1896 -9.43187 -8.86812
      vertex 29.1896 -9.12951 -9.82181
    endloop
  endfacet
  facet normal 1 -0 0
    outer loop
      vertex 29.1896 -9.5192 -8.90012
      vertex 29.1896 -9.12951 -9.82181
      vertex 29.1896 -9.43187 -8.86812
    endloop
  endfacet
  facet normal 1 0 0
    outer loop
      vertex 29.1896 -9.12951 -9.82181
      vertex 29.1896 -9.5192 -8.90012
      vertex 29.1896 -9.17627 -9.84
    endloop
  endfacet
  facet normal 1 -0 0
    outer loop
      vertex 29.1896 -9.60507 -8.93585
      vertex 29.1896 -9.17627 -9.84
      vertex 29.1896 -9.5192 -8.90012
    endloop
  endfacet
  facet normal 1 0 0
    outer loop
      vertex 29.1896 -9.17627 -9.84
      vertex 29.1896 -9.60507 -8.93585
      vertex 29.1896 -9.22219 -9.86021
    endloop
  endfacet
  facet normal 1 -0 0
    outer loop
      vertex 29.1896 -9.68931 -8.97527
      vertex 29.1896 -9.22219 -9.86021
      vertex 29.1896 -9.60507 -8.93585
    endloop
  endfacet
  facet normal 1 0 0
    outer loop
      vertex 29.1896 -9.22219 -9.86021
      vertex 29.1896 -9.68931 -8.97527
      vertex 29.1896 -9.26719 -9.8824
    endloop
  endfacet
  facet normal 1 -0 0
    outer loop
      vertex 29.1896 -9.77177 -9.0183
      vertex 29.1896 -9.26719 -9.8824
      vertex 29.1896 -9.68931 -8.97527
    endloop
  endfacet
  facet normal 1 0 0
    outer loop
      vertex 29.1896 -9.26719 -9.8824
      vertex 29.1896 -9.77177 -9.0183
      vertex 29.1896 -9.31118 -9.90653
    endloop
  endfacet
  facet normal 1 -0 0
    outer loop
      vertex 29.1896 -9.85229 -9.06485
      vertex 29.1896 -9.31118 -9.90653
      vertex 29.1896 -9.77177 -9.0183
    endloop
  endfacet
  facet normal 1 0 0
    outer loop
      vertex 29.1896 -9.31118 -9.90653
      vertex 29.1896 -9.85229 -9.06485
      vertex 29.1896 -9.35408 -9.93256
    endloop
  endfacet
  facet normal 1 -0 0
    outer loop
      vertex 29.1896 -9.93072 -9.11484
      vertex 29.1896 -9.35408 -9.93256
      vertex 29.1896 -9.85229 -9.06485
    endloop
  endfacet
  facet normal 1 0 0
    outer loop
      vertex 29.1896 -9.35408 -9.93256
      vertex 29.1896 -9.93072 -9.11484
      vertex 29.1896 -9.39579 -9.96043
    endloop
  endfacet
  facet normal 1 -0 0
    outer loop
      vertex 29.1896 -10.0069 -9.16818
      vertex 29.1896 -9.39579 -9.96043
      vertex 29.1896 -9.93072 -9.11484
    endloop
  endfacet
  facet normal 1 0 0
    outer loop
      vertex 29.1896 -9.39579 -9.96043
      vertex 29.1896 -10.0069 -9.16818
      vertex 29.1896 -9.43626 -9.9901
    endloop
  endfacet
  facet normal 1 -0 0
    outer loop
      vertex 29.1896 -10.0807 -9.22476
      vertex 29.1896 -9.43626 -9.9901
      vertex 29.1896 -10.0069 -9.16818
    endloop
  endfacet
  facet normal 1 0 0
    outer loop
      vertex 29.1896 -9.43626 -9.9901
      vertex 29.1896 -10.0807 -9.22476
      vertex 29.1896 -9.47539 -10.0215
    endloop
  endfacet
  facet normal 1 -0 0
    outer loop
      vertex 29.1896 -10.152 -9.28448
      vertex 29.1896 -9.47539 -10.0215
      vertex 29.1896 -10.0807 -9.22476
    endloop
  endfacet
  facet normal 1 0 0
    outer loop
      vertex 29.1896 -9.47539 -10.0215
      vertex 29.1896 -10.152 -9.28448
      vertex 29.1896 -9.51311 -10.0546
    endloop
  endfacet
  facet normal 1 -0 0
    outer loop
      vertex 29.1896 -10.2207 -9.34723
      vertex 29.1896 -9.51311 -10.0546
      vertex 29.1896 -10.152 -9.28448
    endloop
  endfacet
  facet normal 1 0 0
    outer loop
      vertex 29.1896 -9.51311 -10.0546
      vertex 29.1896 -10.2207 -9.34723
      vertex 29.1896 -9.54936 -10.0893
    endloop
  endfacet
  facet normal 1 -0 0
    outer loop
      vertex 29.1896 -10.2866 -9.41289
      vertex 29.1896 -9.54936 -10.0893
      vertex 29.1896 -10.2207 -9.34723
    endloop
  endfacet
  facet normal 1 0 0
    outer loop
      vertex 29.1896 -9.54936 -10.0893
      vertex 29.1896 -10.2866 -9.41289
      vertex 29.1896 -9.58405 -10.1255
    endloop
  endfacet
  facet normal 1 -0 0
    outer loop
      vertex 29.1896 -10.3495 -9.48133
      vertex 29.1896 -9.58405 -10.1255
      vertex 29.1896 -10.2866 -9.41289
    endloop
  endfacet
  facet normal 1 0 0
    outer loop
      vertex 29.1896 -9.58405 -10.1255
      vertex 29.1896 -10.3495 -9.48133
      vertex 29.1896 -9.61713 -10.1633
    endloop
  endfacet
  facet normal 1 -0 0
    outer loop
      vertex 29.1896 -10.4095 -9.55244
      vertex 29.1896 -9.61713 -10.1633
      vertex 29.1896 -10.3495 -9.48133
    endloop
  endfacet
  facet normal 1 0 0
    outer loop
      vertex 29.1896 -9.61713 -10.1633
      vertex 29.1896 -10.4095 -9.55244
      vertex 29.1896 -9.64854 -10.2024
    endloop
  endfacet
  facet normal 1 -0 0
    outer loop
      vertex 29.1896 -10.4663 -9.62607
      vertex 29.1896 -9.64854 -10.2024
      vertex 29.1896 -10.4095 -9.55244
    endloop
  endfacet
  facet normal 1 0 0
    outer loop
      vertex 29.1896 -9.64854 -10.2024
      vertex 29.1896 -10.4663 -9.62607
      vertex 29.1896 -9.67821 -10.2428
    endloop
  endfacet
  facet normal 1 -0 0
    outer loop
      vertex 29.1896 -10.5199 -9.70209
      vertex 29.1896 -9.67821 -10.2428
      vertex 29.1896 -10.4663 -9.62607
    endloop
  endfacet
  facet normal 1 0 0
    outer loop
      vertex 29.1896 -9.67821 -10.2428
      vertex 29.1896 -10.5199 -9.70209
      vertex 29.1896 -9.70608 -10.2846
    endloop
  endfacet
  facet normal 1 -0 0
    outer loop
      vertex 29.1896 -10.5701 -9.78036
      vertex 29.1896 -9.70608 -10.2846
      vertex 29.1896 -10.5199 -9.70209
    endloop
  endfacet
  facet normal 1 0 0
    outer loop
      vertex 29.1896 -9.70608 -10.2846
      vertex 29.1896 -10.5701 -9.78036
      vertex 29.1896 -9.73211 -10.3275
    endloop
  endfacet
  facet normal 1 -0 0
    outer loop
      vertex 29.1896 -10.617 -9.86073
      vertex 29.1896 -9.73211 -10.3275
      vertex 29.1896 -10.5701 -9.78036
    endloop
  endfacet
  facet normal 1 0 0
    outer loop
      vertex 29.1896 -9.73211 -10.3275
      vertex 29.1896 -10.617 -9.86073
      vertex 29.1896 -9.75624 -10.3714
    endloop
  endfacet
  facet normal 0 0.999763 0.0217513
    outer loop
      vertex 29.1896 -9.88509 -10.9526
      vertex 27.1896 -9.88618 -10.9025
      vertex 29.1896 -9.88618 -10.9025
    endloop
  endfacet
  facet normal 0 0.999763 0.0217513
    outer loop
      vertex 27.1896 -9.88618 -10.9025
      vertex 29.1896 -9.88509 -10.9526
      vertex 27.1896 -9.88509 -10.9526
    endloop
  endfacet
  facet normal 0 0.997864 0.0653292
    outer loop
      vertex 29.1896 -9.88181 -11.0027
      vertex 27.1896 -9.88509 -10.9526
      vertex 29.1896 -9.88509 -10.9526
    endloop
  endfacet
  facet normal 0 0.997864 0.0653292
    outer loop
      vertex 27.1896 -9.88509 -10.9526
      vertex 29.1896 -9.88181 -11.0027
      vertex 27.1896 -9.88181 -11.0027
    endloop
  endfacet
  facet normal 0 0.994045 0.108967
    outer loop
      vertex 29.1896 -9.87634 -11.0526
      vertex 27.1896 -9.88181 -11.0027
      vertex 29.1896 -9.88181 -11.0027
    endloop
  endfacet
  facet normal 0 0.994045 0.108967
    outer loop
      vertex 27.1896 -9.88181 -11.0027
      vertex 29.1896 -9.87634 -11.0526
      vertex 27.1896 -9.87634 -11.0526
    endloop
  endfacet
  facet normal 0 0.988374 0.152042
    outer loop
      vertex 29.1896 -9.86871 -11.1022
      vertex 27.1896 -9.87634 -11.0526
      vertex 29.1896 -9.87634 -11.0526
    endloop
  endfacet
  facet normal 0 0.988374 0.152042
    outer loop
      vertex 27.1896 -9.87634 -11.0526
      vertex 29.1896 -9.86871 -11.1022
      vertex 27.1896 -9.86871 -11.1022
    endloop
  endfacet
  facet normal 0 0.980772 0.195158
    outer loop
      vertex 29.1896 -9.85892 -11.1514
      vertex 27.1896 -9.86871 -11.1022
      vertex 29.1896 -9.86871 -11.1022
    endloop
  endfacet
  facet normal 0 0.980772 0.195158
    outer loop
      vertex 27.1896 -9.86871 -11.1022
      vertex 29.1896 -9.85892 -11.1514
      vertex 27.1896 -9.85892 -11.1514
    endloop
  endfacet
  facet normal 0 0.971327 0.237746
    outer loop
      vertex 29.1896 -9.847 -11.2001
      vertex 27.1896 -9.85892 -11.1514
      vertex 29.1896 -9.85892 -11.1514
    endloop
  endfacet
  facet normal 0 0.971327 0.237746
    outer loop
      vertex 27.1896 -9.85892 -11.1514
      vertex 29.1896 -9.847 -11.2001
      vertex 27.1896 -9.847 -11.2001
    endloop
  endfacet
  facet normal 0 0.960098 0.279663
    outer loop
      vertex 29.1896 -9.83296 -11.2483
      vertex 27.1896 -9.847 -11.2001
      vertex 29.1896 -9.847 -11.2001
    endloop
  endfacet
  facet normal 0 0.960098 0.279663
    outer loop
      vertex 27.1896 -9.847 -11.2001
      vertex 29.1896 -9.83296 -11.2483
      vertex 27.1896 -9.83296 -11.2483
    endloop
  endfacet
  facet normal 0 0.946894 0.321545
    outer loop
      vertex 29.1896 -9.81683 -11.2958
      vertex 27.1896 -9.83296 -11.2483
      vertex 29.1896 -9.83296 -11.2483
    endloop
  endfacet
  facet normal 0 0.946894 0.321545
    outer loop
      vertex 27.1896 -9.83296 -11.2483
      vertex 29.1896 -9.81683 -11.2958
      vertex 27.1896 -9.81683 -11.2958
    endloop
  endfacet
  facet normal 0 0.93181 0.362947
    outer loop
      vertex 29.1896 -9.79864 -11.3425
      vertex 27.1896 -9.81683 -11.2958
      vertex 29.1896 -9.81683 -11.2958
    endloop
  endfacet
  facet normal 0 0.93181 0.362947
    outer loop
      vertex 27.1896 -9.81683 -11.2958
      vertex 29.1896 -9.79864 -11.3425
      vertex 27.1896 -9.79864 -11.3425
    endloop
  endfacet
  facet normal 0 0.915608 0.402071
    outer loop
      vertex 29.1896 -9.77844 -11.3885
      vertex 27.1896 -9.79864 -11.3425
      vertex 29.1896 -9.79864 -11.3425
    endloop
  endfacet
  facet normal 0 0.915608 0.402071
    outer loop
      vertex 27.1896 -9.79864 -11.3425
      vertex 29.1896 -9.77844 -11.3885
      vertex 27.1896 -9.77844 -11.3885
    endloop
  endfacet
  facet normal 0 0.896806 0.442424
    outer loop
      vertex 29.1896 -9.75624 -11.4335
      vertex 27.1896 -9.77844 -11.3885
      vertex 29.1896 -9.77844 -11.3885
    endloop
  endfacet
  facet normal 0 0.896806 0.442424
    outer loop
      vertex 27.1896 -9.77844 -11.3885
      vertex 29.1896 -9.75624 -11.4335
      vertex 27.1896 -9.75624 -11.4335
    endloop
  endfacet
  facet normal 0 0.876804 0.480847
    outer loop
      vertex 29.1896 -9.73211 -11.4775
      vertex 27.1896 -9.75624 -11.4335
      vertex 29.1896 -9.75624 -11.4335
    endloop
  endfacet
  facet normal 0 0.876804 0.480847
    outer loop
      vertex 27.1896 -9.75624 -11.4335
      vertex 29.1896 -9.73211 -11.4775
      vertex 27.1896 -9.73211 -11.4775
    endloop
  endfacet
  facet normal 0 0.854933 0.518739
    outer loop
      vertex 29.1896 -9.70608 -11.5204
      vertex 27.1896 -9.73211 -11.4775
      vertex 29.1896 -9.73211 -11.4775
    endloop
  endfacet
  facet normal 0 0.854933 0.518739
    outer loop
      vertex 27.1896 -9.73211 -11.4775
      vertex 29.1896 -9.70608 -11.5204
      vertex 27.1896 -9.70608 -11.5204
    endloop
  endfacet
  facet normal 0 0.831406 0.555666
    outer loop
      vertex 29.1896 -9.67821 -11.5621
      vertex 27.1896 -9.70608 -11.5204
      vertex 29.1896 -9.70608 -11.5204
    endloop
  endfacet
  facet normal 0 0.831406 0.555666
    outer loop
      vertex 27.1896 -9.70608 -11.5204
      vertex 29.1896 -9.67821 -11.5621
      vertex 27.1896 -9.67821 -11.5621
    endloop
  endfacet
  facet normal 0 0.805993 0.591926
    outer loop
      vertex 29.1896 -9.64854 -11.6025
      vertex 27.1896 -9.67821 -11.5621
      vertex 29.1896 -9.67821 -11.5621
    endloop
  endfacet
  facet normal 0 0.805993 0.591926
    outer loop
      vertex 27.1896 -9.67821 -11.5621
      vertex 29.1896 -9.64854 -11.6025
      vertex 27.1896 -9.64854 -11.6025
    endloop
  endfacet
  facet normal 0 0.780383 0.625302
    outer loop
      vertex 29.1896 -9.61713 -11.6417
      vertex 27.1896 -9.64854 -11.6025
      vertex 29.1896 -9.64854 -11.6025
    endloop
  endfacet
  facet normal 0 0.780383 0.625302
    outer loop
      vertex 27.1896 -9.64854 -11.6025
      vertex 29.1896 -9.61713 -11.6417
      vertex 27.1896 -9.61713 -11.6417
    endloop
  endfacet
  facet normal 0 0.751662 0.659549
    outer loop
      vertex 29.1896 -9.58405 -11.6794
      vertex 27.1896 -9.61713 -11.6417
      vertex 29.1896 -9.61713 -11.6417
    endloop
  endfacet
  facet normal 0 0.751662 0.659549
    outer loop
      vertex 27.1896 -9.61713 -11.6417
      vertex 29.1896 -9.58405 -11.6794
      vertex 27.1896 -9.58405 -11.6794
    endloop
  endfacet
  facet normal 0 0.722005 0.691888
    outer loop
      vertex 29.1896 -9.54936 -11.7156
      vertex 27.1896 -9.58405 -11.6794
      vertex 29.1896 -9.58405 -11.6794
    endloop
  endfacet
  facet normal 0 0.722005 0.691888
    outer loop
      vertex 27.1896 -9.58405 -11.6794
      vertex 29.1896 -9.54936 -11.7156
      vertex 27.1896 -9.54936 -11.7156
    endloop
  endfacet
  facet normal -0 0.691494 0.722382
    outer loop
      vertex 27.1896 -9.51311 -11.7503
      vertex 29.1896 -9.54936 -11.7156
      vertex 29.1896 -9.51311 -11.7503
    endloop
  endfacet
  facet normal 0 0.691494 0.722382
    outer loop
      vertex 29.1896 -9.54936 -11.7156
      vertex 27.1896 -9.51311 -11.7503
      vertex 27.1896 -9.54936 -11.7156
    endloop
  endfacet
  facet normal -0 0.659576 0.751638
    outer loop
      vertex 27.1896 -9.47539 -11.7834
      vertex 29.1896 -9.51311 -11.7503
      vertex 29.1896 -9.47539 -11.7834
    endloop
  endfacet
  facet normal 0 0.659576 0.751638
    outer loop
      vertex 29.1896 -9.51311 -11.7503
      vertex 27.1896 -9.47539 -11.7834
      vertex 27.1896 -9.51311 -11.7503
    endloop
  endfacet
  facet normal -0 0.625861 0.779935
    outer loop
      vertex 27.1896 -9.43626 -11.8148
      vertex 29.1896 -9.47539 -11.7834
      vertex 29.1896 -9.43626 -11.8148
    endloop
  endfacet
  facet normal 0 0.625861 0.779935
    outer loop
      vertex 29.1896 -9.47539 -11.7834
      vertex 27.1896 -9.43626 -11.8148
      vertex 27.1896 -9.47539 -11.7834
    endloop
  endfacet
  facet normal -0 0.591649 0.806196
    outer loop
      vertex 27.1896 -9.39579 -11.8445
      vertex 29.1896 -9.43626 -11.8148
      vertex 29.1896 -9.39579 -11.8445
    endloop
  endfacet
  facet normal 0 0.591649 0.806196
    outer loop
      vertex 29.1896 -9.43626 -11.8148
      vertex 27.1896 -9.39579 -11.8445
      vertex 27.1896 -9.43626 -11.8148
    endloop
  endfacet
  facet normal -0 0.555987 0.831191
    outer loop
      vertex 27.1896 -9.35408 -11.8724
      vertex 29.1896 -9.39579 -11.8445
      vertex 29.1896 -9.35408 -11.8724
    endloop
  endfacet
  facet normal 0 0.555987 0.831191
    outer loop
      vertex 29.1896 -9.39579 -11.8445
      vertex 27.1896 -9.35408 -11.8724
      vertex 27.1896 -9.39579 -11.8445
    endloop
  endfacet
  facet normal -0 0.518302 0.855198
    outer loop
      vertex 27.1896 -9.31118 -11.8984
      vertex 29.1896 -9.35408 -11.8724
      vertex 29.1896 -9.31118 -11.8984
    endloop
  endfacet
  facet normal 0 0.518302 0.855198
    outer loop
      vertex 29.1896 -9.35408 -11.8724
      vertex 27.1896 -9.31118 -11.8984
      vertex 27.1896 -9.35408 -11.8724
    endloop
  endfacet
  facet normal -0 0.480472 0.87701
    outer loop
      vertex 27.1896 -9.26719 -11.9225
      vertex 29.1896 -9.31118 -11.8984
      vertex 29.1896 -9.26719 -11.9225
    endloop
  endfacet
  facet normal 0 0.480472 0.87701
    outer loop
      vertex 29.1896 -9.31118 -11.8984
      vertex 27.1896 -9.26719 -11.9225
      vertex 27.1896 -9.31118 -11.8984
    endloop
  endfacet
  facet normal -0 0.442424 0.896806
    outer loop
      vertex 27.1896 -9.22219 -11.9447
      vertex 29.1896 -9.26719 -11.9225
      vertex 29.1896 -9.22219 -11.9447
    endloop
  endfacet
  facet normal 0 0.442424 0.896806
    outer loop
      vertex 29.1896 -9.26719 -11.9225
      vertex 27.1896 -9.22219 -11.9447
      vertex 27.1896 -9.26719 -11.9225
    endloop
  endfacet
  facet normal -0 0.402658 0.91535
    outer loop
      vertex 27.1896 -9.17627 -11.9649
      vertex 29.1896 -9.22219 -11.9447
      vertex 29.1896 -9.17627 -11.9649
    endloop
  endfacet
  facet normal 0 0.402658 0.91535
    outer loop
      vertex 29.1896 -9.22219 -11.9447
      vertex 27.1896 -9.17627 -11.9649
      vertex 27.1896 -9.22219 -11.9447
    endloop
  endfacet
  facet normal -0 0.362716 0.9319
    outer loop
      vertex 27.1896 -9.12951 -11.9831
      vertex 29.1896 -9.17627 -11.9649
      vertex 29.1896 -9.12951 -11.9831
    endloop
  endfacet
  facet normal 0 0.362716 0.9319
    outer loop
      vertex 29.1896 -9.17627 -11.9649
      vertex 27.1896 -9.12951 -11.9831
      vertex 27.1896 -9.17627 -11.9649
    endloop
  endfacet
  facet normal -0 0.320888 0.947117
    outer loop
      vertex 27.1896 -9.08199 -11.9992
      vertex 29.1896 -9.12951 -11.9831
      vertex 29.1896 -9.08199 -11.9992
    endloop
  endfacet
  facet normal 0 0.320888 0.947117
    outer loop
      vertex 29.1896 -9.12951 -11.9831
      vertex 27.1896 -9.08199 -11.9992
      vertex 27.1896 -9.12951 -11.9831
    endloop
  endfacet
  facet normal -0 0.280926 0.95973
    outer loop
      vertex 27.1896 -9.03382 -12.0133
      vertex 29.1896 -9.08199 -11.9992
      vertex 29.1896 -9.03382 -12.0133
    endloop
  endfacet
  facet normal 0 0.280926 0.95973
    outer loop
      vertex 29.1896 -9.08199 -11.9992
      vertex 27.1896 -9.03382 -12.0133
      vertex 27.1896 -9.08199 -11.9992
    endloop
  endfacet
  facet normal -0 0.237232 0.971453
    outer loop
      vertex 27.1896 -8.98509 -12.0252
      vertex 29.1896 -9.03382 -12.0133
      vertex 29.1896 -8.98509 -12.0252
    endloop
  endfacet
  facet normal 0 0.237232 0.971453
    outer loop
      vertex 29.1896 -9.03382 -12.0133
      vertex 27.1896 -8.98509 -12.0252
      vertex 27.1896 -9.03382 -12.0133
    endloop
  endfacet
  facet normal -0 0.195311 0.980741
    outer loop
      vertex 27.1896 -8.93588 -12.035
      vertex 29.1896 -8.98509 -12.0252
      vertex 29.1896 -8.93588 -12.035
    endloop
  endfacet
  facet normal 0 0.195311 0.980741
    outer loop
      vertex 29.1896 -8.98509 -12.0252
      vertex 27.1896 -8.93588 -12.035
      vertex 27.1896 -8.98509 -12.0252
    endloop
  endfacet
  facet normal -0 0.151488 0.988459
    outer loop
      vertex 27.1896 -8.88629 -12.0426
      vertex 29.1896 -8.93588 -12.035
      vertex 29.1896 -8.88629 -12.0426
    endloop
  endfacet
  facet normal 0 0.151488 0.988459
    outer loop
      vertex 29.1896 -8.93588 -12.035
      vertex 27.1896 -8.88629 -12.0426
      vertex 27.1896 -8.93588 -12.035
    endloop
  endfacet
  facet normal -0 0.1096 0.993976
    outer loop
      vertex 27.1896 -8.83641 -12.0481
      vertex 29.1896 -8.88629 -12.0426
      vertex 29.1896 -8.83641 -12.0481
    endloop
  endfacet
  facet normal 0 0.1096 0.993976
    outer loop
      vertex 29.1896 -8.88629 -12.0426
      vertex 27.1896 -8.83641 -12.0481
      vertex 27.1896 -8.88629 -12.0426
    endloop
  endfacet
  facet normal -0 0.065765 0.997835
    outer loop
      vertex 27.1896 -8.78634 -12.0514
      vertex 29.1896 -8.83641 -12.0481
      vertex 29.1896 -8.78634 -12.0514
    endloop
  endfacet
  facet normal 0 0.065765 0.997835
    outer loop
      vertex 29.1896 -8.83641 -12.0481
      vertex 27.1896 -8.78634 -12.0514
      vertex 27.1896 -8.83641 -12.0481
    endloop
  endfacet
  facet normal -0 0.0219246 0.99976
    outer loop
      vertex 27.1896 -8.73618 -12.0525
      vertex 29.1896 -8.78634 -12.0514
      vertex 29.1896 -8.73618 -12.0525
    endloop
  endfacet
  facet normal 0 0.0219246 0.99976
    outer loop
      vertex 29.1896 -8.78634 -12.0514
      vertex 27.1896 -8.73618 -12.0525
      vertex 27.1896 -8.78634 -12.0514
    endloop
  endfacet
  facet normal 0 -0.0219246 0.99976
    outer loop
      vertex 27.1896 -8.68602 -12.0514
      vertex 29.1896 -8.73618 -12.0525
      vertex 29.1896 -8.68602 -12.0514
    endloop
  endfacet
  facet normal 0 -0.0219246 0.99976
    outer loop
      vertex 29.1896 -8.73618 -12.0525
      vertex 27.1896 -8.68602 -12.0514
      vertex 27.1896 -8.73618 -12.0525
    endloop
  endfacet
  facet normal 0 -0.065765 0.997835
    outer loop
      vertex 27.1896 -8.63595 -12.0481
      vertex 29.1896 -8.68602 -12.0514
      vertex 29.1896 -8.63595 -12.0481
    endloop
  endfacet
  facet normal 0 -0.065765 0.997835
    outer loop
      vertex 29.1896 -8.68602 -12.0514
      vertex 27.1896 -8.63595 -12.0481
      vertex 27.1896 -8.68602 -12.0514
    endloop
  endfacet
  facet normal 0 -0.109622 0.993973
    outer loop
      vertex 27.1896 -8.58608 -12.0426
      vertex 29.1896 -8.63595 -12.0481
      vertex 29.1896 -8.58608 -12.0426
    endloop
  endfacet
  facet normal 0 -0.109622 0.993973
    outer loop
      vertex 29.1896 -8.63595 -12.0481
      vertex 27.1896 -8.58608 -12.0426
      vertex 27.1896 -8.63595 -12.0481
    endloop
  endfacet
  facet normal 0 -0.151488 0.988459
    outer loop
      vertex 27.1896 -8.53649 -12.035
      vertex 29.1896 -8.58608 -12.0426
      vertex 29.1896 -8.53649 -12.035
    endloop
  endfacet
  facet normal 0 -0.151488 0.988459
    outer loop
      vertex 29.1896 -8.58608 -12.0426
      vertex 27.1896 -8.53649 -12.035
      vertex 27.1896 -8.58608 -12.0426
    endloop
  endfacet
  facet normal 0 -0.195311 0.980741
    outer loop
      vertex 27.1896 -8.48728 -12.0252
      vertex 29.1896 -8.53649 -12.035
      vertex 29.1896 -8.48728 -12.0252
    endloop
  endfacet
  facet normal 0 -0.195311 0.980741
    outer loop
      vertex 29.1896 -8.53649 -12.035
      vertex 27.1896 -8.48728 -12.0252
      vertex 27.1896 -8.53649 -12.035
    endloop
  endfacet
  facet normal 0 -0.237186 0.971464
    outer loop
      vertex 27.1896 -8.43854 -12.0133
      vertex 29.1896 -8.48728 -12.0252
      vertex 29.1896 -8.43854 -12.0133
    endloop
  endfacet
  facet normal 0 -0.237186 0.971464
    outer loop
      vertex 29.1896 -8.48728 -12.0252
      vertex 27.1896 -8.43854 -12.0133
      vertex 27.1896 -8.48728 -12.0252
    endloop
  endfacet
  facet normal 0 -0.280926 0.95973
    outer loop
      vertex 27.1896 -8.39037 -11.9992
      vertex 29.1896 -8.43854 -12.0133
      vertex 29.1896 -8.39037 -11.9992
    endloop
  endfacet
  facet normal 0 -0.280926 0.95973
    outer loop
      vertex 29.1896 -8.43854 -12.0133
      vertex 27.1896 -8.39037 -11.9992
      vertex 27.1896 -8.43854 -12.0133
    endloop
  endfacet
  facet normal 0 -0.320948 0.947097
    outer loop
      vertex 27.1896 -8.34286 -11.9831
      vertex 29.1896 -8.39037 -11.9992
      vertex 29.1896 -8.34286 -11.9831
    endloop
  endfacet
  facet normal 0 -0.320948 0.947097
    outer loop
      vertex 29.1896 -8.39037 -11.9992
      vertex 27.1896 -8.34286 -11.9831
      vertex 27.1896 -8.39037 -11.9992
    endloop
  endfacet
  facet normal 0 -0.362716 0.9319
    outer loop
      vertex 27.1896 -8.2961 -11.9649
      vertex 29.1896 -8.34286 -11.9831
      vertex 29.1896 -8.2961 -11.9649
    endloop
  endfacet
  facet normal 0 -0.362716 0.9319
    outer loop
      vertex 29.1896 -8.34286 -11.9831
      vertex 27.1896 -8.2961 -11.9649
      vertex 27.1896 -8.34286 -11.9831
    endloop
  endfacet
  facet normal 0 -0.402585 0.915383
    outer loop
      vertex 27.1896 -8.25017 -11.9447
      vertex 29.1896 -8.2961 -11.9649
      vertex 29.1896 -8.25017 -11.9447
    endloop
  endfacet
  facet normal 0 -0.402585 0.915383
    outer loop
      vertex 29.1896 -8.2961 -11.9649
      vertex 27.1896 -8.25017 -11.9447
      vertex 27.1896 -8.2961 -11.9649
    endloop
  endfacet
  facet normal 0 -0.442424 0.896806
    outer loop
      vertex 27.1896 -8.20517 -11.9225
      vertex 29.1896 -8.25017 -11.9447
      vertex 29.1896 -8.20517 -11.9225
    endloop
  endfacet
  facet normal 0 -0.442424 0.896806
    outer loop
      vertex 29.1896 -8.25017 -11.9447
      vertex 27.1896 -8.20517 -11.9225
      vertex 27.1896 -8.25017 -11.9447
    endloop
  endfacet
  facet normal 0 -0.480472 0.87701
    outer loop
      vertex 27.1896 -8.16118 -11.8984
      vertex 29.1896 -8.20517 -11.9225
      vertex 29.1896 -8.16118 -11.8984
    endloop
  endfacet
  facet normal 0 -0.480472 0.87701
    outer loop
      vertex 29.1896 -8.20517 -11.9225
      vertex 27.1896 -8.16118 -11.8984
      vertex 27.1896 -8.20517 -11.9225
    endloop
  endfacet
  facet normal 0 -0.51839 0.855144
    outer loop
      vertex 27.1896 -8.11829 -11.8724
      vertex 29.1896 -8.16118 -11.8984
      vertex 29.1896 -8.11829 -11.8724
    endloop
  endfacet
  facet normal 0 -0.51839 0.855144
    outer loop
      vertex 29.1896 -8.16118 -11.8984
      vertex 27.1896 -8.11829 -11.8724
      vertex 27.1896 -8.16118 -11.8984
    endloop
  endfacet
  facet normal 0 -0.555895 0.831252
    outer loop
      vertex 27.1896 -8.07657 -11.8445
      vertex 29.1896 -8.11829 -11.8724
      vertex 29.1896 -8.07657 -11.8445
    endloop
  endfacet
  facet normal 0 -0.555895 0.831252
    outer loop
      vertex 29.1896 -8.11829 -11.8724
      vertex 27.1896 -8.07657 -11.8445
      vertex 27.1896 -8.11829 -11.8724
    endloop
  endfacet
  facet normal 0 -0.591744 0.806126
    outer loop
      vertex 27.1896 -8.03611 -11.8148
      vertex 29.1896 -8.07657 -11.8445
      vertex 29.1896 -8.03611 -11.8148
    endloop
  endfacet
  facet normal 0 -0.591744 0.806126
    outer loop
      vertex 29.1896 -8.07657 -11.8445
      vertex 27.1896 -8.03611 -11.8148
      vertex 27.1896 -8.07657 -11.8445
    endloop
  endfacet
  facet normal 0 -0.625861 0.779935
    outer loop
      vertex 27.1896 -7.99698 -11.7834
      vertex 29.1896 -8.03611 -11.8148
      vertex 29.1896 -7.99698 -11.7834
    endloop
  endfacet
  facet normal 0 -0.625861 0.779935
    outer loop
      vertex 29.1896 -8.03611 -11.8148
      vertex 27.1896 -7.99698 -11.7834
      vertex 27.1896 -8.03611 -11.8148
    endloop
  endfacet
  facet normal 0 -0.659477 0.751724
    outer loop
      vertex 27.1896 -7.95925 -11.7503
      vertex 29.1896 -7.99698 -11.7834
      vertex 29.1896 -7.95925 -11.7503
    endloop
  endfacet
  facet normal 0 -0.659477 0.751724
    outer loop
      vertex 29.1896 -7.99698 -11.7834
      vertex 27.1896 -7.95925 -11.7503
      vertex 27.1896 -7.99698 -11.7834
    endloop
  endfacet
  facet normal 0 -0.691594 0.722287
    outer loop
      vertex 27.1896 -7.92301 -11.7156
      vertex 29.1896 -7.95925 -11.7503
      vertex 29.1896 -7.92301 -11.7156
    endloop
  endfacet
  facet normal 0 -0.691594 0.722287
    outer loop
      vertex 29.1896 -7.95925 -11.7503
      vertex 27.1896 -7.92301 -11.7156
      vertex 27.1896 -7.95925 -11.7503
    endloop
  endfacet
  facet normal 0 -0.721905 0.691992
    outer loop
      vertex 27.1896 -7.92301 -11.7156
      vertex 29.1896 -7.88831 -11.6794
      vertex 27.1896 -7.88831 -11.6794
    endloop
  endfacet
  facet normal 0 -0.721905 0.691992
    outer loop
      vertex 29.1896 -7.88831 -11.6794
      vertex 27.1896 -7.92301 -11.7156
      vertex 29.1896 -7.92301 -11.7156
    endloop
  endfacet
  facet normal 0 -0.751662 0.659549
    outer loop
      vertex 27.1896 -7.88831 -11.6794
      vertex 29.1896 -7.85523 -11.6417
      vertex 27.1896 -7.85523 -11.6417
    endloop
  endfacet
  facet normal 0 -0.751662 0.659549
    outer loop
      vertex 29.1896 -7.85523 -11.6417
      vertex 27.1896 -7.88831 -11.6794
      vertex 29.1896 -7.88831 -11.6794
    endloop
  endfacet
  facet normal 0 -0.78048 0.625181
    outer loop
      vertex 27.1896 -7.85523 -11.6417
      vertex 29.1896 -7.82383 -11.6025
      vertex 27.1896 -7.82383 -11.6025
    endloop
  endfacet
  facet normal 0 -0.78048 0.625181
    outer loop
      vertex 29.1896 -7.82383 -11.6025
      vertex 27.1896 -7.85523 -11.6417
      vertex 29.1896 -7.85523 -11.6417
    endloop
  endfacet
  facet normal 0 -0.805993 0.591926
    outer loop
      vertex 27.1896 -7.82383 -11.6025
      vertex 29.1896 -7.79416 -11.5621
      vertex 27.1896 -7.79416 -11.5621
    endloop
  endfacet
  facet normal 0 -0.805993 0.591926
    outer loop
      vertex 29.1896 -7.79416 -11.5621
      vertex 27.1896 -7.82383 -11.6025
      vertex 29.1896 -7.82383 -11.6025
    endloop
  endfacet
  facet normal 0 -0.831313 0.555804
    outer loop
      vertex 27.1896 -7.79416 -11.5621
      vertex 29.1896 -7.76628 -11.5204
      vertex 27.1896 -7.76628 -11.5204
    endloop
  endfacet
  facet normal 0 -0.831313 0.555804
    outer loop
      vertex 29.1896 -7.76628 -11.5204
      vertex 27.1896 -7.79416 -11.5621
      vertex 29.1896 -7.79416 -11.5621
    endloop
  endfacet
  facet normal 0 -0.854933 0.518739
    outer loop
      vertex 27.1896 -7.76628 -11.5204
      vertex 29.1896 -7.74025 -11.4775
      vertex 27.1896 -7.74025 -11.4775
    endloop
  endfacet
  facet normal 0 -0.854933 0.518739
    outer loop
      vertex 29.1896 -7.74025 -11.4775
      vertex 27.1896 -7.76628 -11.5204
      vertex 29.1896 -7.76628 -11.5204
    endloop
  endfacet
  facet normal 0 -0.876804 0.480847
    outer loop
      vertex 27.1896 -7.74025 -11.4775
      vertex 29.1896 -7.71612 -11.4335
      vertex 27.1896 -7.71612 -11.4335
    endloop
  endfacet
  facet normal 0 -0.876804 0.480847
    outer loop
      vertex 29.1896 -7.71612 -11.4335
      vertex 27.1896 -7.74025 -11.4775
      vertex 29.1896 -7.74025 -11.4775
    endloop
  endfacet
  facet normal 0 -0.896885 0.442264
    outer loop
      vertex 27.1896 -7.71612 -11.4335
      vertex 29.1896 -7.69393 -11.3885
      vertex 27.1896 -7.69393 -11.3885
    endloop
  endfacet
  facet normal 0 -0.896885 0.442264
    outer loop
      vertex 29.1896 -7.69393 -11.3885
      vertex 27.1896 -7.71612 -11.4335
      vertex 29.1896 -7.71612 -11.4335
    endloop
  endfacet
  facet normal 0 -0.915535 0.402238
    outer loop
      vertex 27.1896 -7.69393 -11.3885
      vertex 29.1896 -7.67372 -11.3425
      vertex 27.1896 -7.67372 -11.3425
    endloop
  endfacet
  facet normal 0 -0.915535 0.402238
    outer loop
      vertex 29.1896 -7.67372 -11.3425
      vertex 27.1896 -7.69393 -11.3885
      vertex 29.1896 -7.69393 -11.3885
    endloop
  endfacet
  facet normal 0 -0.931877 0.362774
    outer loop
      vertex 27.1896 -7.67372 -11.3425
      vertex 29.1896 -7.65554 -11.2958
      vertex 27.1896 -7.65554 -11.2958
    endloop
  endfacet
  facet normal 0 -0.931877 0.362774
    outer loop
      vertex 29.1896 -7.65554 -11.2958
      vertex 27.1896 -7.67372 -11.3425
      vertex 29.1896 -7.67372 -11.3425
    endloop
  endfacet
  facet normal 0 -0.946894 0.321545
    outer loop
      vertex 27.1896 -7.65554 -11.2958
      vertex 29.1896 -7.63941 -11.2483
      vertex 27.1896 -7.63941 -11.2483
    endloop
  endfacet
  facet normal 0 -0.946894 0.321545
    outer loop
      vertex 29.1896 -7.63941 -11.2483
      vertex 27.1896 -7.65554 -11.2958
      vertex 29.1896 -7.65554 -11.2958
    endloop
  endfacet
  facet normal 0 -0.960098 0.279663
    outer loop
      vertex 27.1896 -7.63941 -11.2483
      vertex 29.1896 -7.62537 -11.2001
      vertex 27.1896 -7.62537 -11.2001
    endloop
  endfacet
  facet normal 0 -0.960098 0.279663
    outer loop
      vertex 29.1896 -7.62537 -11.2001
      vertex 27.1896 -7.63941 -11.2483
      vertex 29.1896 -7.63941 -11.2483
    endloop
  endfacet
  facet normal 0 -0.971281 0.237934
    outer loop
      vertex 27.1896 -7.62537 -11.2001
      vertex 29.1896 -7.61344 -11.1514
      vertex 27.1896 -7.61344 -11.1514
    endloop
  endfacet
  facet normal 0 -0.971281 0.237934
    outer loop
      vertex 29.1896 -7.61344 -11.1514
      vertex 27.1896 -7.62537 -11.2001
      vertex 29.1896 -7.62537 -11.2001
    endloop
  endfacet
  facet normal 0 -0.980772 0.195158
    outer loop
      vertex 27.1896 -7.61344 -11.1514
      vertex 29.1896 -7.60365 -11.1022
      vertex 27.1896 -7.60365 -11.1022
    endloop
  endfacet
  facet normal 0 -0.980772 0.195158
    outer loop
      vertex 29.1896 -7.60365 -11.1022
      vertex 27.1896 -7.61344 -11.1514
      vertex 29.1896 -7.61344 -11.1514
    endloop
  endfacet
  facet normal 0 -0.988374 0.152042
    outer loop
      vertex 27.1896 -7.60365 -11.1022
      vertex 29.1896 -7.59602 -11.0526
      vertex 27.1896 -7.59602 -11.0526
    endloop
  endfacet
  facet normal 0 -0.988374 0.152042
    outer loop
      vertex 29.1896 -7.59602 -11.0526
      vertex 27.1896 -7.60365 -11.1022
      vertex 29.1896 -7.60365 -11.1022
    endloop
  endfacet
  facet normal 0 -0.994067 0.10877
    outer loop
      vertex 27.1896 -7.59602 -11.0526
      vertex 29.1896 -7.59056 -11.0027
      vertex 27.1896 -7.59056 -11.0027
    endloop
  endfacet
  facet normal 0 -0.994067 0.10877
    outer loop
      vertex 29.1896 -7.59056 -11.0027
      vertex 27.1896 -7.59602 -11.0526
      vertex 29.1896 -7.59602 -11.0526
    endloop
  endfacet
  facet normal 0 -0.997864 0.0653292
    outer loop
      vertex 27.1896 -7.59056 -11.0027
      vertex 29.1896 -7.58728 -10.9526
      vertex 27.1896 -7.58728 -10.9526
    endloop
  endfacet
  facet normal 0 -0.997864 0.0653292
    outer loop
      vertex 29.1896 -7.58728 -10.9526
      vertex 27.1896 -7.59056 -11.0027
      vertex 29.1896 -7.59056 -11.0027
    endloop
  endfacet
  facet normal 0 -0.999759 0.0219508
    outer loop
      vertex 27.1896 -7.58728 -10.9526
      vertex 29.1896 -7.58618 -10.9025
      vertex 27.1896 -7.58618 -10.9025
    endloop
  endfacet
  facet normal 0 -0.999759 0.0219508
    outer loop
      vertex 29.1896 -7.58618 -10.9025
      vertex 27.1896 -7.58728 -10.9526
      vertex 29.1896 -7.58728 -10.9526
    endloop
  endfacet
  facet normal 0 -0.99976 -0.0219071
    outer loop
      vertex 27.1896 -7.58618 -10.9025
      vertex 29.1896 -7.58728 -10.8523
      vertex 27.1896 -7.58728 -10.8523
    endloop
  endfacet
  facet normal 0 -0.99976 -0.0219071
    outer loop
      vertex 29.1896 -7.58728 -10.8523
      vertex 27.1896 -7.58618 -10.9025
      vertex 29.1896 -7.58618 -10.9025
    endloop
  endfacet
  facet normal 0 -0.997864 -0.0653292
    outer loop
      vertex 27.1896 -7.58728 -10.8523
      vertex 29.1896 -7.59056 -10.8022
      vertex 27.1896 -7.59056 -10.8022
    endloop
  endfacet
  facet normal 0 -0.997864 -0.0653292
    outer loop
      vertex 29.1896 -7.59056 -10.8022
      vertex 27.1896 -7.58728 -10.8523
      vertex 29.1896 -7.58728 -10.8523
    endloop
  endfacet
  facet normal 0 -0.994043 -0.108985
    outer loop
      vertex 27.1896 -7.59056 -10.8022
      vertex 29.1896 -7.59602 -10.7524
      vertex 27.1896 -7.59602 -10.7524
    endloop
  endfacet
  facet normal 0 -0.994043 -0.108985
    outer loop
      vertex 29.1896 -7.59602 -10.7524
      vertex 27.1896 -7.59056 -10.8022
      vertex 29.1896 -7.59056 -10.8022
    endloop
  endfacet
  facet normal 0 -0.988374 -0.152042
    outer loop
      vertex 27.1896 -7.59602 -10.7524
      vertex 29.1896 -7.60365 -10.7028
      vertex 27.1896 -7.60365 -10.7028
    endloop
  endfacet
  facet normal 0 -0.988374 -0.152042
    outer loop
      vertex 29.1896 -7.60365 -10.7028
      vertex 27.1896 -7.59602 -10.7524
      vertex 29.1896 -7.59602 -10.7524
    endloop
  endfacet
  facet normal 0 -0.980772 -0.195158
    outer loop
      vertex 27.1896 -7.60365 -10.7028
      vertex 29.1896 -7.61344 -10.6536
      vertex 27.1896 -7.61344 -10.6536
    endloop
  endfacet
  facet normal 0 -0.980772 -0.195158
    outer loop
      vertex 29.1896 -7.61344 -10.6536
      vertex 27.1896 -7.60365 -10.7028
      vertex 29.1896 -7.60365 -10.7028
    endloop
  endfacet
  facet normal 0 -0.971394 -0.237474
    outer loop
      vertex 27.1896 -7.61344 -10.6536
      vertex 29.1896 -7.62537 -10.6048
      vertex 27.1896 -7.62537 -10.6048
    endloop
  endfacet
  facet normal 0 -0.971394 -0.237474
    outer loop
      vertex 29.1896 -7.62537 -10.6048
      vertex 27.1896 -7.61344 -10.6536
      vertex 29.1896 -7.61344 -10.6536
    endloop
  endfacet
  facet normal 0 -0.960098 -0.279663
    outer loop
      vertex 27.1896 -7.62537 -10.6048
      vertex 29.1896 -7.63941 -10.5566
      vertex 27.1896 -7.63941 -10.5566
    endloop
  endfacet
  facet normal 0 -0.960098 -0.279663
    outer loop
      vertex 29.1896 -7.63941 -10.5566
      vertex 27.1896 -7.62537 -10.6048
      vertex 29.1896 -7.62537 -10.6048
    endloop
  endfacet
  facet normal 0 -0.946894 -0.321545
    outer loop
      vertex 27.1896 -7.63941 -10.5566
      vertex 29.1896 -7.65554 -10.5091
      vertex 27.1896 -7.65554 -10.5091
    endloop
  endfacet
  facet normal 0 -0.946894 -0.321545
    outer loop
      vertex 29.1896 -7.65554 -10.5091
      vertex 27.1896 -7.63941 -10.5566
      vertex 29.1896 -7.63941 -10.5566
    endloop
  endfacet
  facet normal 0 -0.931877 -0.362774
    outer loop
      vertex 27.1896 -7.65554 -10.5091
      vertex 29.1896 -7.67372 -10.4624
      vertex 27.1896 -7.67372 -10.4624
    endloop
  endfacet
  facet normal 0 -0.931877 -0.362774
    outer loop
      vertex 29.1896 -7.67372 -10.4624
      vertex 27.1896 -7.65554 -10.5091
      vertex 29.1896 -7.65554 -10.5091
    endloop
  endfacet
  facet normal 0 -0.915535 -0.402238
    outer loop
      vertex 27.1896 -7.67372 -10.4624
      vertex 29.1896 -7.69393 -10.4164
      vertex 27.1896 -7.69393 -10.4164
    endloop
  endfacet
  facet normal 0 -0.915535 -0.402238
    outer loop
      vertex 29.1896 -7.69393 -10.4164
      vertex 27.1896 -7.67372 -10.4624
      vertex 29.1896 -7.67372 -10.4624
    endloop
  endfacet
  facet normal 0 -0.896885 -0.442264
    outer loop
      vertex 27.1896 -7.69393 -10.4164
      vertex 29.1896 -7.71612 -10.3714
      vertex 27.1896 -7.71612 -10.3714
    endloop
  endfacet
  facet normal 0 -0.896885 -0.442264
    outer loop
      vertex 29.1896 -7.71612 -10.3714
      vertex 27.1896 -7.69393 -10.4164
      vertex 29.1896 -7.69393 -10.4164
    endloop
  endfacet
  facet normal 0 -0.876342 -0.481689
    outer loop
      vertex 27.1896 -7.71612 -10.3714
      vertex 29.1896 -7.74025 -10.3275
      vertex 27.1896 -7.74025 -10.3275
    endloop
  endfacet
  facet normal 0 -0.876342 -0.481689
    outer loop
      vertex 29.1896 -7.74025 -10.3275
      vertex 27.1896 -7.71612 -10.3714
      vertex 29.1896 -7.71612 -10.3714
    endloop
  endfacet
  facet normal 0 -0.854933 -0.518739
    outer loop
      vertex 27.1896 -7.74025 -10.3275
      vertex 29.1896 -7.76628 -10.2846
      vertex 27.1896 -7.76628 -10.2846
    endloop
  endfacet
  facet normal 0 -0.854933 -0.518739
    outer loop
      vertex 29.1896 -7.76628 -10.2846
      vertex 27.1896 -7.74025 -10.3275
      vertex 29.1896 -7.74025 -10.3275
    endloop
  endfacet
  facet normal 0 -0.831928 -0.554884
    outer loop
      vertex 27.1896 -7.76628 -10.2846
      vertex 29.1896 -7.79416 -10.2428
      vertex 27.1896 -7.79416 -10.2428
    endloop
  endfacet
  facet normal 0 -0.831928 -0.554884
    outer loop
      vertex 29.1896 -7.79416 -10.2428
      vertex 27.1896 -7.76628 -10.2846
      vertex 29.1896 -7.76628 -10.2846
    endloop
  endfacet
  facet normal 0 -0.805993 -0.591926
    outer loop
      vertex 27.1896 -7.79416 -10.2428
      vertex 29.1896 -7.82383 -10.2024
      vertex 27.1896 -7.82383 -10.2024
    endloop
  endfacet
  facet normal 0 -0.805993 -0.591926
    outer loop
      vertex 29.1896 -7.82383 -10.2024
      vertex 27.1896 -7.79416 -10.2428
      vertex 29.1896 -7.79416 -10.2428
    endloop
  endfacet
  facet normal 0 -0.7797 -0.626153
    outer loop
      vertex 27.1896 -7.82383 -10.2024
      vertex 29.1896 -7.85523 -10.1633
      vertex 27.1896 -7.85523 -10.1633
    endloop
  endfacet
  facet normal 0 -0.7797 -0.626153
    outer loop
      vertex 29.1896 -7.85523 -10.1633
      vertex 27.1896 -7.82383 -10.2024
      vertex 29.1896 -7.82383 -10.2024
    endloop
  endfacet
  facet normal 0 -0.752527 -0.658561
    outer loop
      vertex 27.1896 -7.85523 -10.1633
      vertex 29.1896 -7.88831 -10.1255
      vertex 27.1896 -7.88831 -10.1255
    endloop
  endfacet
  facet normal 0 -0.752527 -0.658561
    outer loop
      vertex 29.1896 -7.88831 -10.1255
      vertex 27.1896 -7.85523 -10.1633
      vertex 29.1896 -7.85523 -10.1633
    endloop
  endfacet
  facet normal 0 -0.721905 -0.691992
    outer loop
      vertex 27.1896 -7.88831 -10.1255
      vertex 29.1896 -7.92301 -10.0893
      vertex 27.1896 -7.92301 -10.0893
    endloop
  endfacet
  facet normal 0 -0.721905 -0.691992
    outer loop
      vertex 29.1896 -7.92301 -10.0893
      vertex 27.1896 -7.88831 -10.1255
      vertex 29.1896 -7.88831 -10.1255
    endloop
  endfacet
  facet normal 0 -0.691594 -0.722287
    outer loop
      vertex 27.1896 -7.95925 -10.0546
      vertex 29.1896 -7.92301 -10.0893
      vertex 29.1896 -7.95925 -10.0546
    endloop
  endfacet
  facet normal -0 -0.691594 -0.722287
    outer loop
      vertex 29.1896 -7.92301 -10.0893
      vertex 27.1896 -7.95925 -10.0546
      vertex 27.1896 -7.92301 -10.0893
    endloop
  endfacet
  facet normal 0 -0.659477 -0.751724
    outer loop
      vertex 27.1896 -7.99698 -10.0215
      vertex 29.1896 -7.95925 -10.0546
      vertex 29.1896 -7.99698 -10.0215
    endloop
  endfacet
  facet normal -0 -0.659477 -0.751724
    outer loop
      vertex 29.1896 -7.95925 -10.0546
      vertex 27.1896 -7.99698 -10.0215
      vertex 27.1896 -7.95925 -10.0546
    endloop
  endfacet
  facet normal 0 -0.625861 -0.779935
    outer loop
      vertex 27.1896 -8.03611 -9.9901
      vertex 29.1896 -7.99698 -10.0215
      vertex 29.1896 -8.03611 -9.9901
    endloop
  endfacet
  facet normal -0 -0.625861 -0.779935
    outer loop
      vertex 29.1896 -7.99698 -10.0215
      vertex 27.1896 -8.03611 -9.9901
      vertex 27.1896 -7.99698 -10.0215
    endloop
  endfacet
  facet normal 0 -0.591355 -0.806411
    outer loop
      vertex 27.1896 -8.07657 -9.96043
      vertex 29.1896 -8.03611 -9.9901
      vertex 29.1896 -8.07657 -9.96043
    endloop
  endfacet
  facet normal -0 -0.591355 -0.806411
    outer loop
      vertex 29.1896 -8.03611 -9.9901
      vertex 27.1896 -8.07657 -9.96043
      vertex 27.1896 -8.03611 -9.9901
    endloop
  endfacet
  facet normal 0 -0.555482 -0.831529
    outer loop
      vertex 27.1896 -8.11829 -9.93256
      vertex 29.1896 -8.07657 -9.96043
      vertex 29.1896 -8.11829 -9.93256
    endloop
  endfacet
  facet normal -0 -0.555482 -0.831529
    outer loop
      vertex 29.1896 -8.07657 -9.96043
      vertex 27.1896 -8.11829 -9.93256
      vertex 27.1896 -8.07657 -9.96043
    endloop
  endfacet
  facet normal 0 -0.518827 -0.854879
    outer loop
      vertex 27.1896 -8.16118 -9.90653
      vertex 29.1896 -8.11829 -9.93256
      vertex 29.1896 -8.16118 -9.90653
    endloop
  endfacet
  facet normal -0 -0.518827 -0.854879
    outer loop
      vertex 29.1896 -8.11829 -9.93256
      vertex 27.1896 -8.16118 -9.90653
      vertex 27.1896 -8.11829 -9.93256
    endloop
  endfacet
  facet normal 0 -0.480931 -0.876758
    outer loop
      vertex 27.1896 -8.20517 -9.8824
      vertex 29.1896 -8.16118 -9.90653
      vertex 29.1896 -8.20517 -9.8824
    endloop
  endfacet
  facet normal -0 -0.480931 -0.876758
    outer loop
      vertex 29.1896 -8.16118 -9.90653
      vertex 27.1896 -8.20517 -9.8824
      vertex 27.1896 -8.16118 -9.90653
    endloop
  endfacet
  facet normal 0 -0.442264 -0.896885
    outer loop
      vertex 27.1896 -8.25017 -9.86021
      vertex 29.1896 -8.20517 -9.8824
      vertex 29.1896 -8.25017 -9.86021
    endloop
  endfacet
  facet normal -0 -0.442264 -0.896885
    outer loop
      vertex 29.1896 -8.20517 -9.8824
      vertex 27.1896 -8.25017 -9.86021
      vertex 27.1896 -8.20517 -9.8824
    endloop
  endfacet
  facet normal 0 -0.402752 -0.915309
    outer loop
      vertex 27.1896 -8.2961 -9.84
      vertex 29.1896 -8.25017 -9.86021
      vertex 29.1896 -8.2961 -9.84
    endloop
  endfacet
  facet normal -0 -0.402752 -0.915309
    outer loop
      vertex 29.1896 -8.25017 -9.86021
      vertex 27.1896 -8.2961 -9.84
      vertex 27.1896 -8.25017 -9.86021
    endloop
  endfacet
  facet normal 0 -0.362542 -0.931967
    outer loop
      vertex 27.1896 -8.34286 -9.82181
      vertex 29.1896 -8.2961 -9.84
      vertex 29.1896 -8.34286 -9.82181
    endloop
  endfacet
  facet normal -0 -0.362542 -0.931967
    outer loop
      vertex 29.1896 -8.2961 -9.84
      vertex 27.1896 -8.34286 -9.82181
      vertex 27.1896 -8.2961 -9.84
    endloop
  endfacet
  facet normal 0 -0.321306 -0.946975
    outer loop
      vertex 27.1896 -8.39037 -9.80569
      vertex 29.1896 -8.34286 -9.82181
      vertex 29.1896 -8.39037 -9.80569
    endloop
  endfacet
  facet normal -0 -0.321306 -0.946975
    outer loop
      vertex 29.1896 -8.34286 -9.82181
      vertex 27.1896 -8.39037 -9.80569
      vertex 27.1896 -8.34286 -9.82181
    endloop
  endfacet
  facet normal 0 -0.279824 -0.960051
    outer loop
      vertex 27.1896 -8.43854 -9.79165
      vertex 29.1896 -8.39037 -9.80569
      vertex 29.1896 -8.43854 -9.79165
    endloop
  endfacet
  facet normal -0 -0.279824 -0.960051
    outer loop
      vertex 29.1896 -8.39037 -9.80569
      vertex 27.1896 -8.43854 -9.79165
      vertex 27.1896 -8.39037 -9.80569
    endloop
  endfacet
  facet normal 0 -0.23775 -0.971326
    outer loop
      vertex 27.1896 -8.48728 -9.77972
      vertex 29.1896 -8.43854 -9.79165
      vertex 29.1896 -8.48728 -9.77972
    endloop
  endfacet
  facet normal -0 -0.23775 -0.971326
    outer loop
      vertex 29.1896 -8.43854 -9.79165
      vertex 27.1896 -8.48728 -9.77972
      vertex 27.1896 -8.43854 -9.79165
    endloop
  endfacet
  facet normal 0 -0.19512 -0.980779
    outer loop
      vertex 27.1896 -8.53649 -9.76993
      vertex 29.1896 -8.48728 -9.77972
      vertex 29.1896 -8.53649 -9.76993
    endloop
  endfacet
  facet normal -0 -0.19512 -0.980779
    outer loop
      vertex 29.1896 -8.48728 -9.77972
      vertex 27.1896 -8.53649 -9.76993
      vertex 27.1896 -8.48728 -9.77972
    endloop
  endfacet
  facet normal 0 -0.152072 -0.988369
    outer loop
      vertex 27.1896 -8.58608 -9.7623
      vertex 29.1896 -8.53649 -9.76993
      vertex 29.1896 -8.58608 -9.7623
    endloop
  endfacet
  facet normal -0 -0.152072 -0.988369
    outer loop
      vertex 29.1896 -8.53649 -9.76993
      vertex 27.1896 -8.58608 -9.7623
      vertex 27.1896 -8.53649 -9.76993
    endloop
  endfacet
  facet normal 0 -0.108834 -0.99406
    outer loop
      vertex 27.1896 -8.63595 -9.75684
      vertex 29.1896 -8.58608 -9.7623
      vertex 29.1896 -8.63595 -9.75684
    endloop
  endfacet
  facet normal -0 -0.108834 -0.99406
    outer loop
      vertex 29.1896 -8.58608 -9.7623
      vertex 27.1896 -8.63595 -9.75684
      vertex 27.1896 -8.58608 -9.7623
    endloop
  endfacet
  facet normal 0 -0.0653682 -0.997861
    outer loop
      vertex 27.1896 -8.68602 -9.75356
      vertex 29.1896 -8.63595 -9.75684
      vertex 29.1896 -8.68602 -9.75356
    endloop
  endfacet
  facet normal -0 -0.0653682 -0.997861
    outer loop
      vertex 29.1896 -8.63595 -9.75684
      vertex 27.1896 -8.68602 -9.75356
      vertex 27.1896 -8.63595 -9.75684
    endloop
  endfacet
  facet normal 0 -0.0219246 -0.99976
    outer loop
      vertex 27.1896 -8.73618 -9.75246
      vertex 29.1896 -8.68602 -9.75356
      vertex 29.1896 -8.73618 -9.75246
    endloop
  endfacet
  facet normal -0 -0.0219246 -0.99976
    outer loop
      vertex 29.1896 -8.68602 -9.75356
      vertex 27.1896 -8.73618 -9.75246
      vertex 27.1896 -8.68602 -9.75356
    endloop
  endfacet
  facet normal 0 0.0219246 -0.99976
    outer loop
      vertex 27.1896 -8.78634 -9.75356
      vertex 29.1896 -8.73618 -9.75246
      vertex 29.1896 -8.78634 -9.75356
    endloop
  endfacet
  facet normal 0 0.0219246 -0.99976
    outer loop
      vertex 29.1896 -8.73618 -9.75246
      vertex 27.1896 -8.78634 -9.75356
      vertex 27.1896 -8.73618 -9.75246
    endloop
  endfacet
  facet normal 0 0.0653682 -0.997861
    outer loop
      vertex 27.1896 -8.83641 -9.75684
      vertex 29.1896 -8.78634 -9.75356
      vertex 29.1896 -8.83641 -9.75684
    endloop
  endfacet
  facet normal 0 0.0653682 -0.997861
    outer loop
      vertex 29.1896 -8.78634 -9.75356
      vertex 27.1896 -8.83641 -9.75684
      vertex 27.1896 -8.78634 -9.75356
    endloop
  endfacet
  facet normal 0 0.108813 -0.994062
    outer loop
      vertex 27.1896 -8.88629 -9.7623
      vertex 29.1896 -8.83641 -9.75684
      vertex 29.1896 -8.88629 -9.7623
    endloop
  endfacet
  facet normal 0 0.108813 -0.994062
    outer loop
      vertex 29.1896 -8.83641 -9.75684
      vertex 27.1896 -8.88629 -9.7623
      vertex 27.1896 -8.83641 -9.75684
    endloop
  endfacet
  facet normal 0 0.152072 -0.988369
    outer loop
      vertex 27.1896 -8.93588 -9.76993
      vertex 29.1896 -8.88629 -9.7623
      vertex 29.1896 -8.93588 -9.76993
    endloop
  endfacet
  facet normal 0 0.152072 -0.988369
    outer loop
      vertex 29.1896 -8.88629 -9.7623
      vertex 27.1896 -8.93588 -9.76993
      vertex 27.1896 -8.88629 -9.7623
    endloop
  endfacet
  facet normal 0 0.19512 -0.980779
    outer loop
      vertex 27.1896 -8.98509 -9.77972
      vertex 29.1896 -8.93588 -9.76993
      vertex 29.1896 -8.98509 -9.77972
    endloop
  endfacet
  facet normal 0 0.19512 -0.980779
    outer loop
      vertex 29.1896 -8.93588 -9.76993
      vertex 27.1896 -8.98509 -9.77972
      vertex 27.1896 -8.93588 -9.76993
    endloop
  endfacet
  facet normal 0 0.237796 -0.971315
    outer loop
      vertex 27.1896 -9.03382 -9.79165
      vertex 29.1896 -8.98509 -9.77972
      vertex 29.1896 -9.03382 -9.79165
    endloop
  endfacet
  facet normal 0 0.237796 -0.971315
    outer loop
      vertex 29.1896 -8.98509 -9.77972
      vertex 27.1896 -9.03382 -9.79165
      vertex 27.1896 -8.98509 -9.77972
    endloop
  endfacet
  facet normal 0 0.279824 -0.960051
    outer loop
      vertex 27.1896 -9.08199 -9.80569
      vertex 29.1896 -9.03382 -9.79165
      vertex 29.1896 -9.08199 -9.80569
    endloop
  endfacet
  facet normal 0 0.279824 -0.960051
    outer loop
      vertex 29.1896 -9.03382 -9.79165
      vertex 27.1896 -9.08199 -9.80569
      vertex 27.1896 -9.03382 -9.79165
    endloop
  endfacet
  facet normal 0 0.321245 -0.946996
    outer loop
      vertex 27.1896 -9.12951 -9.82181
      vertex 29.1896 -9.08199 -9.80569
      vertex 29.1896 -9.12951 -9.82181
    endloop
  endfacet
  facet normal 0 0.321245 -0.946996
    outer loop
      vertex 29.1896 -9.08199 -9.80569
      vertex 27.1896 -9.12951 -9.82181
      vertex 27.1896 -9.08199 -9.80569
    endloop
  endfacet
  facet normal 0 0.362542 -0.931967
    outer loop
      vertex 27.1896 -9.17627 -9.84
      vertex 29.1896 -9.12951 -9.82181
      vertex 29.1896 -9.17627 -9.84
    endloop
  endfacet
  facet normal 0 0.362542 -0.931967
    outer loop
      vertex 29.1896 -9.12951 -9.82181
      vertex 27.1896 -9.17627 -9.84
      vertex 27.1896 -9.12951 -9.82181
    endloop
  endfacet
  facet normal 0 0.402825 -0.915277
    outer loop
      vertex 27.1896 -9.22219 -9.86021
      vertex 29.1896 -9.17627 -9.84
      vertex 29.1896 -9.22219 -9.86021
    endloop
  endfacet
  facet normal 0 0.402825 -0.915277
    outer loop
      vertex 29.1896 -9.17627 -9.84
      vertex 27.1896 -9.22219 -9.86021
      vertex 27.1896 -9.17627 -9.84
    endloop
  endfacet
  facet normal 0 0.442264 -0.896885
    outer loop
      vertex 27.1896 -9.26719 -9.8824
      vertex 29.1896 -9.22219 -9.86021
      vertex 29.1896 -9.26719 -9.8824
    endloop
  endfacet
  facet normal 0 0.442264 -0.896885
    outer loop
      vertex 29.1896 -9.22219 -9.86021
      vertex 27.1896 -9.26719 -9.8824
      vertex 27.1896 -9.22219 -9.86021
    endloop
  endfacet
  facet normal 0 0.480931 -0.876758
    outer loop
      vertex 27.1896 -9.31118 -9.90653
      vertex 29.1896 -9.26719 -9.8824
      vertex 29.1896 -9.31118 -9.90653
    endloop
  endfacet
  facet normal 0 0.480931 -0.876758
    outer loop
      vertex 29.1896 -9.26719 -9.8824
      vertex 27.1896 -9.31118 -9.90653
      vertex 27.1896 -9.26719 -9.8824
    endloop
  endfacet
  facet normal 0 0.518739 -0.854933
    outer loop
      vertex 27.1896 -9.35408 -9.93256
      vertex 29.1896 -9.31118 -9.90653
      vertex 29.1896 -9.35408 -9.93256
    endloop
  endfacet
  facet normal 0 0.518739 -0.854933
    outer loop
      vertex 29.1896 -9.31118 -9.90653
      vertex 27.1896 -9.35408 -9.93256
      vertex 27.1896 -9.31118 -9.90653
    endloop
  endfacet
  facet normal 0 0.555574 -0.831467
    outer loop
      vertex 27.1896 -9.39579 -9.96043
      vertex 29.1896 -9.35408 -9.93256
      vertex 29.1896 -9.39579 -9.96043
    endloop
  endfacet
  facet normal 0 0.555574 -0.831467
    outer loop
      vertex 29.1896 -9.35408 -9.93256
      vertex 27.1896 -9.39579 -9.96043
      vertex 27.1896 -9.35408 -9.93256
    endloop
  endfacet
  facet normal 0 0.59126 -0.806481
    outer loop
      vertex 27.1896 -9.43626 -9.9901
      vertex 29.1896 -9.39579 -9.96043
      vertex 29.1896 -9.43626 -9.9901
    endloop
  endfacet
  facet normal 0 0.59126 -0.806481
    outer loop
      vertex 29.1896 -9.39579 -9.96043
      vertex 27.1896 -9.43626 -9.9901
      vertex 27.1896 -9.39579 -9.96043
    endloop
  endfacet
  facet normal 0 0.625861 -0.779935
    outer loop
      vertex 27.1896 -9.47539 -10.0215
      vertex 29.1896 -9.43626 -9.9901
      vertex 29.1896 -9.47539 -10.0215
    endloop
  endfacet
  facet normal 0 0.625861 -0.779935
    outer loop
      vertex 29.1896 -9.43626 -9.9901
      vertex 27.1896 -9.47539 -10.0215
      vertex 27.1896 -9.43626 -9.9901
    endloop
  endfacet
  facet normal 0 0.659576 -0.751638
    outer loop
      vertex 27.1896 -9.51311 -10.0546
      vertex 29.1896 -9.47539 -10.0215
      vertex 29.1896 -9.51311 -10.0546
    endloop
  endfacet
  facet normal 0 0.659576 -0.751638
    outer loop
      vertex 29.1896 -9.47539 -10.0215
      vertex 27.1896 -9.51311 -10.0546
      vertex 27.1896 -9.47539 -10.0215
    endloop
  endfacet
  facet normal 0 0.691494 -0.722382
    outer loop
      vertex 27.1896 -9.54936 -10.0893
      vertex 29.1896 -9.51311 -10.0546
      vertex 29.1896 -9.54936 -10.0893
    endloop
  endfacet
  facet normal 0 0.691494 -0.722382
    outer loop
      vertex 29.1896 -9.51311 -10.0546
      vertex 27.1896 -9.54936 -10.0893
      vertex 27.1896 -9.51311 -10.0546
    endloop
  endfacet
  facet normal 0 0.722005 -0.691888
    outer loop
      vertex 29.1896 -9.58405 -10.1255
      vertex 27.1896 -9.54936 -10.0893
      vertex 29.1896 -9.54936 -10.0893
    endloop
  endfacet
  facet normal 0 0.722005 -0.691888
    outer loop
      vertex 27.1896 -9.54936 -10.0893
      vertex 29.1896 -9.58405 -10.1255
      vertex 27.1896 -9.58405 -10.1255
    endloop
  endfacet
  facet normal 0 0.752527 -0.658561
    outer loop
      vertex 29.1896 -9.61713 -10.1633
      vertex 27.1896 -9.58405 -10.1255
      vertex 29.1896 -9.58405 -10.1255
    endloop
  endfacet
  facet normal 0 0.752527 -0.658561
    outer loop
      vertex 27.1896 -9.58405 -10.1255
      vertex 29.1896 -9.61713 -10.1633
      vertex 27.1896 -9.61713 -10.1633
    endloop
  endfacet
  facet normal 0 0.779603 -0.626274
    outer loop
      vertex 29.1896 -9.64854 -10.2024
      vertex 27.1896 -9.61713 -10.1633
      vertex 29.1896 -9.61713 -10.1633
    endloop
  endfacet
  facet normal 0 0.779603 -0.626274
    outer loop
      vertex 27.1896 -9.61713 -10.1633
      vertex 29.1896 -9.64854 -10.2024
      vertex 27.1896 -9.64854 -10.2024
    endloop
  endfacet
  facet normal 0 0.805993 -0.591926
    outer loop
      vertex 29.1896 -9.67821 -10.2428
      vertex 27.1896 -9.64854 -10.2024
      vertex 29.1896 -9.64854 -10.2024
    endloop
  endfacet
  facet normal 0 0.805993 -0.591926
    outer loop
      vertex 27.1896 -9.64854 -10.2024
      vertex 29.1896 -9.67821 -10.2428
      vertex 27.1896 -9.67821 -10.2428
    endloop
  endfacet
  facet normal 0 0.83202 -0.554746
    outer loop
      vertex 29.1896 -9.70608 -10.2846
      vertex 27.1896 -9.67821 -10.2428
      vertex 29.1896 -9.67821 -10.2428
    endloop
  endfacet
  facet normal 0 0.83202 -0.554746
    outer loop
      vertex 27.1896 -9.67821 -10.2428
      vertex 29.1896 -9.70608 -10.2846
      vertex 27.1896 -9.70608 -10.2846
    endloop
  endfacet
  facet normal 0 0.854933 -0.518739
    outer loop
      vertex 29.1896 -9.73211 -10.3275
      vertex 27.1896 -9.70608 -10.2846
      vertex 29.1896 -9.70608 -10.2846
    endloop
  endfacet
  facet normal 0 0.854933 -0.518739
    outer loop
      vertex 27.1896 -9.70608 -10.2846
      vertex 29.1896 -9.73211 -10.3275
      vertex 27.1896 -9.73211 -10.3275
    endloop
  endfacet
  facet normal 0 0.876342 -0.481689
    outer loop
      vertex 29.1896 -9.75624 -10.3714
      vertex 27.1896 -9.73211 -10.3275
      vertex 29.1896 -9.73211 -10.3275
    endloop
  endfacet
  facet normal 0 0.876342 -0.481689
    outer loop
      vertex 27.1896 -9.73211 -10.3275
      vertex 29.1896 -9.75624 -10.3714
      vertex 27.1896 -9.75624 -10.3714
    endloop
  endfacet
  facet normal 0 0.896806 -0.442424
    outer loop
      vertex 29.1896 -9.77844 -10.4164
      vertex 27.1896 -9.75624 -10.3714
      vertex 29.1896 -9.75624 -10.3714
    endloop
  endfacet
  facet normal 0 0.896806 -0.442424
    outer loop
      vertex 27.1896 -9.75624 -10.3714
      vertex 29.1896 -9.77844 -10.4164
      vertex 27.1896 -9.77844 -10.4164
    endloop
  endfacet
  facet normal 0 0.915608 -0.402071
    outer loop
      vertex 29.1896 -9.79864 -10.4624
      vertex 27.1896 -9.77844 -10.4164
      vertex 29.1896 -9.77844 -10.4164
    endloop
  endfacet
  facet normal 0 0.915608 -0.402071
    outer loop
      vertex 27.1896 -9.77844 -10.4164
      vertex 29.1896 -9.79864 -10.4624
      vertex 27.1896 -9.79864 -10.4624
    endloop
  endfacet
  facet normal 0 0.93181 -0.362947
    outer loop
      vertex 29.1896 -9.81683 -10.5091
      vertex 27.1896 -9.79864 -10.4624
      vertex 29.1896 -9.79864 -10.4624
    endloop
  endfacet
  facet normal 0 0.93181 -0.362947
    outer loop
      vertex 27.1896 -9.79864 -10.4624
      vertex 29.1896 -9.81683 -10.5091
      vertex 27.1896 -9.81683 -10.5091
    endloop
  endfacet
  facet normal 0 0.946894 -0.321545
    outer loop
      vertex 29.1896 -9.83296 -10.5566
      vertex 27.1896 -9.81683 -10.5091
      vertex 29.1896 -9.81683 -10.5091
    endloop
  endfacet
  facet normal 0 0.946894 -0.321545
    outer loop
      vertex 27.1896 -9.81683 -10.5091
      vertex 29.1896 -9.83296 -10.5566
      vertex 27.1896 -9.83296 -10.5566
    endloop
  endfacet
  facet normal 0 0.960098 -0.279663
    outer loop
      vertex 29.1896 -9.847 -10.6048
      vertex 27.1896 -9.83296 -10.5566
      vertex 29.1896 -9.83296 -10.5566
    endloop
  endfacet
  facet normal 0 0.960098 -0.279663
    outer loop
      vertex 27.1896 -9.83296 -10.5566
      vertex 29.1896 -9.847 -10.6048
      vertex 27.1896 -9.847 -10.6048
    endloop
  endfacet
  facet normal 0 0.97144 -0.237286
    outer loop
      vertex 29.1896 -9.85892 -10.6536
      vertex 27.1896 -9.847 -10.6048
      vertex 29.1896 -9.847 -10.6048
    endloop
  endfacet
  facet normal 0 0.97144 -0.237286
    outer loop
      vertex 27.1896 -9.847 -10.6048
      vertex 29.1896 -9.85892 -10.6536
      vertex 27.1896 -9.85892 -10.6536
    endloop
  endfacet
  facet normal 0 0.980772 -0.195158
    outer loop
      vertex 29.1896 -9.86871 -10.7028
      vertex 27.1896 -9.85892 -10.6536
      vertex 29.1896 -9.85892 -10.6536
    endloop
  endfacet
  facet normal 0 0.980772 -0.195158
    outer loop
      vertex 27.1896 -9.85892 -10.6536
      vertex 29.1896 -9.86871 -10.7028
      vertex 27.1896 -9.86871 -10.7028
    endloop
  endfacet
  facet normal 0 0.988374 -0.152042
    outer loop
      vertex 29.1896 -9.87634 -10.7524
      vertex 27.1896 -9.86871 -10.7028
      vertex 29.1896 -9.86871 -10.7028
    endloop
  endfacet
  facet normal 0 0.988374 -0.152042
    outer loop
      vertex 27.1896 -9.86871 -10.7028
      vertex 29.1896 -9.87634 -10.7524
      vertex 27.1896 -9.87634 -10.7524
    endloop
  endfacet
  facet normal 0 0.994022 -0.109183
    outer loop
      vertex 29.1896 -9.88181 -10.8022
      vertex 27.1896 -9.87634 -10.7524
      vertex 29.1896 -9.87634 -10.7524
    endloop
  endfacet
  facet normal 0 0.994022 -0.109183
    outer loop
      vertex 27.1896 -9.87634 -10.7524
      vertex 29.1896 -9.88181 -10.8022
      vertex 27.1896 -9.88181 -10.8022
    endloop
  endfacet
  facet normal 0 0.997864 -0.0653292
    outer loop
      vertex 29.1896 -9.88509 -10.8523
      vertex 27.1896 -9.88181 -10.8022
      vertex 29.1896 -9.88181 -10.8022
    endloop
  endfacet
  facet normal 0 0.997864 -0.0653292
    outer loop
      vertex 27.1896 -9.88181 -10.8022
      vertex 29.1896 -9.88509 -10.8523
      vertex 27.1896 -9.88509 -10.8523
    endloop
  endfacet
  facet normal 0 0.999764 -0.021708
    outer loop
      vertex 29.1896 -9.88618 -10.9025
      vertex 27.1896 -9.88509 -10.8523
      vertex 29.1896 -9.88509 -10.8523
    endloop
  endfacet
  facet normal 0 0.999764 -0.021708
    outer loop
      vertex 27.1896 -9.88509 -10.8523
      vertex 29.1896 -9.88618 -10.9025
      vertex 27.1896 -9.88618 -10.9025
    endloop
  endfacet
  facet normal 0 -0.0225773 -0.999745
    outer loop
      vertex 27.1896 -8.82917 -13.0504
      vertex 29.1896 -8.73618 -13.0525
      vertex 29.1896 -8.82917 -13.0504
    endloop
  endfacet
  facet normal -0 -0.0225773 -0.999745
    outer loop
      vertex 29.1896 -8.73618 -13.0525
      vertex 27.1896 -8.82917 -13.0504
      vertex 27.1896 -8.73618 -13.0525
    endloop
  endfacet
  facet normal 0 -0.0645135 -0.997917
    outer loop
      vertex 27.1896 -8.92198 -13.0444
      vertex 29.1896 -8.82917 -13.0504
      vertex 29.1896 -8.92198 -13.0444
    endloop
  endfacet
  facet normal -0 -0.0645135 -0.997917
    outer loop
      vertex 29.1896 -8.82917 -13.0504
      vertex 27.1896 -8.92198 -13.0444
      vertex 27.1896 -8.82917 -13.0504
    endloop
  endfacet
  facet normal 0 -0.107516 -0.994203
    outer loop
      vertex 27.1896 -9.01445 -13.0344
      vertex 29.1896 -8.92198 -13.0444
      vertex 29.1896 -9.01445 -13.0344
    endloop
  endfacet
  facet normal -0 -0.107516 -0.994203
    outer loop
      vertex 29.1896 -8.92198 -13.0444
      vertex 27.1896 -9.01445 -13.0344
      vertex 27.1896 -8.92198 -13.0444
    endloop
  endfacet
  facet normal 0 -0.151589 -0.988444
    outer loop
      vertex 27.1896 -9.10639 -13.0203
      vertex 29.1896 -9.01445 -13.0344
      vertex 29.1896 -9.10639 -13.0203
    endloop
  endfacet
  facet normal -0 -0.151589 -0.988444
    outer loop
      vertex 29.1896 -9.01445 -13.0344
      vertex 27.1896 -9.10639 -13.0203
      vertex 27.1896 -9.01445 -13.0344
    endloop
  endfacet
  facet normal 0 -0.192496 -0.981298
    outer loop
      vertex 27.1896 -9.19764 -13.0024
      vertex 29.1896 -9.10639 -13.0203
      vertex 29.1896 -9.19764 -13.0024
    endloop
  endfacet
  facet normal -0 -0.192496 -0.981298
    outer loop
      vertex 29.1896 -9.10639 -13.0203
      vertex 27.1896 -9.19764 -13.0024
      vertex 27.1896 -9.10639 -13.0203
    endloop
  endfacet
  facet normal 0 -0.236486 -0.971635
    outer loop
      vertex 27.1896 -9.28803 -12.9804
      vertex 29.1896 -9.19764 -13.0024
      vertex 29.1896 -9.28803 -12.9804
    endloop
  endfacet
  facet normal -0 -0.236486 -0.971635
    outer loop
      vertex 29.1896 -9.19764 -13.0024
      vertex 27.1896 -9.28803 -12.9804
      vertex 27.1896 -9.19764 -13.0024
    endloop
  endfacet
  facet normal 0 -0.277418 -0.960749
    outer loop
      vertex 27.1896 -9.37738 -12.9546
      vertex 29.1896 -9.28803 -12.9804
      vertex 29.1896 -9.37738 -12.9546
    endloop
  endfacet
  facet normal -0 -0.277418 -0.960749
    outer loop
      vertex 29.1896 -9.28803 -12.9804
      vertex 27.1896 -9.37738 -12.9546
      vertex 27.1896 -9.28803 -12.9804
    endloop
  endfacet
  facet normal 0 -0.318292 -0.947993
    outer loop
      vertex 27.1896 -9.46554 -12.925
      vertex 29.1896 -9.37738 -12.9546
      vertex 29.1896 -9.46554 -12.925
    endloop
  endfacet
  facet normal -0 -0.318292 -0.947993
    outer loop
      vertex 29.1896 -9.37738 -12.9546
      vertex 27.1896 -9.46554 -12.925
      vertex 27.1896 -9.37738 -12.9546
    endloop
  endfacet
  facet normal 0 -0.360095 -0.932916
    outer loop
      vertex 27.1896 -9.55233 -12.8915
      vertex 29.1896 -9.46554 -12.925
      vertex 29.1896 -9.55233 -12.8915
    endloop
  endfacet
  facet normal -0 -0.360095 -0.932916
    outer loop
      vertex 29.1896 -9.46554 -12.925
      vertex 27.1896 -9.55233 -12.8915
      vertex 27.1896 -9.46554 -12.925
    endloop
  endfacet
  facet normal 0 -0.399001 -0.91695
    outer loop
      vertex 27.1896 -9.63759 -12.8544
      vertex 29.1896 -9.55233 -12.8915
      vertex 29.1896 -9.63759 -12.8544
    endloop
  endfacet
  facet normal -0 -0.399001 -0.91695
    outer loop
      vertex 29.1896 -9.55233 -12.8915
      vertex 27.1896 -9.63759 -12.8544
      vertex 27.1896 -9.55233 -12.8915
    endloop
  endfacet
  facet normal 0 -0.43872 -0.898624
    outer loop
      vertex 27.1896 -9.72116 -12.8136
      vertex 29.1896 -9.63759 -12.8544
      vertex 29.1896 -9.72116 -12.8136
    endloop
  endfacet
  facet normal -0 -0.43872 -0.898624
    outer loop
      vertex 29.1896 -9.63759 -12.8544
      vertex 27.1896 -9.72116 -12.8136
      vertex 27.1896 -9.63759 -12.8544
    endloop
  endfacet
  facet normal 0 -0.477315 -0.878732
    outer loop
      vertex 27.1896 -9.8029 -12.7692
      vertex 29.1896 -9.72116 -12.8136
      vertex 29.1896 -9.8029 -12.7692
    endloop
  endfacet
  facet normal -0 -0.477315 -0.878732
    outer loop
      vertex 29.1896 -9.72116 -12.8136
      vertex 27.1896 -9.8029 -12.7692
      vertex 27.1896 -9.72116 -12.8136
    endloop
  endfacet
  facet normal 0 -0.514986 -0.857199
    outer loop
      vertex 27.1896 -9.88263 -12.7213
      vertex 29.1896 -9.8029 -12.7692
      vertex 29.1896 -9.88263 -12.7213
    endloop
  endfacet
  facet normal -0 -0.514986 -0.857199
    outer loop
      vertex 29.1896 -9.8029 -12.7692
      vertex 27.1896 -9.88263 -12.7213
      vertex 27.1896 -9.8029 -12.7692
    endloop
  endfacet
  facet normal 0 -0.551521 -0.834161
    outer loop
      vertex 27.1896 -9.96022 -12.67
      vertex 29.1896 -9.88263 -12.7213
      vertex 29.1896 -9.96022 -12.67
    endloop
  endfacet
  facet normal -0 -0.551521 -0.834161
    outer loop
      vertex 29.1896 -9.88263 -12.7213
      vertex 27.1896 -9.96022 -12.67
      vertex 27.1896 -9.88263 -12.7213
    endloop
  endfacet
  facet normal 0 -0.587123 -0.809498
    outer loop
      vertex 27.1896 -10.0355 -12.6154
      vertex 29.1896 -9.96022 -12.67
      vertex 29.1896 -10.0355 -12.6154
    endloop
  endfacet
  facet normal -0 -0.587123 -0.809498
    outer loop
      vertex 29.1896 -9.96022 -12.67
      vertex 27.1896 -10.0355 -12.6154
      vertex 27.1896 -9.96022 -12.67
    endloop
  endfacet
  facet normal 0 -0.621281 -0.783588
    outer loop
      vertex 27.1896 -10.1084 -12.5576
      vertex 29.1896 -10.0355 -12.6154
      vertex 29.1896 -10.1084 -12.5576
    endloop
  endfacet
  facet normal -0 -0.621281 -0.783588
    outer loop
      vertex 29.1896 -10.0355 -12.6154
      vertex 27.1896 -10.1084 -12.5576
      vertex 27.1896 -10.0355 -12.6154
    endloop
  endfacet
  facet normal 0 -0.654767 -0.755831
    outer loop
      vertex 27.1896 -10.1787 -12.4967
      vertex 29.1896 -10.1084 -12.5576
      vertex 29.1896 -10.1787 -12.4967
    endloop
  endfacet
  facet normal -0 -0.654767 -0.755831
    outer loop
      vertex 29.1896 -10.1084 -12.5576
      vertex 27.1896 -10.1787 -12.4967
      vertex 27.1896 -10.1084 -12.5576
    endloop
  endfacet
  facet normal 0 -0.686939 -0.726715
    outer loop
      vertex 27.1896 -10.2463 -12.4328
      vertex 29.1896 -10.1787 -12.4967
      vertex 29.1896 -10.2463 -12.4328
    endloop
  endfacet
  facet normal -0 -0.686939 -0.726715
    outer loop
      vertex 29.1896 -10.1787 -12.4967
      vertex 27.1896 -10.2463 -12.4328
      vertex 27.1896 -10.1787 -12.4967
    endloop
  endfacet
  facet normal 0 -0.717249 -0.696817
    outer loop
      vertex 27.1896 -10.2463 -12.4328
      vertex 29.1896 -10.3111 -12.3661
      vertex 27.1896 -10.3111 -12.3661
    endloop
  endfacet
  facet normal 0 -0.717249 -0.696817
    outer loop
      vertex 29.1896 -10.3111 -12.3661
      vertex 27.1896 -10.2463 -12.4328
      vertex 29.1896 -10.2463 -12.4328
    endloop
  endfacet
  facet normal 0 -0.747291 -0.664497
    outer loop
      vertex 27.1896 -10.3111 -12.3661
      vertex 29.1896 -10.3729 -12.2966
      vertex 27.1896 -10.3729 -12.2966
    endloop
  endfacet
  facet normal 0 -0.747291 -0.664497
    outer loop
      vertex 29.1896 -10.3729 -12.2966
      vertex 27.1896 -10.3111 -12.3661
      vertex 29.1896 -10.3111 -12.3661
    endloop
  endfacet
  facet normal 0 -0.774962 -0.632008
    outer loop
      vertex 27.1896 -10.3729 -12.2966
      vertex 29.1896 -10.4317 -12.2245
      vertex 27.1896 -10.4317 -12.2245
    endloop
  endfacet
  facet normal 0 -0.774962 -0.632008
    outer loop
      vertex 29.1896 -10.4317 -12.2245
      vertex 27.1896 -10.3729 -12.2966
      vertex 29.1896 -10.3729 -12.2966
    endloop
  endfacet
  facet normal 0 -0.801418 -0.598105
    outer loop
      vertex 27.1896 -10.4317 -12.2245
      vertex 29.1896 -10.4873 -12.15
      vertex 27.1896 -10.4873 -12.15
    endloop
  endfacet
  facet normal 0 -0.801418 -0.598105
    outer loop
      vertex 29.1896 -10.4873 -12.15
      vertex 27.1896 -10.4317 -12.2245
      vertex 29.1896 -10.4317 -12.2245
    endloop
  endfacet
  facet normal 0 -0.826887 -0.562369
    outer loop
      vertex 27.1896 -10.4873 -12.15
      vertex 29.1896 -10.5396 -12.0731
      vertex 27.1896 -10.5396 -12.0731
    endloop
  endfacet
  facet normal 0 -0.826887 -0.562369
    outer loop
      vertex 29.1896 -10.5396 -12.0731
      vertex 27.1896 -10.4873 -12.15
      vertex 29.1896 -10.4873 -12.15
    endloop
  endfacet
  facet normal 0 -0.850586 -0.525836
    outer loop
      vertex 27.1896 -10.5396 -12.0731
      vertex 29.1896 -10.5885 -11.994
      vertex 27.1896 -10.5885 -11.994
    endloop
  endfacet
  facet normal 0 -0.850586 -0.525836
    outer loop
      vertex 29.1896 -10.5885 -11.994
      vertex 27.1896 -10.5396 -12.0731
      vertex 29.1896 -10.5396 -12.0731
    endloop
  endfacet
  facet normal 0 -0.872378 -0.488832
    outer loop
      vertex 27.1896 -10.5885 -11.994
      vertex 29.1896 -10.634 -11.9128
      vertex 27.1896 -10.634 -11.9128
    endloop
  endfacet
  facet normal 0 -0.872378 -0.488832
    outer loop
      vertex 29.1896 -10.634 -11.9128
      vertex 27.1896 -10.5885 -11.994
      vertex 29.1896 -10.5885 -11.994
    endloop
  endfacet
  facet normal 0 -0.8927 -0.450652
    outer loop
      vertex 27.1896 -10.634 -11.9128
      vertex 29.1896 -10.6759 -11.8298
      vertex 27.1896 -10.6759 -11.8298
    endloop
  endfacet
  facet normal 0 -0.8927 -0.450652
    outer loop
      vertex 29.1896 -10.6759 -11.8298
      vertex 27.1896 -10.634 -11.9128
      vertex 29.1896 -10.634 -11.9128
    endloop
  endfacet
  facet normal 0 -0.911175 -0.412019
    outer loop
      vertex 27.1896 -10.6759 -11.8298
      vertex 29.1896 -10.7142 -11.7451
      vertex 27.1896 -10.7142 -11.7451
    endloop
  endfacet
  facet normal 0 -0.911175 -0.412019
    outer loop
      vertex 29.1896 -10.7142 -11.7451
      vertex 27.1896 -10.6759 -11.8298
      vertex 29.1896 -10.6759 -11.8298
    endloop
  endfacet
  facet normal 0 -0.928328 -0.371761
    outer loop
      vertex 27.1896 -10.7142 -11.7451
      vertex 29.1896 -10.7488 -11.6587
      vertex 27.1896 -10.7488 -11.6587
    endloop
  endfacet
  facet normal 0 -0.928328 -0.371761
    outer loop
      vertex 29.1896 -10.7488 -11.6587
      vertex 27.1896 -10.7142 -11.7451
      vertex 29.1896 -10.7142 -11.7451
    endloop
  endfacet
  facet normal 0 -0.943506 -0.331357
    outer loop
      vertex 27.1896 -10.7488 -11.6587
      vertex 29.1896 -10.7796 -11.571
      vertex 27.1896 -10.7796 -11.571
    endloop
  endfacet
  facet normal 0 -0.943506 -0.331357
    outer loop
      vertex 29.1896 -10.7796 -11.571
      vertex 27.1896 -10.7488 -11.6587
      vertex 29.1896 -10.7488 -11.6587
    endloop
  endfacet
  facet normal 0 -0.956934 -0.290306
    outer loop
      vertex 27.1896 -10.7796 -11.571
      vertex 29.1896 -10.8066 -11.482
      vertex 27.1896 -10.8066 -11.482
    endloop
  endfacet
  facet normal 0 -0.956934 -0.290306
    outer loop
      vertex 29.1896 -10.8066 -11.482
      vertex 27.1896 -10.7796 -11.571
      vertex 29.1896 -10.7796 -11.571
    endloop
  endfacet
  facet normal 0 -0.96867 -0.248349
    outer loop
      vertex 27.1896 -10.8066 -11.482
      vertex 29.1896 -10.8297 -11.3919
      vertex 27.1896 -10.8297 -11.3919
    endloop
  endfacet
  facet normal 0 -0.96867 -0.248349
    outer loop
      vertex 29.1896 -10.8297 -11.3919
      vertex 27.1896 -10.8066 -11.482
      vertex 29.1896 -10.8066 -11.482
    endloop
  endfacet
  facet normal 0 -0.978458 -0.206444
    outer loop
      vertex 27.1896 -10.8297 -11.3919
      vertex 29.1896 -10.8489 -11.3009
      vertex 27.1896 -10.8489 -11.3009
    endloop
  endfacet
  facet normal 0 -0.978458 -0.206444
    outer loop
      vertex 29.1896 -10.8489 -11.3009
      vertex 27.1896 -10.8297 -11.3919
      vertex 29.1896 -10.8297 -11.3919
    endloop
  endfacet
  facet normal 0 -0.986394 -0.164399
    outer loop
      vertex 27.1896 -10.8489 -11.3009
      vertex 29.1896 -10.8642 -11.2091
      vertex 27.1896 -10.8642 -11.2091
    endloop
  endfacet
  facet normal 0 -0.986394 -0.164399
    outer loop
      vertex 29.1896 -10.8642 -11.2091
      vertex 27.1896 -10.8489 -11.3009
      vertex 29.1896 -10.8489 -11.3009
    endloop
  endfacet
  facet normal 0 -0.992589 -0.12152
    outer loop
      vertex 27.1896 -10.8642 -11.2091
      vertex 29.1896 -10.8755 -11.1168
      vertex 27.1896 -10.8755 -11.1168
    endloop
  endfacet
  facet normal 0 -0.992589 -0.12152
    outer loop
      vertex 29.1896 -10.8755 -11.1168
      vertex 27.1896 -10.8642 -11.2091
      vertex 29.1896 -10.8642 -11.2091
    endloop
  endfacet
  facet normal 0 -0.996997 -0.0774367
    outer loop
      vertex 27.1896 -10.8755 -11.1168
      vertex 29.1896 -10.8827 -11.0241
      vertex 27.1896 -10.8827 -11.0241
    endloop
  endfacet
  facet normal 0 -0.996997 -0.0774367
    outer loop
      vertex 29.1896 -10.8827 -11.0241
      vertex 27.1896 -10.8755 -11.1168
      vertex 29.1896 -10.8755 -11.1168
    endloop
  endfacet
  facet normal 0 -0.999371 -0.0354616
    outer loop
      vertex 27.1896 -10.8827 -11.0241
      vertex 29.1896 -10.886 -10.9311
      vertex 27.1896 -10.886 -10.9311
    endloop
  endfacet
  facet normal 0 -0.999371 -0.0354616
    outer loop
      vertex 29.1896 -10.886 -10.9311
      vertex 27.1896 -10.8827 -11.0241
      vertex 29.1896 -10.8827 -11.0241
    endloop
  endfacet
  facet normal 0 -0.999963 0.00860183
    outer loop
      vertex 27.1896 -10.886 -10.9311
      vertex 29.1896 -10.8852 -10.8381
      vertex 27.1896 -10.8852 -10.8381
    endloop
  endfacet
  facet normal 0 -0.999963 0.00860183
    outer loop
      vertex 29.1896 -10.8852 -10.8381
      vertex 27.1896 -10.886 -10.9311
      vertex 29.1896 -10.886 -10.9311
    endloop
  endfacet
  facet normal 0 -0.998668 0.0515996
    outer loop
      vertex 27.1896 -10.8852 -10.8381
      vertex 29.1896 -10.8804 -10.7452
      vertex 27.1896 -10.8804 -10.7452
    endloop
  endfacet
  facet normal 0 -0.998668 0.0515996
    outer loop
      vertex 29.1896 -10.8804 -10.7452
      vertex 27.1896 -10.8852 -10.8381
      vertex 29.1896 -10.8852 -10.8381
    endloop
  endfacet
  facet normal 0 -0.995515 0.0946062
    outer loop
      vertex 27.1896 -10.8804 -10.7452
      vertex 29.1896 -10.8716 -10.6526
      vertex 27.1896 -10.8716 -10.6526
    endloop
  endfacet
  facet normal 0 -0.995515 0.0946062
    outer loop
      vertex 29.1896 -10.8716 -10.6526
      vertex 27.1896 -10.8804 -10.7452
      vertex 29.1896 -10.8804 -10.7452
    endloop
  endfacet
  facet normal 0 -0.99048 0.137656
    outer loop
      vertex 27.1896 -10.8716 -10.6526
      vertex 29.1896 -10.8588 -10.5605
      vertex 27.1896 -10.8588 -10.5605
    endloop
  endfacet
  facet normal 0 -0.99048 0.137656
    outer loop
      vertex 29.1896 -10.8588 -10.5605
      vertex 27.1896 -10.8716 -10.6526
      vertex 29.1896 -10.8716 -10.6526
    endloop
  endfacet
  facet normal 0 -0.983559 0.180588
    outer loop
      vertex 27.1896 -10.8588 -10.5605
      vertex 29.1896 -10.842 -10.469
      vertex 27.1896 -10.842 -10.469
    endloop
  endfacet
  facet normal 0 -0.983559 0.180588
    outer loop
      vertex 29.1896 -10.842 -10.469
      vertex 27.1896 -10.8588 -10.5605
      vertex 29.1896 -10.8588 -10.5605
    endloop
  endfacet
  facet normal 0 -0.974879 0.222737
    outer loop
      vertex 27.1896 -10.842 -10.469
      vertex 29.1896 -10.8213 -10.3784
      vertex 27.1896 -10.8213 -10.3784
    endloop
  endfacet
  facet normal 0 -0.974879 0.222737
    outer loop
      vertex 29.1896 -10.8213 -10.3784
      vertex 27.1896 -10.842 -10.469
      vertex 29.1896 -10.842 -10.469
    endloop
  endfacet
  facet normal 0 -0.964391 0.264482
    outer loop
      vertex 27.1896 -10.8213 -10.3784
      vertex 29.1896 -10.7967 -10.2887
      vertex 27.1896 -10.7967 -10.2887
    endloop
  endfacet
  facet normal 0 -0.964391 0.264482
    outer loop
      vertex 29.1896 -10.7967 -10.2887
      vertex 27.1896 -10.8213 -10.3784
      vertex 29.1896 -10.8213 -10.3784
    endloop
  endfacet
  facet normal 0 -0.951961 0.306218
    outer loop
      vertex 27.1896 -10.7967 -10.2887
      vertex 29.1896 -10.7682 -10.2001
      vertex 27.1896 -10.7682 -10.2001
    endloop
  endfacet
  facet normal 0 -0.951961 0.306218
    outer loop
      vertex 29.1896 -10.7682 -10.2001
      vertex 27.1896 -10.7967 -10.2887
      vertex 29.1896 -10.7967 -10.2887
    endloop
  endfacet
  facet normal 0 -0.938086 0.346403
    outer loop
      vertex 27.1896 -10.7682 -10.2001
      vertex 29.1896 -10.736 -10.1129
      vertex 27.1896 -10.736 -10.1129
    endloop
  endfacet
  facet normal 0 -0.938086 0.346403
    outer loop
      vertex 29.1896 -10.736 -10.1129
      vertex 27.1896 -10.7682 -10.2001
      vertex 29.1896 -10.7682 -10.2001
    endloop
  endfacet
  facet normal 0 -0.921575 0.388201
    outer loop
      vertex 27.1896 -10.736 -10.1129
      vertex 29.1896 -10.6999 -10.0272
      vertex 27.1896 -10.6999 -10.0272
    endloop
  endfacet
  facet normal 0 -0.921575 0.388201
    outer loop
      vertex 29.1896 -10.6999 -10.0272
      vertex 27.1896 -10.736 -10.1129
      vertex 29.1896 -10.736 -10.1129
    endloop
  endfacet
  facet normal 0 -0.904424 0.426635
    outer loop
      vertex 27.1896 -10.6999 -10.0272
      vertex 29.1896 -10.6602 -9.94304
      vertex 27.1896 -10.6602 -9.94304
    endloop
  endfacet
  facet normal 0 -0.904424 0.426635
    outer loop
      vertex 29.1896 -10.6602 -9.94304
      vertex 27.1896 -10.6999 -10.0272
      vertex 29.1896 -10.6999 -10.0272
    endloop
  endfacet
  facet normal 0 -0.885454 0.464726
    outer loop
      vertex 27.1896 -10.6602 -9.94304
      vertex 29.1896 -10.617 -9.86073
      vertex 27.1896 -10.617 -9.86073
    endloop
  endfacet
  facet normal 0 -0.885454 0.464726
    outer loop
      vertex 29.1896 -10.617 -9.86073
      vertex 27.1896 -10.6602 -9.94304
      vertex 29.1896 -10.6602 -9.94304
    endloop
  endfacet
  facet normal 0 -0.863697 0.504011
    outer loop
      vertex 27.1896 -10.617 -9.86073
      vertex 29.1896 -10.5701 -9.78036
      vertex 27.1896 -10.5701 -9.78036
    endloop
  endfacet
  facet normal 0 -0.863697 0.504011
    outer loop
      vertex 29.1896 -10.5701 -9.78036
      vertex 27.1896 -10.617 -9.86073
      vertex 29.1896 -10.617 -9.86073
    endloop
  endfacet
  facet normal 0 -0.841748 0.539871
    outer loop
      vertex 27.1896 -10.5701 -9.78036
      vertex 29.1896 -10.5199 -9.70209
      vertex 27.1896 -10.5199 -9.70209
    endloop
  endfacet
  facet normal 0 -0.841748 0.539871
    outer loop
      vertex 29.1896 -10.5199 -9.70209
      vertex 27.1896 -10.5701 -9.78036
      vertex 29.1896 -10.5701 -9.78036
    endloop
  endfacet
  facet normal 0 -0.817278 0.576244
    outer loop
      vertex 27.1896 -10.5199 -9.70209
      vertex 29.1896 -10.4663 -9.62607
      vertex 27.1896 -10.4663 -9.62607
    endloop
  endfacet
  facet normal 0 -0.817278 0.576244
    outer loop
      vertex 29.1896 -10.4663 -9.62607
      vertex 27.1896 -10.5199 -9.70209
      vertex 29.1896 -10.5199 -9.70209
    endloop
  endfacet
  facet normal 0 -0.791784 0.610802
    outer loop
      vertex 27.1896 -10.4663 -9.62607
      vertex 29.1896 -10.4095 -9.55244
      vertex 27.1896 -10.4095 -9.55244
    endloop
  endfacet
  facet normal 0 -0.791784 0.610802
    outer loop
      vertex 29.1896 -10.4095 -9.55244
      vertex 27.1896 -10.4663 -9.62607
      vertex 29.1896 -10.4663 -9.62607
    endloop
  endfacet
  facet normal 0 -0.764287 0.644877
    outer loop
      vertex 27.1896 -10.4095 -9.55244
      vertex 29.1896 -10.3495 -9.48133
      vertex 27.1896 -10.3495 -9.48133
    endloop
  endfacet
  facet normal 0 -0.764287 0.644877
    outer loop
      vertex 29.1896 -10.3495 -9.48133
      vertex 27.1896 -10.4095 -9.55244
      vertex 29.1896 -10.4095 -9.55244
    endloop
  endfacet
  facet normal 0 -0.736278 0.676679
    outer loop
      vertex 27.1896 -10.3495 -9.48133
      vertex 29.1896 -10.2866 -9.41289
      vertex 27.1896 -10.2866 -9.41289
    endloop
  endfacet
  facet normal 0 -0.736278 0.676679
    outer loop
      vertex 29.1896 -10.2866 -9.41289
      vertex 27.1896 -10.3495 -9.48133
      vertex 29.1896 -10.3495 -9.48133
    endloop
  endfacet
  facet normal 0 -0.705816 0.708396
    outer loop
      vertex 27.1896 -10.2207 -9.34723
      vertex 29.1896 -10.2866 -9.41289
      vertex 29.1896 -10.2207 -9.34723
    endloop
  endfacet
  facet normal 0 -0.705816 0.708396
    outer loop
      vertex 29.1896 -10.2866 -9.41289
      vertex 27.1896 -10.2207 -9.34723
      vertex 27.1896 -10.2866 -9.41289
    endloop
  endfacet
  facet normal 0 -0.67441 0.738358
    outer loop
      vertex 27.1896 -10.152 -9.28448
      vertex 29.1896 -10.2207 -9.34723
      vertex 29.1896 -10.152 -9.28448
    endloop
  endfacet
  facet normal 0 -0.67441 0.738358
    outer loop
      vertex 29.1896 -10.2207 -9.34723
      vertex 27.1896 -10.152 -9.28448
      vertex 27.1896 -10.2207 -9.34723
    endloop
  endfacet
  facet normal 0 -0.642107 0.766615
    outer loop
      vertex 27.1896 -10.0807 -9.22476
      vertex 29.1896 -10.152 -9.28448
      vertex 29.1896 -10.0807 -9.22476
    endloop
  endfacet
  facet normal 0 -0.642107 0.766615
    outer loop
      vertex 29.1896 -10.152 -9.28448
      vertex 27.1896 -10.0807 -9.22476
      vertex 27.1896 -10.152 -9.28448
    endloop
  endfacet
  facet normal 0 -0.608432 0.793606
    outer loop
      vertex 27.1896 -10.0069 -9.16818
      vertex 29.1896 -10.0807 -9.22476
      vertex 29.1896 -10.0069 -9.16818
    endloop
  endfacet
  facet normal 0 -0.608432 0.793606
    outer loop
      vertex 29.1896 -10.0807 -9.22476
      vertex 27.1896 -10.0069 -9.16818
      vertex 27.1896 -10.0807 -9.22476
    endloop
  endfacet
  facet normal 0 -0.573563 0.819161
    outer loop
      vertex 27.1896 -9.93072 -9.11484
      vertex 29.1896 -10.0069 -9.16818
      vertex 29.1896 -9.93072 -9.11484
    endloop
  endfacet
  facet normal 0 -0.573563 0.819161
    outer loop
      vertex 29.1896 -10.0069 -9.16818
      vertex 27.1896 -9.93072 -9.11484
      vertex 27.1896 -10.0069 -9.16818
    endloop
  endfacet
  facet normal 0 -0.537488 0.843272
    outer loop
      vertex 27.1896 -9.85229 -9.06485
      vertex 29.1896 -9.93072 -9.11484
      vertex 29.1896 -9.85229 -9.06485
    endloop
  endfacet
  facet normal 0 -0.537488 0.843272
    outer loop
      vertex 29.1896 -9.93072 -9.11484
      vertex 27.1896 -9.85229 -9.06485
      vertex 27.1896 -9.93072 -9.11484
    endloop
  endfacet
  facet normal 0 -0.500498 0.865738
    outer loop
      vertex 27.1896 -9.77177 -9.0183
      vertex 29.1896 -9.85229 -9.06485
      vertex 29.1896 -9.77177 -9.0183
    endloop
  endfacet
  facet normal 0 -0.500498 0.865738
    outer loop
      vertex 29.1896 -9.85229 -9.06485
      vertex 27.1896 -9.77177 -9.0183
      vertex 27.1896 -9.85229 -9.06485
    endloop
  endfacet
  facet normal 0 -0.462628 0.886552
    outer loop
      vertex 27.1896 -9.68931 -8.97527
      vertex 29.1896 -9.77177 -9.0183
      vertex 29.1896 -9.68931 -8.97527
    endloop
  endfacet
  facet normal 0 -0.462628 0.886552
    outer loop
      vertex 29.1896 -9.77177 -9.0183
      vertex 27.1896 -9.68931 -8.97527
      vertex 27.1896 -9.77177 -9.0183
    endloop
  endfacet
  facet normal 0 -0.423839 0.905738
    outer loop
      vertex 27.1896 -9.60507 -8.93585
      vertex 29.1896 -9.68931 -8.97527
      vertex 29.1896 -9.60507 -8.93585
    endloop
  endfacet
  facet normal 0 -0.423839 0.905738
    outer loop
      vertex 29.1896 -9.68931 -8.97527
      vertex 27.1896 -9.60507 -8.93585
      vertex 27.1896 -9.68931 -8.97527
    endloop
  endfacet
  facet normal 0 -0.384165 0.923264
    outer loop
      vertex 27.1896 -9.5192 -8.90012
      vertex 29.1896 -9.60507 -8.93585
      vertex 29.1896 -9.5192 -8.90012
    endloop
  endfacet
  facet normal 0 -0.384165 0.923264
    outer loop
      vertex 29.1896 -9.60507 -8.93585
      vertex 27.1896 -9.5192 -8.90012
      vertex 27.1896 -9.60507 -8.93585
    endloop
  endfacet
  facet normal 0 -0.344056 0.938949
    outer loop
      vertex 27.1896 -9.43187 -8.86812
      vertex 29.1896 -9.5192 -8.90012
      vertex 29.1896 -9.43187 -8.86812
    endloop
  endfacet
  facet normal 0 -0.344056 0.938949
    outer loop
      vertex 29.1896 -9.5192 -8.90012
      vertex 27.1896 -9.43187 -8.86812
      vertex 27.1896 -9.5192 -8.90012
    endloop
  endfacet
  facet normal 0 -0.302973 0.952999
    outer loop
      vertex 27.1896 -9.34323 -8.83994
      vertex 29.1896 -9.43187 -8.86812
      vertex 29.1896 -9.34323 -8.83994
    endloop
  endfacet
  facet normal 0 -0.302973 0.952999
    outer loop
      vertex 29.1896 -9.43187 -8.86812
      vertex 27.1896 -9.34323 -8.83994
      vertex 27.1896 -9.43187 -8.86812
    endloop
  endfacet
  facet normal 0 -0.261489 0.965207
    outer loop
      vertex 27.1896 -9.25346 -8.81562
      vertex 29.1896 -9.34323 -8.83994
      vertex 29.1896 -9.25346 -8.81562
    endloop
  endfacet
  facet normal 0 -0.261489 0.965207
    outer loop
      vertex 29.1896 -9.34323 -8.83994
      vertex 27.1896 -9.25346 -8.81562
      vertex 27.1896 -9.34323 -8.83994
    endloop
  endfacet
  facet normal 0 -0.219548 0.975602
    outer loop
      vertex 27.1896 -9.16272 -8.7952
      vertex 29.1896 -9.25346 -8.81562
      vertex 29.1896 -9.16272 -8.7952
    endloop
  endfacet
  facet normal 0 -0.219548 0.975602
    outer loop
      vertex 29.1896 -9.25346 -8.81562
      vertex 27.1896 -9.16272 -8.7952
      vertex 27.1896 -9.25346 -8.81562
    endloop
  endfacet
  facet normal 0 -0.177201 0.984175
    outer loop
      vertex 27.1896 -9.07119 -8.77872
      vertex 29.1896 -9.16272 -8.7952
      vertex 29.1896 -9.07119 -8.77872
    endloop
  endfacet
  facet normal 0 -0.177201 0.984175
    outer loop
      vertex 29.1896 -9.16272 -8.7952
      vertex 27.1896 -9.07119 -8.77872
      vertex 27.1896 -9.16272 -8.7952
    endloop
  endfacet
  facet normal 0 -0.134389 0.990929
    outer loop
      vertex 27.1896 -8.97902 -8.76622
      vertex 29.1896 -9.07119 -8.77872
      vertex 29.1896 -8.97902 -8.76622
    endloop
  endfacet
  facet normal 0 -0.134389 0.990929
    outer loop
      vertex 29.1896 -9.07119 -8.77872
      vertex 27.1896 -8.97902 -8.76622
      vertex 27.1896 -9.07119 -8.77872
    endloop
  endfacet
  facet normal 0 -0.0913888 0.995815
    outer loop
      vertex 27.1896 -8.8864 -8.75772
      vertex 29.1896 -8.97902 -8.76622
      vertex 29.1896 -8.8864 -8.75772
    endloop
  endfacet
  facet normal 0 -0.0913888 0.995815
    outer loop
      vertex 29.1896 -8.97902 -8.76622
      vertex 27.1896 -8.8864 -8.75772
      vertex 27.1896 -8.97902 -8.76622
    endloop
  endfacet
  facet normal 0 -0.0483825 0.998829
    outer loop
      vertex 27.1896 -8.7935 -8.75322
      vertex 29.1896 -8.8864 -8.75772
      vertex 29.1896 -8.7935 -8.75322
    endloop
  endfacet
  facet normal 0 -0.0483825 0.998829
    outer loop
      vertex 29.1896 -8.8864 -8.75772
      vertex 27.1896 -8.7935 -8.75322
      vertex 27.1896 -8.8864 -8.75772
    endloop
  endfacet
  facet normal 0 -0.00494618 0.999988
    outer loop
      vertex 27.1896 -8.7005 -8.75276
      vertex 29.1896 -8.7935 -8.75322
      vertex 29.1896 -8.7005 -8.75276
    endloop
  endfacet
  facet normal 0 -0.00494618 0.999988
    outer loop
      vertex 29.1896 -8.7935 -8.75322
      vertex 27.1896 -8.7005 -8.75276
      vertex 27.1896 -8.7935 -8.75322
    endloop
  endfacet
  facet normal -0 0.0381689 0.999271
    outer loop
      vertex 27.1896 -8.60756 -8.75631
      vertex 29.1896 -8.7005 -8.75276
      vertex 29.1896 -8.60756 -8.75631
    endloop
  endfacet
  facet normal 0 0.0381689 0.999271
    outer loop
      vertex 29.1896 -8.7005 -8.75276
      vertex 27.1896 -8.60756 -8.75631
      vertex 27.1896 -8.7005 -8.75276
    endloop
  endfacet
  facet normal -0 0.0813903 0.996682
    outer loop
      vertex 27.1896 -8.51486 -8.76388
      vertex 29.1896 -8.60756 -8.75631
      vertex 29.1896 -8.51486 -8.76388
    endloop
  endfacet
  facet normal 0 0.0813903 0.996682
    outer loop
      vertex 29.1896 -8.60756 -8.75631
      vertex 27.1896 -8.51486 -8.76388
      vertex 27.1896 -8.60756 -8.75631
    endloop
  endfacet
  facet normal -0 0.124498 0.99222
    outer loop
      vertex 27.1896 -8.42257 -8.77546
      vertex 29.1896 -8.51486 -8.76388
      vertex 29.1896 -8.42257 -8.77546
    endloop
  endfacet
  facet normal 0 0.124498 0.99222
    outer loop
      vertex 29.1896 -8.51486 -8.76388
      vertex 27.1896 -8.42257 -8.77546
      vertex 27.1896 -8.51486 -8.76388
    endloop
  endfacet
  facet normal -0 0.167206 0.985922
    outer loop
      vertex 27.1896 -8.33088 -8.79101
      vertex 29.1896 -8.42257 -8.77546
      vertex 29.1896 -8.33088 -8.79101
    endloop
  endfacet
  facet normal 0 0.167206 0.985922
    outer loop
      vertex 29.1896 -8.42257 -8.77546
      vertex 27.1896 -8.33088 -8.79101
      vertex 27.1896 -8.42257 -8.77546
    endloop
  endfacet
  facet normal -0 0.209661 0.977774
    outer loop
      vertex 27.1896 -8.23994 -8.81051
      vertex 29.1896 -8.33088 -8.79101
      vertex 29.1896 -8.23994 -8.81051
    endloop
  endfacet
  facet normal 0 0.209661 0.977774
    outer loop
      vertex 29.1896 -8.33088 -8.79101
      vertex 27.1896 -8.23994 -8.81051
      vertex 27.1896 -8.33088 -8.79101
    endloop
  endfacet
  facet normal -0 0.251783 0.967784
    outer loop
      vertex 27.1896 -8.14992 -8.83393
      vertex 29.1896 -8.23994 -8.81051
      vertex 29.1896 -8.14992 -8.83393
    endloop
  endfacet
  facet normal 0 0.251783 0.967784
    outer loop
      vertex 29.1896 -8.23994 -8.81051
      vertex 27.1896 -8.14992 -8.83393
      vertex 27.1896 -8.23994 -8.81051
    endloop
  endfacet
  facet normal -0 0.293428 0.955981
    outer loop
      vertex 27.1896 -8.06101 -8.86122
      vertex 29.1896 -8.14992 -8.83393
      vertex 29.1896 -8.06101 -8.86122
    endloop
  endfacet
  facet normal 0 0.293428 0.955981
    outer loop
      vertex 29.1896 -8.14992 -8.83393
      vertex 27.1896 -8.06101 -8.86122
      vertex 27.1896 -8.14992 -8.83393
    endloop
  endfacet
  facet normal -0 0.33449 0.942399
    outer loop
      vertex 27.1896 -7.97336 -8.89233
      vertex 29.1896 -8.06101 -8.86122
      vertex 29.1896 -7.97336 -8.89233
    endloop
  endfacet
  facet normal 0 0.33449 0.942399
    outer loop
      vertex 29.1896 -8.06101 -8.86122
      vertex 27.1896 -7.97336 -8.89233
      vertex 27.1896 -8.06101 -8.86122
    endloop
  endfacet
  facet normal -0 0.375021 0.927016
    outer loop
      vertex 27.1896 -7.88714 -8.92721
      vertex 29.1896 -7.97336 -8.89233
      vertex 29.1896 -7.88714 -8.92721
    endloop
  endfacet
  facet normal 0 0.375021 0.927016
    outer loop
      vertex 29.1896 -7.97336 -8.89233
      vertex 27.1896 -7.88714 -8.92721
      vertex 27.1896 -7.97336 -8.89233
    endloop
  endfacet
  facet normal -0 0.414669 0.909972
    outer loop
      vertex 27.1896 -7.8025 -8.96578
      vertex 29.1896 -7.88714 -8.92721
      vertex 29.1896 -7.8025 -8.96578
    endloop
  endfacet
  facet normal 0 0.414669 0.909972
    outer loop
      vertex 29.1896 -7.88714 -8.92721
      vertex 27.1896 -7.8025 -8.96578
      vertex 27.1896 -7.88714 -8.92721
    endloop
  endfacet
  facet normal -0 0.453654 0.891178
    outer loop
      vertex 27.1896 -7.71962 -9.00797
      vertex 29.1896 -7.8025 -8.96578
      vertex 29.1896 -7.71962 -9.00797
    endloop
  endfacet
  facet normal 0 0.453654 0.891178
    outer loop
      vertex 29.1896 -7.8025 -8.96578
      vertex 27.1896 -7.71962 -9.00797
      vertex 27.1896 -7.8025 -8.96578
    endloop
  endfacet
  facet normal -0 0.491756 0.870733
    outer loop
      vertex 27.1896 -7.63863 -9.05371
      vertex 29.1896 -7.71962 -9.00797
      vertex 29.1896 -7.63863 -9.05371
    endloop
  endfacet
  facet normal 0 0.491756 0.870733
    outer loop
      vertex 29.1896 -7.71962 -9.00797
      vertex 27.1896 -7.63863 -9.05371
      vertex 27.1896 -7.71962 -9.00797
    endloop
  endfacet
  facet normal -0 0.528984 0.848632
    outer loop
      vertex 27.1896 -7.5597 -9.10291
      vertex 29.1896 -7.63863 -9.05371
      vertex 29.1896 -7.5597 -9.10291
    endloop
  endfacet
  facet normal 0 0.528984 0.848632
    outer loop
      vertex 29.1896 -7.63863 -9.05371
      vertex 27.1896 -7.5597 -9.10291
      vertex 27.1896 -7.63863 -9.05371
    endloop
  endfacet
  facet normal -0 0.565127 0.825004
    outer loop
      vertex 27.1896 -7.48297 -9.15547
      vertex 29.1896 -7.5597 -9.10291
      vertex 29.1896 -7.48297 -9.15547
    endloop
  endfacet
  facet normal 0 0.565127 0.825004
    outer loop
      vertex 29.1896 -7.5597 -9.10291
      vertex 27.1896 -7.48297 -9.15547
      vertex 27.1896 -7.5597 -9.10291
    endloop
  endfacet
  facet normal -0 0.600378 0.799716
    outer loop
      vertex 27.1896 -7.40859 -9.21131
      vertex 29.1896 -7.48297 -9.15547
      vertex 29.1896 -7.40859 -9.21131
    endloop
  endfacet
  facet normal 0 0.600378 0.799716
    outer loop
      vertex 29.1896 -7.48297 -9.15547
      vertex 27.1896 -7.40859 -9.21131
      vertex 27.1896 -7.48297 -9.15547
    endloop
  endfacet
  facet normal -0 0.63435 0.773046
    outer loop
      vertex 27.1896 -7.33669 -9.27031
      vertex 29.1896 -7.40859 -9.21131
      vertex 29.1896 -7.33669 -9.27031
    endloop
  endfacet
  facet normal 0 0.63435 0.773046
    outer loop
      vertex 29.1896 -7.40859 -9.21131
      vertex 27.1896 -7.33669 -9.27031
      vertex 27.1896 -7.40859 -9.21131
    endloop
  endfacet
  facet normal -0 0.667169 0.744907
    outer loop
      vertex 27.1896 -7.26741 -9.33236
      vertex 29.1896 -7.33669 -9.27031
      vertex 29.1896 -7.26741 -9.33236
    endloop
  endfacet
  facet normal 0 0.667169 0.744907
    outer loop
      vertex 29.1896 -7.33669 -9.27031
      vertex 27.1896 -7.26741 -9.33236
      vertex 27.1896 -7.33669 -9.27031
    endloop
  endfacet
  facet normal -0 0.698834 0.715284
    outer loop
      vertex 27.1896 -7.20088 -9.39736
      vertex 29.1896 -7.26741 -9.33236
      vertex 29.1896 -7.20088 -9.39736
    endloop
  endfacet
  facet normal 0 0.698834 0.715284
    outer loop
      vertex 29.1896 -7.26741 -9.33236
      vertex 27.1896 -7.20088 -9.39736
      vertex 27.1896 -7.26741 -9.33236
    endloop
  endfacet
  facet normal 0 0.729014 0.684499
    outer loop
      vertex 29.1896 -7.13722 -9.46516
      vertex 27.1896 -7.20088 -9.39736
      vertex 29.1896 -7.20088 -9.39736
    endloop
  endfacet
  facet normal 0 0.729014 0.684499
    outer loop
      vertex 27.1896 -7.20088 -9.39736
      vertex 29.1896 -7.13722 -9.46516
      vertex 27.1896 -7.13722 -9.46516
    endloop
  endfacet
  facet normal 0 0.757973 0.652286
    outer loop
      vertex 29.1896 -7.07655 -9.53566
      vertex 27.1896 -7.13722 -9.46516
      vertex 29.1896 -7.13722 -9.46516
    endloop
  endfacet
  facet normal 0 0.757973 0.652286
    outer loop
      vertex 27.1896 -7.13722 -9.46516
      vertex 29.1896 -7.07655 -9.53566
      vertex 27.1896 -7.07655 -9.53566
    endloop
  endfacet
  facet normal 0 0.785504 0.618856
    outer loop
      vertex 29.1896 -7.01899 -9.60872
      vertex 27.1896 -7.07655 -9.53566
      vertex 29.1896 -7.07655 -9.53566
    endloop
  endfacet
  facet normal 0 0.785504 0.618856
    outer loop
      vertex 27.1896 -7.07655 -9.53566
      vertex 29.1896 -7.01899 -9.60872
      vertex 27.1896 -7.01899 -9.60872
    endloop
  endfacet
  facet normal 0 0.811563 0.584265
    outer loop
      vertex 29.1896 -6.96465 -9.6842
      vertex 27.1896 -7.01899 -9.60872
      vertex 29.1896 -7.01899 -9.60872
    endloop
  endfacet
  facet normal 0 0.811563 0.584265
    outer loop
      vertex 27.1896 -7.01899 -9.60872
      vertex 29.1896 -6.96465 -9.6842
      vertex 27.1896 -6.96465 -9.6842
    endloop
  endfacet
  facet normal 0 0.836048 0.548656
    outer loop
      vertex 29.1896 -6.91362 -9.76196
      vertex 27.1896 -6.96465 -9.6842
      vertex 29.1896 -6.96465 -9.6842
    endloop
  endfacet
  facet normal 0 0.836048 0.548656
    outer loop
      vertex 27.1896 -6.96465 -9.6842
      vertex 29.1896 -6.91362 -9.76196
      vertex 27.1896 -6.91362 -9.76196
    endloop
  endfacet
  facet normal 0 0.858932 0.51209
    outer loop
      vertex 29.1896 -6.86599 -9.84185
      vertex 27.1896 -6.91362 -9.76196
      vertex 29.1896 -6.91362 -9.76196
    endloop
  endfacet
  facet normal 0 0.858932 0.51209
    outer loop
      vertex 27.1896 -6.91362 -9.76196
      vertex 29.1896 -6.86599 -9.84185
      vertex 27.1896 -6.86599 -9.84185
    endloop
  endfacet
  facet normal 0 0.880309 0.474401
    outer loop
      vertex 29.1896 -6.82187 -9.92372
      vertex 27.1896 -6.86599 -9.84185
      vertex 29.1896 -6.86599 -9.84185
    endloop
  endfacet
  facet normal 0 0.880309 0.474401
    outer loop
      vertex 27.1896 -6.86599 -9.84185
      vertex 29.1896 -6.82187 -9.92372
      vertex 27.1896 -6.82187 -9.92372
    endloop
  endfacet
  facet normal 0 0.89995 0.435994
    outer loop
      vertex 29.1896 -6.78133 -10.0074
      vertex 27.1896 -6.82187 -9.92372
      vertex 29.1896 -6.82187 -9.92372
    endloop
  endfacet
  facet normal 0 0.89995 0.435994
    outer loop
      vertex 27.1896 -6.82187 -9.92372
      vertex 29.1896 -6.78133 -10.0074
      vertex 27.1896 -6.78133 -10.0074
    endloop
  endfacet
  facet normal 0 0.918091 0.39637
    outer loop
      vertex 29.1896 -6.74446 -10.0928
      vertex 27.1896 -6.78133 -10.0074
      vertex 29.1896 -6.78133 -10.0074
    endloop
  endfacet
  facet normal 0 0.918091 0.39637
    outer loop
      vertex 27.1896 -6.78133 -10.0074
      vertex 29.1896 -6.74446 -10.0928
      vertex 27.1896 -6.74446 -10.0928
    endloop
  endfacet
  facet normal 0 0.93429 0.356514
    outer loop
      vertex 29.1896 -6.7113 -10.1797
      vertex 27.1896 -6.74446 -10.0928
      vertex 29.1896 -6.74446 -10.0928
    endloop
  endfacet
  facet normal 0 0.93429 0.356514
    outer loop
      vertex 27.1896 -6.74446 -10.0928
      vertex 29.1896 -6.7113 -10.1797
      vertex 27.1896 -6.7113 -10.1797
    endloop
  endfacet
  facet normal 0 0.948919 0.315518
    outer loop
      vertex 29.1896 -6.68194 -10.268
      vertex 27.1896 -6.7113 -10.1797
      vertex 29.1896 -6.7113 -10.1797
    endloop
  endfacet
  facet normal 0 0.948919 0.315518
    outer loop
      vertex 27.1896 -6.7113 -10.1797
      vertex 29.1896 -6.68194 -10.268
      vertex 27.1896 -6.68194 -10.268
    endloop
  endfacet
  facet normal 0 0.961589 0.274494
    outer loop
      vertex 29.1896 -6.65642 -10.3574
      vertex 27.1896 -6.68194 -10.268
      vertex 29.1896 -6.68194 -10.268
    endloop
  endfacet
  facet normal 0 0.961589 0.274494
    outer loop
      vertex 27.1896 -6.68194 -10.268
      vertex 29.1896 -6.65642 -10.3574
      vertex 27.1896 -6.65642 -10.3574
    endloop
  endfacet
  facet normal 0 0.972606 0.232458
    outer loop
      vertex 29.1896 -6.63479 -10.4479
      vertex 27.1896 -6.65642 -10.3574
      vertex 29.1896 -6.65642 -10.3574
    endloop
  endfacet
  facet normal 0 0.972606 0.232458
    outer loop
      vertex 27.1896 -6.65642 -10.3574
      vertex 29.1896 -6.63479 -10.4479
      vertex 27.1896 -6.63479 -10.4479
    endloop
  endfacet
  facet normal 0 0.981742 0.190219
    outer loop
      vertex 29.1896 -6.6171 -10.5392
      vertex 27.1896 -6.63479 -10.4479
      vertex 29.1896 -6.63479 -10.4479
    endloop
  endfacet
  facet normal 0 0.981742 0.190219
    outer loop
      vertex 27.1896 -6.63479 -10.4479
      vertex 29.1896 -6.6171 -10.5392
      vertex 27.1896 -6.6171 -10.5392
    endloop
  endfacet
  facet normal 0 0.989046 0.147604
    outer loop
      vertex 29.1896 -6.60337 -10.6312
      vertex 27.1896 -6.6171 -10.5392
      vertex 29.1896 -6.6171 -10.5392
    endloop
  endfacet
  facet normal 0 0.989046 0.147604
    outer loop
      vertex 27.1896 -6.6171 -10.5392
      vertex 29.1896 -6.60337 -10.6312
      vertex 27.1896 -6.60337 -10.6312
    endloop
  endfacet
  facet normal 0 0.994502 0.104718
    outer loop
      vertex 29.1896 -6.59363 -10.7237
      vertex 27.1896 -6.60337 -10.6312
      vertex 29.1896 -6.60337 -10.6312
    endloop
  endfacet
  facet normal 0 0.994502 0.104718
    outer loop
      vertex 27.1896 -6.60337 -10.6312
      vertex 29.1896 -6.59363 -10.7237
      vertex 27.1896 -6.59363 -10.7237
    endloop
  endfacet
  facet normal 0 0.998099 0.0616283
    outer loop
      vertex 29.1896 -6.5879 -10.8165
      vertex 27.1896 -6.59363 -10.7237
      vertex 29.1896 -6.59363 -10.7237
    endloop
  endfacet
  facet normal 0 0.998099 0.0616283
    outer loop
      vertex 27.1896 -6.59363 -10.7237
      vertex 29.1896 -6.5879 -10.8165
      vertex 27.1896 -6.5879 -10.8165
    endloop
  endfacet
  facet normal 0 0.999831 0.018384
    outer loop
      vertex 29.1896 -6.58619 -10.9095
      vertex 27.1896 -6.5879 -10.8165
      vertex 29.1896 -6.5879 -10.8165
    endloop
  endfacet
  facet normal 0 0.999831 0.018384
    outer loop
      vertex 27.1896 -6.5879 -10.8165
      vertex 29.1896 -6.58619 -10.9095
      vertex 27.1896 -6.58619 -10.9095
    endloop
  endfacet
  facet normal 0 0.999689 -0.0249385
    outer loop
      vertex 29.1896 -6.58851 -11.0025
      vertex 27.1896 -6.58619 -10.9095
      vertex 29.1896 -6.58619 -10.9095
    endloop
  endfacet
  facet normal 0 0.999689 -0.0249385
    outer loop
      vertex 27.1896 -6.58619 -10.9095
      vertex 29.1896 -6.58851 -11.0025
      vertex 27.1896 -6.58851 -11.0025
    endloop
  endfacet
  facet normal 0 -0.0225773 -0.999745
    outer loop
      vertex 32.1896 -8.82917 -13.0504
      vertex 34.1896 -8.73618 -13.0525
      vertex 34.1896 -8.82917 -13.0504
    endloop
  endfacet
  facet normal -0 -0.0225773 -0.999745
    outer loop
      vertex 34.1896 -8.73618 -13.0525
      vertex 32.1896 -8.82917 -13.0504
      vertex 32.1896 -8.73618 -13.0525
    endloop
  endfacet
  facet normal 0 -0.0645135 -0.997917
    outer loop
      vertex 32.1896 -8.92198 -13.0444
      vertex 34.1896 -8.82917 -13.0504
      vertex 34.1896 -8.92198 -13.0444
    endloop
  endfacet
  facet normal -0 -0.0645135 -0.997917
    outer loop
      vertex 34.1896 -8.82917 -13.0504
      vertex 32.1896 -8.92198 -13.0444
      vertex 32.1896 -8.82917 -13.0504
    endloop
  endfacet
  facet normal 0 -0.107516 -0.994203
    outer loop
      vertex 32.1896 -9.01445 -13.0344
      vertex 34.1896 -8.92198 -13.0444
      vertex 34.1896 -9.01445 -13.0344
    endloop
  endfacet
  facet normal -0 -0.107516 -0.994203
    outer loop
      vertex 34.1896 -8.92198 -13.0444
      vertex 32.1896 -9.01445 -13.0344
      vertex 32.1896 -8.92198 -13.0444
    endloop
  endfacet
  facet normal 0 -0.151589 -0.988444
    outer loop
      vertex 32.1896 -9.10639 -13.0203
      vertex 34.1896 -9.01445 -13.0344
      vertex 34.1896 -9.10639 -13.0203
    endloop
  endfacet
  facet normal -0 -0.151589 -0.988444
    outer loop
      vertex 34.1896 -9.01445 -13.0344
      vertex 32.1896 -9.10639 -13.0203
      vertex 32.1896 -9.01445 -13.0344
    endloop
  endfacet
  facet normal 0 -0.192496 -0.981298
    outer loop
      vertex 32.1896 -9.19764 -13.0024
      vertex 34.1896 -9.10639 -13.0203
      vertex 34.1896 -9.19764 -13.0024
    endloop
  endfacet
  facet normal -0 -0.192496 -0.981298
    outer loop
      vertex 34.1896 -9.10639 -13.0203
      vertex 32.1896 -9.19764 -13.0024
      vertex 32.1896 -9.10639 -13.0203
    endloop
  endfacet
  facet normal 0 -0.236486 -0.971635
    outer loop
      vertex 32.1896 -9.28803 -12.9804
      vertex 34.1896 -9.19764 -13.0024
      vertex 34.1896 -9.28803 -12.9804
    endloop
  endfacet
  facet normal -0 -0.236486 -0.971635
    outer loop
      vertex 34.1896 -9.19764 -13.0024
      vertex 32.1896 -9.28803 -12.9804
      vertex 32.1896 -9.19764 -13.0024
    endloop
  endfacet
  facet normal 0 -0.277418 -0.960749
    outer loop
      vertex 32.1896 -9.37738 -12.9546
      vertex 34.1896 -9.28803 -12.9804
      vertex 34.1896 -9.37738 -12.9546
    endloop
  endfacet
  facet normal -0 -0.277418 -0.960749
    outer loop
      vertex 34.1896 -9.28803 -12.9804
      vertex 32.1896 -9.37738 -12.9546
      vertex 32.1896 -9.28803 -12.9804
    endloop
  endfacet
  facet normal 0 -0.318292 -0.947993
    outer loop
      vertex 32.1896 -9.46554 -12.925
      vertex 34.1896 -9.37738 -12.9546
      vertex 34.1896 -9.46554 -12.925
    endloop
  endfacet
  facet normal -0 -0.318292 -0.947993
    outer loop
      vertex 34.1896 -9.37738 -12.9546
      vertex 32.1896 -9.46554 -12.925
      vertex 32.1896 -9.37738 -12.9546
    endloop
  endfacet
  facet normal 0 -0.360095 -0.932916
    outer loop
      vertex 32.1896 -9.55233 -12.8915
      vertex 34.1896 -9.46554 -12.925
      vertex 34.1896 -9.55233 -12.8915
    endloop
  endfacet
  facet normal -0 -0.360095 -0.932916
    outer loop
      vertex 34.1896 -9.46554 -12.925
      vertex 32.1896 -9.55233 -12.8915
      vertex 32.1896 -9.46554 -12.925
    endloop
  endfacet
  facet normal 0 -0.399001 -0.91695
    outer loop
      vertex 32.1896 -9.63759 -12.8544
      vertex 34.1896 -9.55233 -12.8915
      vertex 34.1896 -9.63759 -12.8544
    endloop
  endfacet
  facet normal -0 -0.399001 -0.91695
    outer loop
      vertex 34.1896 -9.55233 -12.8915
      vertex 32.1896 -9.63759 -12.8544
      vertex 32.1896 -9.55233 -12.8915
    endloop
  endfacet
  facet normal 0 -0.43872 -0.898624
    outer loop
      vertex 32.1896 -9.72116 -12.8136
      vertex 34.1896 -9.63759 -12.8544
      vertex 34.1896 -9.72116 -12.8136
    endloop
  endfacet
  facet normal -0 -0.43872 -0.898624
    outer loop
      vertex 34.1896 -9.63759 -12.8544
      vertex 32.1896 -9.72116 -12.8136
      vertex 32.1896 -9.63759 -12.8544
    endloop
  endfacet
  facet normal 0 -0.477315 -0.878732
    outer loop
      vertex 32.1896 -9.8029 -12.7692
      vertex 34.1896 -9.72116 -12.8136
      vertex 34.1896 -9.8029 -12.7692
    endloop
  endfacet
  facet normal -0 -0.477315 -0.878732
    outer loop
      vertex 34.1896 -9.72116 -12.8136
      vertex 32.1896 -9.8029 -12.7692
      vertex 32.1896 -9.72116 -12.8136
    endloop
  endfacet
  facet normal 0 -0.514986 -0.857199
    outer loop
      vertex 32.1896 -9.88263 -12.7213
      vertex 34.1896 -9.8029 -12.7692
      vertex 34.1896 -9.88263 -12.7213
    endloop
  endfacet
  facet normal -0 -0.514986 -0.857199
    outer loop
      vertex 34.1896 -9.8029 -12.7692
      vertex 32.1896 -9.88263 -12.7213
      vertex 32.1896 -9.8029 -12.7692
    endloop
  endfacet
  facet normal 0 -0.551521 -0.834161
    outer loop
      vertex 32.1896 -9.96022 -12.67
      vertex 34.1896 -9.88263 -12.7213
      vertex 34.1896 -9.96022 -12.67
    endloop
  endfacet
  facet normal -0 -0.551521 -0.834161
    outer loop
      vertex 34.1896 -9.88263 -12.7213
      vertex 32.1896 -9.96022 -12.67
      vertex 32.1896 -9.88263 -12.7213
    endloop
  endfacet
  facet normal 0 -0.587123 -0.809498
    outer loop
      vertex 32.1896 -10.0355 -12.6154
      vertex 34.1896 -9.96022 -12.67
      vertex 34.1896 -10.0355 -12.6154
    endloop
  endfacet
  facet normal -0 -0.587123 -0.809498
    outer loop
      vertex 34.1896 -9.96022 -12.67
      vertex 32.1896 -10.0355 -12.6154
      vertex 32.1896 -9.96022 -12.67
    endloop
  endfacet
  facet normal 0 -0.621281 -0.783588
    outer loop
      vertex 32.1896 -10.1084 -12.5576
      vertex 34.1896 -10.0355 -12.6154
      vertex 34.1896 -10.1084 -12.5576
    endloop
  endfacet
  facet normal -0 -0.621281 -0.783588
    outer loop
      vertex 34.1896 -10.0355 -12.6154
      vertex 32.1896 -10.1084 -12.5576
      vertex 32.1896 -10.0355 -12.6154
    endloop
  endfacet
  facet normal 0 -0.654767 -0.755831
    outer loop
      vertex 32.1896 -10.1787 -12.4967
      vertex 34.1896 -10.1084 -12.5576
      vertex 34.1896 -10.1787 -12.4967
    endloop
  endfacet
  facet normal -0 -0.654767 -0.755831
    outer loop
      vertex 34.1896 -10.1084 -12.5576
      vertex 32.1896 -10.1787 -12.4967
      vertex 32.1896 -10.1084 -12.5576
    endloop
  endfacet
  facet normal 0 -0.686939 -0.726715
    outer loop
      vertex 32.1896 -10.2463 -12.4328
      vertex 34.1896 -10.1787 -12.4967
      vertex 34.1896 -10.2463 -12.4328
    endloop
  endfacet
  facet normal -0 -0.686939 -0.726715
    outer loop
      vertex 34.1896 -10.1787 -12.4967
      vertex 32.1896 -10.2463 -12.4328
      vertex 32.1896 -10.1787 -12.4967
    endloop
  endfacet
  facet normal 0 -0.717249 -0.696817
    outer loop
      vertex 32.1896 -10.2463 -12.4328
      vertex 34.1896 -10.3111 -12.3661
      vertex 32.1896 -10.3111 -12.3661
    endloop
  endfacet
  facet normal 0 -0.717249 -0.696817
    outer loop
      vertex 34.1896 -10.3111 -12.3661
      vertex 32.1896 -10.2463 -12.4328
      vertex 34.1896 -10.2463 -12.4328
    endloop
  endfacet
  facet normal 0 -0.747291 -0.664497
    outer loop
      vertex 32.1896 -10.3111 -12.3661
      vertex 34.1896 -10.3729 -12.2966
      vertex 32.1896 -10.3729 -12.2966
    endloop
  endfacet
  facet normal 0 -0.747291 -0.664497
    outer loop
      vertex 34.1896 -10.3729 -12.2966
      vertex 32.1896 -10.3111 -12.3661
      vertex 34.1896 -10.3111 -12.3661
    endloop
  endfacet
  facet normal 0 -0.774962 -0.632008
    outer loop
      vertex 32.1896 -10.3729 -12.2966
      vertex 34.1896 -10.4317 -12.2245
      vertex 32.1896 -10.4317 -12.2245
    endloop
  endfacet
  facet normal 0 -0.774962 -0.632008
    outer loop
      vertex 34.1896 -10.4317 -12.2245
      vertex 32.1896 -10.3729 -12.2966
      vertex 34.1896 -10.3729 -12.2966
    endloop
  endfacet
  facet normal 0 -0.801418 -0.598105
    outer loop
      vertex 32.1896 -10.4317 -12.2245
      vertex 34.1896 -10.4873 -12.15
      vertex 32.1896 -10.4873 -12.15
    endloop
  endfacet
  facet normal 0 -0.801418 -0.598105
    outer loop
      vertex 34.1896 -10.4873 -12.15
      vertex 32.1896 -10.4317 -12.2245
      vertex 34.1896 -10.4317 -12.2245
    endloop
  endfacet
  facet normal 0 -0.826887 -0.562369
    outer loop
      vertex 32.1896 -10.4873 -12.15
      vertex 34.1896 -10.5396 -12.0731
      vertex 32.1896 -10.5396 -12.0731
    endloop
  endfacet
  facet normal 0 -0.826887 -0.562369
    outer loop
      vertex 34.1896 -10.5396 -12.0731
      vertex 32.1896 -10.4873 -12.15
      vertex 34.1896 -10.4873 -12.15
    endloop
  endfacet
  facet normal 0 -0.850586 -0.525836
    outer loop
      vertex 32.1896 -10.5396 -12.0731
      vertex 34.1896 -10.5885 -11.994
      vertex 32.1896 -10.5885 -11.994
    endloop
  endfacet
  facet normal 0 -0.850586 -0.525836
    outer loop
      vertex 34.1896 -10.5885 -11.994
      vertex 32.1896 -10.5396 -12.0731
      vertex 34.1896 -10.5396 -12.0731
    endloop
  endfacet
  facet normal 0 -0.872378 -0.488832
    outer loop
      vertex 32.1896 -10.5885 -11.994
      vertex 34.1896 -10.634 -11.9128
      vertex 32.1896 -10.634 -11.9128
    endloop
  endfacet
  facet normal 0 -0.872378 -0.488832
    outer loop
      vertex 34.1896 -10.634 -11.9128
      vertex 32.1896 -10.5885 -11.994
      vertex 34.1896 -10.5885 -11.994
    endloop
  endfacet
  facet normal 0 -0.8927 -0.450652
    outer loop
      vertex 32.1896 -10.634 -11.9128
      vertex 34.1896 -10.6759 -11.8298
      vertex 32.1896 -10.6759 -11.8298
    endloop
  endfacet
  facet normal 0 -0.8927 -0.450652
    outer loop
      vertex 34.1896 -10.6759 -11.8298
      vertex 32.1896 -10.634 -11.9128
      vertex 34.1896 -10.634 -11.9128
    endloop
  endfacet
  facet normal 0 -0.911175 -0.412019
    outer loop
      vertex 32.1896 -10.6759 -11.8298
      vertex 34.1896 -10.7142 -11.7451
      vertex 32.1896 -10.7142 -11.7451
    endloop
  endfacet
  facet normal 0 -0.911175 -0.412019
    outer loop
      vertex 34.1896 -10.7142 -11.7451
      vertex 32.1896 -10.6759 -11.8298
      vertex 34.1896 -10.6759 -11.8298
    endloop
  endfacet
  facet normal 0 -0.928328 -0.371761
    outer loop
      vertex 32.1896 -10.7142 -11.7451
      vertex 34.1896 -10.7488 -11.6587
      vertex 32.1896 -10.7488 -11.6587
    endloop
  endfacet
  facet normal 0 -0.928328 -0.371761
    outer loop
      vertex 34.1896 -10.7488 -11.6587
      vertex 32.1896 -10.7142 -11.7451
      vertex 34.1896 -10.7142 -11.7451
    endloop
  endfacet
  facet normal 0 -0.943506 -0.331357
    outer loop
      vertex 32.1896 -10.7488 -11.6587
      vertex 34.1896 -10.7796 -11.571
      vertex 32.1896 -10.7796 -11.571
    endloop
  endfacet
  facet normal 0 -0.943506 -0.331357
    outer loop
      vertex 34.1896 -10.7796 -11.571
      vertex 32.1896 -10.7488 -11.6587
      vertex 34.1896 -10.7488 -11.6587
    endloop
  endfacet
  facet normal 0 -0.956934 -0.290306
    outer loop
      vertex 32.1896 -10.7796 -11.571
      vertex 34.1896 -10.8066 -11.482
      vertex 32.1896 -10.8066 -11.482
    endloop
  endfacet
  facet normal 0 -0.956934 -0.290306
    outer loop
      vertex 34.1896 -10.8066 -11.482
      vertex 32.1896 -10.7796 -11.571
      vertex 34.1896 -10.7796 -11.571
    endloop
  endfacet
  facet normal 0 -0.96867 -0.248349
    outer loop
      vertex 32.1896 -10.8066 -11.482
      vertex 34.1896 -10.8297 -11.3919
      vertex 32.1896 -10.8297 -11.3919
    endloop
  endfacet
  facet normal 0 -0.96867 -0.248349
    outer loop
      vertex 34.1896 -10.8297 -11.3919
      vertex 32.1896 -10.8066 -11.482
      vertex 34.1896 -10.8066 -11.482
    endloop
  endfacet
  facet normal 0 -0.978458 -0.206444
    outer loop
      vertex 32.1896 -10.8297 -11.3919
      vertex 34.1896 -10.8489 -11.3009
      vertex 32.1896 -10.8489 -11.3009
    endloop
  endfacet
  facet normal 0 -0.978458 -0.206444
    outer loop
      vertex 34.1896 -10.8489 -11.3009
      vertex 32.1896 -10.8297 -11.3919
      vertex 34.1896 -10.8297 -11.3919
    endloop
  endfacet
  facet normal 0 -0.986394 -0.164399
    outer loop
      vertex 32.1896 -10.8489 -11.3009
      vertex 34.1896 -10.8642 -11.2091
      vertex 32.1896 -10.8642 -11.2091
    endloop
  endfacet
  facet normal 0 -0.986394 -0.164399
    outer loop
      vertex 34.1896 -10.8642 -11.2091
      vertex 32.1896 -10.8489 -11.3009
      vertex 34.1896 -10.8489 -11.3009
    endloop
  endfacet
  facet normal 0 -0.992589 -0.12152
    outer loop
      vertex 32.1896 -10.8642 -11.2091
      vertex 34.1896 -10.8755 -11.1168
      vertex 32.1896 -10.8755 -11.1168
    endloop
  endfacet
  facet normal 0 -0.992589 -0.12152
    outer loop
      vertex 34.1896 -10.8755 -11.1168
      vertex 32.1896 -10.8642 -11.2091
      vertex 34.1896 -10.8642 -11.2091
    endloop
  endfacet
  facet normal 0 -0.996997 -0.0774367
    outer loop
      vertex 32.1896 -10.8755 -11.1168
      vertex 34.1896 -10.8827 -11.0241
      vertex 32.1896 -10.8827 -11.0241
    endloop
  endfacet
  facet normal 0 -0.996997 -0.0774367
    outer loop
      vertex 34.1896 -10.8827 -11.0241
      vertex 32.1896 -10.8755 -11.1168
      vertex 34.1896 -10.8755 -11.1168
    endloop
  endfacet
  facet normal 0 -0.999371 -0.0354616
    outer loop
      vertex 32.1896 -10.8827 -11.0241
      vertex 34.1896 -10.886 -10.9311
      vertex 32.1896 -10.886 -10.9311
    endloop
  endfacet
  facet normal 0 -0.999371 -0.0354616
    outer loop
      vertex 34.1896 -10.886 -10.9311
      vertex 32.1896 -10.8827 -11.0241
      vertex 34.1896 -10.8827 -11.0241
    endloop
  endfacet
  facet normal 0 -0.999963 0.00860183
    outer loop
      vertex 32.1896 -10.886 -10.9311
      vertex 34.1896 -10.8852 -10.8381
      vertex 32.1896 -10.8852 -10.8381
    endloop
  endfacet
  facet normal 0 -0.999963 0.00860183
    outer loop
      vertex 34.1896 -10.8852 -10.8381
      vertex 32.1896 -10.886 -10.9311
      vertex 34.1896 -10.886 -10.9311
    endloop
  endfacet
  facet normal 0 -0.998668 0.0515996
    outer loop
      vertex 32.1896 -10.8852 -10.8381
      vertex 34.1896 -10.8804 -10.7452
      vertex 32.1896 -10.8804 -10.7452
    endloop
  endfacet
  facet normal 0 -0.998668 0.0515996
    outer loop
      vertex 34.1896 -10.8804 -10.7452
      vertex 32.1896 -10.8852 -10.8381
      vertex 34.1896 -10.8852 -10.8381
    endloop
  endfacet
  facet normal 0 -0.995515 0.0946062
    outer loop
      vertex 32.1896 -10.8804 -10.7452
      vertex 34.1896 -10.8716 -10.6526
      vertex 32.1896 -10.8716 -10.6526
    endloop
  endfacet
  facet normal 0 -0.995515 0.0946062
    outer loop
      vertex 34.1896 -10.8716 -10.6526
      vertex 32.1896 -10.8804 -10.7452
      vertex 34.1896 -10.8804 -10.7452
    endloop
  endfacet
  facet normal 0 -0.99048 0.137656
    outer loop
      vertex 32.1896 -10.8716 -10.6526
      vertex 34.1896 -10.8588 -10.5605
      vertex 32.1896 -10.8588 -10.5605
    endloop
  endfacet
  facet normal 0 -0.99048 0.137656
    outer loop
      vertex 34.1896 -10.8588 -10.5605
      vertex 32.1896 -10.8716 -10.6526
      vertex 34.1896 -10.8716 -10.6526
    endloop
  endfacet
  facet normal 0 -0.983559 0.180588
    outer loop
      vertex 32.1896 -10.8588 -10.5605
      vertex 34.1896 -10.842 -10.469
      vertex 32.1896 -10.842 -10.469
    endloop
  endfacet
  facet normal 0 -0.983559 0.180588
    outer loop
      vertex 34.1896 -10.842 -10.469
      vertex 32.1896 -10.8588 -10.5605
      vertex 34.1896 -10.8588 -10.5605
    endloop
  endfacet
  facet normal 0 -0.974879 0.222737
    outer loop
      vertex 32.1896 -10.842 -10.469
      vertex 34.1896 -10.8213 -10.3784
      vertex 32.1896 -10.8213 -10.3784
    endloop
  endfacet
  facet normal 0 -0.974879 0.222737
    outer loop
      vertex 34.1896 -10.8213 -10.3784
      vertex 32.1896 -10.842 -10.469
      vertex 34.1896 -10.842 -10.469
    endloop
  endfacet
  facet normal 0 -0.964391 0.264482
    outer loop
      vertex 32.1896 -10.8213 -10.3784
      vertex 34.1896 -10.7967 -10.2887
      vertex 32.1896 -10.7967 -10.2887
    endloop
  endfacet
  facet normal 0 -0.964391 0.264482
    outer loop
      vertex 34.1896 -10.7967 -10.2887
      vertex 32.1896 -10.8213 -10.3784
      vertex 34.1896 -10.8213 -10.3784
    endloop
  endfacet
  facet normal 0 -0.951961 0.306218
    outer loop
      vertex 32.1896 -10.7967 -10.2887
      vertex 34.1896 -10.7682 -10.2001
      vertex 32.1896 -10.7682 -10.2001
    endloop
  endfacet
  facet normal 0 -0.951961 0.306218
    outer loop
      vertex 34.1896 -10.7682 -10.2001
      vertex 32.1896 -10.7967 -10.2887
      vertex 34.1896 -10.7967 -10.2887
    endloop
  endfacet
  facet normal 0 -0.938086 0.346403
    outer loop
      vertex 32.1896 -10.7682 -10.2001
      vertex 34.1896 -10.736 -10.1129
      vertex 32.1896 -10.736 -10.1129
    endloop
  endfacet
  facet normal 0 -0.938086 0.346403
    outer loop
      vertex 34.1896 -10.736 -10.1129
      vertex 32.1896 -10.7682 -10.2001
      vertex 34.1896 -10.7682 -10.2001
    endloop
  endfacet
  facet normal 0 -0.921575 0.388201
    outer loop
      vertex 32.1896 -10.736 -10.1129
      vertex 34.1896 -10.6999 -10.0272
      vertex 32.1896 -10.6999 -10.0272
    endloop
  endfacet
  facet normal 0 -0.921575 0.388201
    outer loop
      vertex 34.1896 -10.6999 -10.0272
      vertex 32.1896 -10.736 -10.1129
      vertex 34.1896 -10.736 -10.1129
    endloop
  endfacet
  facet normal 0 -0.904424 0.426635
    outer loop
      vertex 32.1896 -10.6999 -10.0272
      vertex 34.1896 -10.6602 -9.94304
      vertex 32.1896 -10.6602 -9.94304
    endloop
  endfacet
  facet normal 0 -0.904424 0.426635
    outer loop
      vertex 34.1896 -10.6602 -9.94304
      vertex 32.1896 -10.6999 -10.0272
      vertex 34.1896 -10.6999 -10.0272
    endloop
  endfacet
  facet normal 0 -0.885454 0.464726
    outer loop
      vertex 32.1896 -10.6602 -9.94304
      vertex 34.1896 -10.617 -9.86073
      vertex 32.1896 -10.617 -9.86073
    endloop
  endfacet
  facet normal 0 -0.885454 0.464726
    outer loop
      vertex 34.1896 -10.617 -9.86073
      vertex 32.1896 -10.6602 -9.94304
      vertex 34.1896 -10.6602 -9.94304
    endloop
  endfacet
  facet normal 0 -0.863697 0.504011
    outer loop
      vertex 32.1896 -10.617 -9.86073
      vertex 34.1896 -10.5701 -9.78036
      vertex 32.1896 -10.5701 -9.78036
    endloop
  endfacet
  facet normal 0 -0.863697 0.504011
    outer loop
      vertex 34.1896 -10.5701 -9.78036
      vertex 32.1896 -10.617 -9.86073
      vertex 34.1896 -10.617 -9.86073
    endloop
  endfacet
  facet normal 0 -0.841748 0.539871
    outer loop
      vertex 32.1896 -10.5701 -9.78036
      vertex 34.1896 -10.5199 -9.70209
      vertex 32.1896 -10.5199 -9.70209
    endloop
  endfacet
  facet normal 0 -0.841748 0.539871
    outer loop
      vertex 34.1896 -10.5199 -9.70209
      vertex 32.1896 -10.5701 -9.78036
      vertex 34.1896 -10.5701 -9.78036
    endloop
  endfacet
  facet normal 0 -0.817278 0.576244
    outer loop
      vertex 32.1896 -10.5199 -9.70209
      vertex 34.1896 -10.4663 -9.62607
      vertex 32.1896 -10.4663 -9.62607
    endloop
  endfacet
  facet normal 0 -0.817278 0.576244
    outer loop
      vertex 34.1896 -10.4663 -9.62607
      vertex 32.1896 -10.5199 -9.70209
      vertex 34.1896 -10.5199 -9.70209
    endloop
  endfacet
  facet normal 0 -0.791784 0.610802
    outer loop
      vertex 32.1896 -10.4663 -9.62607
      vertex 34.1896 -10.4095 -9.55244
      vertex 32.1896 -10.4095 -9.55244
    endloop
  endfacet
  facet normal 0 -0.791784 0.610802
    outer loop
      vertex 34.1896 -10.4095 -9.55244
      vertex 32.1896 -10.4663 -9.62607
      vertex 34.1896 -10.4663 -9.62607
    endloop
  endfacet
  facet normal 0 -0.764287 0.644877
    outer loop
      vertex 32.1896 -10.4095 -9.55244
      vertex 34.1896 -10.3495 -9.48133
      vertex 32.1896 -10.3495 -9.48133
    endloop
  endfacet
  facet normal 0 -0.764287 0.644877
    outer loop
      vertex 34.1896 -10.3495 -9.48133
      vertex 32.1896 -10.4095 -9.55244
      vertex 34.1896 -10.4095 -9.55244
    endloop
  endfacet
  facet normal 0 -0.736278 0.676679
    outer loop
      vertex 32.1896 -10.3495 -9.48133
      vertex 34.1896 -10.2866 -9.41289
      vertex 32.1896 -10.2866 -9.41289
    endloop
  endfacet
  facet normal 0 -0.736278 0.676679
    outer loop
      vertex 34.1896 -10.2866 -9.41289
      vertex 32.1896 -10.3495 -9.48133
      vertex 34.1896 -10.3495 -9.48133
    endloop
  endfacet
  facet normal 0 -0.705816 0.708396
    outer loop
      vertex 32.1896 -10.2207 -9.34723
      vertex 34.1896 -10.2866 -9.41289
      vertex 34.1896 -10.2207 -9.34723
    endloop
  endfacet
  facet normal 0 -0.705816 0.708396
    outer loop
      vertex 34.1896 -10.2866 -9.41289
      vertex 32.1896 -10.2207 -9.34723
      vertex 32.1896 -10.2866 -9.41289
    endloop
  endfacet
  facet normal 0 -0.67441 0.738358
    outer loop
      vertex 32.1896 -10.152 -9.28448
      vertex 34.1896 -10.2207 -9.34723
      vertex 34.1896 -10.152 -9.28448
    endloop
  endfacet
  facet normal 0 -0.67441 0.738358
    outer loop
      vertex 34.1896 -10.2207 -9.34723
      vertex 32.1896 -10.152 -9.28448
      vertex 32.1896 -10.2207 -9.34723
    endloop
  endfacet
  facet normal 0 -0.642107 0.766615
    outer loop
      vertex 32.1896 -10.0807 -9.22476
      vertex 34.1896 -10.152 -9.28448
      vertex 34.1896 -10.0807 -9.22476
    endloop
  endfacet
  facet normal 0 -0.642107 0.766615
    outer loop
      vertex 34.1896 -10.152 -9.28448
      vertex 32.1896 -10.0807 -9.22476
      vertex 32.1896 -10.152 -9.28448
    endloop
  endfacet
  facet normal 0 -0.608432 0.793606
    outer loop
      vertex 32.1896 -10.0069 -9.16818
      vertex 34.1896 -10.0807 -9.22476
      vertex 34.1896 -10.0069 -9.16818
    endloop
  endfacet
  facet normal 0 -0.608432 0.793606
    outer loop
      vertex 34.1896 -10.0807 -9.22476
      vertex 32.1896 -10.0069 -9.16818
      vertex 32.1896 -10.0807 -9.22476
    endloop
  endfacet
  facet normal 0 -0.573563 0.819161
    outer loop
      vertex 32.1896 -9.93072 -9.11484
      vertex 34.1896 -10.0069 -9.16818
      vertex 34.1896 -9.93072 -9.11484
    endloop
  endfacet
  facet normal 0 -0.573563 0.819161
    outer loop
      vertex 34.1896 -10.0069 -9.16818
      vertex 32.1896 -9.93072 -9.11484
      vertex 32.1896 -10.0069 -9.16818
    endloop
  endfacet
  facet normal 0 -0.537488 0.843272
    outer loop
      vertex 32.1896 -9.85229 -9.06485
      vertex 34.1896 -9.93072 -9.11484
      vertex 34.1896 -9.85229 -9.06485
    endloop
  endfacet
  facet normal 0 -0.537488 0.843272
    outer loop
      vertex 34.1896 -9.93072 -9.11484
      vertex 32.1896 -9.85229 -9.06485
      vertex 32.1896 -9.93072 -9.11484
    endloop
  endfacet
  facet normal 0 -0.500498 0.865738
    outer loop
      vertex 32.1896 -9.77177 -9.0183
      vertex 34.1896 -9.85229 -9.06485
      vertex 34.1896 -9.77177 -9.0183
    endloop
  endfacet
  facet normal 0 -0.500498 0.865738
    outer loop
      vertex 34.1896 -9.85229 -9.06485
      vertex 32.1896 -9.77177 -9.0183
      vertex 32.1896 -9.85229 -9.06485
    endloop
  endfacet
  facet normal 0 -0.462628 0.886552
    outer loop
      vertex 32.1896 -9.68931 -8.97527
      vertex 34.1896 -9.77177 -9.0183
      vertex 34.1896 -9.68931 -8.97527
    endloop
  endfacet
  facet normal 0 -0.462628 0.886552
    outer loop
      vertex 34.1896 -9.77177 -9.0183
      vertex 32.1896 -9.68931 -8.97527
      vertex 32.1896 -9.77177 -9.0183
    endloop
  endfacet
  facet normal 0 -0.423839 0.905738
    outer loop
      vertex 32.1896 -9.60507 -8.93585
      vertex 34.1896 -9.68931 -8.97527
      vertex 34.1896 -9.60507 -8.93585
    endloop
  endfacet
  facet normal 0 -0.423839 0.905738
    outer loop
      vertex 34.1896 -9.68931 -8.97527
      vertex 32.1896 -9.60507 -8.93585
      vertex 32.1896 -9.68931 -8.97527
    endloop
  endfacet
  facet normal 0 -0.384165 0.923264
    outer loop
      vertex 32.1896 -9.5192 -8.90012
      vertex 34.1896 -9.60507 -8.93585
      vertex 34.1896 -9.5192 -8.90012
    endloop
  endfacet
  facet normal 0 -0.384165 0.923264
    outer loop
      vertex 34.1896 -9.60507 -8.93585
      vertex 32.1896 -9.5192 -8.90012
      vertex 32.1896 -9.60507 -8.93585
    endloop
  endfacet
  facet normal 0 -0.344056 0.938949
    outer loop
      vertex 32.1896 -9.43187 -8.86812
      vertex 34.1896 -9.5192 -8.90012
      vertex 34.1896 -9.43187 -8.86812
    endloop
  endfacet
  facet normal 0 -0.344056 0.938949
    outer loop
      vertex 34.1896 -9.5192 -8.90012
      vertex 32.1896 -9.43187 -8.86812
      vertex 32.1896 -9.5192 -8.90012
    endloop
  endfacet
  facet normal 0 -0.302973 0.952999
    outer loop
      vertex 32.1896 -9.34323 -8.83994
      vertex 34.1896 -9.43187 -8.86812
      vertex 34.1896 -9.34323 -8.83994
    endloop
  endfacet
  facet normal 0 -0.302973 0.952999
    outer loop
      vertex 34.1896 -9.43187 -8.86812
      vertex 32.1896 -9.34323 -8.83994
      vertex 32.1896 -9.43187 -8.86812
    endloop
  endfacet
  facet normal 0 -0.261489 0.965207
    outer loop
      vertex 32.1896 -9.25346 -8.81562
      vertex 34.1896 -9.34323 -8.83994
      vertex 34.1896 -9.25346 -8.81562
    endloop
  endfacet
  facet normal 0 -0.261489 0.965207
    outer loop
      vertex 34.1896 -9.34323 -8.83994
      vertex 32.1896 -9.25346 -8.81562
      vertex 32.1896 -9.34323 -8.83994
    endloop
  endfacet
  facet normal 0 -0.219548 0.975602
    outer loop
      vertex 32.1896 -9.16272 -8.7952
      vertex 34.1896 -9.25346 -8.81562
      vertex 34.1896 -9.16272 -8.7952
    endloop
  endfacet
  facet normal 0 -0.219548 0.975602
    outer loop
      vertex 34.1896 -9.25346 -8.81562
      vertex 32.1896 -9.16272 -8.7952
      vertex 32.1896 -9.25346 -8.81562
    endloop
  endfacet
  facet normal 0 -0.177201 0.984175
    outer loop
      vertex 32.1896 -9.07119 -8.77872
      vertex 34.1896 -9.16272 -8.7952
      vertex 34.1896 -9.07119 -8.77872
    endloop
  endfacet
  facet normal 0 -0.177201 0.984175
    outer loop
      vertex 34.1896 -9.16272 -8.7952
      vertex 32.1896 -9.07119 -8.77872
      vertex 32.1896 -9.16272 -8.7952
    endloop
  endfacet
  facet normal 0 -0.134389 0.990929
    outer loop
      vertex 32.1896 -8.97902 -8.76622
      vertex 34.1896 -9.07119 -8.77872
      vertex 34.1896 -8.97902 -8.76622
    endloop
  endfacet
  facet normal 0 -0.134389 0.990929
    outer loop
      vertex 34.1896 -9.07119 -8.77872
      vertex 32.1896 -8.97902 -8.76622
      vertex 32.1896 -9.07119 -8.77872
    endloop
  endfacet
  facet normal 0 -0.0913888 0.995815
    outer loop
      vertex 32.1896 -8.8864 -8.75772
      vertex 34.1896 -8.97902 -8.76622
      vertex 34.1896 -8.8864 -8.75772
    endloop
  endfacet
  facet normal 0 -0.0913888 0.995815
    outer loop
      vertex 34.1896 -8.97902 -8.76622
      vertex 32.1896 -8.8864 -8.75772
      vertex 32.1896 -8.97902 -8.76622
    endloop
  endfacet
  facet normal 0 -0.0483825 0.998829
    outer loop
      vertex 32.1896 -8.7935 -8.75322
      vertex 34.1896 -8.8864 -8.75772
      vertex 34.1896 -8.7935 -8.75322
    endloop
  endfacet
  facet normal 0 -0.0483825 0.998829
    outer loop
      vertex 34.1896 -8.8864 -8.75772
      vertex 32.1896 -8.7935 -8.75322
      vertex 32.1896 -8.8864 -8.75772
    endloop
  endfacet
  facet normal 0 -0.00494618 0.999988
    outer loop
      vertex 32.1896 -8.7005 -8.75276
      vertex 34.1896 -8.7935 -8.75322
      vertex 34.1896 -8.7005 -8.75276
    endloop
  endfacet
  facet normal 0 -0.00494618 0.999988
    outer loop
      vertex 34.1896 -8.7935 -8.75322
      vertex 32.1896 -8.7005 -8.75276
      vertex 32.1896 -8.7935 -8.75322
    endloop
  endfacet
  facet normal -0 0.0381689 0.999271
    outer loop
      vertex 32.1896 -8.60756 -8.75631
      vertex 34.1896 -8.7005 -8.75276
      vertex 34.1896 -8.60756 -8.75631
    endloop
  endfacet
  facet normal 0 0.0381689 0.999271
    outer loop
      vertex 34.1896 -8.7005 -8.75276
      vertex 32.1896 -8.60756 -8.75631
      vertex 32.1896 -8.7005 -8.75276
    endloop
  endfacet
  facet normal -0 0.0813903 0.996682
    outer loop
      vertex 32.1896 -8.51486 -8.76388
      vertex 34.1896 -8.60756 -8.75631
      vertex 34.1896 -8.51486 -8.76388
    endloop
  endfacet
  facet normal 0 0.0813903 0.996682
    outer loop
      vertex 34.1896 -8.60756 -8.75631
      vertex 32.1896 -8.51486 -8.76388
      vertex 32.1896 -8.60756 -8.75631
    endloop
  endfacet
  facet normal -0 0.124498 0.99222
    outer loop
      vertex 32.1896 -8.42257 -8.77546
      vertex 34.1896 -8.51486 -8.76388
      vertex 34.1896 -8.42257 -8.77546
    endloop
  endfacet
  facet normal 0 0.124498 0.99222
    outer loop
      vertex 34.1896 -8.51486 -8.76388
      vertex 32.1896 -8.42257 -8.77546
      vertex 32.1896 -8.51486 -8.76388
    endloop
  endfacet
  facet normal -0 0.167206 0.985922
    outer loop
      vertex 32.1896 -8.33088 -8.79101
      vertex 34.1896 -8.42257 -8.77546
      vertex 34.1896 -8.33088 -8.79101
    endloop
  endfacet
  facet normal 0 0.167206 0.985922
    outer loop
      vertex 34.1896 -8.42257 -8.77546
      vertex 32.1896 -8.33088 -8.79101
      vertex 32.1896 -8.42257 -8.77546
    endloop
  endfacet
  facet normal -0 0.209661 0.977774
    outer loop
      vertex 32.1896 -8.23994 -8.81051
      vertex 34.1896 -8.33088 -8.79101
      vertex 34.1896 -8.23994 -8.81051
    endloop
  endfacet
  facet normal 0 0.209661 0.977774
    outer loop
      vertex 34.1896 -8.33088 -8.79101
      vertex 32.1896 -8.23994 -8.81051
      vertex 32.1896 -8.33088 -8.79101
    endloop
  endfacet
  facet normal -0 0.251783 0.967784
    outer loop
      vertex 32.1896 -8.14992 -8.83393
      vertex 34.1896 -8.23994 -8.81051
      vertex 34.1896 -8.14992 -8.83393
    endloop
  endfacet
  facet normal 0 0.251783 0.967784
    outer loop
      vertex 34.1896 -8.23994 -8.81051
      vertex 32.1896 -8.14992 -8.83393
      vertex 32.1896 -8.23994 -8.81051
    endloop
  endfacet
  facet normal -0 0.293428 0.955981
    outer loop
      vertex 32.1896 -8.06101 -8.86122
      vertex 34.1896 -8.14992 -8.83393
      vertex 34.1896 -8.06101 -8.86122
    endloop
  endfacet
  facet normal 0 0.293428 0.955981
    outer loop
      vertex 34.1896 -8.14992 -8.83393
      vertex 32.1896 -8.06101 -8.86122
      vertex 32.1896 -8.14992 -8.83393
    endloop
  endfacet
  facet normal -0 0.33449 0.942399
    outer loop
      vertex 32.1896 -7.97336 -8.89233
      vertex 34.1896 -8.06101 -8.86122
      vertex 34.1896 -7.97336 -8.89233
    endloop
  endfacet
  facet normal 0 0.33449 0.942399
    outer loop
      vertex 34.1896 -8.06101 -8.86122
      vertex 32.1896 -7.97336 -8.89233
      vertex 32.1896 -8.06101 -8.86122
    endloop
  endfacet
  facet normal -0 0.375021 0.927016
    outer loop
      vertex 32.1896 -7.88714 -8.92721
      vertex 34.1896 -7.97336 -8.89233
      vertex 34.1896 -7.88714 -8.92721
    endloop
  endfacet
  facet normal 0 0.375021 0.927016
    outer loop
      vertex 34.1896 -7.97336 -8.89233
      vertex 32.1896 -7.88714 -8.92721
      vertex 32.1896 -7.97336 -8.89233
    endloop
  endfacet
  facet normal -0 0.414669 0.909972
    outer loop
      vertex 32.1896 -7.8025 -8.96578
      vertex 34.1896 -7.88714 -8.92721
      vertex 34.1896 -7.8025 -8.96578
    endloop
  endfacet
  facet normal 0 0.414669 0.909972
    outer loop
      vertex 34.1896 -7.88714 -8.92721
      vertex 32.1896 -7.8025 -8.96578
      vertex 32.1896 -7.88714 -8.92721
    endloop
  endfacet
  facet normal -0 0.453654 0.891178
    outer loop
      vertex 32.1896 -7.71962 -9.00797
      vertex 34.1896 -7.8025 -8.96578
      vertex 34.1896 -7.71962 -9.00797
    endloop
  endfacet
  facet normal 0 0.453654 0.891178
    outer loop
      vertex 34.1896 -7.8025 -8.96578
      vertex 32.1896 -7.71962 -9.00797
      vertex 32.1896 -7.8025 -8.96578
    endloop
  endfacet
  facet normal -0 0.491756 0.870733
    outer loop
      vertex 32.1896 -7.63863 -9.05371
      vertex 34.1896 -7.71962 -9.00797
      vertex 34.1896 -7.63863 -9.05371
    endloop
  endfacet
  facet normal 0 0.491756 0.870733
    outer loop
      vertex 34.1896 -7.71962 -9.00797
      vertex 32.1896 -7.63863 -9.05371
      vertex 32.1896 -7.71962 -9.00797
    endloop
  endfacet
  facet normal -0 0.528984 0.848632
    outer loop
      vertex 32.1896 -7.5597 -9.10291
      vertex 34.1896 -7.63863 -9.05371
      vertex 34.1896 -7.5597 -9.10291
    endloop
  endfacet
  facet normal 0 0.528984 0.848632
    outer loop
      vertex 34.1896 -7.63863 -9.05371
      vertex 32.1896 -7.5597 -9.10291
      vertex 32.1896 -7.63863 -9.05371
    endloop
  endfacet
  facet normal -0 0.565127 0.825004
    outer loop
      vertex 32.1896 -7.48297 -9.15547
      vertex 34.1896 -7.5597 -9.10291
      vertex 34.1896 -7.48297 -9.15547
    endloop
  endfacet
  facet normal 0 0.565127 0.825004
    outer loop
      vertex 34.1896 -7.5597 -9.10291
      vertex 32.1896 -7.48297 -9.15547
      vertex 32.1896 -7.5597 -9.10291
    endloop
  endfacet
  facet normal -0 0.600378 0.799716
    outer loop
      vertex 32.1896 -7.40859 -9.21131
      vertex 34.1896 -7.48297 -9.15547
      vertex 34.1896 -7.40859 -9.21131
    endloop
  endfacet
  facet normal 0 0.600378 0.799716
    outer loop
      vertex 34.1896 -7.48297 -9.15547
      vertex 32.1896 -7.40859 -9.21131
      vertex 32.1896 -7.48297 -9.15547
    endloop
  endfacet
  facet normal -0 0.63435 0.773046
    outer loop
      vertex 32.1896 -7.33669 -9.27031
      vertex 34.1896 -7.40859 -9.21131
      vertex 34.1896 -7.33669 -9.27031
    endloop
  endfacet
  facet normal 0 0.63435 0.773046
    outer loop
      vertex 34.1896 -7.40859 -9.21131
      vertex 32.1896 -7.33669 -9.27031
      vertex 32.1896 -7.40859 -9.21131
    endloop
  endfacet
  facet normal -0 0.667169 0.744907
    outer loop
      vertex 32.1896 -7.26741 -9.33236
      vertex 34.1896 -7.33669 -9.27031
      vertex 34.1896 -7.26741 -9.33236
    endloop
  endfacet
  facet normal 0 0.667169 0.744907
    outer loop
      vertex 34.1896 -7.33669 -9.27031
      vertex 32.1896 -7.26741 -9.33236
      vertex 32.1896 -7.33669 -9.27031
    endloop
  endfacet
  facet normal -0 0.698834 0.715284
    outer loop
      vertex 32.1896 -7.20088 -9.39736
      vertex 34.1896 -7.26741 -9.33236
      vertex 34.1896 -7.20088 -9.39736
    endloop
  endfacet
  facet normal 0 0.698834 0.715284
    outer loop
      vertex 34.1896 -7.26741 -9.33236
      vertex 32.1896 -7.20088 -9.39736
      vertex 32.1896 -7.26741 -9.33236
    endloop
  endfacet
  facet normal 0 0.729014 0.684499
    outer loop
      vertex 34.1896 -7.13722 -9.46516
      vertex 32.1896 -7.20088 -9.39736
      vertex 34.1896 -7.20088 -9.39736
    endloop
  endfacet
  facet normal 0 0.729014 0.684499
    outer loop
      vertex 32.1896 -7.20088 -9.39736
      vertex 34.1896 -7.13722 -9.46516
      vertex 32.1896 -7.13722 -9.46516
    endloop
  endfacet
  facet normal 0 0.757973 0.652286
    outer loop
      vertex 34.1896 -7.07655 -9.53566
      vertex 32.1896 -7.13722 -9.46516
      vertex 34.1896 -7.13722 -9.46516
    endloop
  endfacet
  facet normal 0 0.757973 0.652286
    outer loop
      vertex 32.1896 -7.13722 -9.46516
      vertex 34.1896 -7.07655 -9.53566
      vertex 32.1896 -7.07655 -9.53566
    endloop
  endfacet
  facet normal 0 0.785504 0.618856
    outer loop
      vertex 34.1896 -7.01899 -9.60872
      vertex 32.1896 -7.07655 -9.53566
      vertex 34.1896 -7.07655 -9.53566
    endloop
  endfacet
  facet normal 0 0.785504 0.618856
    outer loop
      vertex 32.1896 -7.07655 -9.53566
      vertex 34.1896 -7.01899 -9.60872
      vertex 32.1896 -7.01899 -9.60872
    endloop
  endfacet
  facet normal 0 0.811563 0.584265
    outer loop
      vertex 34.1896 -6.96465 -9.6842
      vertex 32.1896 -7.01899 -9.60872
      vertex 34.1896 -7.01899 -9.60872
    endloop
  endfacet
  facet normal 0 0.811563 0.584265
    outer loop
      vertex 32.1896 -7.01899 -9.60872
      vertex 34.1896 -6.96465 -9.6842
      vertex 32.1896 -6.96465 -9.6842
    endloop
  endfacet
  facet normal 0 0.836048 0.548656
    outer loop
      vertex 34.1896 -6.91362 -9.76196
      vertex 32.1896 -6.96465 -9.6842
      vertex 34.1896 -6.96465 -9.6842
    endloop
  endfacet
  facet normal 0 0.836048 0.548656
    outer loop
      vertex 32.1896 -6.96465 -9.6842
      vertex 34.1896 -6.91362 -9.76196
      vertex 32.1896 -6.91362 -9.76196
    endloop
  endfacet
  facet normal 0 0.858932 0.51209
    outer loop
      vertex 34.1896 -6.86599 -9.84185
      vertex 32.1896 -6.91362 -9.76196
      vertex 34.1896 -6.91362 -9.76196
    endloop
  endfacet
  facet normal 0 0.858932 0.51209
    outer loop
      vertex 32.1896 -6.91362 -9.76196
      vertex 34.1896 -6.86599 -9.84185
      vertex 32.1896 -6.86599 -9.84185
    endloop
  endfacet
  facet normal 0 0.880309 0.474401
    outer loop
      vertex 34.1896 -6.82187 -9.92372
      vertex 32.1896 -6.86599 -9.84185
      vertex 34.1896 -6.86599 -9.84185
    endloop
  endfacet
  facet normal 0 0.880309 0.474401
    outer loop
      vertex 32.1896 -6.86599 -9.84185
      vertex 34.1896 -6.82187 -9.92372
      vertex 32.1896 -6.82187 -9.92372
    endloop
  endfacet
  facet normal 0 0.89995 0.435994
    outer loop
      vertex 34.1896 -6.78133 -10.0074
      vertex 32.1896 -6.82187 -9.92372
      vertex 34.1896 -6.82187 -9.92372
    endloop
  endfacet
  facet normal 0 0.89995 0.435994
    outer loop
      vertex 32.1896 -6.82187 -9.92372
      vertex 34.1896 -6.78133 -10.0074
      vertex 32.1896 -6.78133 -10.0074
    endloop
  endfacet
  facet normal 0 0.918091 0.39637
    outer loop
      vertex 34.1896 -6.74446 -10.0928
      vertex 32.1896 -6.78133 -10.0074
      vertex 34.1896 -6.78133 -10.0074
    endloop
  endfacet
  facet normal 0 0.918091 0.39637
    outer loop
      vertex 32.1896 -6.78133 -10.0074
      vertex 34.1896 -6.74446 -10.0928
      vertex 32.1896 -6.74446 -10.0928
    endloop
  endfacet
  facet normal 0 0.93429 0.356514
    outer loop
      vertex 34.1896 -6.7113 -10.1797
      vertex 32.1896 -6.74446 -10.0928
      vertex 34.1896 -6.74446 -10.0928
    endloop
  endfacet
  facet normal 0 0.93429 0.356514
    outer loop
      vertex 32.1896 -6.74446 -10.0928
      vertex 34.1896 -6.7113 -10.1797
      vertex 32.1896 -6.7113 -10.1797
    endloop
  endfacet
  facet normal 0 0.948919 0.315518
    outer loop
      vertex 34.1896 -6.68194 -10.268
      vertex 32.1896 -6.7113 -10.1797
      vertex 34.1896 -6.7113 -10.1797
    endloop
  endfacet
  facet normal 0 0.948919 0.315518
    outer loop
      vertex 32.1896 -6.7113 -10.1797
      vertex 34.1896 -6.68194 -10.268
      vertex 32.1896 -6.68194 -10.268
    endloop
  endfacet
  facet normal 0 0.961589 0.274494
    outer loop
      vertex 34.1896 -6.65642 -10.3574
      vertex 32.1896 -6.68194 -10.268
      vertex 34.1896 -6.68194 -10.268
    endloop
  endfacet
  facet normal 0 0.961589 0.274494
    outer loop
      vertex 32.1896 -6.68194 -10.268
      vertex 34.1896 -6.65642 -10.3574
      vertex 32.1896 -6.65642 -10.3574
    endloop
  endfacet
  facet normal 0 0.972606 0.232458
    outer loop
      vertex 34.1896 -6.63479 -10.4479
      vertex 32.1896 -6.65642 -10.3574
      vertex 34.1896 -6.65642 -10.3574
    endloop
  endfacet
  facet normal 0 0.972606 0.232458
    outer loop
      vertex 32.1896 -6.65642 -10.3574
      vertex 34.1896 -6.63479 -10.4479
      vertex 32.1896 -6.63479 -10.4479
    endloop
  endfacet
  facet normal 0 0.981742 0.190219
    outer loop
      vertex 34.1896 -6.6171 -10.5392
      vertex 32.1896 -6.63479 -10.4479
      vertex 34.1896 -6.63479 -10.4479
    endloop
  endfacet
  facet normal 0 0.981742 0.190219
    outer loop
      vertex 32.1896 -6.63479 -10.4479
      vertex 34.1896 -6.6171 -10.5392
      vertex 32.1896 -6.6171 -10.5392
    endloop
  endfacet
  facet normal 0 0.989046 0.147604
    outer loop
      vertex 34.1896 -6.60337 -10.6312
      vertex 32.1896 -6.6171 -10.5392
      vertex 34.1896 -6.6171 -10.5392
    endloop
  endfacet
  facet normal 0 0.989046 0.147604
    outer loop
      vertex 32.1896 -6.6171 -10.5392
      vertex 34.1896 -6.60337 -10.6312
      vertex 32.1896 -6.60337 -10.6312
    endloop
  endfacet
  facet normal 0 0.994502 0.104718
    outer loop
      vertex 34.1896 -6.59363 -10.7237
      vertex 32.1896 -6.60337 -10.6312
      vertex 34.1896 -6.60337 -10.6312
    endloop
  endfacet
  facet normal 0 0.994502 0.104718
    outer loop
      vertex 32.1896 -6.60337 -10.6312
      vertex 34.1896 -6.59363 -10.7237
      vertex 32.1896 -6.59363 -10.7237
    endloop
  endfacet
  facet normal 0 0.998099 0.0616283
    outer loop
      vertex 34.1896 -6.5879 -10.8165
      vertex 32.1896 -6.59363 -10.7237
      vertex 34.1896 -6.59363 -10.7237
    endloop
  endfacet
  facet normal 0 0.998099 0.0616283
    outer loop
      vertex 32.1896 -6.59363 -10.7237
      vertex 34.1896 -6.5879 -10.8165
      vertex 32.1896 -6.5879 -10.8165
    endloop
  endfacet
  facet normal 0 0.999831 0.018384
    outer loop
      vertex 34.1896 -6.58619 -10.9095
      vertex 32.1896 -6.5879 -10.8165
      vertex 34.1896 -6.5879 -10.8165
    endloop
  endfacet
  facet normal 0 0.999831 0.018384
    outer loop
      vertex 32.1896 -6.5879 -10.8165
      vertex 34.1896 -6.58619 -10.9095
      vertex 32.1896 -6.58619 -10.9095
    endloop
  endfacet
  facet normal 0 0.999689 -0.0249385
    outer loop
      vertex 34.1896 -6.58851 -11.0025
      vertex 32.1896 -6.58619 -10.9095
      vertex 34.1896 -6.58619 -10.9095
    endloop
  endfacet
  facet normal 0 0.999689 -0.0249385
    outer loop
      vertex 32.1896 -6.58619 -10.9095
      vertex 34.1896 -6.58851 -11.0025
      vertex 32.1896 -6.58851 -11.0025
    endloop
  endfacet
  facet normal 1 -0 0
    outer loop
      vertex 34.1896 -7.58618 -10.9025
      vertex 34.1896 -6.58619 -10.9095
      vertex 34.1896 -6.5879 -10.8165
    endloop
  endfacet
  facet normal 1 0 0
    outer loop
      vertex 34.1896 -7.58728 -10.8523
      vertex 34.1896 -6.5879 -10.8165
      vertex 34.1896 -6.59363 -10.7237
    endloop
  endfacet
  facet normal 1 -0 0
    outer loop
      vertex 34.1896 0.511816 -11.0025
      vertex 34.1896 2.50445 -11.1926
      vertex 34.1896 2.51271 -11.0025
    endloop
  endfacet
  facet normal 1 0 0
    outer loop
      vertex 34.1896 2.50445 -11.1926
      vertex 34.1896 0.505184 -11.11
      vertex 34.1896 2.48816 -11.3823
    endloop
  endfacet
  facet normal 1 -0 0
    outer loop
      vertex 34.1896 0.493919 -11.2173
      vertex 34.1896 2.48816 -11.3823
      vertex 34.1896 0.505184 -11.11
    endloop
  endfacet
  facet normal 1 -0 0
    outer loop
      vertex 34.1896 0.478044 -11.3239
      vertex 34.1896 2.46387 -11.5711
      vertex 34.1896 0.493919 -11.2173
    endloop
  endfacet
  facet normal 1 0 0
    outer loop
      vertex 34.1896 2.46387 -11.5711
      vertex 34.1896 0.478044 -11.3239
      vertex 34.1896 2.43161 -11.7587
    endloop
  endfacet
  facet normal 1 0 0
    outer loop
      vertex 34.1896 2.43161 -11.7587
      vertex 34.1896 0.457587 -11.4297
      vertex 34.1896 2.39145 -11.9448
    endloop
  endfacet
  facet normal 1 -0 0
    outer loop
      vertex 34.1896 0.432588 -11.5346
      vertex 34.1896 2.39145 -11.9448
      vertex 34.1896 0.457587 -11.4297
    endloop
  endfacet
  facet normal 1 -0 0
    outer loop
      vertex 34.1896 0.403091 -11.6382
      vertex 34.1896 2.34345 -12.129
      vertex 34.1896 0.432588 -11.5346
    endloop
  endfacet
  facet normal 1 0 0
    outer loop
      vertex 34.1896 2.34345 -12.129
      vertex 34.1896 0.403091 -11.6382
      vertex 34.1896 2.2877 -12.311
    endloop
  endfacet
  facet normal 1 0 0
    outer loop
      vertex 34.1896 2.2877 -12.311
      vertex 34.1896 0.369153 -11.7406
      vertex 34.1896 2.22431 -12.4905
    endloop
  endfacet
  facet normal 1 -0 0
    outer loop
      vertex 34.1896 0.330835 -11.8413
      vertex 34.1896 2.22431 -12.4905
      vertex 34.1896 0.369153 -11.7406
    endloop
  endfacet
  facet normal 1 -0 0
    outer loop
      vertex 34.1896 0.288211 -11.9403
      vertex 34.1896 2.15339 -12.6671
      vertex 34.1896 0.330835 -11.8413
    endloop
  endfacet
  facet normal 1 0 0
    outer loop
      vertex 34.1896 2.15339 -12.6671
      vertex 34.1896 0.288211 -11.9403
      vertex 34.1896 2.07506 -12.8406
    endloop
  endfacet
  facet normal 1 0 0
    outer loop
      vertex 34.1896 2.07506 -12.8406
      vertex 34.1896 0.241358 -12.0374
      vertex 34.1896 1.98946 -13.0106
    endloop
  endfacet
  facet normal 1 -0 0
    outer loop
      vertex 34.1896 0.190363 -12.1324
      vertex 34.1896 1.98946 -13.0106
      vertex 34.1896 0.241358 -12.0374
    endloop
  endfacet
  facet normal 1 0 0
    outer loop
      vertex 34.1896 2.50445 -11.1926
      vertex 34.1896 0.511816 -11.0025
      vertex 34.1896 0.505184 -11.11
    endloop
  endfacet
  facet normal 1 0 0
    outer loop
      vertex 34.1896 2.48816 -11.3823
      vertex 34.1896 0.493919 -11.2173
      vertex 34.1896 2.46387 -11.5711
    endloop
  endfacet
  facet normal 1 -0 0
    outer loop
      vertex 34.1896 0.457587 -11.4297
      vertex 34.1896 2.43161 -11.7587
      vertex 34.1896 0.478044 -11.3239
    endloop
  endfacet
  facet normal 1 0 0
    outer loop
      vertex 34.1896 2.39145 -11.9448
      vertex 34.1896 0.432588 -11.5346
      vertex 34.1896 2.34345 -12.129
    endloop
  endfacet
  facet normal 1 -0 0
    outer loop
      vertex 34.1896 0.369153 -11.7406
      vertex 34.1896 2.2877 -12.311
      vertex 34.1896 0.403091 -11.6382
    endloop
  endfacet
  facet normal 1 0 0
    outer loop
      vertex 34.1896 2.22431 -12.4905
      vertex 34.1896 0.330835 -11.8413
      vertex 34.1896 2.15339 -12.6671
    endloop
  endfacet
  facet normal 1 -0 0
    outer loop
      vertex 34.1896 0.241358 -12.0374
      vertex 34.1896 2.07506 -12.8406
      vertex 34.1896 0.288211 -11.9403
    endloop
  endfacet
  facet normal 1 0 0
    outer loop
      vertex 34.1896 1.98946 -13.0106
      vertex 34.1896 0.190363 -12.1324
      vertex 34.1896 1.89674 -13.1769
    endloop
  endfacet
  facet normal 1 -0 0
    outer loop
      vertex 34.1896 0.135323 -12.225
      vertex 34.1896 1.89674 -13.1769
      vertex 34.1896 0.190363 -12.1324
    endloop
  endfacet
  facet normal 1 0 0
    outer loop
      vertex 34.1896 1.89674 -13.1769
      vertex 34.1896 0.135323 -12.225
      vertex 34.1896 1.79708 -13.339
    endloop
  endfacet
  facet normal 1 -0 0
    outer loop
      vertex 34.1896 0.0763369 -12.3153
      vertex 34.1896 1.79708 -13.339
      vertex 34.1896 0.135323 -12.225
    endloop
  endfacet
  facet normal 1 0 0
    outer loop
      vertex 34.1896 1.79708 -13.339
      vertex 34.1896 0.0763369 -12.3153
      vertex 34.1896 1.69065 -13.4969
    endloop
  endfacet
  facet normal 1 -0 0
    outer loop
      vertex 34.1896 0.0135174 -12.4029
      vertex 34.1896 1.69065 -13.4969
      vertex 34.1896 0.0763369 -12.3153
    endloop
  endfacet
  facet normal 1 0 0
    outer loop
      vertex 34.1896 1.69065 -13.4969
      vertex 34.1896 0.0135174 -12.4029
      vertex 34.1896 1.57764 -13.65
    endloop
  endfacet
  facet normal 1 -0 0
    outer loop
      vertex 34.1896 -0.0530186 -12.4877
      vertex 34.1896 1.57764 -13.65
      vertex 34.1896 0.0135174 -12.4029
    endloop
  endfacet
  facet normal 1 0 0
    outer loop
      vertex 34.1896 1.57764 -13.65
      vertex 34.1896 -0.0530186 -12.4877
      vertex 34.1896 1.45825 -13.7983
    endloop
  endfacet
  facet normal 1 -0 0
    outer loop
      vertex 34.1896 -0.12315 -12.5695
      vertex 34.1896 1.45825 -13.7983
      vertex 34.1896 -0.0530186 -12.4877
    endloop
  endfacet
  facet normal 1 -0 0
    outer loop
      vertex 34.1896 -0.196744 -12.6483
      vertex 34.1896 1.45825 -13.7983
      vertex 34.1896 -0.12315 -12.5695
    endloop
  endfacet
  facet normal 1 -0 0
    outer loop
      vertex 34.1896 -0.273665 -12.7238
      vertex 34.1896 1.45825 -13.7983
      vertex 34.1896 -0.196744 -12.6483
    endloop
  endfacet
  facet normal 1 -0 0
    outer loop
      vertex 34.1896 -0.35377 -12.7959
      vertex 34.1896 1.45825 -13.7983
      vertex 34.1896 -0.273665 -12.7238
    endloop
  endfacet
  facet normal 1 -0 0
    outer loop
      vertex 34.1896 -0.436911 -12.8645
      vertex 34.1896 1.45825 -13.7983
      vertex 34.1896 -0.35377 -12.7959
    endloop
  endfacet
  facet normal 1 -0 0
    outer loop
      vertex 34.1896 -0.522931 -12.9295
      vertex 34.1896 1.45825 -13.7983
      vertex 34.1896 -0.436911 -12.8645
    endloop
  endfacet
  facet normal 1 -0 0
    outer loop
      vertex 34.1896 -0.611671 -12.9907
      vertex 34.1896 1.45825 -13.7983
      vertex 34.1896 -0.522931 -12.9295
    endloop
  endfacet
  facet normal 1 -0 0
    outer loop
      vertex 34.1896 -0.702968 -13.048
      vertex 34.1896 1.45825 -13.7983
      vertex 34.1896 -0.611671 -12.9907
    endloop
  endfacet
  facet normal 1 -0 0
    outer loop
      vertex 34.1896 -0.796649 -13.1013
      vertex 34.1896 1.45825 -13.7983
      vertex 34.1896 -0.702968 -13.048
    endloop
  endfacet
  facet normal 1 0 0
    outer loop
      vertex 34.1896 1.45825 -13.7983
      vertex 34.1896 -0.796649 -13.1013
      vertex 34.1896 0.56911 -16.25
    endloop
  endfacet
  facet normal 1 -0 0
    outer loop
      vertex 34.1896 -0.892542 -13.1506
      vertex 34.1896 0.56911 -16.25
      vertex 34.1896 -0.796649 -13.1013
    endloop
  endfacet
  facet normal 1 -0 0
    outer loop
      vertex 34.1896 -0.990468 -13.1956
      vertex 34.1896 0.56911 -16.25
      vertex 34.1896 -0.892542 -13.1506
    endloop
  endfacet
  facet normal 1 -0 0
    outer loop
      vertex 34.1896 -1.09025 -13.2364
      vertex 34.1896 0.56911 -16.25
      vertex 34.1896 -0.990468 -13.1956
    endloop
  endfacet
  facet normal 1 -0 0
    outer loop
      vertex 34.1896 -1.19169 -13.2729
      vertex 34.1896 0.56911 -16.25
      vertex 34.1896 -1.09025 -13.2364
    endloop
  endfacet
  facet normal 1 -0 0
    outer loop
      vertex 34.1896 -1.29461 -13.3049
      vertex 34.1896 0.56911 -16.25
      vertex 34.1896 -1.19169 -13.2729
    endloop
  endfacet
  facet normal 1 -0 0
    outer loop
      vertex 34.1896 -1.39881 -13.3325
      vertex 34.1896 0.56911 -16.25
      vertex 34.1896 -1.29461 -13.3049
    endloop
  endfacet
  facet normal 1 -0 0
    outer loop
      vertex 34.1896 -1.50411 -13.3555
      vertex 34.1896 0.56911 -16.25
      vertex 34.1896 -1.39881 -13.3325
    endloop
  endfacet
  facet normal 1 -0 0
    outer loop
      vertex 34.1896 -1.61031 -13.374
      vertex 34.1896 0.56911 -16.25
      vertex 34.1896 -1.50411 -13.3555
    endloop
  endfacet
  facet normal 1 -0 0
    outer loop
      vertex 34.1896 -1.7172 -13.3879
      vertex 34.1896 0.56911 -16.25
      vertex 34.1896 -1.61031 -13.374
    endloop
  endfacet
  facet normal 1 -0 0
    outer loop
      vertex 34.1896 -1.82459 -13.3972
      vertex 34.1896 0.56911 -16.25
      vertex 34.1896 -1.7172 -13.3879
    endloop
  endfacet
  facet normal 1 -0 0
    outer loop
      vertex 34.1896 -1.93229 -13.4019
      vertex 34.1896 0.56911 -16.25
      vertex 34.1896 -1.82459 -13.3972
    endloop
  endfacet
  facet normal 1 -0 0
    outer loop
      vertex 34.1896 -2.04008 -13.4019
      vertex 34.1896 0.56911 -16.25
      vertex 34.1896 -1.93229 -13.4019
    endloop
  endfacet
  facet normal 1 0 0
    outer loop
      vertex 34.1896 -4.54147 -16.25
      vertex 34.1896 -2.04008 -13.4019
      vertex 34.1896 -2.14777 -13.3972
    endloop
  endfacet
  facet normal 1 0 0
    outer loop
      vertex 34.1896 -4.54147 -16.25
      vertex 34.1896 -2.14777 -13.3972
      vertex 34.1896 -2.25517 -13.3879
    endloop
  endfacet
  facet normal 1 0 0
    outer loop
      vertex 34.1896 -4.54147 -16.25
      vertex 34.1896 -2.25517 -13.3879
      vertex 34.1896 -2.36206 -13.374
    endloop
  endfacet
  facet normal 1 0 0
    outer loop
      vertex 34.1896 -4.54147 -16.25
      vertex 34.1896 -2.36206 -13.374
      vertex 34.1896 -2.46825 -13.3555
    endloop
  endfacet
  facet normal 1 0 0
    outer loop
      vertex 34.1896 -4.54147 -16.25
      vertex 34.1896 -2.46825 -13.3555
      vertex 34.1896 -2.57355 -13.3325
    endloop
  endfacet
  facet normal 1 0 0
    outer loop
      vertex 34.1896 -4.54147 -16.25
      vertex 34.1896 -2.57355 -13.3325
      vertex 34.1896 -2.67776 -13.3049
    endloop
  endfacet
  facet normal 1 0 0
    outer loop
      vertex 34.1896 -4.54147 -16.25
      vertex 34.1896 -2.67776 -13.3049
      vertex 34.1896 -2.78067 -13.2729
    endloop
  endfacet
  facet normal 1 0 0
    outer loop
      vertex 34.1896 -4.54147 -16.25
      vertex 34.1896 -2.78067 -13.2729
      vertex 34.1896 -2.88212 -13.2364
    endloop
  endfacet
  facet normal 1 0 0
    outer loop
      vertex 34.1896 -4.54147 -16.25
      vertex 34.1896 -2.88212 -13.2364
      vertex 34.1896 -2.9819 -13.1956
    endloop
  endfacet
  facet normal 1 0 0
    outer loop
      vertex 34.1896 -4.54147 -16.25
      vertex 34.1896 -2.9819 -13.1956
      vertex 34.1896 -3.07982 -13.1506
    endloop
  endfacet
  facet normal 1 0 0
    outer loop
      vertex 34.1896 -4.54147 -16.25
      vertex 34.1896 -3.07982 -13.1506
      vertex 34.1896 -3.17571 -13.1013
    endloop
  endfacet
  facet normal 1 0 0
    outer loop
      vertex 34.1896 -5.43062 -13.7983
      vertex 34.1896 -3.17571 -13.1013
      vertex 34.1896 -3.2694 -13.048
    endloop
  endfacet
  facet normal 1 0 0
    outer loop
      vertex 34.1896 -5.43062 -13.7983
      vertex 34.1896 -3.2694 -13.048
      vertex 34.1896 -3.36069 -12.9907
    endloop
  endfacet
  facet normal 1 0 0
    outer loop
      vertex 34.1896 -5.43062 -13.7983
      vertex 34.1896 -3.36069 -12.9907
      vertex 34.1896 -3.44943 -12.9295
    endloop
  endfacet
  facet normal 1 0 0
    outer loop
      vertex 34.1896 -5.43062 -13.7983
      vertex 34.1896 -3.44943 -12.9295
      vertex 34.1896 -3.53545 -12.8645
    endloop
  endfacet
  facet normal 1 0 0
    outer loop
      vertex 34.1896 -2.04008 -13.4019
      vertex 34.1896 -4.54147 -16.25
      vertex 34.1896 0.56911 -16.25
    endloop
  endfacet
  facet normal 1 0 0
    outer loop
      vertex 34.1896 -5.43062 -13.7983
      vertex 34.1896 -3.53545 -12.8645
      vertex 34.1896 -3.61859 -12.7959
    endloop
  endfacet
  facet normal 1 0 0
    outer loop
      vertex 34.1896 -5.43062 -13.7983
      vertex 34.1896 -3.61859 -12.7959
      vertex 34.1896 -3.6987 -12.7238
    endloop
  endfacet
  facet normal 1 0 0
    outer loop
      vertex 34.1896 -5.43062 -13.7983
      vertex 34.1896 -3.6987 -12.7238
      vertex 34.1896 -3.77562 -12.6483
    endloop
  endfacet
  facet normal 1 0 0
    outer loop
      vertex 34.1896 -5.43062 -13.7983
      vertex 34.1896 -3.77562 -12.6483
      vertex 34.1896 -3.84921 -12.5695
    endloop
  endfacet
  facet normal 1 0 0
    outer loop
      vertex 34.1896 -5.43062 -13.7983
      vertex 34.1896 -3.84921 -12.5695
      vertex 34.1896 -3.91935 -12.4877
    endloop
  endfacet
  facet normal 1 0 0
    outer loop
      vertex 34.1896 -5.50436 -13.7123
      vertex 34.1896 -3.91935 -12.4877
      vertex 34.1896 -3.98588 -12.4029
    endloop
  endfacet
  facet normal 1 0 0
    outer loop
      vertex 34.1896 -5.56169 -13.6514
      vertex 34.1896 -3.98588 -12.4029
      vertex 34.1896 -4.0487 -12.3153
    endloop
  endfacet
  facet normal 1 0 0
    outer loop
      vertex 34.1896 -5.62152 -13.5929
      vertex 34.1896 -4.0487 -12.3153
      vertex 34.1896 -4.10769 -12.225
    endloop
  endfacet
  facet normal 1 0 0
    outer loop
      vertex 34.1896 -5.68374 -13.537
      vertex 34.1896 -4.10769 -12.225
      vertex 34.1896 -4.16273 -12.1324
    endloop
  endfacet
  facet normal 1 0 0
    outer loop
      vertex 34.1896 -5.74825 -13.4838
      vertex 34.1896 -4.16273 -12.1324
      vertex 34.1896 -4.21372 -12.0374
    endloop
  endfacet
  facet normal 1 0 0
    outer loop
      vertex 34.1896 -5.88365 -13.3856
      vertex 34.1896 -4.21372 -12.0374
      vertex 34.1896 -4.26058 -11.9403
    endloop
  endfacet
  facet normal 1 0 0
    outer loop
      vertex 34.1896 -5.9543 -13.3409
      vertex 34.1896 -4.26058 -11.9403
      vertex 34.1896 -4.3032 -11.8413
    endloop
  endfacet
  facet normal 1 0 0
    outer loop
      vertex 34.1896 -6.02677 -13.2991
      vertex 34.1896 -4.3032 -11.8413
      vertex 34.1896 -4.34152 -11.7406
    endloop
  endfacet
  facet normal 1 0 0
    outer loop
      vertex 34.1896 -6.10093 -13.2604
      vertex 34.1896 -4.34152 -11.7406
      vertex 34.1896 -4.37546 -11.6382
    endloop
  endfacet
  facet normal 1 0 0
    outer loop
      vertex 34.1896 -6.58851 -11.0025
      vertex 34.1896 -4.37546 -11.6382
      vertex 34.1896 -4.40495 -11.5346
    endloop
  endfacet
  facet normal 1 0 0
    outer loop
      vertex 34.1896 -6.58851 -11.0025
      vertex 34.1896 -4.40495 -11.5346
      vertex 34.1896 -4.42995 -11.4297
    endloop
  endfacet
  facet normal 1 0 0
    outer loop
      vertex 34.1896 -6.58851 -11.0025
      vertex 34.1896 -4.42995 -11.4297
      vertex 34.1896 -4.45041 -11.3239
    endloop
  endfacet
  facet normal 1 0 0
    outer loop
      vertex 34.1896 -6.58851 -11.0025
      vertex 34.1896 -4.45041 -11.3239
      vertex 34.1896 -4.46628 -11.2173
    endloop
  endfacet
  facet normal 1 0 0
    outer loop
      vertex 34.1896 -6.58851 -11.0025
      vertex 34.1896 -4.46628 -11.2173
      vertex 34.1896 -4.47755 -11.11
    endloop
  endfacet
  facet normal 1 -0 0
    outer loop
      vertex 34.1896 -6.58851 -11.0025
      vertex 34.1896 -4.47755 -11.11
      vertex 34.1896 -4.48418 -11.0025
    endloop
  endfacet
  facet normal 1 0 0
    outer loop
      vertex 34.1896 -3.17571 -13.1013
      vertex 34.1896 -5.43062 -13.7983
      vertex 34.1896 -4.54147 -16.25
    endloop
  endfacet
  facet normal 1 0 0
    outer loop
      vertex 34.1896 -3.91935 -12.4877
      vertex 34.1896 -5.44962 -13.7755
      vertex 34.1896 -5.43062 -13.7983
    endloop
  endfacet
  facet normal 1 0 0
    outer loop
      vertex 34.1896 -3.91935 -12.4877
      vertex 34.1896 -5.50436 -13.7123
      vertex 34.1896 -5.44962 -13.7755
    endloop
  endfacet
  facet normal 1 0 0
    outer loop
      vertex 34.1896 -3.98588 -12.4029
      vertex 34.1896 -5.56169 -13.6514
      vertex 34.1896 -5.50436 -13.7123
    endloop
  endfacet
  facet normal 1 0 0
    outer loop
      vertex 34.1896 -4.0487 -12.3153
      vertex 34.1896 -5.62152 -13.5929
      vertex 34.1896 -5.56169 -13.6514
    endloop
  endfacet
  facet normal 1 0 0
    outer loop
      vertex 34.1896 -4.10769 -12.225
      vertex 34.1896 -5.68374 -13.537
      vertex 34.1896 -5.62152 -13.5929
    endloop
  endfacet
  facet normal 1 0 0
    outer loop
      vertex 34.1896 -4.16273 -12.1324
      vertex 34.1896 -5.74825 -13.4838
      vertex 34.1896 -5.68374 -13.537
    endloop
  endfacet
  facet normal 1 0 0
    outer loop
      vertex 34.1896 -4.21372 -12.0374
      vertex 34.1896 -5.81492 -13.4333
      vertex 34.1896 -5.74825 -13.4838
    endloop
  endfacet
  facet normal 1 0 0
    outer loop
      vertex 34.1896 -4.21372 -12.0374
      vertex 34.1896 -5.88365 -13.3856
      vertex 34.1896 -5.81492 -13.4333
    endloop
  endfacet
  facet normal 1 0 0
    outer loop
      vertex 34.1896 -4.26058 -11.9403
      vertex 34.1896 -5.9543 -13.3409
      vertex 34.1896 -5.88365 -13.3856
    endloop
  endfacet
  facet normal 1 0 0
    outer loop
      vertex 34.1896 -4.3032 -11.8413
      vertex 34.1896 -6.02677 -13.2991
      vertex 34.1896 -5.9543 -13.3409
    endloop
  endfacet
  facet normal 1 0 0
    outer loop
      vertex 34.1896 -4.34152 -11.7406
      vertex 34.1896 -6.10093 -13.2604
      vertex 34.1896 -6.02677 -13.2991
    endloop
  endfacet
  facet normal 1 0 0
    outer loop
      vertex 34.1896 -4.37546 -11.6382
      vertex 34.1896 -6.17663 -13.2248
      vertex 34.1896 -6.10093 -13.2604
    endloop
  endfacet
  facet normal 1 0 0
    outer loop
      vertex 34.1896 -4.37546 -11.6382
      vertex 34.1896 -6.58851 -11.0025
      vertex 34.1896 -6.17663 -13.2248
    endloop
  endfacet
  facet normal 1 0 0
    outer loop
      vertex 34.1896 -6.17663 -13.2248
      vertex 34.1896 -6.58851 -11.0025
      vertex 34.1896 -6.25376 -13.1925
    endloop
  endfacet
  facet normal 1 0 0
    outer loop
      vertex 34.1896 -6.25376 -13.1925
      vertex 34.1896 -6.58851 -11.0025
      vertex 34.1896 -6.33217 -13.1634
    endloop
  endfacet
  facet normal 1 0 0
    outer loop
      vertex 34.1896 -6.33217 -13.1634
      vertex 34.1896 -6.58851 -11.0025
      vertex 34.1896 -6.41173 -13.1376
    endloop
  endfacet
  facet normal 1 0 0
    outer loop
      vertex 34.1896 -6.41173 -13.1376
      vertex 34.1896 -6.58851 -11.0025
      vertex 34.1896 -6.4923 -13.1151
    endloop
  endfacet
  facet normal 1 0 0
    outer loop
      vertex 34.1896 -6.4923 -13.1151
      vertex 34.1896 -6.58851 -11.0025
      vertex 34.1896 -6.57374 -13.096
    endloop
  endfacet
  facet normal 1 0 0
    outer loop
      vertex 34.1896 -7.58728 -10.9526
      vertex 34.1896 -6.58619 -10.9095
      vertex 34.1896 -7.58618 -10.9025
    endloop
  endfacet
  facet normal 1 0 0
    outer loop
      vertex 34.1896 -7.59056 -10.8022
      vertex 34.1896 -6.59363 -10.7237
      vertex 34.1896 -6.60337 -10.6312
    endloop
  endfacet
  facet normal 1 0 0
    outer loop
      vertex 34.1896 -7.59602 -10.7524
      vertex 34.1896 -6.60337 -10.6312
      vertex 34.1896 -6.6171 -10.5392
    endloop
  endfacet
  facet normal 1 0 0
    outer loop
      vertex 34.1896 -7.60365 -10.7028
      vertex 34.1896 -6.6171 -10.5392
      vertex 34.1896 -6.63479 -10.4479
    endloop
  endfacet
  facet normal 1 0 0
    outer loop
      vertex 34.1896 -6.58851 -11.0025
      vertex 34.1896 -6.6559 -13.0804
      vertex 34.1896 -6.57374 -13.096
    endloop
  endfacet
  facet normal 1 0 0
    outer loop
      vertex 34.1896 -7.61344 -10.6536
      vertex 34.1896 -6.63479 -10.4479
      vertex 34.1896 -6.65642 -10.3574
    endloop
  endfacet
  facet normal 1 0 0
    outer loop
      vertex 34.1896 -7.62537 -10.6048
      vertex 34.1896 -6.65642 -10.3574
      vertex 34.1896 -6.68194 -10.268
    endloop
  endfacet
  facet normal 1 0 0
    outer loop
      vertex 34.1896 -7.63941 -10.5566
      vertex 34.1896 -6.68194 -10.268
      vertex 34.1896 -6.7113 -10.1797
    endloop
  endfacet
  facet normal 1 0 0
    outer loop
      vertex 34.1896 -6.58851 -11.0025
      vertex 34.1896 -7.62537 -11.2001
      vertex 34.1896 -7.63941 -11.2483
    endloop
  endfacet
  facet normal 1 0 0
    outer loop
      vertex 34.1896 -7.65554 -10.5091
      vertex 34.1896 -6.7113 -10.1797
      vertex 34.1896 -6.74446 -10.0928
    endloop
  endfacet
  facet normal 1 0 0
    outer loop
      vertex 34.1896 -7.67372 -10.4624
      vertex 34.1896 -6.74446 -10.0928
      vertex 34.1896 -6.78133 -10.0074
    endloop
  endfacet
  facet normal 1 0 0
    outer loop
      vertex 34.1896 -6.58851 -11.0025
      vertex 34.1896 -7.61344 -11.1514
      vertex 34.1896 -7.62537 -11.2001
    endloop
  endfacet
  facet normal 1 0 0
    outer loop
      vertex 34.1896 -7.69393 -10.4164
      vertex 34.1896 -6.78133 -10.0074
      vertex 34.1896 -6.82187 -9.92372
    endloop
  endfacet
  facet normal 1 0 0
    outer loop
      vertex 34.1896 -7.71612 -10.3714
      vertex 34.1896 -6.82187 -9.92372
      vertex 34.1896 -6.86599 -9.84185
    endloop
  endfacet
  facet normal 1 0 0
    outer loop
      vertex 34.1896 -6.58851 -11.0025
      vertex 34.1896 -7.60365 -11.1022
      vertex 34.1896 -7.61344 -11.1514
    endloop
  endfacet
  facet normal 1 0 0
    outer loop
      vertex 34.1896 -7.74025 -10.3275
      vertex 34.1896 -6.86599 -9.84185
      vertex 34.1896 -6.91362 -9.76196
    endloop
  endfacet
  facet normal 1 0 0
    outer loop
      vertex 34.1896 -7.76628 -10.2846
      vertex 34.1896 -6.91362 -9.76196
      vertex 34.1896 -6.96465 -9.6842
    endloop
  endfacet
  facet normal 1 0 0
    outer loop
      vertex 34.1896 -6.58851 -11.0025
      vertex 34.1896 -7.59602 -11.0526
      vertex 34.1896 -7.60365 -11.1022
    endloop
  endfacet
  facet normal 1 0 0
    outer loop
      vertex 34.1896 -7.79416 -10.2428
      vertex 34.1896 -6.96465 -9.6842
      vertex 34.1896 -7.01899 -9.60872
    endloop
  endfacet
  facet normal 1 0 0
    outer loop
      vertex 34.1896 -7.82383 -10.2024
      vertex 34.1896 -7.01899 -9.60872
      vertex 34.1896 -7.07655 -9.53566
    endloop
  endfacet
  facet normal 1 0 0
    outer loop
      vertex 34.1896 -7.85523 -10.1633
      vertex 34.1896 -7.07655 -9.53566
      vertex 34.1896 -7.13722 -9.46516
    endloop
  endfacet
  facet normal 1 0 0
    outer loop
      vertex 34.1896 -7.88831 -10.1255
      vertex 34.1896 -7.13722 -9.46516
      vertex 34.1896 -7.20088 -9.39736
    endloop
  endfacet
  facet normal 1 0 0
    outer loop
      vertex 34.1896 -7.92301 -10.0893
      vertex 34.1896 -7.20088 -9.39736
      vertex 34.1896 -7.26741 -9.33236
    endloop
  endfacet
  facet normal 1 0 0
    outer loop
      vertex 34.1896 -7.95925 -10.0546
      vertex 34.1896 -7.26741 -9.33236
      vertex 34.1896 -7.33669 -9.27031
    endloop
  endfacet
  facet normal 1 0 0
    outer loop
      vertex 34.1896 -7.99698 -10.0215
      vertex 34.1896 -7.33669 -9.27031
      vertex 34.1896 -7.40859 -9.21131
    endloop
  endfacet
  facet normal 1 0 0
    outer loop
      vertex 34.1896 -8.03611 -9.9901
      vertex 34.1896 -7.40859 -9.21131
      vertex 34.1896 -7.48297 -9.15547
    endloop
  endfacet
  facet normal 1 0 0
    outer loop
      vertex 34.1896 -8.07657 -9.96043
      vertex 34.1896 -7.48297 -9.15547
      vertex 34.1896 -7.5597 -9.10291
    endloop
  endfacet
  facet normal 1 0 0
    outer loop
      vertex 34.1896 -6.59363 -10.7237
      vertex 34.1896 -7.59056 -10.8022
      vertex 34.1896 -7.58728 -10.8523
    endloop
  endfacet
  facet normal 1 0 0
    outer loop
      vertex 34.1896 -6.58851 -11.0025
      vertex 34.1896 -7.58728 -10.9526
      vertex 34.1896 -7.59056 -11.0027
    endloop
  endfacet
  facet normal 1 0 0
    outer loop
      vertex 34.1896 -6.58851 -11.0025
      vertex 34.1896 -7.59056 -11.0027
      vertex 34.1896 -7.59602 -11.0526
    endloop
  endfacet
  facet normal 1 0 0
    outer loop
      vertex 34.1896 -6.58851 -11.0025
      vertex 34.1896 -7.63941 -11.2483
      vertex 34.1896 -7.65554 -11.2958
    endloop
  endfacet
  facet normal 1 0 0
    outer loop
      vertex 34.1896 -6.58851 -11.0025
      vertex 34.1896 -7.65554 -11.2958
      vertex 34.1896 -7.67372 -11.3425
    endloop
  endfacet
  facet normal 1 0 0
    outer loop
      vertex 34.1896 -6.58851 -11.0025
      vertex 34.1896 -7.67372 -11.3425
      vertex 34.1896 -7.69393 -11.3885
    endloop
  endfacet
  facet normal 1 0 0
    outer loop
      vertex 34.1896 -6.58851 -11.0025
      vertex 34.1896 -6.73865 -13.0682
      vertex 34.1896 -6.6559 -13.0804
    endloop
  endfacet
  facet normal 1 0 0
    outer loop
      vertex 34.1896 -7.71612 -11.4335
      vertex 34.1896 -6.58851 -11.0025
      vertex 34.1896 -7.69393 -11.3885
    endloop
  endfacet
  facet normal 1 0 0
    outer loop
      vertex 34.1896 -6.58851 -11.0025
      vertex 34.1896 -6.82183 -13.0595
      vertex 34.1896 -6.73865 -13.0682
    endloop
  endfacet
  facet normal 1 0 0
    outer loop
      vertex 34.1896 -7.74025 -11.4775
      vertex 34.1896 -6.58851 -11.0025
      vertex 34.1896 -7.71612 -11.4335
    endloop
  endfacet
  facet normal 1 0 -0
    outer loop
      vertex 34.1896 -6.90531 -13.0542
      vertex 34.1896 -6.58851 -11.0025
      vertex 34.1896 -7.74025 -11.4775
    endloop
  endfacet
  facet normal 1 0 0
    outer loop
      vertex 34.1896 -6.58851 -11.0025
      vertex 34.1896 -6.90531 -13.0542
      vertex 34.1896 -6.82183 -13.0595
    endloop
  endfacet
  facet normal 1 -0 0
    outer loop
      vertex 34.1896 -7.76628 -11.5204
      vertex 34.1896 -6.90531 -13.0542
      vertex 34.1896 -7.74025 -11.4775
    endloop
  endfacet
  facet normal 1 0 0
    outer loop
      vertex 34.1896 -6.90531 -13.0542
      vertex 34.1896 -7.76628 -11.5204
      vertex 34.1896 -6.98893 -13.0525
    endloop
  endfacet
  facet normal 1 -0 0
    outer loop
      vertex 34.1896 -7.79416 -11.5621
      vertex 34.1896 -6.98893 -13.0525
      vertex 34.1896 -7.76628 -11.5204
    endloop
  endfacet
  facet normal 1 -0 0
    outer loop
      vertex 34.1896 -7.82383 -11.6025
      vertex 34.1896 -6.98893 -13.0525
      vertex 34.1896 -7.79416 -11.5621
    endloop
  endfacet
  facet normal 1 -0 0
    outer loop
      vertex 34.1896 -7.85523 -11.6417
      vertex 34.1896 -6.98893 -13.0525
      vertex 34.1896 -7.82383 -11.6025
    endloop
  endfacet
  facet normal 1 -0 0
    outer loop
      vertex 34.1896 -7.88831 -11.6794
      vertex 34.1896 -6.98893 -13.0525
      vertex 34.1896 -7.85523 -11.6417
    endloop
  endfacet
  facet normal 1 -0 0
    outer loop
      vertex 34.1896 -7.92301 -11.7156
      vertex 34.1896 -6.98893 -13.0525
      vertex 34.1896 -7.88831 -11.6794
    endloop
  endfacet
  facet normal 1 -0 0
    outer loop
      vertex 34.1896 -7.95925 -11.7503
      vertex 34.1896 -6.98893 -13.0525
      vertex 34.1896 -7.92301 -11.7156
    endloop
  endfacet
  facet normal 1 -0 0
    outer loop
      vertex 34.1896 -7.99698 -11.7834
      vertex 34.1896 -6.98893 -13.0525
      vertex 34.1896 -7.95925 -11.7503
    endloop
  endfacet
  facet normal 1 -0 0
    outer loop
      vertex 34.1896 -8.03611 -11.8148
      vertex 34.1896 -6.98893 -13.0525
      vertex 34.1896 -7.99698 -11.7834
    endloop
  endfacet
  facet normal 1 -0 0
    outer loop
      vertex 34.1896 -8.07657 -11.8445
      vertex 34.1896 -6.98893 -13.0525
      vertex 34.1896 -8.03611 -11.8148
    endloop
  endfacet
  facet normal 1 -0 0
    outer loop
      vertex 34.1896 -8.11829 -11.8724
      vertex 34.1896 -6.98893 -13.0525
      vertex 34.1896 -8.07657 -11.8445
    endloop
  endfacet
  facet normal 1 -0 0
    outer loop
      vertex 34.1896 -8.16118 -11.8984
      vertex 34.1896 -6.98893 -13.0525
      vertex 34.1896 -8.11829 -11.8724
    endloop
  endfacet
  facet normal 1 -0 0
    outer loop
      vertex 34.1896 -8.20517 -11.9225
      vertex 34.1896 -6.98893 -13.0525
      vertex 34.1896 -8.16118 -11.8984
    endloop
  endfacet
  facet normal 1 -0 0
    outer loop
      vertex 34.1896 -8.25017 -11.9447
      vertex 34.1896 -6.98893 -13.0525
      vertex 34.1896 -8.20517 -11.9225
    endloop
  endfacet
  facet normal 1 0 0
    outer loop
      vertex 34.1896 -8.73618 -13.0525
      vertex 34.1896 -8.25017 -11.9447
      vertex 34.1896 -8.2961 -11.9649
    endloop
  endfacet
  facet normal 1 0 0
    outer loop
      vertex 34.1896 -8.73618 -13.0525
      vertex 34.1896 -8.2961 -11.9649
      vertex 34.1896 -8.34286 -11.9831
    endloop
  endfacet
  facet normal 1 0 0
    outer loop
      vertex 34.1896 -8.73618 -13.0525
      vertex 34.1896 -8.34286 -11.9831
      vertex 34.1896 -8.39037 -11.9992
    endloop
  endfacet
  facet normal 1 0 0
    outer loop
      vertex 34.1896 -8.73618 -13.0525
      vertex 34.1896 -8.39037 -11.9992
      vertex 34.1896 -8.43854 -12.0133
    endloop
  endfacet
  facet normal 1 0 0
    outer loop
      vertex 34.1896 -8.73618 -13.0525
      vertex 34.1896 -8.43854 -12.0133
      vertex 34.1896 -8.48728 -12.0252
    endloop
  endfacet
  facet normal 1 0 0
    outer loop
      vertex 34.1896 -8.73618 -13.0525
      vertex 34.1896 -8.48728 -12.0252
      vertex 34.1896 -8.53649 -12.035
    endloop
  endfacet
  facet normal 1 0 0
    outer loop
      vertex 34.1896 -8.73618 -13.0525
      vertex 34.1896 -8.53649 -12.035
      vertex 34.1896 -8.58608 -12.0426
    endloop
  endfacet
  facet normal 1 0 0
    outer loop
      vertex 34.1896 -8.73618 -13.0525
      vertex 34.1896 -8.58608 -12.0426
      vertex 34.1896 -8.63595 -12.0481
    endloop
  endfacet
  facet normal 1 0 0
    outer loop
      vertex 34.1896 -8.73618 -13.0525
      vertex 34.1896 -8.63595 -12.0481
      vertex 34.1896 -8.68602 -12.0514
    endloop
  endfacet
  facet normal 1 0 0
    outer loop
      vertex 34.1896 -8.73618 -13.0525
      vertex 34.1896 -8.68602 -12.0514
      vertex 34.1896 -8.73618 -12.0525
    endloop
  endfacet
  facet normal 1 0 0
    outer loop
      vertex 34.1896 -8.25017 -11.9447
      vertex 34.1896 -8.73618 -13.0525
      vertex 34.1896 -6.98893 -13.0525
    endloop
  endfacet
  facet normal 1 0 0
    outer loop
      vertex 34.1896 -8.78634 -12.0514
      vertex 34.1896 -8.73618 -13.0525
      vertex 34.1896 -8.73618 -12.0525
    endloop
  endfacet
  facet normal 1 0 0
    outer loop
      vertex 34.1896 -8.78634 -12.0514
      vertex 34.1896 -8.82917 -13.0504
      vertex 34.1896 -8.73618 -13.0525
    endloop
  endfacet
  facet normal 1 0 0
    outer loop
      vertex 34.1896 -8.83641 -12.0481
      vertex 34.1896 -8.82917 -13.0504
      vertex 34.1896 -8.78634 -12.0514
    endloop
  endfacet
  facet normal 1 0 0
    outer loop
      vertex 34.1896 -8.92198 -13.0444
      vertex 34.1896 -8.83641 -12.0481
      vertex 34.1896 -8.88629 -12.0426
    endloop
  endfacet
  facet normal 1 0 0
    outer loop
      vertex 34.1896 -8.83641 -12.0481
      vertex 34.1896 -8.92198 -13.0444
      vertex 34.1896 -8.82917 -13.0504
    endloop
  endfacet
  facet normal 1 0 0
    outer loop
      vertex 34.1896 -9.01445 -13.0344
      vertex 34.1896 -8.88629 -12.0426
      vertex 34.1896 -8.93588 -12.035
    endloop
  endfacet
  facet normal 1 0 0
    outer loop
      vertex 34.1896 -9.10639 -13.0203
      vertex 34.1896 -8.93588 -12.035
      vertex 34.1896 -8.98509 -12.0252
    endloop
  endfacet
  facet normal 1 0 0
    outer loop
      vertex 34.1896 -8.88629 -12.0426
      vertex 34.1896 -9.01445 -13.0344
      vertex 34.1896 -8.92198 -13.0444
    endloop
  endfacet
  facet normal 1 0 0
    outer loop
      vertex 34.1896 -9.19764 -13.0024
      vertex 34.1896 -8.98509 -12.0252
      vertex 34.1896 -9.03382 -12.0133
    endloop
  endfacet
  facet normal 1 0 0
    outer loop
      vertex 34.1896 -9.28803 -12.9804
      vertex 34.1896 -9.03382 -12.0133
      vertex 34.1896 -9.08199 -11.9992
    endloop
  endfacet
  facet normal 1 0 0
    outer loop
      vertex 34.1896 -8.93588 -12.035
      vertex 34.1896 -9.10639 -13.0203
      vertex 34.1896 -9.01445 -13.0344
    endloop
  endfacet
  facet normal 1 0 0
    outer loop
      vertex 34.1896 -9.37738 -12.9546
      vertex 34.1896 -9.08199 -11.9992
      vertex 34.1896 -9.12951 -11.9831
    endloop
  endfacet
  facet normal 1 0 0
    outer loop
      vertex 34.1896 -9.55233 -12.8915
      vertex 34.1896 -9.12951 -11.9831
      vertex 34.1896 -9.17627 -11.9649
    endloop
  endfacet
  facet normal 1 0 0
    outer loop
      vertex 34.1896 -8.98509 -12.0252
      vertex 34.1896 -9.19764 -13.0024
      vertex 34.1896 -9.10639 -13.0203
    endloop
  endfacet
  facet normal 1 0 0
    outer loop
      vertex 34.1896 -9.63759 -12.8544
      vertex 34.1896 -9.17627 -11.9649
      vertex 34.1896 -9.22219 -11.9447
    endloop
  endfacet
  facet normal 1 0 0
    outer loop
      vertex 34.1896 -9.72116 -12.8136
      vertex 34.1896 -9.22219 -11.9447
      vertex 34.1896 -9.26719 -11.9225
    endloop
  endfacet
  facet normal 1 0 0
    outer loop
      vertex 34.1896 -9.03382 -12.0133
      vertex 34.1896 -9.28803 -12.9804
      vertex 34.1896 -9.19764 -13.0024
    endloop
  endfacet
  facet normal 1 0 0
    outer loop
      vertex 34.1896 -9.8029 -12.7692
      vertex 34.1896 -9.26719 -11.9225
      vertex 34.1896 -9.31118 -11.8984
    endloop
  endfacet
  facet normal 1 0 0
    outer loop
      vertex 34.1896 -9.88263 -12.7213
      vertex 34.1896 -9.31118 -11.8984
      vertex 34.1896 -9.35408 -11.8724
    endloop
  endfacet
  facet normal 1 0 0
    outer loop
      vertex 34.1896 -9.08199 -11.9992
      vertex 34.1896 -9.37738 -12.9546
      vertex 34.1896 -9.28803 -12.9804
    endloop
  endfacet
  facet normal 1 0 0
    outer loop
      vertex 34.1896 -9.96022 -12.67
      vertex 34.1896 -9.35408 -11.8724
      vertex 34.1896 -9.39579 -11.8445
    endloop
  endfacet
  facet normal 1 0 0
    outer loop
      vertex 34.1896 -10.0355 -12.6154
      vertex 34.1896 -9.39579 -11.8445
      vertex 34.1896 -9.43626 -11.8148
    endloop
  endfacet
  facet normal 1 0 0
    outer loop
      vertex 34.1896 -9.12951 -11.9831
      vertex 34.1896 -9.46554 -12.925
      vertex 34.1896 -9.37738 -12.9546
    endloop
  endfacet
  facet normal 1 0 0
    outer loop
      vertex 34.1896 -10.1084 -12.5576
      vertex 34.1896 -9.43626 -11.8148
      vertex 34.1896 -9.47539 -11.7834
    endloop
  endfacet
  facet normal 1 0 0
    outer loop
      vertex 34.1896 -10.1787 -12.4967
      vertex 34.1896 -9.47539 -11.7834
      vertex 34.1896 -9.51311 -11.7503
    endloop
  endfacet
  facet normal 1 0 0
    outer loop
      vertex 34.1896 -10.2463 -12.4328
      vertex 34.1896 -9.51311 -11.7503
      vertex 34.1896 -9.54936 -11.7156
    endloop
  endfacet
  facet normal 1 0 0
    outer loop
      vertex 34.1896 -9.12951 -11.9831
      vertex 34.1896 -9.55233 -12.8915
      vertex 34.1896 -9.46554 -12.925
    endloop
  endfacet
  facet normal 1 0 0
    outer loop
      vertex 34.1896 -10.3111 -12.3661
      vertex 34.1896 -9.54936 -11.7156
      vertex 34.1896 -9.58405 -11.6794
    endloop
  endfacet
  facet normal 1 0 0
    outer loop
      vertex 34.1896 -10.3729 -12.2966
      vertex 34.1896 -9.58405 -11.6794
      vertex 34.1896 -9.61713 -11.6417
    endloop
  endfacet
  facet normal 1 0 0
    outer loop
      vertex 34.1896 -9.17627 -11.9649
      vertex 34.1896 -9.63759 -12.8544
      vertex 34.1896 -9.55233 -12.8915
    endloop
  endfacet
  facet normal 1 0 0
    outer loop
      vertex 34.1896 -10.4317 -12.2245
      vertex 34.1896 -9.61713 -11.6417
      vertex 34.1896 -9.64854 -11.6025
    endloop
  endfacet
  facet normal 1 0 0
    outer loop
      vertex 34.1896 -10.4873 -12.15
      vertex 34.1896 -9.64854 -11.6025
      vertex 34.1896 -9.67821 -11.5621
    endloop
  endfacet
  facet normal 1 0 0
    outer loop
      vertex 34.1896 -10.5396 -12.0731
      vertex 34.1896 -9.67821 -11.5621
      vertex 34.1896 -9.70608 -11.5204
    endloop
  endfacet
  facet normal 1 0 0
    outer loop
      vertex 34.1896 -9.22219 -11.9447
      vertex 34.1896 -9.72116 -12.8136
      vertex 34.1896 -9.63759 -12.8544
    endloop
  endfacet
  facet normal 1 0 0
    outer loop
      vertex 34.1896 -10.5885 -11.994
      vertex 34.1896 -9.70608 -11.5204
      vertex 34.1896 -9.73211 -11.4775
    endloop
  endfacet
  facet normal 1 0 0
    outer loop
      vertex 34.1896 -10.634 -11.9128
      vertex 34.1896 -9.73211 -11.4775
      vertex 34.1896 -9.75624 -11.4335
    endloop
  endfacet
  facet normal 1 0 0
    outer loop
      vertex 34.1896 -10.6759 -11.8298
      vertex 34.1896 -9.75624 -11.4335
      vertex 34.1896 -9.77844 -11.3885
    endloop
  endfacet
  facet normal 1 0 0
    outer loop
      vertex 34.1896 -10.7142 -11.7451
      vertex 34.1896 -9.77844 -11.3885
      vertex 34.1896 -9.79864 -11.3425
    endloop
  endfacet
  facet normal 1 0 0
    outer loop
      vertex 34.1896 -9.26719 -11.9225
      vertex 34.1896 -9.8029 -12.7692
      vertex 34.1896 -9.72116 -12.8136
    endloop
  endfacet
  facet normal 1 0 0
    outer loop
      vertex 34.1896 -10.7488 -11.6587
      vertex 34.1896 -9.79864 -11.3425
      vertex 34.1896 -9.81683 -11.2958
    endloop
  endfacet
  facet normal 1 0 0
    outer loop
      vertex 34.1896 -10.7796 -11.571
      vertex 34.1896 -9.81683 -11.2958
      vertex 34.1896 -9.83296 -11.2483
    endloop
  endfacet
  facet normal 1 0 0
    outer loop
      vertex 34.1896 -10.8066 -11.482
      vertex 34.1896 -9.83296 -11.2483
      vertex 34.1896 -9.847 -11.2001
    endloop
  endfacet
  facet normal 1 0 0
    outer loop
      vertex 34.1896 -10.8297 -11.3919
      vertex 34.1896 -9.847 -11.2001
      vertex 34.1896 -9.85892 -11.1514
    endloop
  endfacet
  facet normal 1 0 0
    outer loop
      vertex 34.1896 -10.8489 -11.3009
      vertex 34.1896 -9.85892 -11.1514
      vertex 34.1896 -9.86871 -11.1022
    endloop
  endfacet
  facet normal 1 0 0
    outer loop
      vertex 34.1896 -10.8642 -11.2091
      vertex 34.1896 -9.86871 -11.1022
      vertex 34.1896 -9.87634 -11.0526
    endloop
  endfacet
  facet normal 1 0 0
    outer loop
      vertex 34.1896 -10.8755 -11.1168
      vertex 34.1896 -9.87634 -11.0526
      vertex 34.1896 -9.88181 -11.0027
    endloop
  endfacet
  facet normal 1 0 0
    outer loop
      vertex 34.1896 -9.31118 -11.8984
      vertex 34.1896 -9.88263 -12.7213
      vertex 34.1896 -9.8029 -12.7692
    endloop
  endfacet
  facet normal 1 0 0
    outer loop
      vertex 34.1896 -10.8827 -11.0241
      vertex 34.1896 -9.88181 -11.0027
      vertex 34.1896 -9.88509 -10.9526
    endloop
  endfacet
  facet normal 1 -0 0
    outer loop
      vertex 34.1896 -10.886 -10.9311
      vertex 34.1896 -9.88509 -10.9526
      vertex 34.1896 -9.88618 -10.9025
    endloop
  endfacet
  facet normal 1 -0 0
    outer loop
      vertex 34.1896 -10.6602 -9.94304
      vertex 34.1896 -9.75624 -10.3714
      vertex 34.1896 -10.617 -9.86073
    endloop
  endfacet
  facet normal 1 0 0
    outer loop
      vertex 34.1896 -9.35408 -11.8724
      vertex 34.1896 -9.96022 -12.67
      vertex 34.1896 -9.88263 -12.7213
    endloop
  endfacet
  facet normal 1 0 0
    outer loop
      vertex 34.1896 -9.75624 -10.3714
      vertex 34.1896 -10.6602 -9.94304
      vertex 34.1896 -9.77844 -10.4164
    endloop
  endfacet
  facet normal 1 0 0
    outer loop
      vertex 34.1896 -9.39579 -11.8445
      vertex 34.1896 -10.0355 -12.6154
      vertex 34.1896 -9.96022 -12.67
    endloop
  endfacet
  facet normal 1 -0 0
    outer loop
      vertex 34.1896 -10.6999 -10.0272
      vertex 34.1896 -9.77844 -10.4164
      vertex 34.1896 -10.6602 -9.94304
    endloop
  endfacet
  facet normal 1 0 0
    outer loop
      vertex 34.1896 -9.43626 -11.8148
      vertex 34.1896 -10.1084 -12.5576
      vertex 34.1896 -10.0355 -12.6154
    endloop
  endfacet
  facet normal 1 0 0
    outer loop
      vertex 34.1896 -9.77844 -10.4164
      vertex 34.1896 -10.6999 -10.0272
      vertex 34.1896 -9.79864 -10.4624
    endloop
  endfacet
  facet normal 1 0 0
    outer loop
      vertex 34.1896 -9.47539 -11.7834
      vertex 34.1896 -10.1787 -12.4967
      vertex 34.1896 -10.1084 -12.5576
    endloop
  endfacet
  facet normal 1 -0 0
    outer loop
      vertex 34.1896 -10.736 -10.1129
      vertex 34.1896 -9.79864 -10.4624
      vertex 34.1896 -10.6999 -10.0272
    endloop
  endfacet
  facet normal 1 0 0
    outer loop
      vertex 34.1896 -9.51311 -11.7503
      vertex 34.1896 -10.2463 -12.4328
      vertex 34.1896 -10.1787 -12.4967
    endloop
  endfacet
  facet normal 1 0 0
    outer loop
      vertex 34.1896 -9.79864 -10.4624
      vertex 34.1896 -10.736 -10.1129
      vertex 34.1896 -9.81683 -10.5091
    endloop
  endfacet
  facet normal 1 0 0
    outer loop
      vertex 34.1896 -9.54936 -11.7156
      vertex 34.1896 -10.3111 -12.3661
      vertex 34.1896 -10.2463 -12.4328
    endloop
  endfacet
  facet normal 1 -0 0
    outer loop
      vertex 34.1896 -10.7682 -10.2001
      vertex 34.1896 -9.81683 -10.5091
      vertex 34.1896 -10.736 -10.1129
    endloop
  endfacet
  facet normal 1 0 0
    outer loop
      vertex 34.1896 -9.58405 -11.6794
      vertex 34.1896 -10.3729 -12.2966
      vertex 34.1896 -10.3111 -12.3661
    endloop
  endfacet
  facet normal 1 0 0
    outer loop
      vertex 34.1896 -9.81683 -10.5091
      vertex 34.1896 -10.7682 -10.2001
      vertex 34.1896 -9.83296 -10.5566
    endloop
  endfacet
  facet normal 1 0 0
    outer loop
      vertex 34.1896 -9.61713 -11.6417
      vertex 34.1896 -10.4317 -12.2245
      vertex 34.1896 -10.3729 -12.2966
    endloop
  endfacet
  facet normal 1 -0 0
    outer loop
      vertex 34.1896 -10.7967 -10.2887
      vertex 34.1896 -9.83296 -10.5566
      vertex 34.1896 -10.7682 -10.2001
    endloop
  endfacet
  facet normal 1 0 0
    outer loop
      vertex 34.1896 -9.64854 -11.6025
      vertex 34.1896 -10.4873 -12.15
      vertex 34.1896 -10.4317 -12.2245
    endloop
  endfacet
  facet normal 1 0 0
    outer loop
      vertex 34.1896 -9.83296 -10.5566
      vertex 34.1896 -10.7967 -10.2887
      vertex 34.1896 -9.847 -10.6048
    endloop
  endfacet
  facet normal 1 0 0
    outer loop
      vertex 34.1896 -9.67821 -11.5621
      vertex 34.1896 -10.5396 -12.0731
      vertex 34.1896 -10.4873 -12.15
    endloop
  endfacet
  facet normal 1 -0 0
    outer loop
      vertex 34.1896 -10.8213 -10.3784
      vertex 34.1896 -9.847 -10.6048
      vertex 34.1896 -10.7967 -10.2887
    endloop
  endfacet
  facet normal 1 0 0
    outer loop
      vertex 34.1896 -9.70608 -11.5204
      vertex 34.1896 -10.5885 -11.994
      vertex 34.1896 -10.5396 -12.0731
    endloop
  endfacet
  facet normal 1 0 0
    outer loop
      vertex 34.1896 -9.847 -10.6048
      vertex 34.1896 -10.8213 -10.3784
      vertex 34.1896 -9.85892 -10.6536
    endloop
  endfacet
  facet normal 1 0 0
    outer loop
      vertex 34.1896 -9.73211 -11.4775
      vertex 34.1896 -10.634 -11.9128
      vertex 34.1896 -10.5885 -11.994
    endloop
  endfacet
  facet normal 1 -0 0
    outer loop
      vertex 34.1896 -10.842 -10.469
      vertex 34.1896 -9.85892 -10.6536
      vertex 34.1896 -10.8213 -10.3784
    endloop
  endfacet
  facet normal 1 0 0
    outer loop
      vertex 34.1896 -9.75624 -11.4335
      vertex 34.1896 -10.6759 -11.8298
      vertex 34.1896 -10.634 -11.9128
    endloop
  endfacet
  facet normal 1 0 0
    outer loop
      vertex 34.1896 -9.85892 -10.6536
      vertex 34.1896 -10.842 -10.469
      vertex 34.1896 -9.86871 -10.7028
    endloop
  endfacet
  facet normal 1 0 0
    outer loop
      vertex 34.1896 -9.77844 -11.3885
      vertex 34.1896 -10.7142 -11.7451
      vertex 34.1896 -10.6759 -11.8298
    endloop
  endfacet
  facet normal 1 -0 0
    outer loop
      vertex 34.1896 -10.8588 -10.5605
      vertex 34.1896 -9.86871 -10.7028
      vertex 34.1896 -10.842 -10.469
    endloop
  endfacet
  facet normal 1 0 0
    outer loop
      vertex 34.1896 -9.79864 -11.3425
      vertex 34.1896 -10.7488 -11.6587
      vertex 34.1896 -10.7142 -11.7451
    endloop
  endfacet
  facet normal 1 0 0
    outer loop
      vertex 34.1896 -9.86871 -10.7028
      vertex 34.1896 -10.8588 -10.5605
      vertex 34.1896 -9.87634 -10.7524
    endloop
  endfacet
  facet normal 1 0 0
    outer loop
      vertex 34.1896 -9.81683 -11.2958
      vertex 34.1896 -10.7796 -11.571
      vertex 34.1896 -10.7488 -11.6587
    endloop
  endfacet
  facet normal 1 -0 0
    outer loop
      vertex 34.1896 -10.8716 -10.6526
      vertex 34.1896 -9.87634 -10.7524
      vertex 34.1896 -10.8588 -10.5605
    endloop
  endfacet
  facet normal 1 0 0
    outer loop
      vertex 34.1896 -9.83296 -11.2483
      vertex 34.1896 -10.8066 -11.482
      vertex 34.1896 -10.7796 -11.571
    endloop
  endfacet
  facet normal 1 0 0
    outer loop
      vertex 34.1896 -9.87634 -10.7524
      vertex 34.1896 -10.8716 -10.6526
      vertex 34.1896 -9.88181 -10.8022
    endloop
  endfacet
  facet normal 1 0 0
    outer loop
      vertex 34.1896 -9.847 -11.2001
      vertex 34.1896 -10.8297 -11.3919
      vertex 34.1896 -10.8066 -11.482
    endloop
  endfacet
  facet normal 1 -0 0
    outer loop
      vertex 34.1896 -10.8804 -10.7452
      vertex 34.1896 -9.88181 -10.8022
      vertex 34.1896 -10.8716 -10.6526
    endloop
  endfacet
  facet normal 1 0 0
    outer loop
      vertex 34.1896 -9.85892 -11.1514
      vertex 34.1896 -10.8489 -11.3009
      vertex 34.1896 -10.8297 -11.3919
    endloop
  endfacet
  facet normal 1 0 0
    outer loop
      vertex 34.1896 -9.88181 -10.8022
      vertex 34.1896 -10.8804 -10.7452
      vertex 34.1896 -9.88509 -10.8523
    endloop
  endfacet
  facet normal 1 0 0
    outer loop
      vertex 34.1896 -9.86871 -11.1022
      vertex 34.1896 -10.8642 -11.2091
      vertex 34.1896 -10.8489 -11.3009
    endloop
  endfacet
  facet normal 1 -0 0
    outer loop
      vertex 34.1896 -10.8852 -10.8381
      vertex 34.1896 -9.88509 -10.8523
      vertex 34.1896 -10.8804 -10.7452
    endloop
  endfacet
  facet normal 1 0 0
    outer loop
      vertex 34.1896 -9.87634 -11.0526
      vertex 34.1896 -10.8755 -11.1168
      vertex 34.1896 -10.8642 -11.2091
    endloop
  endfacet
  facet normal 1 0 0
    outer loop
      vertex 34.1896 -9.88509 -10.8523
      vertex 34.1896 -10.8852 -10.8381
      vertex 34.1896 -9.88618 -10.9025
    endloop
  endfacet
  facet normal 1 0 0
    outer loop
      vertex 34.1896 -9.88181 -11.0027
      vertex 34.1896 -10.8827 -11.0241
      vertex 34.1896 -10.8755 -11.1168
    endloop
  endfacet
  facet normal 1 0 0
    outer loop
      vertex 34.1896 -10.886 -10.9311
      vertex 34.1896 -9.88618 -10.9025
      vertex 34.1896 -10.8852 -10.8381
    endloop
  endfacet
  facet normal 1 0 0
    outer loop
      vertex 34.1896 -9.88509 -10.9526
      vertex 34.1896 -10.886 -10.9311
      vertex 34.1896 -10.8827 -11.0241
    endloop
  endfacet
  facet normal 1 0 0
    outer loop
      vertex 34.1896 -6.58619 -10.9095
      vertex 34.1896 -7.58728 -10.9526
      vertex 34.1896 -6.58851 -11.0025
    endloop
  endfacet
  facet normal 1 0 0
    outer loop
      vertex 34.1896 -6.5879 -10.8165
      vertex 34.1896 -7.58728 -10.8523
      vertex 34.1896 -7.58618 -10.9025
    endloop
  endfacet
  facet normal 1 0 0
    outer loop
      vertex 34.1896 -6.60337 -10.6312
      vertex 34.1896 -7.59602 -10.7524
      vertex 34.1896 -7.59056 -10.8022
    endloop
  endfacet
  facet normal 1 0 0
    outer loop
      vertex 34.1896 -6.6171 -10.5392
      vertex 34.1896 -7.60365 -10.7028
      vertex 34.1896 -7.59602 -10.7524
    endloop
  endfacet
  facet normal 1 0 0
    outer loop
      vertex 34.1896 -6.63479 -10.4479
      vertex 34.1896 -7.61344 -10.6536
      vertex 34.1896 -7.60365 -10.7028
    endloop
  endfacet
  facet normal 1 0 0
    outer loop
      vertex 34.1896 -6.65642 -10.3574
      vertex 34.1896 -7.62537 -10.6048
      vertex 34.1896 -7.61344 -10.6536
    endloop
  endfacet
  facet normal 1 0 0
    outer loop
      vertex 34.1896 -8.11829 -9.93256
      vertex 34.1896 -7.5597 -9.10291
      vertex 34.1896 -7.63863 -9.05371
    endloop
  endfacet
  facet normal 1 0 0
    outer loop
      vertex 34.1896 -6.68194 -10.268
      vertex 34.1896 -7.63941 -10.5566
      vertex 34.1896 -7.62537 -10.6048
    endloop
  endfacet
  facet normal 1 0 0
    outer loop
      vertex 34.1896 -6.7113 -10.1797
      vertex 34.1896 -7.65554 -10.5091
      vertex 34.1896 -7.63941 -10.5566
    endloop
  endfacet
  facet normal 1 0 0
    outer loop
      vertex 34.1896 -6.74446 -10.0928
      vertex 34.1896 -7.67372 -10.4624
      vertex 34.1896 -7.65554 -10.5091
    endloop
  endfacet
  facet normal 1 0 0
    outer loop
      vertex 34.1896 -6.78133 -10.0074
      vertex 34.1896 -7.69393 -10.4164
      vertex 34.1896 -7.67372 -10.4624
    endloop
  endfacet
  facet normal 1 0 0
    outer loop
      vertex 34.1896 -6.82187 -9.92372
      vertex 34.1896 -7.71612 -10.3714
      vertex 34.1896 -7.69393 -10.4164
    endloop
  endfacet
  facet normal 1 0 0
    outer loop
      vertex 34.1896 -8.16118 -9.90653
      vertex 34.1896 -7.63863 -9.05371
      vertex 34.1896 -7.71962 -9.00797
    endloop
  endfacet
  facet normal 1 0 0
    outer loop
      vertex 34.1896 -6.86599 -9.84185
      vertex 34.1896 -7.74025 -10.3275
      vertex 34.1896 -7.71612 -10.3714
    endloop
  endfacet
  facet normal 1 0 0
    outer loop
      vertex 34.1896 -6.91362 -9.76196
      vertex 34.1896 -7.76628 -10.2846
      vertex 34.1896 -7.74025 -10.3275
    endloop
  endfacet
  facet normal 1 0 0
    outer loop
      vertex 34.1896 -6.96465 -9.6842
      vertex 34.1896 -7.79416 -10.2428
      vertex 34.1896 -7.76628 -10.2846
    endloop
  endfacet
  facet normal 1 0 0
    outer loop
      vertex 34.1896 -8.20517 -9.8824
      vertex 34.1896 -7.71962 -9.00797
      vertex 34.1896 -7.8025 -8.96578
    endloop
  endfacet
  facet normal 1 0 0
    outer loop
      vertex 34.1896 -7.01899 -9.60872
      vertex 34.1896 -7.82383 -10.2024
      vertex 34.1896 -7.79416 -10.2428
    endloop
  endfacet
  facet normal 1 0 0
    outer loop
      vertex 34.1896 -7.07655 -9.53566
      vertex 34.1896 -7.85523 -10.1633
      vertex 34.1896 -7.82383 -10.2024
    endloop
  endfacet
  facet normal 1 0 0
    outer loop
      vertex 34.1896 -8.25017 -9.86021
      vertex 34.1896 -7.8025 -8.96578
      vertex 34.1896 -7.88714 -8.92721
    endloop
  endfacet
  facet normal 1 0 0
    outer loop
      vertex 34.1896 -7.13722 -9.46516
      vertex 34.1896 -7.88831 -10.1255
      vertex 34.1896 -7.85523 -10.1633
    endloop
  endfacet
  facet normal 1 0 0
    outer loop
      vertex 34.1896 -7.20088 -9.39736
      vertex 34.1896 -7.92301 -10.0893
      vertex 34.1896 -7.88831 -10.1255
    endloop
  endfacet
  facet normal 1 0 0
    outer loop
      vertex 34.1896 -7.26741 -9.33236
      vertex 34.1896 -7.95925 -10.0546
      vertex 34.1896 -7.92301 -10.0893
    endloop
  endfacet
  facet normal 1 0 0
    outer loop
      vertex 34.1896 -8.2961 -9.84
      vertex 34.1896 -7.88714 -8.92721
      vertex 34.1896 -7.97336 -8.89233
    endloop
  endfacet
  facet normal 1 0 0
    outer loop
      vertex 34.1896 -7.33669 -9.27031
      vertex 34.1896 -7.99698 -10.0215
      vertex 34.1896 -7.95925 -10.0546
    endloop
  endfacet
  facet normal 1 0 0
    outer loop
      vertex 34.1896 -7.40859 -9.21131
      vertex 34.1896 -8.03611 -9.9901
      vertex 34.1896 -7.99698 -10.0215
    endloop
  endfacet
  facet normal 1 0 0
    outer loop
      vertex 34.1896 -8.34286 -9.82181
      vertex 34.1896 -7.97336 -8.89233
      vertex 34.1896 -8.06101 -8.86122
    endloop
  endfacet
  facet normal 1 0 0
    outer loop
      vertex 34.1896 -7.48297 -9.15547
      vertex 34.1896 -8.07657 -9.96043
      vertex 34.1896 -8.03611 -9.9901
    endloop
  endfacet
  facet normal 1 0 0
    outer loop
      vertex 34.1896 -7.5597 -9.10291
      vertex 34.1896 -8.11829 -9.93256
      vertex 34.1896 -8.07657 -9.96043
    endloop
  endfacet
  facet normal 1 0 0
    outer loop
      vertex 34.1896 -8.39037 -9.80569
      vertex 34.1896 -8.06101 -8.86122
      vertex 34.1896 -8.14992 -8.83393
    endloop
  endfacet
  facet normal 1 0 0
    outer loop
      vertex 34.1896 -7.63863 -9.05371
      vertex 34.1896 -8.16118 -9.90653
      vertex 34.1896 -8.11829 -9.93256
    endloop
  endfacet
  facet normal 1 0 0
    outer loop
      vertex 34.1896 -7.71962 -9.00797
      vertex 34.1896 -8.20517 -9.8824
      vertex 34.1896 -8.16118 -9.90653
    endloop
  endfacet
  facet normal 1 0 0
    outer loop
      vertex 34.1896 -8.43854 -9.79165
      vertex 34.1896 -8.14992 -8.83393
      vertex 34.1896 -8.23994 -8.81051
    endloop
  endfacet
  facet normal 1 0 0
    outer loop
      vertex 34.1896 -7.8025 -8.96578
      vertex 34.1896 -8.25017 -9.86021
      vertex 34.1896 -8.20517 -9.8824
    endloop
  endfacet
  facet normal 1 0 0
    outer loop
      vertex 34.1896 -7.88714 -8.92721
      vertex 34.1896 -8.2961 -9.84
      vertex 34.1896 -8.25017 -9.86021
    endloop
  endfacet
  facet normal 1 0 0
    outer loop
      vertex 34.1896 -8.48728 -9.77972
      vertex 34.1896 -8.23994 -8.81051
      vertex 34.1896 -8.33088 -8.79101
    endloop
  endfacet
  facet normal 1 0 0
    outer loop
      vertex 34.1896 -7.97336 -8.89233
      vertex 34.1896 -8.34286 -9.82181
      vertex 34.1896 -8.2961 -9.84
    endloop
  endfacet
  facet normal 1 0 0
    outer loop
      vertex 34.1896 -8.06101 -8.86122
      vertex 34.1896 -8.39037 -9.80569
      vertex 34.1896 -8.34286 -9.82181
    endloop
  endfacet
  facet normal 1 0 0
    outer loop
      vertex 34.1896 -8.53649 -9.76993
      vertex 34.1896 -8.33088 -8.79101
      vertex 34.1896 -8.42257 -8.77546
    endloop
  endfacet
  facet normal 1 0 0
    outer loop
      vertex 34.1896 -8.14992 -8.83393
      vertex 34.1896 -8.43854 -9.79165
      vertex 34.1896 -8.39037 -9.80569
    endloop
  endfacet
  facet normal 1 0 0
    outer loop
      vertex 34.1896 -8.23994 -8.81051
      vertex 34.1896 -8.48728 -9.77972
      vertex 34.1896 -8.43854 -9.79165
    endloop
  endfacet
  facet normal 1 0 0
    outer loop
      vertex 34.1896 -8.58608 -9.7623
      vertex 34.1896 -8.42257 -8.77546
      vertex 34.1896 -8.51486 -8.76388
    endloop
  endfacet
  facet normal 1 0 0
    outer loop
      vertex 34.1896 -8.33088 -8.79101
      vertex 34.1896 -8.53649 -9.76993
      vertex 34.1896 -8.48728 -9.77972
    endloop
  endfacet
  facet normal 1 0 0
    outer loop
      vertex 34.1896 -8.42257 -8.77546
      vertex 34.1896 -8.58608 -9.7623
      vertex 34.1896 -8.53649 -9.76993
    endloop
  endfacet
  facet normal 1 0 0
    outer loop
      vertex 34.1896 -8.63595 -9.75684
      vertex 34.1896 -8.51486 -8.76388
      vertex 34.1896 -8.60756 -8.75631
    endloop
  endfacet
  facet normal 1 0 0
    outer loop
      vertex 34.1896 -8.51486 -8.76388
      vertex 34.1896 -8.63595 -9.75684
      vertex 34.1896 -8.58608 -9.7623
    endloop
  endfacet
  facet normal 1 0 0
    outer loop
      vertex 34.1896 -8.60756 -8.75631
      vertex 34.1896 -8.68602 -9.75356
      vertex 34.1896 -8.63595 -9.75684
    endloop
  endfacet
  facet normal 1 0 0
    outer loop
      vertex 34.1896 -8.7005 -8.75276
      vertex 34.1896 -8.68602 -9.75356
      vertex 34.1896 -8.60756 -8.75631
    endloop
  endfacet
  facet normal 1 0 0
    outer loop
      vertex 34.1896 -8.7005 -8.75276
      vertex 34.1896 -8.73618 -9.75246
      vertex 34.1896 -8.68602 -9.75356
    endloop
  endfacet
  facet normal 1 -0 0
    outer loop
      vertex 34.1896 -8.7935 -8.75322
      vertex 34.1896 -8.73618 -9.75246
      vertex 34.1896 -8.7005 -8.75276
    endloop
  endfacet
  facet normal 1 0 0
    outer loop
      vertex 34.1896 -8.73618 -9.75246
      vertex 34.1896 -8.7935 -8.75322
      vertex 34.1896 -8.78634 -9.75356
    endloop
  endfacet
  facet normal 1 -0 0
    outer loop
      vertex 34.1896 -8.8864 -8.75772
      vertex 34.1896 -8.78634 -9.75356
      vertex 34.1896 -8.7935 -8.75322
    endloop
  endfacet
  facet normal 1 0 0
    outer loop
      vertex 34.1896 -8.78634 -9.75356
      vertex 34.1896 -8.8864 -8.75772
      vertex 34.1896 -8.83641 -9.75684
    endloop
  endfacet
  facet normal 1 -0 0
    outer loop
      vertex 34.1896 -8.97902 -8.76622
      vertex 34.1896 -8.83641 -9.75684
      vertex 34.1896 -8.8864 -8.75772
    endloop
  endfacet
  facet normal 1 0 0
    outer loop
      vertex 34.1896 -8.83641 -9.75684
      vertex 34.1896 -8.97902 -8.76622
      vertex 34.1896 -8.88629 -9.7623
    endloop
  endfacet
  facet normal 1 -0 0
    outer loop
      vertex 34.1896 -9.07119 -8.77872
      vertex 34.1896 -8.88629 -9.7623
      vertex 34.1896 -8.97902 -8.76622
    endloop
  endfacet
  facet normal 1 0 0
    outer loop
      vertex 34.1896 -8.88629 -9.7623
      vertex 34.1896 -9.07119 -8.77872
      vertex 34.1896 -8.93588 -9.76993
    endloop
  endfacet
  facet normal 1 -0 0
    outer loop
      vertex 34.1896 -9.16272 -8.7952
      vertex 34.1896 -8.93588 -9.76993
      vertex 34.1896 -9.07119 -8.77872
    endloop
  endfacet
  facet normal 1 0 0
    outer loop
      vertex 34.1896 -8.93588 -9.76993
      vertex 34.1896 -9.16272 -8.7952
      vertex 34.1896 -8.98509 -9.77972
    endloop
  endfacet
  facet normal 1 -0 0
    outer loop
      vertex 34.1896 -9.25346 -8.81562
      vertex 34.1896 -8.98509 -9.77972
      vertex 34.1896 -9.16272 -8.7952
    endloop
  endfacet
  facet normal 1 0 0
    outer loop
      vertex 34.1896 -8.98509 -9.77972
      vertex 34.1896 -9.25346 -8.81562
      vertex 34.1896 -9.03382 -9.79165
    endloop
  endfacet
  facet normal 1 -0 0
    outer loop
      vertex 34.1896 -9.34323 -8.83994
      vertex 34.1896 -9.03382 -9.79165
      vertex 34.1896 -9.25346 -8.81562
    endloop
  endfacet
  facet normal 1 0 0
    outer loop
      vertex 34.1896 -9.03382 -9.79165
      vertex 34.1896 -9.34323 -8.83994
      vertex 34.1896 -9.08199 -9.80569
    endloop
  endfacet
  facet normal 1 -0 0
    outer loop
      vertex 34.1896 -9.43187 -8.86812
      vertex 34.1896 -9.08199 -9.80569
      vertex 34.1896 -9.34323 -8.83994
    endloop
  endfacet
  facet normal 1 0 0
    outer loop
      vertex 34.1896 -9.08199 -9.80569
      vertex 34.1896 -9.43187 -8.86812
      vertex 34.1896 -9.12951 -9.82181
    endloop
  endfacet
  facet normal 1 -0 0
    outer loop
      vertex 34.1896 -9.5192 -8.90012
      vertex 34.1896 -9.12951 -9.82181
      vertex 34.1896 -9.43187 -8.86812
    endloop
  endfacet
  facet normal 1 0 0
    outer loop
      vertex 34.1896 -9.12951 -9.82181
      vertex 34.1896 -9.5192 -8.90012
      vertex 34.1896 -9.17627 -9.84
    endloop
  endfacet
  facet normal 1 -0 0
    outer loop
      vertex 34.1896 -9.60507 -8.93585
      vertex 34.1896 -9.17627 -9.84
      vertex 34.1896 -9.5192 -8.90012
    endloop
  endfacet
  facet normal 1 0 0
    outer loop
      vertex 34.1896 -9.17627 -9.84
      vertex 34.1896 -9.60507 -8.93585
      vertex 34.1896 -9.22219 -9.86021
    endloop
  endfacet
  facet normal 1 -0 0
    outer loop
      vertex 34.1896 -9.68931 -8.97527
      vertex 34.1896 -9.22219 -9.86021
      vertex 34.1896 -9.60507 -8.93585
    endloop
  endfacet
  facet normal 1 0 0
    outer loop
      vertex 34.1896 -9.22219 -9.86021
      vertex 34.1896 -9.68931 -8.97527
      vertex 34.1896 -9.26719 -9.8824
    endloop
  endfacet
  facet normal 1 -0 0
    outer loop
      vertex 34.1896 -9.77177 -9.0183
      vertex 34.1896 -9.26719 -9.8824
      vertex 34.1896 -9.68931 -8.97527
    endloop
  endfacet
  facet normal 1 0 0
    outer loop
      vertex 34.1896 -9.26719 -9.8824
      vertex 34.1896 -9.77177 -9.0183
      vertex 34.1896 -9.31118 -9.90653
    endloop
  endfacet
  facet normal 1 -0 0
    outer loop
      vertex 34.1896 -9.85229 -9.06485
      vertex 34.1896 -9.31118 -9.90653
      vertex 34.1896 -9.77177 -9.0183
    endloop
  endfacet
  facet normal 1 0 0
    outer loop
      vertex 34.1896 -9.31118 -9.90653
      vertex 34.1896 -9.85229 -9.06485
      vertex 34.1896 -9.35408 -9.93256
    endloop
  endfacet
  facet normal 1 -0 0
    outer loop
      vertex 34.1896 -9.93072 -9.11484
      vertex 34.1896 -9.35408 -9.93256
      vertex 34.1896 -9.85229 -9.06485
    endloop
  endfacet
  facet normal 1 0 0
    outer loop
      vertex 34.1896 -9.35408 -9.93256
      vertex 34.1896 -9.93072 -9.11484
      vertex 34.1896 -9.39579 -9.96043
    endloop
  endfacet
  facet normal 1 -0 0
    outer loop
      vertex 34.1896 -10.0069 -9.16818
      vertex 34.1896 -9.39579 -9.96043
      vertex 34.1896 -9.93072 -9.11484
    endloop
  endfacet
  facet normal 1 0 0
    outer loop
      vertex 34.1896 -9.39579 -9.96043
      vertex 34.1896 -10.0069 -9.16818
      vertex 34.1896 -9.43626 -9.9901
    endloop
  endfacet
  facet normal 1 -0 0
    outer loop
      vertex 34.1896 -10.0807 -9.22476
      vertex 34.1896 -9.43626 -9.9901
      vertex 34.1896 -10.0069 -9.16818
    endloop
  endfacet
  facet normal 1 0 0
    outer loop
      vertex 34.1896 -9.43626 -9.9901
      vertex 34.1896 -10.0807 -9.22476
      vertex 34.1896 -9.47539 -10.0215
    endloop
  endfacet
  facet normal 1 -0 0
    outer loop
      vertex 34.1896 -10.152 -9.28448
      vertex 34.1896 -9.47539 -10.0215
      vertex 34.1896 -10.0807 -9.22476
    endloop
  endfacet
  facet normal 1 0 0
    outer loop
      vertex 34.1896 -9.47539 -10.0215
      vertex 34.1896 -10.152 -9.28448
      vertex 34.1896 -9.51311 -10.0546
    endloop
  endfacet
  facet normal 1 -0 0
    outer loop
      vertex 34.1896 -10.2207 -9.34723
      vertex 34.1896 -9.51311 -10.0546
      vertex 34.1896 -10.152 -9.28448
    endloop
  endfacet
  facet normal 1 0 0
    outer loop
      vertex 34.1896 -9.51311 -10.0546
      vertex 34.1896 -10.2207 -9.34723
      vertex 34.1896 -9.54936 -10.0893
    endloop
  endfacet
  facet normal 1 -0 0
    outer loop
      vertex 34.1896 -10.2866 -9.41289
      vertex 34.1896 -9.54936 -10.0893
      vertex 34.1896 -10.2207 -9.34723
    endloop
  endfacet
  facet normal 1 0 0
    outer loop
      vertex 34.1896 -9.54936 -10.0893
      vertex 34.1896 -10.2866 -9.41289
      vertex 34.1896 -9.58405 -10.1255
    endloop
  endfacet
  facet normal 1 -0 0
    outer loop
      vertex 34.1896 -10.3495 -9.48133
      vertex 34.1896 -9.58405 -10.1255
      vertex 34.1896 -10.2866 -9.41289
    endloop
  endfacet
  facet normal 1 0 0
    outer loop
      vertex 34.1896 -9.58405 -10.1255
      vertex 34.1896 -10.3495 -9.48133
      vertex 34.1896 -9.61713 -10.1633
    endloop
  endfacet
  facet normal 1 -0 0
    outer loop
      vertex 34.1896 -10.4095 -9.55244
      vertex 34.1896 -9.61713 -10.1633
      vertex 34.1896 -10.3495 -9.48133
    endloop
  endfacet
  facet normal 1 0 0
    outer loop
      vertex 34.1896 -9.61713 -10.1633
      vertex 34.1896 -10.4095 -9.55244
      vertex 34.1896 -9.64854 -10.2024
    endloop
  endfacet
  facet normal 1 -0 0
    outer loop
      vertex 34.1896 -10.4663 -9.62607
      vertex 34.1896 -9.64854 -10.2024
      vertex 34.1896 -10.4095 -9.55244
    endloop
  endfacet
  facet normal 1 0 0
    outer loop
      vertex 34.1896 -9.64854 -10.2024
      vertex 34.1896 -10.4663 -9.62607
      vertex 34.1896 -9.67821 -10.2428
    endloop
  endfacet
  facet normal 1 -0 0
    outer loop
      vertex 34.1896 -10.5199 -9.70209
      vertex 34.1896 -9.67821 -10.2428
      vertex 34.1896 -10.4663 -9.62607
    endloop
  endfacet
  facet normal 1 0 0
    outer loop
      vertex 34.1896 -9.67821 -10.2428
      vertex 34.1896 -10.5199 -9.70209
      vertex 34.1896 -9.70608 -10.2846
    endloop
  endfacet
  facet normal 1 -0 0
    outer loop
      vertex 34.1896 -10.5701 -9.78036
      vertex 34.1896 -9.70608 -10.2846
      vertex 34.1896 -10.5199 -9.70209
    endloop
  endfacet
  facet normal 1 0 0
    outer loop
      vertex 34.1896 -9.70608 -10.2846
      vertex 34.1896 -10.5701 -9.78036
      vertex 34.1896 -9.73211 -10.3275
    endloop
  endfacet
  facet normal 1 -0 0
    outer loop
      vertex 34.1896 -10.617 -9.86073
      vertex 34.1896 -9.73211 -10.3275
      vertex 34.1896 -10.5701 -9.78036
    endloop
  endfacet
  facet normal 1 0 0
    outer loop
      vertex 34.1896 -9.73211 -10.3275
      vertex 34.1896 -10.617 -9.86073
      vertex 34.1896 -9.75624 -10.3714
    endloop
  endfacet
  facet normal -1 0 0
    outer loop
      vertex 27.6896 2.46387 -11.5711
      vertex 27.6896 8.75548 -11.0025
      vertex 27.6896 8.75548 -13.4025
    endloop
  endfacet
  facet normal -1 -0 0
    outer loop
      vertex 27.6896 8.75548 -11.0025
      vertex 27.6896 2.50445 -11.1926
      vertex 27.6896 2.51271 -11.0025
    endloop
  endfacet
  facet normal -1 0 0
    outer loop
      vertex 27.6896 8.75548 -11.0025
      vertex 27.6896 2.48816 -11.3823
      vertex 27.6896 2.50445 -11.1926
    endloop
  endfacet
  facet normal -1 0 0
    outer loop
      vertex 27.6896 8.75548 -11.0025
      vertex 27.6896 2.46387 -11.5711
      vertex 27.6896 2.48816 -11.3823
    endloop
  endfacet
  facet normal -1 0 0
    outer loop
      vertex 27.6896 8.75548 -13.4025
      vertex 27.6896 2.43161 -11.7587
      vertex 27.6896 2.46387 -11.5711
    endloop
  endfacet
  facet normal -1 0 0
    outer loop
      vertex 27.6896 8.75548 -13.4025
      vertex 27.6896 2.39145 -11.9448
      vertex 27.6896 2.43161 -11.7587
    endloop
  endfacet
  facet normal -1 0 0
    outer loop
      vertex 27.6896 8.75548 -13.4025
      vertex 27.6896 2.34345 -12.129
      vertex 27.6896 2.39145 -11.9448
    endloop
  endfacet
  facet normal -1 0 0
    outer loop
      vertex 27.6896 8.75548 -13.4025
      vertex 27.6896 2.2877 -12.311
      vertex 27.6896 2.34345 -12.129
    endloop
  endfacet
  facet normal -1 0 0
    outer loop
      vertex 27.6896 8.75548 -13.4025
      vertex 27.6896 2.22431 -12.4905
      vertex 27.6896 2.2877 -12.311
    endloop
  endfacet
  facet normal -1 0 0
    outer loop
      vertex 27.6896 8.75548 -13.4025
      vertex 27.6896 2.15339 -12.6671
      vertex 27.6896 2.22431 -12.4905
    endloop
  endfacet
  facet normal -1 0 0
    outer loop
      vertex 27.6896 8.75548 -13.4025
      vertex 27.6896 2.07506 -12.8406
      vertex 27.6896 2.15339 -12.6671
    endloop
  endfacet
  facet normal -1 0 0
    outer loop
      vertex 27.6896 8.75548 -13.4025
      vertex 27.6896 1.98946 -13.0106
      vertex 27.6896 2.07506 -12.8406
    endloop
  endfacet
  facet normal -1 0 0
    outer loop
      vertex 27.6896 8.75548 -13.4025
      vertex 27.6896 1.89674 -13.1769
      vertex 27.6896 1.98946 -13.0106
    endloop
  endfacet
  facet normal -1 0 0
    outer loop
      vertex 27.6896 8.75548 -13.4025
      vertex 27.6896 1.79708 -13.339
      vertex 27.6896 1.89674 -13.1769
    endloop
  endfacet
  facet normal -1 0 -0
    outer loop
      vertex 27.6896 1.79708 -13.339
      vertex 27.6896 8.75548 -13.4025
      vertex 27.6896 1.75548 -13.4025
    endloop
  endfacet
  facet normal -0.021693 -0.999765 0
    outer loop
      vertex 30.6896 6.95547 -13.4025
      vertex 30.7638 6.95386 -11.0025
      vertex 30.6896 6.95547 -11.0025
    endloop
  endfacet
  facet normal -0.021693 -0.999765 -0
    outer loop
      vertex 30.7638 6.95386 -11.0025
      vertex 30.6896 6.95547 -13.4025
      vertex 30.7638 6.95386 -13.4025
    endloop
  endfacet
  facet normal -0.0654002 -0.997859 0
    outer loop
      vertex 30.7638 6.95386 -13.4025
      vertex 30.8378 6.94901 -11.0025
      vertex 30.7638 6.95386 -11.0025
    endloop
  endfacet
  facet normal -0.0654002 -0.997859 -0
    outer loop
      vertex 30.8378 6.94901 -11.0025
      vertex 30.7638 6.95386 -13.4025
      vertex 30.8378 6.94901 -13.4025
    endloop
  endfacet
  facet normal -0.108981 -0.994044 0
    outer loop
      vertex 30.8378 6.94901 -13.4025
      vertex 30.9115 6.94093 -11.0025
      vertex 30.8378 6.94901 -11.0025
    endloop
  endfacet
  facet normal -0.108981 -0.994044 -0
    outer loop
      vertex 30.9115 6.94093 -11.0025
      vertex 30.8378 6.94901 -13.4025
      vertex 30.9115 6.94093 -13.4025
    endloop
  endfacet
  facet normal -0.152098 -0.988365 0
    outer loop
      vertex 30.9115 6.94093 -13.4025
      vertex 30.9848 6.92965 -11.0025
      vertex 30.9115 6.94093 -11.0025
    endloop
  endfacet
  facet normal -0.152098 -0.988365 -0
    outer loop
      vertex 30.9848 6.92965 -11.0025
      vertex 30.9115 6.94093 -13.4025
      vertex 30.9848 6.92965 -13.4025
    endloop
  endfacet
  facet normal -0.19495 -0.980813 0
    outer loop
      vertex 30.9848 6.92965 -13.4025
      vertex 31.0576 6.91518 -11.0025
      vertex 30.9848 6.92965 -11.0025
    endloop
  endfacet
  facet normal -0.19495 -0.980813 -0
    outer loop
      vertex 31.0576 6.91518 -11.0025
      vertex 30.9848 6.92965 -13.4025
      vertex 31.0576 6.91518 -13.4025
    endloop
  endfacet
  facet normal -0.237835 -0.971306 0
    outer loop
      vertex 31.0576 6.91518 -13.4025
      vertex 31.1296 6.89755 -11.0025
      vertex 31.0576 6.91518 -11.0025
    endloop
  endfacet
  facet normal -0.237835 -0.971306 -0
    outer loop
      vertex 31.1296 6.89755 -11.0025
      vertex 31.0576 6.91518 -13.4025
      vertex 31.1296 6.89755 -13.4025
    endloop
  endfacet
  facet normal -0.279917 -0.960024 0
    outer loop
      vertex 31.1296 6.89755 -13.4025
      vertex 31.2008 6.87679 -11.0025
      vertex 31.1296 6.89755 -11.0025
    endloop
  endfacet
  facet normal -0.279917 -0.960024 -0
    outer loop
      vertex 31.2008 6.87679 -11.0025
      vertex 31.1296 6.89755 -13.4025
      vertex 31.2008 6.87679 -13.4025
    endloop
  endfacet
  facet normal -0.321154 -0.947027 0
    outer loop
      vertex 31.2008 6.87679 -13.4025
      vertex 31.2711 6.85295 -11.0025
      vertex 31.2008 6.87679 -11.0025
    endloop
  endfacet
  facet normal -0.321154 -0.947027 -0
    outer loop
      vertex 31.2711 6.85295 -11.0025
      vertex 31.2008 6.87679 -13.4025
      vertex 31.2711 6.85295 -13.4025
    endloop
  endfacet
  facet normal -0.362537 -0.931969 0
    outer loop
      vertex 31.2711 6.85295 -13.4025
      vertex 31.3402 6.82607 -11.0025
      vertex 31.2711 6.85295 -11.0025
    endloop
  endfacet
  facet normal -0.362537 -0.931969 -0
    outer loop
      vertex 31.3402 6.82607 -11.0025
      vertex 31.2711 6.85295 -13.4025
      vertex 31.3402 6.82607 -13.4025
    endloop
  endfacet
  facet normal -0.402671 -0.915345 0
    outer loop
      vertex 31.3402 6.82607 -13.4025
      vertex 31.4081 6.7962 -11.0025
      vertex 31.3402 6.82607 -11.0025
    endloop
  endfacet
  facet normal -0.402671 -0.915345 -0
    outer loop
      vertex 31.4081 6.7962 -11.0025
      vertex 31.3402 6.82607 -13.4025
      vertex 31.4081 6.7962 -13.4025
    endloop
  endfacet
  facet normal -0.44246 -0.896788 0
    outer loop
      vertex 31.4081 6.7962 -13.4025
      vertex 31.4746 6.76339 -11.0025
      vertex 31.4081 6.7962 -11.0025
    endloop
  endfacet
  facet normal -0.44246 -0.896788 -0
    outer loop
      vertex 31.4746 6.76339 -11.0025
      vertex 31.4081 6.7962 -13.4025
      vertex 31.4746 6.76339 -13.4025
    endloop
  endfacet
  facet normal -0.48109 -0.876671 0
    outer loop
      vertex 31.4746 6.76339 -13.4025
      vertex 31.5396 6.72772 -11.0025
      vertex 31.4746 6.76339 -11.0025
    endloop
  endfacet
  facet normal -0.48109 -0.876671 -0
    outer loop
      vertex 31.5396 6.72772 -11.0025
      vertex 31.4746 6.76339 -13.4025
      vertex 31.5396 6.72772 -13.4025
    endloop
  endfacet
  facet normal -0.518254 -0.855227 0
    outer loop
      vertex 31.5396 6.72772 -13.4025
      vertex 31.6031 6.68924 -11.0025
      vertex 31.5396 6.72772 -11.0025
    endloop
  endfacet
  facet normal -0.518254 -0.855227 -0
    outer loop
      vertex 31.6031 6.68924 -11.0025
      vertex 31.5396 6.72772 -13.4025
      vertex 31.6031 6.68924 -13.4025
    endloop
  endfacet
  facet normal -0.556038 -0.831157 0
    outer loop
      vertex 31.6031 6.68924 -13.4025
      vertex 31.6647 6.64803 -11.0025
      vertex 31.6031 6.68924 -11.0025
    endloop
  endfacet
  facet normal -0.556038 -0.831157 -0
    outer loop
      vertex 31.6647 6.64803 -11.0025
      vertex 31.6031 6.68924 -13.4025
      vertex 31.6647 6.64803 -13.4025
    endloop
  endfacet
  facet normal -0.591334 -0.806426 0
    outer loop
      vertex 31.6647 6.64803 -13.4025
      vertex 31.7245 6.60418 -11.0025
      vertex 31.6647 6.64803 -11.0025
    endloop
  endfacet
  facet normal -0.591334 -0.806426 -0
    outer loop
      vertex 31.7245 6.60418 -11.0025
      vertex 31.6647 6.64803 -13.4025
      vertex 31.7245 6.60418 -13.4025
    endloop
  endfacet
  facet normal -0.625598 -0.780145 0
    outer loop
      vertex 31.7245 6.60418 -13.4025
      vertex 31.7824 6.55775 -11.0025
      vertex 31.7245 6.60418 -11.0025
    endloop
  endfacet
  facet normal -0.625598 -0.780145 -0
    outer loop
      vertex 31.7824 6.55775 -11.0025
      vertex 31.7245 6.60418 -13.4025
      vertex 31.7824 6.55775 -13.4025
    endloop
  endfacet
  facet normal -0.659745 -0.751489 0
    outer loop
      vertex 31.7824 6.55775 -13.4025
      vertex 31.8381 6.50885 -11.0025
      vertex 31.7824 6.55775 -11.0025
    endloop
  endfacet
  facet normal -0.659745 -0.751489 -0
    outer loop
      vertex 31.8381 6.50885 -11.0025
      vertex 31.7824 6.55775 -13.4025
      vertex 31.8381 6.50885 -13.4025
    endloop
  endfacet
  facet normal -0.691366 -0.722504 0
    outer loop
      vertex 31.8381 6.50885 -13.4025
      vertex 31.8917 6.45756 -11.0025
      vertex 31.8381 6.50885 -11.0025
    endloop
  endfacet
  facet normal -0.691366 -0.722504 -0
    outer loop
      vertex 31.8917 6.45756 -11.0025
      vertex 31.8381 6.50885 -13.4025
      vertex 31.8917 6.45756 -13.4025
    endloop
  endfacet
  facet normal -0.722308 -0.691571 0
    outer loop
      vertex 31.943 6.40398 -13.4025
      vertex 31.8917 6.45756 -11.0025
      vertex 31.8917 6.45756 -13.4025
    endloop
  endfacet
  facet normal -0.722308 -0.691571 0
    outer loop
      vertex 31.8917 6.45756 -11.0025
      vertex 31.943 6.40398 -13.4025
      vertex 31.943 6.40398 -11.0025
    endloop
  endfacet
  facet normal -0.7519 -0.659277 0
    outer loop
      vertex 31.9919 6.34821 -13.4025
      vertex 31.943 6.40398 -11.0025
      vertex 31.943 6.40398 -13.4025
    endloop
  endfacet
  facet normal -0.7519 -0.659277 0
    outer loop
      vertex 31.943 6.40398 -11.0025
      vertex 31.9919 6.34821 -13.4025
      vertex 31.9919 6.34821 -11.0025
    endloop
  endfacet
  facet normal -0.780026 -0.625747 0
    outer loop
      vertex 32.0383 6.29037 -13.4025
      vertex 31.9919 6.34821 -11.0025
      vertex 31.9919 6.34821 -13.4025
    endloop
  endfacet
  facet normal -0.780026 -0.625747 0
    outer loop
      vertex 31.9919 6.34821 -11.0025
      vertex 32.0383 6.29037 -13.4025
      vertex 32.0383 6.29037 -11.0025
    endloop
  endfacet
  facet normal -0.806199 -0.591644 0
    outer loop
      vertex 32.0822 6.23055 -13.4025
      vertex 32.0383 6.29037 -11.0025
      vertex 32.0383 6.29037 -13.4025
    endloop
  endfacet
  facet normal -0.806199 -0.591644 0
    outer loop
      vertex 32.0383 6.29037 -11.0025
      vertex 32.0822 6.23055 -13.4025
      vertex 32.0822 6.23055 -11.0025
    endloop
  endfacet
  facet normal -0.831511 -0.555509 0
    outer loop
      vertex 32.1234 6.16888 -13.4025
      vertex 32.0822 6.23055 -11.0025
      vertex 32.0822 6.23055 -13.4025
    endloop
  endfacet
  facet normal -0.831511 -0.555509 0
    outer loop
      vertex 32.0822 6.23055 -11.0025
      vertex 32.1234 6.16888 -13.4025
      vertex 32.1234 6.16888 -11.0025
    endloop
  endfacet
  facet normal -0.854781 -0.518989 0
    outer loop
      vertex 32.1619 6.10547 -13.4025
      vertex 32.1234 6.16888 -11.0025
      vertex 32.1234 6.16888 -13.4025
    endloop
  endfacet
  facet normal -0.854781 -0.518989 0
    outer loop
      vertex 32.1234 6.16888 -11.0025
      vertex 32.1619 6.10547 -13.4025
      vertex 32.1619 6.10547 -11.0025
    endloop
  endfacet
  facet normal -0.876563 -0.481287 0
    outer loop
      vertex 32.1976 6.04045 -13.4025
      vertex 32.1619 6.10547 -11.0025
      vertex 32.1619 6.10547 -13.4025
    endloop
  endfacet
  facet normal -0.876563 -0.481287 0
    outer loop
      vertex 32.1619 6.10547 -11.0025
      vertex 32.1976 6.04045 -13.4025
      vertex 32.1976 6.04045 -11.0025
    endloop
  endfacet
  facet normal -0.896894 -0.442245 0
    outer loop
      vertex 32.2304 5.97393 -13.4025
      vertex 32.1976 6.04045 -11.0025
      vertex 32.1976 6.04045 -13.4025
    endloop
  endfacet
  facet normal -0.896894 -0.442245 0
    outer loop
      vertex 32.1976 6.04045 -11.0025
      vertex 32.2304 5.97393 -13.4025
      vertex 32.2304 5.97393 -11.0025
    endloop
  endfacet
  facet normal -0.915671 -0.401929 0
    outer loop
      vertex 32.2602 5.90604 -13.4025
      vertex 32.2304 5.97393 -11.0025
      vertex 32.2304 5.97393 -13.4025
    endloop
  endfacet
  facet normal -0.915671 -0.401929 0
    outer loop
      vertex 32.2304 5.97393 -11.0025
      vertex 32.2602 5.90604 -13.4025
      vertex 32.2602 5.90604 -11.0025
    endloop
  endfacet
  facet normal -0.931931 -0.362635 0
    outer loop
      vertex 32.2871 5.83691 -13.4025
      vertex 32.2602 5.90604 -11.0025
      vertex 32.2602 5.90604 -13.4025
    endloop
  endfacet
  facet normal -0.931931 -0.362635 0
    outer loop
      vertex 32.2602 5.90604 -11.0025
      vertex 32.2871 5.83691 -13.4025
      vertex 32.2871 5.83691 -11.0025
    endloop
  endfacet
  facet normal -0.946697 -0.322125 0
    outer loop
      vertex 32.311 5.76667 -13.4025
      vertex 32.2871 5.83691 -11.0025
      vertex 32.2871 5.83691 -13.4025
    endloop
  endfacet
  facet normal -0.946697 -0.322125 0
    outer loop
      vertex 32.2871 5.83691 -11.0025
      vertex 32.311 5.76667 -13.4025
      vertex 32.311 5.76667 -11.0025
    endloop
  endfacet
  facet normal -0.960241 -0.279171 0
    outer loop
      vertex 32.3317 5.69547 -13.4025
      vertex 32.311 5.76667 -11.0025
      vertex 32.311 5.76667 -13.4025
    endloop
  endfacet
  facet normal -0.960241 -0.279171 0
    outer loop
      vertex 32.311 5.76667 -11.0025
      vertex 32.3317 5.69547 -13.4025
      vertex 32.3317 5.69547 -11.0025
    endloop
  endfacet
  facet normal -0.971437 -0.237298 0
    outer loop
      vertex 32.3493 5.62342 -13.4025
      vertex 32.3317 5.69547 -11.0025
      vertex 32.3317 5.69547 -13.4025
    endloop
  endfacet
  facet normal -0.971437 -0.237298 0
    outer loop
      vertex 32.3317 5.69547 -11.0025
      vertex 32.3493 5.62342 -13.4025
      vertex 32.3493 5.62342 -11.0025
    endloop
  endfacet
  facet normal -0.980705 -0.195494 0
    outer loop
      vertex 32.3638 5.55068 -13.4025
      vertex 32.3493 5.62342 -11.0025
      vertex 32.3493 5.62342 -13.4025
    endloop
  endfacet
  facet normal -0.980705 -0.195494 0
    outer loop
      vertex 32.3493 5.62342 -11.0025
      vertex 32.3638 5.55068 -13.4025
      vertex 32.3638 5.55068 -11.0025
    endloop
  endfacet
  facet normal -0.988328 -0.152341 0
    outer loop
      vertex 32.3751 5.47737 -13.4025
      vertex 32.3638 5.55068 -11.0025
      vertex 32.3638 5.55068 -13.4025
    endloop
  endfacet
  facet normal -0.988328 -0.152341 0
    outer loop
      vertex 32.3638 5.55068 -11.0025
      vertex 32.3751 5.47737 -13.4025
      vertex 32.3751 5.47737 -11.0025
    endloop
  endfacet
  facet normal -0.994019 -0.109203 0
    outer loop
      vertex 32.3832 5.40364 -13.4025
      vertex 32.3751 5.47737 -11.0025
      vertex 32.3751 5.47737 -13.4025
    endloop
  endfacet
  facet normal -0.994019 -0.109203 0
    outer loop
      vertex 32.3751 5.47737 -11.0025
      vertex 32.3832 5.40364 -13.4025
      vertex 32.3832 5.40364 -11.0025
    endloop
  endfacet
  facet normal -0.997903 -0.0647201 0
    outer loop
      vertex 32.388 5.32963 -13.4025
      vertex 32.3832 5.40364 -11.0025
      vertex 32.3832 5.40364 -13.4025
    endloop
  endfacet
  facet normal -0.997903 -0.0647201 0
    outer loop
      vertex 32.3832 5.40364 -11.0025
      vertex 32.388 5.32963 -13.4025
      vertex 32.388 5.32963 -11.0025
    endloop
  endfacet
  facet normal -0.999767 -0.0215729 0
    outer loop
      vertex 32.3896 5.25548 -13.4025
      vertex 32.388 5.32963 -11.0025
      vertex 32.388 5.32963 -13.4025
    endloop
  endfacet
  facet normal -0.999767 -0.0215729 0
    outer loop
      vertex 32.388 5.32963 -11.0025
      vertex 32.3896 5.25548 -13.4025
      vertex 32.3896 5.25548 -11.0025
    endloop
  endfacet
  facet normal -0.999767 0.02157 0
    outer loop
      vertex 32.388 5.18132 -13.4025
      vertex 32.3896 5.25548 -11.0025
      vertex 32.3896 5.25548 -13.4025
    endloop
  endfacet
  facet normal -0.999767 0.02157 0
    outer loop
      vertex 32.3896 5.25548 -11.0025
      vertex 32.388 5.18132 -13.4025
      vertex 32.388 5.18132 -11.0025
    endloop
  endfacet
  facet normal -0.997903 0.0647201 0
    outer loop
      vertex 32.3832 5.10731 -13.4025
      vertex 32.388 5.18132 -11.0025
      vertex 32.388 5.18132 -13.4025
    endloop
  endfacet
  facet normal -0.997903 0.0647201 0
    outer loop
      vertex 32.388 5.18132 -11.0025
      vertex 32.3832 5.10731 -13.4025
      vertex 32.3832 5.10731 -11.0025
    endloop
  endfacet
  facet normal -0.994019 0.109203 0
    outer loop
      vertex 32.3751 5.03358 -13.4025
      vertex 32.3832 5.10731 -11.0025
      vertex 32.3832 5.10731 -13.4025
    endloop
  endfacet
  facet normal -0.994019 0.109203 0
    outer loop
      vertex 32.3832 5.10731 -11.0025
      vertex 32.3751 5.03358 -13.4025
      vertex 32.3751 5.03358 -11.0025
    endloop
  endfacet
  facet normal -0.988328 0.152341 0
    outer loop
      vertex 32.3638 4.96027 -13.4025
      vertex 32.3751 5.03358 -11.0025
      vertex 32.3751 5.03358 -13.4025
    endloop
  endfacet
  facet normal -0.988328 0.152341 0
    outer loop
      vertex 32.3751 5.03358 -11.0025
      vertex 32.3638 4.96027 -13.4025
      vertex 32.3638 4.96027 -11.0025
    endloop
  endfacet
  facet normal -0.980705 0.195494 0
    outer loop
      vertex 32.3493 4.88753 -13.4025
      vertex 32.3638 4.96027 -11.0025
      vertex 32.3638 4.96027 -13.4025
    endloop
  endfacet
  facet normal -0.980705 0.195494 0
    outer loop
      vertex 32.3638 4.96027 -11.0025
      vertex 32.3493 4.88753 -13.4025
      vertex 32.3493 4.88753 -11.0025
    endloop
  endfacet
  facet normal -0.971437 0.237298 0
    outer loop
      vertex 32.3317 4.81548 -13.4025
      vertex 32.3493 4.88753 -11.0025
      vertex 32.3493 4.88753 -13.4025
    endloop
  endfacet
  facet normal -0.971437 0.237298 0
    outer loop
      vertex 32.3493 4.88753 -11.0025
      vertex 32.3317 4.81548 -13.4025
      vertex 32.3317 4.81548 -11.0025
    endloop
  endfacet
  facet normal -0.960241 0.279171 0
    outer loop
      vertex 32.311 4.74428 -13.4025
      vertex 32.3317 4.81548 -11.0025
      vertex 32.3317 4.81548 -13.4025
    endloop
  endfacet
  facet normal -0.960241 0.279171 0
    outer loop
      vertex 32.3317 4.81548 -11.0025
      vertex 32.311 4.74428 -13.4025
      vertex 32.311 4.74428 -11.0025
    endloop
  endfacet
  facet normal -0.946697 0.322125 0
    outer loop
      vertex 32.2871 4.67404 -13.4025
      vertex 32.311 4.74428 -11.0025
      vertex 32.311 4.74428 -13.4025
    endloop
  endfacet
  facet normal -0.946697 0.322125 0
    outer loop
      vertex 32.311 4.74428 -11.0025
      vertex 32.2871 4.67404 -13.4025
      vertex 32.2871 4.67404 -11.0025
    endloop
  endfacet
  facet normal -0.931931 0.362635 0
    outer loop
      vertex 32.2602 4.60491 -13.4025
      vertex 32.2871 4.67404 -11.0025
      vertex 32.2871 4.67404 -13.4025
    endloop
  endfacet
  facet normal -0.931931 0.362635 0
    outer loop
      vertex 32.2871 4.67404 -11.0025
      vertex 32.2602 4.60491 -13.4025
      vertex 32.2602 4.60491 -11.0025
    endloop
  endfacet
  facet normal -0.915671 0.401929 0
    outer loop
      vertex 32.2304 4.53702 -13.4025
      vertex 32.2602 4.60491 -11.0025
      vertex 32.2602 4.60491 -13.4025
    endloop
  endfacet
  facet normal -0.915671 0.401929 0
    outer loop
      vertex 32.2602 4.60491 -11.0025
      vertex 32.2304 4.53702 -13.4025
      vertex 32.2304 4.53702 -11.0025
    endloop
  endfacet
  facet normal -0.896894 0.442245 0
    outer loop
      vertex 32.1976 4.4705 -13.4025
      vertex 32.2304 4.53702 -11.0025
      vertex 32.2304 4.53702 -13.4025
    endloop
  endfacet
  facet normal -0.896894 0.442245 0
    outer loop
      vertex 32.2304 4.53702 -11.0025
      vertex 32.1976 4.4705 -13.4025
      vertex 32.1976 4.4705 -11.0025
    endloop
  endfacet
  facet normal -0.876594 0.48123 0
    outer loop
      vertex 32.1619 4.40547 -13.4025
      vertex 32.1976 4.4705 -11.0025
      vertex 32.1976 4.4705 -13.4025
    endloop
  endfacet
  facet normal -0.876594 0.48123 0
    outer loop
      vertex 32.1976 4.4705 -11.0025
      vertex 32.1619 4.40547 -13.4025
      vertex 32.1619 4.40547 -11.0025
    endloop
  endfacet
  facet normal -0.854745 0.519048 0
    outer loop
      vertex 32.1234 4.34207 -13.4025
      vertex 32.1619 4.40547 -11.0025
      vertex 32.1619 4.40547 -13.4025
    endloop
  endfacet
  facet normal -0.854745 0.519048 0
    outer loop
      vertex 32.1619 4.40547 -11.0025
      vertex 32.1234 4.34207 -13.4025
      vertex 32.1234 4.34207 -11.0025
    endloop
  endfacet
  facet normal -0.831511 0.555509 0
    outer loop
      vertex 32.0822 4.2804 -13.4025
      vertex 32.1234 4.34207 -11.0025
      vertex 32.1234 4.34207 -13.4025
    endloop
  endfacet
  facet normal -0.831511 0.555509 0
    outer loop
      vertex 32.1234 4.34207 -11.0025
      vertex 32.0822 4.2804 -13.4025
      vertex 32.0822 4.2804 -11.0025
    endloop
  endfacet
  facet normal -0.806199 0.591644 0
    outer loop
      vertex 32.0383 4.22058 -13.4025
      vertex 32.0822 4.2804 -11.0025
      vertex 32.0822 4.2804 -13.4025
    endloop
  endfacet
  facet normal -0.806199 0.591644 0
    outer loop
      vertex 32.0822 4.2804 -11.0025
      vertex 32.0383 4.22058 -13.4025
      vertex 32.0383 4.22058 -11.0025
    endloop
  endfacet
  facet normal -0.780026 0.625747 0
    outer loop
      vertex 31.9919 4.16274 -13.4025
      vertex 32.0383 4.22058 -11.0025
      vertex 32.0383 4.22058 -13.4025
    endloop
  endfacet
  facet normal -0.780026 0.625747 0
    outer loop
      vertex 32.0383 4.22058 -11.0025
      vertex 31.9919 4.16274 -13.4025
      vertex 31.9919 4.16274 -11.0025
    endloop
  endfacet
  facet normal -0.7519 0.659277 0
    outer loop
      vertex 31.943 4.10697 -13.4025
      vertex 31.9919 4.16274 -11.0025
      vertex 31.9919 4.16274 -13.4025
    endloop
  endfacet
  facet normal -0.7519 0.659277 0
    outer loop
      vertex 31.9919 4.16274 -11.0025
      vertex 31.943 4.10697 -13.4025
      vertex 31.943 4.10697 -11.0025
    endloop
  endfacet
  facet normal -0.722308 0.691571 0
    outer loop
      vertex 31.8917 4.05339 -13.4025
      vertex 31.943 4.10697 -11.0025
      vertex 31.943 4.10697 -13.4025
    endloop
  endfacet
  facet normal -0.722308 0.691571 0
    outer loop
      vertex 31.943 4.10697 -11.0025
      vertex 31.8917 4.05339 -13.4025
      vertex 31.8917 4.05339 -11.0025
    endloop
  endfacet
  facet normal -0.691366 0.722504 0
    outer loop
      vertex 31.8917 4.05339 -13.4025
      vertex 31.8381 4.0021 -11.0025
      vertex 31.8917 4.05339 -11.0025
    endloop
  endfacet
  facet normal -0.691366 0.722504 0
    outer loop
      vertex 31.8381 4.0021 -11.0025
      vertex 31.8917 4.05339 -13.4025
      vertex 31.8381 4.0021 -13.4025
    endloop
  endfacet
  facet normal -0.659745 0.751489 0
    outer loop
      vertex 31.8381 4.0021 -13.4025
      vertex 31.7824 3.9532 -11.0025
      vertex 31.8381 4.0021 -11.0025
    endloop
  endfacet
  facet normal -0.659745 0.751489 0
    outer loop
      vertex 31.7824 3.9532 -11.0025
      vertex 31.8381 4.0021 -13.4025
      vertex 31.7824 3.9532 -13.4025
    endloop
  endfacet
  facet normal -0.625598 0.780145 0
    outer loop
      vertex 31.7824 3.9532 -13.4025
      vertex 31.7245 3.90677 -11.0025
      vertex 31.7824 3.9532 -11.0025
    endloop
  endfacet
  facet normal -0.625598 0.780145 0
    outer loop
      vertex 31.7245 3.90677 -11.0025
      vertex 31.7824 3.9532 -13.4025
      vertex 31.7245 3.90677 -13.4025
    endloop
  endfacet
  facet normal -0.591334 0.806426 0
    outer loop
      vertex 31.7245 3.90677 -13.4025
      vertex 31.6647 3.86292 -11.0025
      vertex 31.7245 3.90677 -11.0025
    endloop
  endfacet
  facet normal -0.591334 0.806426 0
    outer loop
      vertex 31.6647 3.86292 -11.0025
      vertex 31.7245 3.90677 -13.4025
      vertex 31.6647 3.86292 -13.4025
    endloop
  endfacet
  facet normal -0.556038 0.831157 0
    outer loop
      vertex 31.6647 3.86292 -13.4025
      vertex 31.6031 3.82171 -11.0025
      vertex 31.6647 3.86292 -11.0025
    endloop
  endfacet
  facet normal -0.556038 0.831157 0
    outer loop
      vertex 31.6031 3.82171 -11.0025
      vertex 31.6647 3.86292 -13.4025
      vertex 31.6031 3.82171 -13.4025
    endloop
  endfacet
  facet normal -0.518254 0.855227 0
    outer loop
      vertex 31.6031 3.82171 -13.4025
      vertex 31.5396 3.78323 -11.0025
      vertex 31.6031 3.82171 -11.0025
    endloop
  endfacet
  facet normal -0.518254 0.855227 0
    outer loop
      vertex 31.5396 3.78323 -11.0025
      vertex 31.6031 3.82171 -13.4025
      vertex 31.5396 3.78323 -13.4025
    endloop
  endfacet
  facet normal -0.48109 0.876671 0
    outer loop
      vertex 31.5396 3.78323 -13.4025
      vertex 31.4746 3.74756 -11.0025
      vertex 31.5396 3.78323 -11.0025
    endloop
  endfacet
  facet normal -0.48109 0.876671 0
    outer loop
      vertex 31.4746 3.74756 -11.0025
      vertex 31.5396 3.78323 -13.4025
      vertex 31.4746 3.74756 -13.4025
    endloop
  endfacet
  facet normal -0.44246 0.896788 0
    outer loop
      vertex 31.4746 3.74756 -13.4025
      vertex 31.4081 3.71475 -11.0025
      vertex 31.4746 3.74756 -11.0025
    endloop
  endfacet
  facet normal -0.44246 0.896788 0
    outer loop
      vertex 31.4081 3.71475 -11.0025
      vertex 31.4746 3.74756 -13.4025
      vertex 31.4081 3.71475 -13.4025
    endloop
  endfacet
  facet normal -0.402671 0.915345 0
    outer loop
      vertex 31.4081 3.71475 -13.4025
      vertex 31.3402 3.68488 -11.0025
      vertex 31.4081 3.71475 -11.0025
    endloop
  endfacet
  facet normal -0.402671 0.915345 0
    outer loop
      vertex 31.3402 3.68488 -11.0025
      vertex 31.4081 3.71475 -13.4025
      vertex 31.3402 3.68488 -13.4025
    endloop
  endfacet
  facet normal -0.362537 0.931969 0
    outer loop
      vertex 31.3402 3.68488 -13.4025
      vertex 31.2711 3.658 -11.0025
      vertex 31.3402 3.68488 -11.0025
    endloop
  endfacet
  facet normal -0.362537 0.931969 0
    outer loop
      vertex 31.2711 3.658 -11.0025
      vertex 31.3402 3.68488 -13.4025
      vertex 31.2711 3.658 -13.4025
    endloop
  endfacet
  facet normal -0.321154 0.947027 0
    outer loop
      vertex 31.2711 3.658 -13.4025
      vertex 31.2008 3.63416 -11.0025
      vertex 31.2711 3.658 -11.0025
    endloop
  endfacet
  facet normal -0.321154 0.947027 0
    outer loop
      vertex 31.2008 3.63416 -11.0025
      vertex 31.2711 3.658 -13.4025
      vertex 31.2008 3.63416 -13.4025
    endloop
  endfacet
  facet normal -0.279917 0.960024 0
    outer loop
      vertex 31.2008 3.63416 -13.4025
      vertex 31.1296 3.6134 -11.0025
      vertex 31.2008 3.63416 -11.0025
    endloop
  endfacet
  facet normal -0.279917 0.960024 0
    outer loop
      vertex 31.1296 3.6134 -11.0025
      vertex 31.2008 3.63416 -13.4025
      vertex 31.1296 3.6134 -13.4025
    endloop
  endfacet
  facet normal -0.237835 0.971306 0
    outer loop
      vertex 31.1296 3.6134 -13.4025
      vertex 31.0576 3.59577 -11.0025
      vertex 31.1296 3.6134 -11.0025
    endloop
  endfacet
  facet normal -0.237835 0.971306 0
    outer loop
      vertex 31.0576 3.59577 -11.0025
      vertex 31.1296 3.6134 -13.4025
      vertex 31.0576 3.59577 -13.4025
    endloop
  endfacet
  facet normal -0.19495 0.980813 0
    outer loop
      vertex 31.0576 3.59577 -13.4025
      vertex 30.9848 3.5813 -11.0025
      vertex 31.0576 3.59577 -11.0025
    endloop
  endfacet
  facet normal -0.19495 0.980813 0
    outer loop
      vertex 30.9848 3.5813 -11.0025
      vertex 31.0576 3.59577 -13.4025
      vertex 30.9848 3.5813 -13.4025
    endloop
  endfacet
  facet normal -0.152098 0.988365 0
    outer loop
      vertex 30.9848 3.5813 -13.4025
      vertex 30.9115 3.57002 -11.0025
      vertex 30.9848 3.5813 -11.0025
    endloop
  endfacet
  facet normal -0.152098 0.988365 0
    outer loop
      vertex 30.9115 3.57002 -11.0025
      vertex 30.9848 3.5813 -13.4025
      vertex 30.9115 3.57002 -13.4025
    endloop
  endfacet
  facet normal -0.108981 0.994044 0
    outer loop
      vertex 30.9115 3.57002 -13.4025
      vertex 30.8378 3.56194 -11.0025
      vertex 30.9115 3.57002 -11.0025
    endloop
  endfacet
  facet normal -0.108981 0.994044 0
    outer loop
      vertex 30.8378 3.56194 -11.0025
      vertex 30.9115 3.57002 -13.4025
      vertex 30.8378 3.56194 -13.4025
    endloop
  endfacet
  facet normal -0.0654002 0.997859 0
    outer loop
      vertex 30.8378 3.56194 -13.4025
      vertex 30.7638 3.55709 -11.0025
      vertex 30.8378 3.56194 -11.0025
    endloop
  endfacet
  facet normal -0.0654002 0.997859 0
    outer loop
      vertex 30.7638 3.55709 -11.0025
      vertex 30.8378 3.56194 -13.4025
      vertex 30.7638 3.55709 -13.4025
    endloop
  endfacet
  facet normal -0.0218277 0.999762 0
    outer loop
      vertex 30.7638 3.55709 -13.4025
      vertex 30.6896 3.55547 -11.0025
      vertex 30.7638 3.55709 -11.0025
    endloop
  endfacet
  facet normal -0.0218277 0.999762 0
    outer loop
      vertex 30.6896 3.55547 -11.0025
      vertex 30.7638 3.55709 -13.4025
      vertex 30.6896 3.55547 -13.4025
    endloop
  endfacet
  facet normal 0.0218571 0.999761 -0
    outer loop
      vertex 30.6896 3.55547 -13.4025
      vertex 30.6155 3.55709 -11.0025
      vertex 30.6896 3.55547 -11.0025
    endloop
  endfacet
  facet normal 0.0218571 0.999761 0
    outer loop
      vertex 30.6155 3.55709 -11.0025
      vertex 30.6896 3.55547 -13.4025
      vertex 30.6155 3.55709 -13.4025
    endloop
  endfacet
  facet normal 0.0654002 0.997859 -0
    outer loop
      vertex 30.6155 3.55709 -13.4025
      vertex 30.5415 3.56194 -11.0025
      vertex 30.6155 3.55709 -11.0025
    endloop
  endfacet
  facet normal 0.0654002 0.997859 0
    outer loop
      vertex 30.5415 3.56194 -11.0025
      vertex 30.6155 3.55709 -13.4025
      vertex 30.5415 3.56194 -13.4025
    endloop
  endfacet
  facet normal 0.108835 0.99406 -0
    outer loop
      vertex 30.5415 3.56194 -13.4025
      vertex 30.4677 3.57002 -11.0025
      vertex 30.5415 3.56194 -11.0025
    endloop
  endfacet
  facet normal 0.108835 0.99406 0
    outer loop
      vertex 30.4677 3.57002 -11.0025
      vertex 30.5415 3.56194 -13.4025
      vertex 30.4677 3.57002 -13.4025
    endloop
  endfacet
  facet normal 0.152098 0.988365 -0
    outer loop
      vertex 30.4677 3.57002 -13.4025
      vertex 30.3944 3.5813 -11.0025
      vertex 30.4677 3.57002 -11.0025
    endloop
  endfacet
  facet normal 0.152098 0.988365 0
    outer loop
      vertex 30.3944 3.5813 -11.0025
      vertex 30.4677 3.57002 -13.4025
      vertex 30.3944 3.5813 -13.4025
    endloop
  endfacet
  facet normal 0.195208 0.980762 -0
    outer loop
      vertex 30.3944 3.5813 -13.4025
      vertex 30.3217 3.59577 -11.0025
      vertex 30.3944 3.5813 -11.0025
    endloop
  endfacet
  facet normal 0.195208 0.980762 0
    outer loop
      vertex 30.3217 3.59577 -11.0025
      vertex 30.3944 3.5813 -13.4025
      vertex 30.3217 3.59577 -13.4025
    endloop
  endfacet
  facet normal 0.237524 0.971382 -0
    outer loop
      vertex 30.3217 3.59577 -13.4025
      vertex 30.2496 3.6134 -11.0025
      vertex 30.3217 3.59577 -11.0025
    endloop
  endfacet
  facet normal 0.237524 0.971382 0
    outer loop
      vertex 30.2496 3.6134 -11.0025
      vertex 30.3217 3.59577 -13.4025
      vertex 30.2496 3.6134 -13.4025
    endloop
  endfacet
  facet normal 0.279917 0.960024 -0
    outer loop
      vertex 30.2496 3.6134 -13.4025
      vertex 30.1784 3.63416 -11.0025
      vertex 30.2496 3.6134 -11.0025
    endloop
  endfacet
  facet normal 0.279917 0.960024 0
    outer loop
      vertex 30.1784 3.63416 -11.0025
      vertex 30.2496 3.6134 -13.4025
      vertex 30.1784 3.63416 -13.4025
    endloop
  endfacet
  facet normal 0.321564 0.946888 -0
    outer loop
      vertex 30.1784 3.63416 -13.4025
      vertex 30.1082 3.658 -11.0025
      vertex 30.1784 3.63416 -11.0025
    endloop
  endfacet
  facet normal 0.321564 0.946888 0
    outer loop
      vertex 30.1082 3.658 -11.0025
      vertex 30.1784 3.63416 -13.4025
      vertex 30.1082 3.658 -13.4025
    endloop
  endfacet
  facet normal 0.362537 0.931969 -0
    outer loop
      vertex 30.1082 3.658 -13.4025
      vertex 30.0391 3.68488 -11.0025
      vertex 30.1082 3.658 -11.0025
    endloop
  endfacet
  facet normal 0.362537 0.931969 0
    outer loop
      vertex 30.0391 3.68488 -11.0025
      vertex 30.1082 3.658 -13.4025
      vertex 30.0391 3.68488 -13.4025
    endloop
  endfacet
  facet normal 0.402671 0.915345 -0
    outer loop
      vertex 30.0391 3.68488 -13.4025
      vertex 29.9712 3.71475 -11.0025
      vertex 30.0391 3.68488 -11.0025
    endloop
  endfacet
  facet normal 0.402671 0.915345 0
    outer loop
      vertex 29.9712 3.71475 -11.0025
      vertex 30.0391 3.68488 -13.4025
      vertex 29.9712 3.71475 -13.4025
    endloop
  endfacet
  facet normal 0.44246 0.896788 -0
    outer loop
      vertex 29.9712 3.71475 -13.4025
      vertex 29.9047 3.74756 -11.0025
      vertex 29.9712 3.71475 -11.0025
    endloop
  endfacet
  facet normal 0.44246 0.896788 0
    outer loop
      vertex 29.9047 3.74756 -11.0025
      vertex 29.9712 3.71475 -13.4025
      vertex 29.9047 3.74756 -13.4025
    endloop
  endfacet
  facet normal 0.480522 0.876983 -0
    outer loop
      vertex 29.9047 3.74756 -13.4025
      vertex 29.8396 3.78323 -11.0025
      vertex 29.9047 3.74756 -11.0025
    endloop
  endfacet
  facet normal 0.480522 0.876983 0
    outer loop
      vertex 29.8396 3.78323 -11.0025
      vertex 29.9047 3.74756 -13.4025
      vertex 29.8396 3.78323 -13.4025
    endloop
  endfacet
  facet normal 0.518851 0.854864 -0
    outer loop
      vertex 29.8396 3.78323 -13.4025
      vertex 29.7762 3.82171 -11.0025
      vertex 29.8396 3.78323 -11.0025
    endloop
  endfacet
  facet normal 0.518851 0.854864 0
    outer loop
      vertex 29.7762 3.82171 -11.0025
      vertex 29.8396 3.78323 -13.4025
      vertex 29.7762 3.82171 -13.4025
    endloop
  endfacet
  facet normal 0.556038 0.831157 -0
    outer loop
      vertex 29.7762 3.82171 -13.4025
      vertex 29.7146 3.86292 -11.0025
      vertex 29.7762 3.82171 -11.0025
    endloop
  endfacet
  facet normal 0.556038 0.831157 0
    outer loop
      vertex 29.7146 3.86292 -11.0025
      vertex 29.7762 3.82171 -13.4025
      vertex 29.7146 3.86292 -13.4025
    endloop
  endfacet
  facet normal 0.590692 0.806897 -0
    outer loop
      vertex 29.7146 3.86292 -13.4025
      vertex 29.6547 3.90677 -11.0025
      vertex 29.7146 3.86292 -11.0025
    endloop
  endfacet
  facet normal 0.590692 0.806897 0
    outer loop
      vertex 29.6547 3.90677 -11.0025
      vertex 29.7146 3.86292 -13.4025
      vertex 29.6547 3.90677 -13.4025
    endloop
  endfacet
  facet normal 0.626256 0.779617 -0
    outer loop
      vertex 29.6547 3.90677 -13.4025
      vertex 29.5969 3.9532 -11.0025
      vertex 29.6547 3.90677 -11.0025
    endloop
  endfacet
  facet normal 0.626256 0.779617 0
    outer loop
      vertex 29.5969 3.9532 -11.0025
      vertex 29.6547 3.90677 -13.4025
      vertex 29.5969 3.9532 -13.4025
    endloop
  endfacet
  facet normal 0.659077 0.752076 -0
    outer loop
      vertex 29.5969 3.9532 -13.4025
      vertex 29.5411 4.0021 -11.0025
      vertex 29.5969 3.9532 -11.0025
    endloop
  endfacet
  facet normal 0.659077 0.752076 0
    outer loop
      vertex 29.5411 4.0021 -11.0025
      vertex 29.5969 3.9532 -13.4025
      vertex 29.5411 4.0021 -13.4025
    endloop
  endfacet
  facet normal 0.69204 0.721859 -0
    outer loop
      vertex 29.5411 4.0021 -13.4025
      vertex 29.4876 4.05339 -11.0025
      vertex 29.5411 4.0021 -11.0025
    endloop
  endfacet
  facet normal 0.69204 0.721859 0
    outer loop
      vertex 29.4876 4.05339 -11.0025
      vertex 29.5411 4.0021 -13.4025
      vertex 29.4876 4.05339 -13.4025
    endloop
  endfacet
  facet normal 0.722308 0.691571 0
    outer loop
      vertex 29.4876 4.05339 -11.0025
      vertex 29.4363 4.10697 -13.4025
      vertex 29.4363 4.10697 -11.0025
    endloop
  endfacet
  facet normal 0.722308 0.691571 0
    outer loop
      vertex 29.4363 4.10697 -13.4025
      vertex 29.4876 4.05339 -11.0025
      vertex 29.4876 4.05339 -13.4025
    endloop
  endfacet
  facet normal 0.7519 0.659277 0
    outer loop
      vertex 29.4363 4.10697 -11.0025
      vertex 29.3874 4.16274 -13.4025
      vertex 29.3874 4.16274 -11.0025
    endloop
  endfacet
  facet normal 0.7519 0.659277 0
    outer loop
      vertex 29.3874 4.16274 -13.4025
      vertex 29.4363 4.10697 -11.0025
      vertex 29.4363 4.10697 -13.4025
    endloop
  endfacet
  facet normal 0.779368 0.626567 0
    outer loop
      vertex 29.3874 4.16274 -11.0025
      vertex 29.3409 4.22058 -13.4025
      vertex 29.3409 4.22058 -11.0025
    endloop
  endfacet
  facet normal 0.779368 0.626567 0
    outer loop
      vertex 29.3409 4.22058 -13.4025
      vertex 29.3874 4.16274 -11.0025
      vertex 29.3874 4.16274 -13.4025
    endloop
  endfacet
  facet normal 0.806842 0.590767 0
    outer loop
      vertex 29.3409 4.22058 -11.0025
      vertex 29.2971 4.2804 -13.4025
      vertex 29.2971 4.2804 -11.0025
    endloop
  endfacet
  facet normal 0.806842 0.590767 0
    outer loop
      vertex 29.2971 4.2804 -13.4025
      vertex 29.3409 4.22058 -11.0025
      vertex 29.3409 4.22058 -13.4025
    endloop
  endfacet
  facet normal 0.831511 0.555509 0
    outer loop
      vertex 29.2971 4.2804 -11.0025
      vertex 29.2559 4.34207 -13.4025
      vertex 29.2559 4.34207 -11.0025
    endloop
  endfacet
  facet normal 0.831511 0.555509 0
    outer loop
      vertex 29.2559 4.34207 -13.4025
      vertex 29.2971 4.2804 -11.0025
      vertex 29.2971 4.2804 -13.4025
    endloop
  endfacet
  facet normal 0.854745 0.519048 0
    outer loop
      vertex 29.2559 4.34207 -11.0025
      vertex 29.2174 4.40547 -13.4025
      vertex 29.2174 4.40547 -11.0025
    endloop
  endfacet
  facet normal 0.854745 0.519048 0
    outer loop
      vertex 29.2174 4.40547 -13.4025
      vertex 29.2559 4.34207 -11.0025
      vertex 29.2559 4.34207 -13.4025
    endloop
  endfacet
  facet normal 0.876594 0.48123 0
    outer loop
      vertex 29.2174 4.40547 -11.0025
      vertex 29.1817 4.4705 -13.4025
      vertex 29.1817 4.4705 -11.0025
    endloop
  endfacet
  facet normal 0.876594 0.48123 0
    outer loop
      vertex 29.1817 4.4705 -13.4025
      vertex 29.2174 4.40547 -11.0025
      vertex 29.2174 4.40547 -13.4025
    endloop
  endfacet
  facet normal 0.896894 0.442245 0
    outer loop
      vertex 29.1817 4.4705 -11.0025
      vertex 29.1489 4.53702 -13.4025
      vertex 29.1489 4.53702 -11.0025
    endloop
  endfacet
  facet normal 0.896894 0.442245 0
    outer loop
      vertex 29.1489 4.53702 -13.4025
      vertex 29.1817 4.4705 -11.0025
      vertex 29.1817 4.4705 -13.4025
    endloop
  endfacet
  facet normal 0.915174 0.403059 0
    outer loop
      vertex 29.1489 4.53702 -11.0025
      vertex 29.119 4.60491 -13.4025
      vertex 29.119 4.60491 -11.0025
    endloop
  endfacet
  facet normal 0.915174 0.403059 0
    outer loop
      vertex 29.119 4.60491 -13.4025
      vertex 29.1489 4.53702 -11.0025
      vertex 29.1489 4.53702 -13.4025
    endloop
  endfacet
  facet normal 0.932386 0.361463 0
    outer loop
      vertex 29.119 4.60491 -11.0025
      vertex 29.0922 4.67404 -13.4025
      vertex 29.0922 4.67404 -11.0025
    endloop
  endfacet
  facet normal 0.932386 0.361463 0
    outer loop
      vertex 29.0922 4.67404 -13.4025
      vertex 29.119 4.60491 -11.0025
      vertex 29.119 4.60491 -13.4025
    endloop
  endfacet
  facet normal 0.946697 0.322125 0
    outer loop
      vertex 29.0922 4.67404 -11.0025
      vertex 29.0683 4.74428 -13.4025
      vertex 29.0683 4.74428 -11.0025
    endloop
  endfacet
  facet normal 0.946697 0.322125 0
    outer loop
      vertex 29.0683 4.74428 -13.4025
      vertex 29.0922 4.67404 -11.0025
      vertex 29.0922 4.67404 -13.4025
    endloop
  endfacet
  facet normal 0.960241 0.279171 0
    outer loop
      vertex 29.0683 4.74428 -11.0025
      vertex 29.0476 4.81548 -13.4025
      vertex 29.0476 4.81548 -11.0025
    endloop
  endfacet
  facet normal 0.960241 0.279171 0
    outer loop
      vertex 29.0476 4.81548 -13.4025
      vertex 29.0683 4.74428 -11.0025
      vertex 29.0683 4.74428 -13.4025
    endloop
  endfacet
  facet normal 0.971125 0.238569 0
    outer loop
      vertex 29.0476 4.81548 -11.0025
      vertex 29.0299 4.88753 -13.4025
      vertex 29.0299 4.88753 -11.0025
    endloop
  endfacet
  facet normal 0.971125 0.238569 0
    outer loop
      vertex 29.0299 4.88753 -13.4025
      vertex 29.0476 4.81548 -11.0025
      vertex 29.0476 4.81548 -13.4025
    endloop
  endfacet
  facet normal 0.980963 0.194197 0
    outer loop
      vertex 29.0299 4.88753 -11.0025
      vertex 29.0155 4.96027 -13.4025
      vertex 29.0155 4.96027 -11.0025
    endloop
  endfacet
  facet normal 0.980963 0.194197 0
    outer loop
      vertex 29.0155 4.96027 -13.4025
      vertex 29.0299 4.88753 -11.0025
      vertex 29.0299 4.88753 -13.4025
    endloop
  endfacet
  facet normal 0.988328 0.152341 0
    outer loop
      vertex 29.0155 4.96027 -11.0025
      vertex 29.0042 5.03358 -13.4025
      vertex 29.0042 5.03358 -11.0025
    endloop
  endfacet
  facet normal 0.988328 0.152341 0
    outer loop
      vertex 29.0042 5.03358 -13.4025
      vertex 29.0155 4.96027 -11.0025
      vertex 29.0155 4.96027 -13.4025
    endloop
  endfacet
  facet normal 0.994019 0.109203 0
    outer loop
      vertex 29.0042 5.03358 -11.0025
      vertex 28.9961 5.10731 -13.4025
      vertex 28.9961 5.10731 -11.0025
    endloop
  endfacet
  facet normal 0.994019 0.109203 0
    outer loop
      vertex 28.9961 5.10731 -13.4025
      vertex 29.0042 5.03358 -11.0025
      vertex 29.0042 5.03358 -13.4025
    endloop
  endfacet
  facet normal 0.997903 0.0647201 0
    outer loop
      vertex 28.9961 5.10731 -11.0025
      vertex 28.9913 5.18132 -13.4025
      vertex 28.9913 5.18132 -11.0025
    endloop
  endfacet
  facet normal 0.997903 0.0647201 0
    outer loop
      vertex 28.9913 5.18132 -13.4025
      vertex 28.9961 5.10731 -11.0025
      vertex 28.9961 5.10731 -13.4025
    endloop
  endfacet
  facet normal 0.999737 0.0229174 0
    outer loop
      vertex 28.9913 5.18132 -11.0025
      vertex 28.9896 5.25548 -13.4025
      vertex 28.9896 5.25548 -11.0025
    endloop
  endfacet
  facet normal 0.999737 0.0229174 0
    outer loop
      vertex 28.9896 5.25548 -13.4025
      vertex 28.9913 5.18132 -11.0025
      vertex 28.9913 5.18132 -13.4025
    endloop
  endfacet
  facet normal 0.999737 -0.0229205 0
    outer loop
      vertex 28.9896 5.25548 -11.0025
      vertex 28.9913 5.32963 -13.4025
      vertex 28.9913 5.32963 -11.0025
    endloop
  endfacet
  facet normal 0.999737 -0.0229205 0
    outer loop
      vertex 28.9913 5.32963 -13.4025
      vertex 28.9896 5.25548 -11.0025
      vertex 28.9896 5.25548 -13.4025
    endloop
  endfacet
  facet normal 0.997903 -0.0647201 0
    outer loop
      vertex 28.9913 5.32963 -11.0025
      vertex 28.9961 5.40364 -13.4025
      vertex 28.9961 5.40364 -11.0025
    endloop
  endfacet
  facet normal 0.997903 -0.0647201 0
    outer loop
      vertex 28.9961 5.40364 -13.4025
      vertex 28.9913 5.32963 -11.0025
      vertex 28.9913 5.32963 -13.4025
    endloop
  endfacet
  facet normal 0.994019 -0.109203 0
    outer loop
      vertex 28.9961 5.40364 -11.0025
      vertex 29.0042 5.47737 -13.4025
      vertex 29.0042 5.47737 -11.0025
    endloop
  endfacet
  facet normal 0.994019 -0.109203 0
    outer loop
      vertex 29.0042 5.47737 -13.4025
      vertex 28.9961 5.40364 -11.0025
      vertex 28.9961 5.40364 -13.4025
    endloop
  endfacet
  facet normal 0.988328 -0.152341 0
    outer loop
      vertex 29.0042 5.47737 -11.0025
      vertex 29.0155 5.55068 -13.4025
      vertex 29.0155 5.55068 -11.0025
    endloop
  endfacet
  facet normal 0.988328 -0.152341 0
    outer loop
      vertex 29.0155 5.55068 -13.4025
      vertex 29.0042 5.47737 -11.0025
      vertex 29.0042 5.47737 -13.4025
    endloop
  endfacet
  facet normal 0.980963 -0.194197 0
    outer loop
      vertex 29.0155 5.55068 -11.0025
      vertex 29.0299 5.62342 -13.4025
      vertex 29.0299 5.62342 -11.0025
    endloop
  endfacet
  facet normal 0.980963 -0.194197 0
    outer loop
      vertex 29.0299 5.62342 -13.4025
      vertex 29.0155 5.55068 -11.0025
      vertex 29.0155 5.55068 -13.4025
    endloop
  endfacet
  facet normal 0.971125 -0.238569 0
    outer loop
      vertex 29.0299 5.62342 -11.0025
      vertex 29.0476 5.69547 -13.4025
      vertex 29.0476 5.69547 -11.0025
    endloop
  endfacet
  facet normal 0.971125 -0.238569 0
    outer loop
      vertex 29.0476 5.69547 -13.4025
      vertex 29.0299 5.62342 -11.0025
      vertex 29.0299 5.62342 -13.4025
    endloop
  endfacet
  facet normal 0.960241 -0.279171 0
    outer loop
      vertex 29.0476 5.69547 -11.0025
      vertex 29.0683 5.76667 -13.4025
      vertex 29.0683 5.76667 -11.0025
    endloop
  endfacet
  facet normal 0.960241 -0.279171 0
    outer loop
      vertex 29.0683 5.76667 -13.4025
      vertex 29.0476 5.69547 -11.0025
      vertex 29.0476 5.69547 -13.4025
    endloop
  endfacet
  facet normal 0.946697 -0.322125 0
    outer loop
      vertex 29.0683 5.76667 -11.0025
      vertex 29.0922 5.83691 -13.4025
      vertex 29.0922 5.83691 -11.0025
    endloop
  endfacet
  facet normal 0.946697 -0.322125 0
    outer loop
      vertex 29.0922 5.83691 -13.4025
      vertex 29.0683 5.76667 -11.0025
      vertex 29.0683 5.76667 -13.4025
    endloop
  endfacet
  facet normal 0.932386 -0.361463 0
    outer loop
      vertex 29.0922 5.83691 -11.0025
      vertex 29.119 5.90604 -13.4025
      vertex 29.119 5.90604 -11.0025
    endloop
  endfacet
  facet normal 0.932386 -0.361463 0
    outer loop
      vertex 29.119 5.90604 -13.4025
      vertex 29.0922 5.83691 -11.0025
      vertex 29.0922 5.83691 -13.4025
    endloop
  endfacet
  facet normal 0.915174 -0.403059 0
    outer loop
      vertex 29.119 5.90604 -11.0025
      vertex 29.1489 5.97393 -13.4025
      vertex 29.1489 5.97393 -11.0025
    endloop
  endfacet
  facet normal 0.915174 -0.403059 0
    outer loop
      vertex 29.1489 5.97393 -13.4025
      vertex 29.119 5.90604 -11.0025
      vertex 29.119 5.90604 -13.4025
    endloop
  endfacet
  facet normal 0.896894 -0.442245 0
    outer loop
      vertex 29.1489 5.97393 -11.0025
      vertex 29.1817 6.04045 -13.4025
      vertex 29.1817 6.04045 -11.0025
    endloop
  endfacet
  facet normal 0.896894 -0.442245 0
    outer loop
      vertex 29.1817 6.04045 -13.4025
      vertex 29.1489 5.97393 -11.0025
      vertex 29.1489 5.97393 -13.4025
    endloop
  endfacet
  facet normal 0.876563 -0.481287 0
    outer loop
      vertex 29.1817 6.04045 -11.0025
      vertex 29.2174 6.10547 -13.4025
      vertex 29.2174 6.10547 -11.0025
    endloop
  endfacet
  facet normal 0.876563 -0.481287 0
    outer loop
      vertex 29.2174 6.10547 -13.4025
      vertex 29.1817 6.04045 -11.0025
      vertex 29.1817 6.04045 -13.4025
    endloop
  endfacet
  facet normal 0.854781 -0.518989 0
    outer loop
      vertex 29.2174 6.10547 -11.0025
      vertex 29.2559 6.16888 -13.4025
      vertex 29.2559 6.16888 -11.0025
    endloop
  endfacet
  facet normal 0.854781 -0.518989 0
    outer loop
      vertex 29.2559 6.16888 -13.4025
      vertex 29.2174 6.10547 -11.0025
      vertex 29.2174 6.10547 -13.4025
    endloop
  endfacet
  facet normal 0.831511 -0.555509 0
    outer loop
      vertex 29.2559 6.16888 -11.0025
      vertex 29.2971 6.23055 -13.4025
      vertex 29.2971 6.23055 -11.0025
    endloop
  endfacet
  facet normal 0.831511 -0.555509 0
    outer loop
      vertex 29.2971 6.23055 -13.4025
      vertex 29.2559 6.16888 -11.0025
      vertex 29.2559 6.16888 -13.4025
    endloop
  endfacet
  facet normal 0.806842 -0.590767 0
    outer loop
      vertex 29.2971 6.23055 -11.0025
      vertex 29.3409 6.29037 -13.4025
      vertex 29.3409 6.29037 -11.0025
    endloop
  endfacet
  facet normal 0.806842 -0.590767 0
    outer loop
      vertex 29.3409 6.29037 -13.4025
      vertex 29.2971 6.23055 -11.0025
      vertex 29.2971 6.23055 -13.4025
    endloop
  endfacet
  facet normal 0.779368 -0.626567 0
    outer loop
      vertex 29.3409 6.29037 -11.0025
      vertex 29.3874 6.34821 -13.4025
      vertex 29.3874 6.34821 -11.0025
    endloop
  endfacet
  facet normal 0.779368 -0.626567 0
    outer loop
      vertex 29.3874 6.34821 -13.4025
      vertex 29.3409 6.29037 -11.0025
      vertex 29.3409 6.29037 -13.4025
    endloop
  endfacet
  facet normal 0.7519 -0.659277 0
    outer loop
      vertex 29.3874 6.34821 -11.0025
      vertex 29.4363 6.40398 -13.4025
      vertex 29.4363 6.40398 -11.0025
    endloop
  endfacet
  facet normal 0.7519 -0.659277 0
    outer loop
      vertex 29.4363 6.40398 -13.4025
      vertex 29.3874 6.34821 -11.0025
      vertex 29.3874 6.34821 -13.4025
    endloop
  endfacet
  facet normal 0.722308 -0.691571 0
    outer loop
      vertex 29.4363 6.40398 -11.0025
      vertex 29.4876 6.45756 -13.4025
      vertex 29.4876 6.45756 -11.0025
    endloop
  endfacet
  facet normal 0.722308 -0.691571 0
    outer loop
      vertex 29.4876 6.45756 -13.4025
      vertex 29.4363 6.40398 -11.0025
      vertex 29.4363 6.40398 -13.4025
    endloop
  endfacet
  facet normal 0.69204 -0.721859 0
    outer loop
      vertex 29.4876 6.45756 -13.4025
      vertex 29.5411 6.50885 -11.0025
      vertex 29.4876 6.45756 -11.0025
    endloop
  endfacet
  facet normal 0.69204 -0.721859 0
    outer loop
      vertex 29.5411 6.50885 -11.0025
      vertex 29.4876 6.45756 -13.4025
      vertex 29.5411 6.50885 -13.4025
    endloop
  endfacet
  facet normal 0.659077 -0.752076 0
    outer loop
      vertex 29.5411 6.50885 -13.4025
      vertex 29.5969 6.55775 -11.0025
      vertex 29.5411 6.50885 -11.0025
    endloop
  endfacet
  facet normal 0.659077 -0.752076 0
    outer loop
      vertex 29.5969 6.55775 -11.0025
      vertex 29.5411 6.50885 -13.4025
      vertex 29.5969 6.55775 -13.4025
    endloop
  endfacet
  facet normal 0.626256 -0.779617 0
    outer loop
      vertex 29.5969 6.55775 -13.4025
      vertex 29.6547 6.60418 -11.0025
      vertex 29.5969 6.55775 -11.0025
    endloop
  endfacet
  facet normal 0.626256 -0.779617 0
    outer loop
      vertex 29.6547 6.60418 -11.0025
      vertex 29.5969 6.55775 -13.4025
      vertex 29.6547 6.60418 -13.4025
    endloop
  endfacet
  facet normal 0.590692 -0.806897 0
    outer loop
      vertex 29.6547 6.60418 -13.4025
      vertex 29.7146 6.64803 -11.0025
      vertex 29.6547 6.60418 -11.0025
    endloop
  endfacet
  facet normal 0.590692 -0.806897 0
    outer loop
      vertex 29.7146 6.64803 -11.0025
      vertex 29.6547 6.60418 -13.4025
      vertex 29.7146 6.64803 -13.4025
    endloop
  endfacet
  facet normal 0.556038 -0.831157 0
    outer loop
      vertex 29.7146 6.64803 -13.4025
      vertex 29.7762 6.68924 -11.0025
      vertex 29.7146 6.64803 -11.0025
    endloop
  endfacet
  facet normal 0.556038 -0.831157 0
    outer loop
      vertex 29.7762 6.68924 -11.0025
      vertex 29.7146 6.64803 -13.4025
      vertex 29.7762 6.68924 -13.4025
    endloop
  endfacet
  facet normal 0.518851 -0.854864 0
    outer loop
      vertex 29.7762 6.68924 -13.4025
      vertex 29.8396 6.72772 -11.0025
      vertex 29.7762 6.68924 -11.0025
    endloop
  endfacet
  facet normal 0.518851 -0.854864 0
    outer loop
      vertex 29.8396 6.72772 -11.0025
      vertex 29.7762 6.68924 -13.4025
      vertex 29.8396 6.72772 -13.4025
    endloop
  endfacet
  facet normal 0.480522 -0.876983 0
    outer loop
      vertex 29.8396 6.72772 -13.4025
      vertex 29.9047 6.76339 -11.0025
      vertex 29.8396 6.72772 -11.0025
    endloop
  endfacet
  facet normal 0.480522 -0.876983 0
    outer loop
      vertex 29.9047 6.76339 -11.0025
      vertex 29.8396 6.72772 -13.4025
      vertex 29.9047 6.76339 -13.4025
    endloop
  endfacet
  facet normal 0.44246 -0.896788 0
    outer loop
      vertex 29.9047 6.76339 -13.4025
      vertex 29.9712 6.7962 -11.0025
      vertex 29.9047 6.76339 -11.0025
    endloop
  endfacet
  facet normal 0.44246 -0.896788 0
    outer loop
      vertex 29.9712 6.7962 -11.0025
      vertex 29.9047 6.76339 -13.4025
      vertex 29.9712 6.7962 -13.4025
    endloop
  endfacet
  facet normal 0.402671 -0.915345 0
    outer loop
      vertex 29.9712 6.7962 -13.4025
      vertex 30.0391 6.82607 -11.0025
      vertex 29.9712 6.7962 -11.0025
    endloop
  endfacet
  facet normal 0.402671 -0.915345 0
    outer loop
      vertex 30.0391 6.82607 -11.0025
      vertex 29.9712 6.7962 -13.4025
      vertex 30.0391 6.82607 -13.4025
    endloop
  endfacet
  facet normal 0.362537 -0.931969 0
    outer loop
      vertex 30.0391 6.82607 -13.4025
      vertex 30.1082 6.85295 -11.0025
      vertex 30.0391 6.82607 -11.0025
    endloop
  endfacet
  facet normal 0.362537 -0.931969 0
    outer loop
      vertex 30.1082 6.85295 -11.0025
      vertex 30.0391 6.82607 -13.4025
      vertex 30.1082 6.85295 -13.4025
    endloop
  endfacet
  facet normal 0.321564 -0.946888 0
    outer loop
      vertex 30.1082 6.85295 -13.4025
      vertex 30.1784 6.87679 -11.0025
      vertex 30.1082 6.85295 -11.0025
    endloop
  endfacet
  facet normal 0.321564 -0.946888 0
    outer loop
      vertex 30.1784 6.87679 -11.0025
      vertex 30.1082 6.85295 -13.4025
      vertex 30.1784 6.87679 -13.4025
    endloop
  endfacet
  facet normal 0.279917 -0.960024 0
    outer loop
      vertex 30.1784 6.87679 -13.4025
      vertex 30.2496 6.89755 -11.0025
      vertex 30.1784 6.87679 -11.0025
    endloop
  endfacet
  facet normal 0.279917 -0.960024 0
    outer loop
      vertex 30.2496 6.89755 -11.0025
      vertex 30.1784 6.87679 -13.4025
      vertex 30.2496 6.89755 -13.4025
    endloop
  endfacet
  facet normal 0.237524 -0.971382 0
    outer loop
      vertex 30.2496 6.89755 -13.4025
      vertex 30.3217 6.91518 -11.0025
      vertex 30.2496 6.89755 -11.0025
    endloop
  endfacet
  facet normal 0.237524 -0.971382 0
    outer loop
      vertex 30.3217 6.91518 -11.0025
      vertex 30.2496 6.89755 -13.4025
      vertex 30.3217 6.91518 -13.4025
    endloop
  endfacet
  facet normal 0.195208 -0.980762 0
    outer loop
      vertex 30.3217 6.91518 -13.4025
      vertex 30.3944 6.92965 -11.0025
      vertex 30.3217 6.91518 -11.0025
    endloop
  endfacet
  facet normal 0.195208 -0.980762 0
    outer loop
      vertex 30.3944 6.92965 -11.0025
      vertex 30.3217 6.91518 -13.4025
      vertex 30.3944 6.92965 -13.4025
    endloop
  endfacet
  facet normal 0.152098 -0.988365 0
    outer loop
      vertex 30.3944 6.92965 -13.4025
      vertex 30.4677 6.94093 -11.0025
      vertex 30.3944 6.92965 -11.0025
    endloop
  endfacet
  facet normal 0.152098 -0.988365 0
    outer loop
      vertex 30.4677 6.94093 -11.0025
      vertex 30.3944 6.92965 -13.4025
      vertex 30.4677 6.94093 -13.4025
    endloop
  endfacet
  facet normal 0.108835 -0.99406 0
    outer loop
      vertex 30.4677 6.94093 -13.4025
      vertex 30.5415 6.94901 -11.0025
      vertex 30.4677 6.94093 -11.0025
    endloop
  endfacet
  facet normal 0.108835 -0.99406 0
    outer loop
      vertex 30.5415 6.94901 -11.0025
      vertex 30.4677 6.94093 -13.4025
      vertex 30.5415 6.94901 -13.4025
    endloop
  endfacet
  facet normal 0.0654002 -0.997859 0
    outer loop
      vertex 30.5415 6.94901 -13.4025
      vertex 30.6155 6.95386 -11.0025
      vertex 30.5415 6.94901 -11.0025
    endloop
  endfacet
  facet normal 0.0654002 -0.997859 0
    outer loop
      vertex 30.6155 6.95386 -11.0025
      vertex 30.5415 6.94901 -13.4025
      vertex 30.6155 6.95386 -13.4025
    endloop
  endfacet
  facet normal 0.0217223 -0.999764 0
    outer loop
      vertex 30.6155 6.95386 -13.4025
      vertex 30.6896 6.95547 -11.0025
      vertex 30.6155 6.95386 -11.0025
    endloop
  endfacet
  facet normal 0.0217223 -0.999764 0
    outer loop
      vertex 30.6896 6.95547 -11.0025
      vertex 30.6155 6.95386 -13.4025
      vertex 30.6896 6.95547 -13.4025
    endloop
  endfacet
  facet normal -1 0 0
    outer loop
      vertex 27.1896 0.505184 -11.11
      vertex 27.1896 2.50445 -11.1926
      vertex 27.1896 2.48816 -11.3823
    endloop
  endfacet
  facet normal -1 0 0
    outer loop
      vertex 27.1896 0.493919 -11.2173
      vertex 27.1896 2.48816 -11.3823
      vertex 27.1896 2.46387 -11.5711
    endloop
  endfacet
  facet normal -1 0 0
    outer loop
      vertex 27.1896 0.478044 -11.3239
      vertex 27.1896 2.46387 -11.5711
      vertex 27.1896 2.43161 -11.7587
    endloop
  endfacet
  facet normal -1 0 0
    outer loop
      vertex 27.1896 0.457587 -11.4297
      vertex 27.1896 2.43161 -11.7587
      vertex 27.1896 2.39145 -11.9448
    endloop
  endfacet
  facet normal -1 0 0
    outer loop
      vertex 27.1896 0.432588 -11.5346
      vertex 27.1896 2.39145 -11.9448
      vertex 27.1896 2.34345 -12.129
    endloop
  endfacet
  facet normal -1 0 0
    outer loop
      vertex 27.1896 0.403091 -11.6382
      vertex 27.1896 2.34345 -12.129
      vertex 27.1896 2.2877 -12.311
    endloop
  endfacet
  facet normal -1 0 0
    outer loop
      vertex 27.1896 0.369153 -11.7406
      vertex 27.1896 2.2877 -12.311
      vertex 27.1896 2.22431 -12.4905
    endloop
  endfacet
  facet normal -1 0 0
    outer loop
      vertex 27.1896 0.330835 -11.8413
      vertex 27.1896 2.22431 -12.4905
      vertex 27.1896 2.15339 -12.6671
    endloop
  endfacet
  facet normal -1 0 0
    outer loop
      vertex 27.1896 0.288211 -11.9403
      vertex 27.1896 2.15339 -12.6671
      vertex 27.1896 2.07506 -12.8406
    endloop
  endfacet
  facet normal -1 0 0
    outer loop
      vertex 27.1896 0.241358 -12.0374
      vertex 27.1896 2.07506 -12.8406
      vertex 27.1896 1.98946 -13.0106
    endloop
  endfacet
  facet normal -1 0 0
    outer loop
      vertex 27.1896 0.190363 -12.1324
      vertex 27.1896 1.98946 -13.0106
      vertex 27.1896 1.89674 -13.1769
    endloop
  endfacet
  facet normal -1 0 0
    outer loop
      vertex 27.1896 0.135323 -12.225
      vertex 27.1896 1.89674 -13.1769
      vertex 27.1896 1.79708 -13.339
    endloop
  endfacet
  facet normal -1 0 0
    outer loop
      vertex 27.1896 0.0763369 -12.3153
      vertex 27.1896 1.79708 -13.339
      vertex 27.1896 1.69065 -13.4969
    endloop
  endfacet
  facet normal -1 0 0
    outer loop
      vertex 27.1896 0.0135174 -12.4029
      vertex 27.1896 1.69065 -13.4969
      vertex 27.1896 1.57764 -13.65
    endloop
  endfacet
  facet normal -1 0 0
    outer loop
      vertex 27.1896 -0.0530186 -12.4877
      vertex 27.1896 1.57764 -13.65
      vertex 27.1896 1.45825 -13.7983
    endloop
  endfacet
  facet normal -1 0 0
    outer loop
      vertex 27.1896 2.2877 -12.311
      vertex 27.1896 0.369153 -11.7406
      vertex 27.1896 0.403091 -11.6382
    endloop
  endfacet
  facet normal -1 0 0
    outer loop
      vertex 27.1896 -0.796649 -13.1013
      vertex 27.1896 1.45825 -13.7983
      vertex 27.1896 0.56911 -16.25
    endloop
  endfacet
  facet normal -1 0 0
    outer loop
      vertex 27.1896 2.50445 -11.1926
      vertex 27.1896 0.511816 -11.0025
      vertex 27.1896 2.51271 -11.0025
    endloop
  endfacet
  facet normal -1 0 -0
    outer loop
      vertex 27.1896 0.511816 -11.0025
      vertex 27.1896 2.50445 -11.1926
      vertex 27.1896 0.505184 -11.11
    endloop
  endfacet
  facet normal -1 0 0
    outer loop
      vertex 27.1896 2.48816 -11.3823
      vertex 27.1896 0.493919 -11.2173
      vertex 27.1896 0.505184 -11.11
    endloop
  endfacet
  facet normal -1 0 0
    outer loop
      vertex 27.1896 2.46387 -11.5711
      vertex 27.1896 0.478044 -11.3239
      vertex 27.1896 0.493919 -11.2173
    endloop
  endfacet
  facet normal -1 0 0
    outer loop
      vertex 27.1896 2.43161 -11.7587
      vertex 27.1896 0.457587 -11.4297
      vertex 27.1896 0.478044 -11.3239
    endloop
  endfacet
  facet normal -1 0 0
    outer loop
      vertex 27.1896 2.39145 -11.9448
      vertex 27.1896 0.432588 -11.5346
      vertex 27.1896 0.457587 -11.4297
    endloop
  endfacet
  facet normal -1 0 0
    outer loop
      vertex 27.1896 2.34345 -12.129
      vertex 27.1896 0.403091 -11.6382
      vertex 27.1896 0.432588 -11.5346
    endloop
  endfacet
  facet normal -1 0 0
    outer loop
      vertex 27.1896 2.22431 -12.4905
      vertex 27.1896 0.330835 -11.8413
      vertex 27.1896 0.369153 -11.7406
    endloop
  endfacet
  facet normal -1 0 0
    outer loop
      vertex 27.1896 2.15339 -12.6671
      vertex 27.1896 0.288211 -11.9403
      vertex 27.1896 0.330835 -11.8413
    endloop
  endfacet
  facet normal -1 0 0
    outer loop
      vertex 27.1896 2.07506 -12.8406
      vertex 27.1896 0.241358 -12.0374
      vertex 27.1896 0.288211 -11.9403
    endloop
  endfacet
  facet normal -1 0 0
    outer loop
      vertex 27.1896 1.98946 -13.0106
      vertex 27.1896 0.190363 -12.1324
      vertex 27.1896 0.241358 -12.0374
    endloop
  endfacet
  facet normal -1 0 0
    outer loop
      vertex 27.1896 1.89674 -13.1769
      vertex 27.1896 0.135323 -12.225
      vertex 27.1896 0.190363 -12.1324
    endloop
  endfacet
  facet normal -1 0 0
    outer loop
      vertex 27.1896 1.79708 -13.339
      vertex 27.1896 0.0763369 -12.3153
      vertex 27.1896 0.135323 -12.225
    endloop
  endfacet
  facet normal -1 0 0
    outer loop
      vertex 27.1896 1.69065 -13.4969
      vertex 27.1896 0.0135174 -12.4029
      vertex 27.1896 0.0763369 -12.3153
    endloop
  endfacet
  facet normal -1 0 0
    outer loop
      vertex 27.1896 1.57764 -13.65
      vertex 27.1896 -0.0530186 -12.4877
      vertex 27.1896 0.0135174 -12.4029
    endloop
  endfacet
  facet normal -1 0 0
    outer loop
      vertex 27.1896 1.45825 -13.7983
      vertex 27.1896 -0.12315 -12.5695
      vertex 27.1896 -0.0530186 -12.4877
    endloop
  endfacet
  facet normal -1 0 0
    outer loop
      vertex 27.1896 1.45825 -13.7983
      vertex 27.1896 -0.196744 -12.6483
      vertex 27.1896 -0.12315 -12.5695
    endloop
  endfacet
  facet normal -1 0 0
    outer loop
      vertex 27.1896 1.45825 -13.7983
      vertex 27.1896 -0.273665 -12.7238
      vertex 27.1896 -0.196744 -12.6483
    endloop
  endfacet
  facet normal -1 0 0
    outer loop
      vertex 27.1896 1.45825 -13.7983
      vertex 27.1896 -0.35377 -12.7959
      vertex 27.1896 -0.273665 -12.7238
    endloop
  endfacet
  facet normal -1 0 0
    outer loop
      vertex 27.1896 1.45825 -13.7983
      vertex 27.1896 -0.436911 -12.8645
      vertex 27.1896 -0.35377 -12.7959
    endloop
  endfacet
  facet normal -1 0 0
    outer loop
      vertex 27.1896 1.45825 -13.7983
      vertex 27.1896 -0.522931 -12.9295
      vertex 27.1896 -0.436911 -12.8645
    endloop
  endfacet
  facet normal -1 0 0
    outer loop
      vertex 27.1896 1.45825 -13.7983
      vertex 27.1896 -0.611671 -12.9907
      vertex 27.1896 -0.522931 -12.9295
    endloop
  endfacet
  facet normal -1 0 0
    outer loop
      vertex 27.1896 1.45825 -13.7983
      vertex 27.1896 -0.702968 -13.048
      vertex 27.1896 -0.611671 -12.9907
    endloop
  endfacet
  facet normal -1 0 0
    outer loop
      vertex 27.1896 1.45825 -13.7983
      vertex 27.1896 -0.796649 -13.1013
      vertex 27.1896 -0.702968 -13.048
    endloop
  endfacet
  facet normal -1 0 0
    outer loop
      vertex 27.1896 0.56911 -16.25
      vertex 27.1896 -0.892542 -13.1506
      vertex 27.1896 -0.796649 -13.1013
    endloop
  endfacet
  facet normal -1 0 0
    outer loop
      vertex 27.1896 0.56911 -16.25
      vertex 27.1896 -0.990468 -13.1956
      vertex 27.1896 -0.892542 -13.1506
    endloop
  endfacet
  facet normal -1 0 0
    outer loop
      vertex 27.1896 0.56911 -16.25
      vertex 27.1896 -1.09025 -13.2364
      vertex 27.1896 -0.990468 -13.1956
    endloop
  endfacet
  facet normal -1 0 0
    outer loop
      vertex 27.1896 0.56911 -16.25
      vertex 27.1896 -1.19169 -13.2729
      vertex 27.1896 -1.09025 -13.2364
    endloop
  endfacet
  facet normal -1 0 0
    outer loop
      vertex 27.1896 0.56911 -16.25
      vertex 27.1896 -1.29461 -13.3049
      vertex 27.1896 -1.19169 -13.2729
    endloop
  endfacet
  facet normal -1 0 0
    outer loop
      vertex 27.1896 0.56911 -16.25
      vertex 27.1896 -1.39881 -13.3325
      vertex 27.1896 -1.29461 -13.3049
    endloop
  endfacet
  facet normal -1 0 0
    outer loop
      vertex 27.1896 0.56911 -16.25
      vertex 27.1896 -1.50411 -13.3555
      vertex 27.1896 -1.39881 -13.3325
    endloop
  endfacet
  facet normal -1 0 0
    outer loop
      vertex 27.1896 0.56911 -16.25
      vertex 27.1896 -1.61031 -13.374
      vertex 27.1896 -1.50411 -13.3555
    endloop
  endfacet
  facet normal -1 0 0
    outer loop
      vertex 27.1896 0.56911 -16.25
      vertex 27.1896 -1.7172 -13.3879
      vertex 27.1896 -1.61031 -13.374
    endloop
  endfacet
  facet normal -1 0 0
    outer loop
      vertex 27.1896 0.56911 -16.25
      vertex 27.1896 -1.82459 -13.3972
      vertex 27.1896 -1.7172 -13.3879
    endloop
  endfacet
  facet normal -1 0 0
    outer loop
      vertex 27.1896 0.56911 -16.25
      vertex 27.1896 -1.93229 -13.4019
      vertex 27.1896 -1.82459 -13.3972
    endloop
  endfacet
  facet normal -1 0 0
    outer loop
      vertex 27.1896 0.56911 -16.25
      vertex 27.1896 -2.04008 -13.4019
      vertex 27.1896 -1.93229 -13.4019
    endloop
  endfacet
  facet normal -1 0 0
    outer loop
      vertex 27.1896 -4.54147 -16.25
      vertex 27.1896 -2.04008 -13.4019
      vertex 27.1896 0.56911 -16.25
    endloop
  endfacet
  facet normal -1 -0 0
    outer loop
      vertex 27.1896 -2.04008 -13.4019
      vertex 27.1896 -4.54147 -16.25
      vertex 27.1896 -2.14777 -13.3972
    endloop
  endfacet
  facet normal -1 -0 0
    outer loop
      vertex 27.1896 -2.14777 -13.3972
      vertex 27.1896 -4.54147 -16.25
      vertex 27.1896 -2.25517 -13.3879
    endloop
  endfacet
  facet normal -1 -0 0
    outer loop
      vertex 27.1896 -2.25517 -13.3879
      vertex 27.1896 -4.54147 -16.25
      vertex 27.1896 -2.36206 -13.374
    endloop
  endfacet
  facet normal -1 -0 0
    outer loop
      vertex 27.1896 -2.36206 -13.374
      vertex 27.1896 -4.54147 -16.25
      vertex 27.1896 -2.46825 -13.3555
    endloop
  endfacet
  facet normal -1 -0 0
    outer loop
      vertex 27.1896 -2.46825 -13.3555
      vertex 27.1896 -4.54147 -16.25
      vertex 27.1896 -2.57355 -13.3325
    endloop
  endfacet
  facet normal -1 -0 0
    outer loop
      vertex 27.1896 -2.57355 -13.3325
      vertex 27.1896 -4.54147 -16.25
      vertex 27.1896 -2.67776 -13.3049
    endloop
  endfacet
  facet normal -1 -0 0
    outer loop
      vertex 27.1896 -2.67776 -13.3049
      vertex 27.1896 -4.54147 -16.25
      vertex 27.1896 -2.78067 -13.2729
    endloop
  endfacet
  facet normal -1 -0 0
    outer loop
      vertex 27.1896 -2.78067 -13.2729
      vertex 27.1896 -4.54147 -16.25
      vertex 27.1896 -2.88212 -13.2364
    endloop
  endfacet
  facet normal -1 -0 0
    outer loop
      vertex 27.1896 -2.88212 -13.2364
      vertex 27.1896 -4.54147 -16.25
      vertex 27.1896 -2.9819 -13.1956
    endloop
  endfacet
  facet normal -1 -0 0
    outer loop
      vertex 27.1896 -2.9819 -13.1956
      vertex 27.1896 -4.54147 -16.25
      vertex 27.1896 -3.07982 -13.1506
    endloop
  endfacet
  facet normal -1 -0 0
    outer loop
      vertex 27.1896 -3.07982 -13.1506
      vertex 27.1896 -4.54147 -16.25
      vertex 27.1896 -3.17571 -13.1013
    endloop
  endfacet
  facet normal -1 0 0
    outer loop
      vertex 27.1896 -5.43062 -13.7983
      vertex 27.1896 -3.17571 -13.1013
      vertex 27.1896 -4.54147 -16.25
    endloop
  endfacet
  facet normal -1 -0 0
    outer loop
      vertex 27.1896 -3.17571 -13.1013
      vertex 27.1896 -5.43062 -13.7983
      vertex 27.1896 -3.2694 -13.048
    endloop
  endfacet
  facet normal -1 -0 0
    outer loop
      vertex 27.1896 -3.2694 -13.048
      vertex 27.1896 -5.43062 -13.7983
      vertex 27.1896 -3.36069 -12.9907
    endloop
  endfacet
  facet normal -1 -0 0
    outer loop
      vertex 27.1896 -3.36069 -12.9907
      vertex 27.1896 -5.43062 -13.7983
      vertex 27.1896 -3.44943 -12.9295
    endloop
  endfacet
  facet normal -1 -0 0
    outer loop
      vertex 27.1896 -3.44943 -12.9295
      vertex 27.1896 -5.43062 -13.7983
      vertex 27.1896 -3.53545 -12.8645
    endloop
  endfacet
  facet normal -1 -0 0
    outer loop
      vertex 27.1896 -3.53545 -12.8645
      vertex 27.1896 -5.43062 -13.7983
      vertex 27.1896 -3.61859 -12.7959
    endloop
  endfacet
  facet normal -1 -0 0
    outer loop
      vertex 27.1896 -3.61859 -12.7959
      vertex 27.1896 -5.43062 -13.7983
      vertex 27.1896 -3.6987 -12.7238
    endloop
  endfacet
  facet normal -1 -0 0
    outer loop
      vertex 27.1896 -3.6987 -12.7238
      vertex 27.1896 -5.43062 -13.7983
      vertex 27.1896 -3.77562 -12.6483
    endloop
  endfacet
  facet normal -1 -0 0
    outer loop
      vertex 27.1896 -3.77562 -12.6483
      vertex 27.1896 -5.43062 -13.7983
      vertex 27.1896 -3.84921 -12.5695
    endloop
  endfacet
  facet normal -1 -0 0
    outer loop
      vertex 27.1896 -3.84921 -12.5695
      vertex 27.1896 -5.43062 -13.7983
      vertex 27.1896 -3.91935 -12.4877
    endloop
  endfacet
  facet normal -1 0 0
    outer loop
      vertex 27.1896 -5.44962 -13.7755
      vertex 27.1896 -3.91935 -12.4877
      vertex 27.1896 -5.43062 -13.7983
    endloop
  endfacet
  facet normal -1 0 0
    outer loop
      vertex 27.1896 -5.50436 -13.7123
      vertex 27.1896 -3.91935 -12.4877
      vertex 27.1896 -5.44962 -13.7755
    endloop
  endfacet
  facet normal -1 -0 0
    outer loop
      vertex 27.1896 -3.91935 -12.4877
      vertex 27.1896 -5.50436 -13.7123
      vertex 27.1896 -3.98588 -12.4029
    endloop
  endfacet
  facet normal -1 0 0
    outer loop
      vertex 27.1896 -5.56169 -13.6514
      vertex 27.1896 -3.98588 -12.4029
      vertex 27.1896 -5.50436 -13.7123
    endloop
  endfacet
  facet normal -1 -0 0
    outer loop
      vertex 27.1896 -3.98588 -12.4029
      vertex 27.1896 -5.56169 -13.6514
      vertex 27.1896 -4.0487 -12.3153
    endloop
  endfacet
  facet normal -1 0 0
    outer loop
      vertex 27.1896 -5.62152 -13.5929
      vertex 27.1896 -4.0487 -12.3153
      vertex 27.1896 -5.56169 -13.6514
    endloop
  endfacet
  facet normal -1 -0 0
    outer loop
      vertex 27.1896 -4.0487 -12.3153
      vertex 27.1896 -5.62152 -13.5929
      vertex 27.1896 -4.10769 -12.225
    endloop
  endfacet
  facet normal -1 0 0
    outer loop
      vertex 27.1896 -5.68374 -13.537
      vertex 27.1896 -4.10769 -12.225
      vertex 27.1896 -5.62152 -13.5929
    endloop
  endfacet
  facet normal -1 -0 0
    outer loop
      vertex 27.1896 -4.10769 -12.225
      vertex 27.1896 -5.68374 -13.537
      vertex 27.1896 -4.16273 -12.1324
    endloop
  endfacet
  facet normal -1 0 0
    outer loop
      vertex 27.1896 -5.74825 -13.4838
      vertex 27.1896 -4.16273 -12.1324
      vertex 27.1896 -5.68374 -13.537
    endloop
  endfacet
  facet normal -1 -0 0
    outer loop
      vertex 27.1896 -4.16273 -12.1324
      vertex 27.1896 -5.74825 -13.4838
      vertex 27.1896 -4.21372 -12.0374
    endloop
  endfacet
  facet normal -1 0 0
    outer loop
      vertex 27.1896 -5.81492 -13.4333
      vertex 27.1896 -4.21372 -12.0374
      vertex 27.1896 -5.74825 -13.4838
    endloop
  endfacet
  facet normal -1 0 0
    outer loop
      vertex 27.1896 -5.88365 -13.3856
      vertex 27.1896 -4.21372 -12.0374
      vertex 27.1896 -5.81492 -13.4333
    endloop
  endfacet
  facet normal -1 -0 0
    outer loop
      vertex 27.1896 -4.21372 -12.0374
      vertex 27.1896 -5.88365 -13.3856
      vertex 27.1896 -4.26058 -11.9403
    endloop
  endfacet
  facet normal -1 0 0
    outer loop
      vertex 27.1896 -5.9543 -13.3409
      vertex 27.1896 -4.26058 -11.9403
      vertex 27.1896 -5.88365 -13.3856
    endloop
  endfacet
  facet normal -1 -0 0
    outer loop
      vertex 27.1896 -4.26058 -11.9403
      vertex 27.1896 -5.9543 -13.3409
      vertex 27.1896 -4.3032 -11.8413
    endloop
  endfacet
  facet normal -1 0 0
    outer loop
      vertex 27.1896 -6.02677 -13.2991
      vertex 27.1896 -4.3032 -11.8413
      vertex 27.1896 -5.9543 -13.3409
    endloop
  endfacet
  facet normal -1 -0 0
    outer loop
      vertex 27.1896 -4.3032 -11.8413
      vertex 27.1896 -6.02677 -13.2991
      vertex 27.1896 -4.34152 -11.7406
    endloop
  endfacet
  facet normal -1 0 0
    outer loop
      vertex 27.1896 -6.10093 -13.2604
      vertex 27.1896 -4.34152 -11.7406
      vertex 27.1896 -6.02677 -13.2991
    endloop
  endfacet
  facet normal -1 -0 0
    outer loop
      vertex 27.1896 -4.34152 -11.7406
      vertex 27.1896 -6.10093 -13.2604
      vertex 27.1896 -4.37546 -11.6382
    endloop
  endfacet
  facet normal -1 0 0
    outer loop
      vertex 27.1896 -6.17663 -13.2248
      vertex 27.1896 -4.37546 -11.6382
      vertex 27.1896 -6.10093 -13.2604
    endloop
  endfacet
  facet normal -1 0 0
    outer loop
      vertex 27.1896 -6.58851 -11.0025
      vertex 27.1896 -4.37546 -11.6382
      vertex 27.1896 -6.17663 -13.2248
    endloop
  endfacet
  facet normal -1 0 0
    outer loop
      vertex 27.1896 -4.37546 -11.6382
      vertex 27.1896 -6.58851 -11.0025
      vertex 27.1896 -4.40495 -11.5346
    endloop
  endfacet
  facet normal -1 0 0
    outer loop
      vertex 27.1896 -4.40495 -11.5346
      vertex 27.1896 -6.58851 -11.0025
      vertex 27.1896 -4.42995 -11.4297
    endloop
  endfacet
  facet normal -1 0 0
    outer loop
      vertex 27.1896 -4.42995 -11.4297
      vertex 27.1896 -6.58851 -11.0025
      vertex 27.1896 -4.45041 -11.3239
    endloop
  endfacet
  facet normal -1 0 0
    outer loop
      vertex 27.1896 -4.45041 -11.3239
      vertex 27.1896 -6.58851 -11.0025
      vertex 27.1896 -4.46628 -11.2173
    endloop
  endfacet
  facet normal -1 0 0
    outer loop
      vertex 27.1896 -4.46628 -11.2173
      vertex 27.1896 -6.58851 -11.0025
      vertex 27.1896 -4.47755 -11.11
    endloop
  endfacet
  facet normal -1 0 0
    outer loop
      vertex 27.1896 -6.58851 -11.0025
      vertex 27.1896 -6.17663 -13.2248
      vertex 27.1896 -6.25376 -13.1925
    endloop
  endfacet
  facet normal -1 0 0
    outer loop
      vertex 27.1896 -6.58851 -11.0025
      vertex 27.1896 -6.25376 -13.1925
      vertex 27.1896 -6.33217 -13.1634
    endloop
  endfacet
  facet normal -1 0 0
    outer loop
      vertex 27.1896 -6.58851 -11.0025
      vertex 27.1896 -6.33217 -13.1634
      vertex 27.1896 -6.41173 -13.1376
    endloop
  endfacet
  facet normal -1 0 0
    outer loop
      vertex 27.1896 -6.58851 -11.0025
      vertex 27.1896 -6.41173 -13.1376
      vertex 27.1896 -6.4923 -13.1151
    endloop
  endfacet
  facet normal -1 0 0
    outer loop
      vertex 27.1896 -6.58851 -11.0025
      vertex 27.1896 -6.4923 -13.1151
      vertex 27.1896 -6.57374 -13.096
    endloop
  endfacet
  facet normal -1 0 0
    outer loop
      vertex 27.1896 -4.47755 -11.11
      vertex 27.1896 -6.58851 -11.0025
      vertex 27.1896 -4.48418 -11.0025
    endloop
  endfacet
  facet normal -1 0 0
    outer loop
      vertex 27.1896 -6.6559 -13.0804
      vertex 27.1896 -6.58851 -11.0025
      vertex 27.1896 -6.57374 -13.096
    endloop
  endfacet
  facet normal -1 0 0
    outer loop
      vertex 27.1896 -6.73865 -13.0682
      vertex 27.1896 -6.58851 -11.0025
      vertex 27.1896 -6.6559 -13.0804
    endloop
  endfacet
  facet normal -1 0 0
    outer loop
      vertex 27.1896 -6.82183 -13.0595
      vertex 27.1896 -6.58851 -11.0025
      vertex 27.1896 -6.73865 -13.0682
    endloop
  endfacet
  facet normal -1 0 -0
    outer loop
      vertex 27.1896 -7.67372 -11.3425
      vertex 27.1896 -6.58851 -11.0025
      vertex 27.1896 -7.69393 -11.3885
    endloop
  endfacet
  facet normal -1 0 -0
    outer loop
      vertex 27.1896 -7.62537 -11.2001
      vertex 27.1896 -6.58851 -11.0025
      vertex 27.1896 -7.63941 -11.2483
    endloop
  endfacet
  facet normal -1 0 -0
    outer loop
      vertex 27.1896 -7.60365 -11.1022
      vertex 27.1896 -6.58851 -11.0025
      vertex 27.1896 -7.61344 -11.1514
    endloop
  endfacet
  facet normal -1 0 -0
    outer loop
      vertex 27.1896 -7.59056 -11.0027
      vertex 27.1896 -6.58851 -11.0025
      vertex 27.1896 -7.59602 -11.0526
    endloop
  endfacet
  facet normal -1 0 -0
    outer loop
      vertex 27.1896 -7.58728 -10.9526
      vertex 27.1896 -6.58851 -11.0025
      vertex 27.1896 -7.59056 -11.0027
    endloop
  endfacet
  facet normal -1 0 -0
    outer loop
      vertex 27.1896 -7.63941 -11.2483
      vertex 27.1896 -6.58851 -11.0025
      vertex 27.1896 -7.65554 -11.2958
    endloop
  endfacet
  facet normal -1 0 0
    outer loop
      vertex 27.1896 -6.58851 -11.0025
      vertex 27.1896 -7.58618 -10.9025
      vertex 27.1896 -6.59363 -10.7237
    endloop
  endfacet
  facet normal -1 0 0
    outer loop
      vertex 27.1896 -7.59056 -10.8022
      vertex 27.1896 -6.59363 -10.7237
      vertex 27.1896 -7.58728 -10.8523
    endloop
  endfacet
  facet normal -1 0 0
    outer loop
      vertex 27.1896 -6.90531 -13.0542
      vertex 27.1896 -6.58851 -11.0025
      vertex 27.1896 -6.82183 -13.0595
    endloop
  endfacet
  facet normal -1 -0 0
    outer loop
      vertex 27.1896 -6.59363 -10.7237
      vertex 27.1896 -7.59056 -10.8022
      vertex 27.1896 -6.60337 -10.6312
    endloop
  endfacet
  facet normal -1 -0 0
    outer loop
      vertex 27.1896 -6.60337 -10.6312
      vertex 27.1896 -7.59602 -10.7524
      vertex 27.1896 -6.6171 -10.5392
    endloop
  endfacet
  facet normal -1 0 0
    outer loop
      vertex 27.1896 -6.58851 -11.0025
      vertex 27.1896 -6.90531 -13.0542
      vertex 27.1896 -7.74025 -11.4775
    endloop
  endfacet
  facet normal -1 0 0
    outer loop
      vertex 27.1896 -7.60365 -10.7028
      vertex 27.1896 -6.6171 -10.5392
      vertex 27.1896 -7.59602 -10.7524
    endloop
  endfacet
  facet normal -1 0 0
    outer loop
      vertex 27.1896 -7.61344 -10.6536
      vertex 27.1896 -6.63479 -10.4479
      vertex 27.1896 -7.60365 -10.7028
    endloop
  endfacet
  facet normal -1 0 0
    outer loop
      vertex 27.1896 -7.76628 -11.5204
      vertex 27.1896 -6.90531 -13.0542
      vertex 27.1896 -6.98893 -13.0525
    endloop
  endfacet
  facet normal -1 -0 0
    outer loop
      vertex 27.1896 -6.63479 -10.4479
      vertex 27.1896 -7.61344 -10.6536
      vertex 27.1896 -6.65642 -10.3574
    endloop
  endfacet
  facet normal -1 -0 0
    outer loop
      vertex 27.1896 -6.65642 -10.3574
      vertex 27.1896 -7.62537 -10.6048
      vertex 27.1896 -6.68194 -10.268
    endloop
  endfacet
  facet normal -1 0 0
    outer loop
      vertex 27.1896 -7.63941 -10.5566
      vertex 27.1896 -6.68194 -10.268
      vertex 27.1896 -7.62537 -10.6048
    endloop
  endfacet
  facet normal -1 0 0
    outer loop
      vertex 27.1896 -7.65554 -10.5091
      vertex 27.1896 -6.7113 -10.1797
      vertex 27.1896 -7.63941 -10.5566
    endloop
  endfacet
  facet normal -1 0 0
    outer loop
      vertex 27.1896 -7.67372 -10.4624
      vertex 27.1896 -6.74446 -10.0928
      vertex 27.1896 -7.65554 -10.5091
    endloop
  endfacet
  facet normal -1 -0 0
    outer loop
      vertex 27.1896 -6.74446 -10.0928
      vertex 27.1896 -7.67372 -10.4624
      vertex 27.1896 -6.78133 -10.0074
    endloop
  endfacet
  facet normal -1 -0 0
    outer loop
      vertex 27.1896 -6.78133 -10.0074
      vertex 27.1896 -7.69393 -10.4164
      vertex 27.1896 -6.82187 -9.92372
    endloop
  endfacet
  facet normal -1 0 0
    outer loop
      vertex 27.1896 -7.71612 -10.3714
      vertex 27.1896 -6.82187 -9.92372
      vertex 27.1896 -7.69393 -10.4164
    endloop
  endfacet
  facet normal -1 0 0
    outer loop
      vertex 27.1896 -7.74025 -10.3275
      vertex 27.1896 -6.86599 -9.84185
      vertex 27.1896 -7.71612 -10.3714
    endloop
  endfacet
  facet normal -1 0 0
    outer loop
      vertex 27.1896 -7.69393 -10.4164
      vertex 27.1896 -6.78133 -10.0074
      vertex 27.1896 -7.67372 -10.4624
    endloop
  endfacet
  facet normal -1 -0 0
    outer loop
      vertex 27.1896 -6.7113 -10.1797
      vertex 27.1896 -7.65554 -10.5091
      vertex 27.1896 -6.74446 -10.0928
    endloop
  endfacet
  facet normal -1 -0 0
    outer loop
      vertex 27.1896 -6.68194 -10.268
      vertex 27.1896 -7.63941 -10.5566
      vertex 27.1896 -6.7113 -10.1797
    endloop
  endfacet
  facet normal -1 0 0
    outer loop
      vertex 27.1896 -7.62537 -10.6048
      vertex 27.1896 -6.65642 -10.3574
      vertex 27.1896 -7.61344 -10.6536
    endloop
  endfacet
  facet normal -1 -0 0
    outer loop
      vertex 27.1896 -6.6171 -10.5392
      vertex 27.1896 -7.60365 -10.7028
      vertex 27.1896 -6.63479 -10.4479
    endloop
  endfacet
  facet normal -1 0 0
    outer loop
      vertex 27.1896 -7.59602 -10.7524
      vertex 27.1896 -6.60337 -10.6312
      vertex 27.1896 -7.59056 -10.8022
    endloop
  endfacet
  facet normal -1 0 0
    outer loop
      vertex 27.1896 -7.58728 -10.8523
      vertex 27.1896 -6.59363 -10.7237
      vertex 27.1896 -7.58618 -10.9025
    endloop
  endfacet
  facet normal -1 0 -0
    outer loop
      vertex 27.1896 -7.58618 -10.9025
      vertex 27.1896 -6.58851 -11.0025
      vertex 27.1896 -7.58728 -10.9526
    endloop
  endfacet
  facet normal -1 0 -0
    outer loop
      vertex 27.1896 -7.59602 -11.0526
      vertex 27.1896 -6.58851 -11.0025
      vertex 27.1896 -7.60365 -11.1022
    endloop
  endfacet
  facet normal -1 0 -0
    outer loop
      vertex 27.1896 -7.61344 -11.1514
      vertex 27.1896 -6.58851 -11.0025
      vertex 27.1896 -7.62537 -11.2001
    endloop
  endfacet
  facet normal -1 0 -0
    outer loop
      vertex 27.1896 -7.65554 -11.2958
      vertex 27.1896 -6.58851 -11.0025
      vertex 27.1896 -7.67372 -11.3425
    endloop
  endfacet
  facet normal -1 0 0
    outer loop
      vertex 27.1896 -6.58851 -11.0025
      vertex 27.1896 -7.71612 -11.4335
      vertex 27.1896 -7.69393 -11.3885
    endloop
  endfacet
  facet normal -1 0 0
    outer loop
      vertex 27.1896 -6.58851 -11.0025
      vertex 27.1896 -7.74025 -11.4775
      vertex 27.1896 -7.71612 -11.4335
    endloop
  endfacet
  facet normal -1 0 0
    outer loop
      vertex 27.1896 -6.90531 -13.0542
      vertex 27.1896 -7.76628 -11.5204
      vertex 27.1896 -7.74025 -11.4775
    endloop
  endfacet
  facet normal -1 0 0
    outer loop
      vertex 27.1896 -6.98893 -13.0525
      vertex 27.1896 -7.79416 -11.5621
      vertex 27.1896 -7.76628 -11.5204
    endloop
  endfacet
  facet normal -1 0 0
    outer loop
      vertex 27.1896 -6.98893 -13.0525
      vertex 27.1896 -7.82383 -11.6025
      vertex 27.1896 -7.79416 -11.5621
    endloop
  endfacet
  facet normal -1 0 0
    outer loop
      vertex 27.1896 -6.98893 -13.0525
      vertex 27.1896 -7.85523 -11.6417
      vertex 27.1896 -7.82383 -11.6025
    endloop
  endfacet
  facet normal -1 0 0
    outer loop
      vertex 27.1896 -6.98893 -13.0525
      vertex 27.1896 -7.88831 -11.6794
      vertex 27.1896 -7.85523 -11.6417
    endloop
  endfacet
  facet normal -1 0 0
    outer loop
      vertex 27.1896 -6.98893 -13.0525
      vertex 27.1896 -7.92301 -11.7156
      vertex 27.1896 -7.88831 -11.6794
    endloop
  endfacet
  facet normal -1 0 0
    outer loop
      vertex 27.1896 -6.98893 -13.0525
      vertex 27.1896 -7.95925 -11.7503
      vertex 27.1896 -7.92301 -11.7156
    endloop
  endfacet
  facet normal -1 0 0
    outer loop
      vertex 27.1896 -6.98893 -13.0525
      vertex 27.1896 -7.99698 -11.7834
      vertex 27.1896 -7.95925 -11.7503
    endloop
  endfacet
  facet normal -1 0 0
    outer loop
      vertex 27.1896 -6.98893 -13.0525
      vertex 27.1896 -8.03611 -11.8148
      vertex 27.1896 -7.99698 -11.7834
    endloop
  endfacet
  facet normal -1 0 0
    outer loop
      vertex 27.1896 -6.98893 -13.0525
      vertex 27.1896 -8.07657 -11.8445
      vertex 27.1896 -8.03611 -11.8148
    endloop
  endfacet
  facet normal -1 0 0
    outer loop
      vertex 27.1896 -6.98893 -13.0525
      vertex 27.1896 -8.11829 -11.8724
      vertex 27.1896 -8.07657 -11.8445
    endloop
  endfacet
  facet normal -1 0 0
    outer loop
      vertex 27.1896 -6.98893 -13.0525
      vertex 27.1896 -8.16118 -11.8984
      vertex 27.1896 -8.11829 -11.8724
    endloop
  endfacet
  facet normal -1 0 0
    outer loop
      vertex 27.1896 -6.98893 -13.0525
      vertex 27.1896 -8.20517 -11.9225
      vertex 27.1896 -8.16118 -11.8984
    endloop
  endfacet
  facet normal -1 0 0
    outer loop
      vertex 27.1896 -6.98893 -13.0525
      vertex 27.1896 -8.25017 -11.9447
      vertex 27.1896 -8.20517 -11.9225
    endloop
  endfacet
  facet normal -1 0 0
    outer loop
      vertex 27.1896 -8.73618 -13.0525
      vertex 27.1896 -8.25017 -11.9447
      vertex 27.1896 -6.98893 -13.0525
    endloop
  endfacet
  facet normal -1 0 0
    outer loop
      vertex 27.1896 -8.25017 -11.9447
      vertex 27.1896 -8.73618 -13.0525
      vertex 27.1896 -8.2961 -11.9649
    endloop
  endfacet
  facet normal -1 0 0
    outer loop
      vertex 27.1896 -8.2961 -11.9649
      vertex 27.1896 -8.73618 -13.0525
      vertex 27.1896 -8.34286 -11.9831
    endloop
  endfacet
  facet normal -1 0 0
    outer loop
      vertex 27.1896 -8.34286 -11.9831
      vertex 27.1896 -8.73618 -13.0525
      vertex 27.1896 -8.39037 -11.9992
    endloop
  endfacet
  facet normal -1 0 0
    outer loop
      vertex 27.1896 -8.39037 -11.9992
      vertex 27.1896 -8.73618 -13.0525
      vertex 27.1896 -8.43854 -12.0133
    endloop
  endfacet
  facet normal -1 0 0
    outer loop
      vertex 27.1896 -8.43854 -12.0133
      vertex 27.1896 -8.73618 -13.0525
      vertex 27.1896 -8.48728 -12.0252
    endloop
  endfacet
  facet normal -1 0 0
    outer loop
      vertex 27.1896 -8.48728 -12.0252
      vertex 27.1896 -8.73618 -13.0525
      vertex 27.1896 -8.53649 -12.035
    endloop
  endfacet
  facet normal -1 0 0
    outer loop
      vertex 27.1896 -8.53649 -12.035
      vertex 27.1896 -8.73618 -13.0525
      vertex 27.1896 -8.58608 -12.0426
    endloop
  endfacet
  facet normal -1 0 0
    outer loop
      vertex 27.1896 -8.58608 -12.0426
      vertex 27.1896 -8.73618 -13.0525
      vertex 27.1896 -8.63595 -12.0481
    endloop
  endfacet
  facet normal -1 0 0
    outer loop
      vertex 27.1896 -8.63595 -12.0481
      vertex 27.1896 -8.73618 -13.0525
      vertex 27.1896 -8.68602 -12.0514
    endloop
  endfacet
  facet normal -1 0 0
    outer loop
      vertex 27.1896 -8.73618 -13.0525
      vertex 27.1896 -8.73618 -12.0525
      vertex 27.1896 -8.68602 -12.0514
    endloop
  endfacet
  facet normal -1 0 0
    outer loop
      vertex 27.1896 -8.73618 -13.0525
      vertex 27.1896 -8.78634 -12.0514
      vertex 27.1896 -8.73618 -12.0525
    endloop
  endfacet
  facet normal -1 0 0
    outer loop
      vertex 27.1896 -8.82917 -13.0504
      vertex 27.1896 -8.78634 -12.0514
      vertex 27.1896 -8.73618 -13.0525
    endloop
  endfacet
  facet normal -1 0 0
    outer loop
      vertex 27.1896 -8.82917 -13.0504
      vertex 27.1896 -8.83641 -12.0481
      vertex 27.1896 -8.78634 -12.0514
    endloop
  endfacet
  facet normal -1 0 0
    outer loop
      vertex 27.1896 -8.92198 -13.0444
      vertex 27.1896 -8.83641 -12.0481
      vertex 27.1896 -8.82917 -13.0504
    endloop
  endfacet
  facet normal -1 -0 0
    outer loop
      vertex 27.1896 -8.83641 -12.0481
      vertex 27.1896 -8.92198 -13.0444
      vertex 27.1896 -8.88629 -12.0426
    endloop
  endfacet
  facet normal -1 0 0
    outer loop
      vertex 27.1896 -9.01445 -13.0344
      vertex 27.1896 -8.88629 -12.0426
      vertex 27.1896 -8.92198 -13.0444
    endloop
  endfacet
  facet normal -1 -0 0
    outer loop
      vertex 27.1896 -8.88629 -12.0426
      vertex 27.1896 -9.01445 -13.0344
      vertex 27.1896 -8.93588 -12.035
    endloop
  endfacet
  facet normal -1 0 0
    outer loop
      vertex 27.1896 -9.10639 -13.0203
      vertex 27.1896 -8.93588 -12.035
      vertex 27.1896 -9.01445 -13.0344
    endloop
  endfacet
  facet normal -1 -0 0
    outer loop
      vertex 27.1896 -8.93588 -12.035
      vertex 27.1896 -9.10639 -13.0203
      vertex 27.1896 -8.98509 -12.0252
    endloop
  endfacet
  facet normal -1 0 0
    outer loop
      vertex 27.1896 -9.19764 -13.0024
      vertex 27.1896 -8.98509 -12.0252
      vertex 27.1896 -9.10639 -13.0203
    endloop
  endfacet
  facet normal -1 -0 0
    outer loop
      vertex 27.1896 -8.98509 -12.0252
      vertex 27.1896 -9.19764 -13.0024
      vertex 27.1896 -9.03382 -12.0133
    endloop
  endfacet
  facet normal -1 0 0
    outer loop
      vertex 27.1896 -9.28803 -12.9804
      vertex 27.1896 -9.03382 -12.0133
      vertex 27.1896 -9.19764 -13.0024
    endloop
  endfacet
  facet normal -1 -0 0
    outer loop
      vertex 27.1896 -9.03382 -12.0133
      vertex 27.1896 -9.28803 -12.9804
      vertex 27.1896 -9.08199 -11.9992
    endloop
  endfacet
  facet normal -1 0 0
    outer loop
      vertex 27.1896 -9.37738 -12.9546
      vertex 27.1896 -9.08199 -11.9992
      vertex 27.1896 -9.28803 -12.9804
    endloop
  endfacet
  facet normal -1 -0 0
    outer loop
      vertex 27.1896 -9.08199 -11.9992
      vertex 27.1896 -9.37738 -12.9546
      vertex 27.1896 -9.12951 -11.9831
    endloop
  endfacet
  facet normal -1 0 0
    outer loop
      vertex 27.1896 -9.46554 -12.925
      vertex 27.1896 -9.12951 -11.9831
      vertex 27.1896 -9.37738 -12.9546
    endloop
  endfacet
  facet normal -1 0 0
    outer loop
      vertex 27.1896 -9.55233 -12.8915
      vertex 27.1896 -9.12951 -11.9831
      vertex 27.1896 -9.46554 -12.925
    endloop
  endfacet
  facet normal -1 -0 0
    outer loop
      vertex 27.1896 -9.12951 -11.9831
      vertex 27.1896 -9.55233 -12.8915
      vertex 27.1896 -9.17627 -11.9649
    endloop
  endfacet
  facet normal -1 0 0
    outer loop
      vertex 27.1896 -9.63759 -12.8544
      vertex 27.1896 -9.17627 -11.9649
      vertex 27.1896 -9.55233 -12.8915
    endloop
  endfacet
  facet normal -1 -0 0
    outer loop
      vertex 27.1896 -9.17627 -11.9649
      vertex 27.1896 -9.63759 -12.8544
      vertex 27.1896 -9.22219 -11.9447
    endloop
  endfacet
  facet normal -1 0 0
    outer loop
      vertex 27.1896 -9.72116 -12.8136
      vertex 27.1896 -9.22219 -11.9447
      vertex 27.1896 -9.63759 -12.8544
    endloop
  endfacet
  facet normal -1 -0 0
    outer loop
      vertex 27.1896 -9.22219 -11.9447
      vertex 27.1896 -9.72116 -12.8136
      vertex 27.1896 -9.26719 -11.9225
    endloop
  endfacet
  facet normal -1 0 0
    outer loop
      vertex 27.1896 -9.8029 -12.7692
      vertex 27.1896 -9.26719 -11.9225
      vertex 27.1896 -9.72116 -12.8136
    endloop
  endfacet
  facet normal -1 -0 0
    outer loop
      vertex 27.1896 -9.26719 -11.9225
      vertex 27.1896 -9.8029 -12.7692
      vertex 27.1896 -9.31118 -11.8984
    endloop
  endfacet
  facet normal -1 0 0
    outer loop
      vertex 27.1896 -9.88263 -12.7213
      vertex 27.1896 -9.31118 -11.8984
      vertex 27.1896 -9.8029 -12.7692
    endloop
  endfacet
  facet normal -1 -0 0
    outer loop
      vertex 27.1896 -9.31118 -11.8984
      vertex 27.1896 -9.88263 -12.7213
      vertex 27.1896 -9.35408 -11.8724
    endloop
  endfacet
  facet normal -1 0 0
    outer loop
      vertex 27.1896 -9.96022 -12.67
      vertex 27.1896 -9.35408 -11.8724
      vertex 27.1896 -9.88263 -12.7213
    endloop
  endfacet
  facet normal -1 -0 0
    outer loop
      vertex 27.1896 -9.35408 -11.8724
      vertex 27.1896 -9.96022 -12.67
      vertex 27.1896 -9.39579 -11.8445
    endloop
  endfacet
  facet normal -1 0 0
    outer loop
      vertex 27.1896 -10.0355 -12.6154
      vertex 27.1896 -9.39579 -11.8445
      vertex 27.1896 -9.96022 -12.67
    endloop
  endfacet
  facet normal -1 -0 0
    outer loop
      vertex 27.1896 -9.39579 -11.8445
      vertex 27.1896 -10.0355 -12.6154
      vertex 27.1896 -9.43626 -11.8148
    endloop
  endfacet
  facet normal -1 0 0
    outer loop
      vertex 27.1896 -10.1084 -12.5576
      vertex 27.1896 -9.43626 -11.8148
      vertex 27.1896 -10.0355 -12.6154
    endloop
  endfacet
  facet normal -1 -0 0
    outer loop
      vertex 27.1896 -9.43626 -11.8148
      vertex 27.1896 -10.1084 -12.5576
      vertex 27.1896 -9.47539 -11.7834
    endloop
  endfacet
  facet normal -1 0 0
    outer loop
      vertex 27.1896 -10.1787 -12.4967
      vertex 27.1896 -9.47539 -11.7834
      vertex 27.1896 -10.1084 -12.5576
    endloop
  endfacet
  facet normal -1 -0 0
    outer loop
      vertex 27.1896 -9.47539 -11.7834
      vertex 27.1896 -10.1787 -12.4967
      vertex 27.1896 -9.51311 -11.7503
    endloop
  endfacet
  facet normal -1 0 0
    outer loop
      vertex 27.1896 -10.2463 -12.4328
      vertex 27.1896 -9.51311 -11.7503
      vertex 27.1896 -10.1787 -12.4967
    endloop
  endfacet
  facet normal -1 -0 0
    outer loop
      vertex 27.1896 -9.51311 -11.7503
      vertex 27.1896 -10.2463 -12.4328
      vertex 27.1896 -9.54936 -11.7156
    endloop
  endfacet
  facet normal -1 0 0
    outer loop
      vertex 27.1896 -10.3111 -12.3661
      vertex 27.1896 -9.54936 -11.7156
      vertex 27.1896 -10.2463 -12.4328
    endloop
  endfacet
  facet normal -1 -0 0
    outer loop
      vertex 27.1896 -9.54936 -11.7156
      vertex 27.1896 -10.3111 -12.3661
      vertex 27.1896 -9.58405 -11.6794
    endloop
  endfacet
  facet normal -1 0 0
    outer loop
      vertex 27.1896 -10.3729 -12.2966
      vertex 27.1896 -9.58405 -11.6794
      vertex 27.1896 -10.3111 -12.3661
    endloop
  endfacet
  facet normal -1 -0 0
    outer loop
      vertex 27.1896 -9.58405 -11.6794
      vertex 27.1896 -10.3729 -12.2966
      vertex 27.1896 -9.61713 -11.6417
    endloop
  endfacet
  facet normal -1 0 0
    outer loop
      vertex 27.1896 -10.4317 -12.2245
      vertex 27.1896 -9.61713 -11.6417
      vertex 27.1896 -10.3729 -12.2966
    endloop
  endfacet
  facet normal -1 -0 0
    outer loop
      vertex 27.1896 -9.61713 -11.6417
      vertex 27.1896 -10.4317 -12.2245
      vertex 27.1896 -9.64854 -11.6025
    endloop
  endfacet
  facet normal -1 0 0
    outer loop
      vertex 27.1896 -10.4873 -12.15
      vertex 27.1896 -9.64854 -11.6025
      vertex 27.1896 -10.4317 -12.2245
    endloop
  endfacet
  facet normal -1 -0 0
    outer loop
      vertex 27.1896 -9.64854 -11.6025
      vertex 27.1896 -10.4873 -12.15
      vertex 27.1896 -9.67821 -11.5621
    endloop
  endfacet
  facet normal -1 0 0
    outer loop
      vertex 27.1896 -10.5396 -12.0731
      vertex 27.1896 -9.67821 -11.5621
      vertex 27.1896 -10.4873 -12.15
    endloop
  endfacet
  facet normal -1 -0 0
    outer loop
      vertex 27.1896 -9.67821 -11.5621
      vertex 27.1896 -10.5396 -12.0731
      vertex 27.1896 -9.70608 -11.5204
    endloop
  endfacet
  facet normal -1 0 0
    outer loop
      vertex 27.1896 -10.5885 -11.994
      vertex 27.1896 -9.70608 -11.5204
      vertex 27.1896 -10.5396 -12.0731
    endloop
  endfacet
  facet normal -1 -0 0
    outer loop
      vertex 27.1896 -9.70608 -11.5204
      vertex 27.1896 -10.5885 -11.994
      vertex 27.1896 -9.73211 -11.4775
    endloop
  endfacet
  facet normal -1 0 0
    outer loop
      vertex 27.1896 -10.634 -11.9128
      vertex 27.1896 -9.73211 -11.4775
      vertex 27.1896 -10.5885 -11.994
    endloop
  endfacet
  facet normal -1 -0 0
    outer loop
      vertex 27.1896 -9.73211 -11.4775
      vertex 27.1896 -10.634 -11.9128
      vertex 27.1896 -9.75624 -11.4335
    endloop
  endfacet
  facet normal -1 0 0
    outer loop
      vertex 27.1896 -10.6759 -11.8298
      vertex 27.1896 -9.75624 -11.4335
      vertex 27.1896 -10.634 -11.9128
    endloop
  endfacet
  facet normal -1 0 0
    outer loop
      vertex 27.1896 -9.88618 -10.9025
      vertex 27.1896 -10.0069 -9.16818
      vertex 27.1896 -9.93072 -9.11484
    endloop
  endfacet
  facet normal -1 -0 0
    outer loop
      vertex 27.1896 -9.75624 -11.4335
      vertex 27.1896 -10.6759 -11.8298
      vertex 27.1896 -9.77844 -11.3885
    endloop
  endfacet
  facet normal -1 0 0
    outer loop
      vertex 27.1896 -9.88618 -10.9025
      vertex 27.1896 -10.0807 -9.22476
      vertex 27.1896 -10.0069 -9.16818
    endloop
  endfacet
  facet normal -1 0 0
    outer loop
      vertex 27.1896 -10.7142 -11.7451
      vertex 27.1896 -9.77844 -11.3885
      vertex 27.1896 -10.6759 -11.8298
    endloop
  endfacet
  facet normal -1 0 0
    outer loop
      vertex 27.1896 -9.88618 -10.9025
      vertex 27.1896 -10.152 -9.28448
      vertex 27.1896 -10.0807 -9.22476
    endloop
  endfacet
  facet normal -1 -0 0
    outer loop
      vertex 27.1896 -9.77844 -11.3885
      vertex 27.1896 -10.7142 -11.7451
      vertex 27.1896 -9.79864 -11.3425
    endloop
  endfacet
  facet normal -1 0 0
    outer loop
      vertex 27.1896 -9.88618 -10.9025
      vertex 27.1896 -10.2207 -9.34723
      vertex 27.1896 -10.152 -9.28448
    endloop
  endfacet
  facet normal -1 0 0
    outer loop
      vertex 27.1896 -10.7488 -11.6587
      vertex 27.1896 -9.79864 -11.3425
      vertex 27.1896 -10.7142 -11.7451
    endloop
  endfacet
  facet normal -1 0 0
    outer loop
      vertex 27.1896 -9.88618 -10.9025
      vertex 27.1896 -10.2866 -9.41289
      vertex 27.1896 -10.2207 -9.34723
    endloop
  endfacet
  facet normal -1 -0 0
    outer loop
      vertex 27.1896 -9.79864 -11.3425
      vertex 27.1896 -10.7488 -11.6587
      vertex 27.1896 -9.81683 -11.2958
    endloop
  endfacet
  facet normal -1 0 0
    outer loop
      vertex 27.1896 -9.88618 -10.9025
      vertex 27.1896 -10.3495 -9.48133
      vertex 27.1896 -10.2866 -9.41289
    endloop
  endfacet
  facet normal -1 0 0
    outer loop
      vertex 27.1896 -10.7796 -11.571
      vertex 27.1896 -9.81683 -11.2958
      vertex 27.1896 -10.7488 -11.6587
    endloop
  endfacet
  facet normal -1 0 0
    outer loop
      vertex 27.1896 -9.88618 -10.9025
      vertex 27.1896 -10.4095 -9.55244
      vertex 27.1896 -10.3495 -9.48133
    endloop
  endfacet
  facet normal -1 -0 0
    outer loop
      vertex 27.1896 -9.81683 -11.2958
      vertex 27.1896 -10.7796 -11.571
      vertex 27.1896 -9.83296 -11.2483
    endloop
  endfacet
  facet normal -1 0 0
    outer loop
      vertex 27.1896 -9.88618 -10.9025
      vertex 27.1896 -10.4663 -9.62607
      vertex 27.1896 -10.4095 -9.55244
    endloop
  endfacet
  facet normal -1 0 0
    outer loop
      vertex 27.1896 -10.8066 -11.482
      vertex 27.1896 -9.83296 -11.2483
      vertex 27.1896 -10.7796 -11.571
    endloop
  endfacet
  facet normal -1 0 0
    outer loop
      vertex 27.1896 -9.88618 -10.9025
      vertex 27.1896 -10.5199 -9.70209
      vertex 27.1896 -10.4663 -9.62607
    endloop
  endfacet
  facet normal -1 -0 0
    outer loop
      vertex 27.1896 -9.83296 -11.2483
      vertex 27.1896 -10.8066 -11.482
      vertex 27.1896 -9.847 -11.2001
    endloop
  endfacet
  facet normal -1 0 0
    outer loop
      vertex 27.1896 -9.88618 -10.9025
      vertex 27.1896 -10.5701 -9.78036
      vertex 27.1896 -10.5199 -9.70209
    endloop
  endfacet
  facet normal -1 0 0
    outer loop
      vertex 27.1896 -10.8297 -11.3919
      vertex 27.1896 -9.847 -11.2001
      vertex 27.1896 -10.8066 -11.482
    endloop
  endfacet
  facet normal -1 0 0
    outer loop
      vertex 27.1896 -9.88618 -10.9025
      vertex 27.1896 -10.617 -9.86073
      vertex 27.1896 -10.5701 -9.78036
    endloop
  endfacet
  facet normal -1 -0 0
    outer loop
      vertex 27.1896 -9.847 -11.2001
      vertex 27.1896 -10.8297 -11.3919
      vertex 27.1896 -9.85892 -11.1514
    endloop
  endfacet
  facet normal -1 0 0
    outer loop
      vertex 27.1896 -9.88618 -10.9025
      vertex 27.1896 -10.6602 -9.94304
      vertex 27.1896 -10.617 -9.86073
    endloop
  endfacet
  facet normal -1 0 0
    outer loop
      vertex 27.1896 -10.8489 -11.3009
      vertex 27.1896 -9.85892 -11.1514
      vertex 27.1896 -10.8297 -11.3919
    endloop
  endfacet
  facet normal -1 0 0
    outer loop
      vertex 27.1896 -9.88618 -10.9025
      vertex 27.1896 -10.6999 -10.0272
      vertex 27.1896 -10.6602 -9.94304
    endloop
  endfacet
  facet normal -1 -0 0
    outer loop
      vertex 27.1896 -9.85892 -11.1514
      vertex 27.1896 -10.8489 -11.3009
      vertex 27.1896 -9.86871 -11.1022
    endloop
  endfacet
  facet normal -1 0 0
    outer loop
      vertex 27.1896 -9.88618 -10.9025
      vertex 27.1896 -10.736 -10.1129
      vertex 27.1896 -10.6999 -10.0272
    endloop
  endfacet
  facet normal -1 0 0
    outer loop
      vertex 27.1896 -10.8642 -11.2091
      vertex 27.1896 -9.86871 -11.1022
      vertex 27.1896 -10.8489 -11.3009
    endloop
  endfacet
  facet normal -1 0 0
    outer loop
      vertex 27.1896 -9.88618 -10.9025
      vertex 27.1896 -10.7682 -10.2001
      vertex 27.1896 -10.736 -10.1129
    endloop
  endfacet
  facet normal -1 -0 0
    outer loop
      vertex 27.1896 -9.86871 -11.1022
      vertex 27.1896 -10.8642 -11.2091
      vertex 27.1896 -9.87634 -11.0526
    endloop
  endfacet
  facet normal -1 0 0
    outer loop
      vertex 27.1896 -9.88618 -10.9025
      vertex 27.1896 -10.7967 -10.2887
      vertex 27.1896 -10.7682 -10.2001
    endloop
  endfacet
  facet normal -1 0 0
    outer loop
      vertex 27.1896 -10.8755 -11.1168
      vertex 27.1896 -9.87634 -11.0526
      vertex 27.1896 -10.8642 -11.2091
    endloop
  endfacet
  facet normal -1 0 0
    outer loop
      vertex 27.1896 -9.88618 -10.9025
      vertex 27.1896 -10.8213 -10.3784
      vertex 27.1896 -10.7967 -10.2887
    endloop
  endfacet
  facet normal -1 -0 0
    outer loop
      vertex 27.1896 -9.87634 -11.0526
      vertex 27.1896 -10.8755 -11.1168
      vertex 27.1896 -9.88181 -11.0027
    endloop
  endfacet
  facet normal -1 0 0
    outer loop
      vertex 27.1896 -9.88618 -10.9025
      vertex 27.1896 -10.842 -10.469
      vertex 27.1896 -10.8213 -10.3784
    endloop
  endfacet
  facet normal -1 0 0
    outer loop
      vertex 27.1896 -10.8827 -11.0241
      vertex 27.1896 -9.88181 -11.0027
      vertex 27.1896 -10.8755 -11.1168
    endloop
  endfacet
  facet normal -1 0 0
    outer loop
      vertex 27.1896 -9.88618 -10.9025
      vertex 27.1896 -10.8588 -10.5605
      vertex 27.1896 -10.842 -10.469
    endloop
  endfacet
  facet normal -1 -0 0
    outer loop
      vertex 27.1896 -9.88181 -11.0027
      vertex 27.1896 -10.8827 -11.0241
      vertex 27.1896 -9.88509 -10.9526
    endloop
  endfacet
  facet normal -1 0 0
    outer loop
      vertex 27.1896 -9.88618 -10.9025
      vertex 27.1896 -10.8716 -10.6526
      vertex 27.1896 -10.8588 -10.5605
    endloop
  endfacet
  facet normal -1 0 0
    outer loop
      vertex 27.1896 -10.886 -10.9311
      vertex 27.1896 -9.88509 -10.9526
      vertex 27.1896 -10.8827 -11.0241
    endloop
  endfacet
  facet normal -1 0 0
    outer loop
      vertex 27.1896 -9.88618 -10.9025
      vertex 27.1896 -10.8804 -10.7452
      vertex 27.1896 -10.8716 -10.6526
    endloop
  endfacet
  facet normal -1 0 0
    outer loop
      vertex 27.1896 -9.88509 -10.9526
      vertex 27.1896 -10.886 -10.9311
      vertex 27.1896 -9.88618 -10.9025
    endloop
  endfacet
  facet normal -1 0 0
    outer loop
      vertex 27.1896 -9.88618 -10.9025
      vertex 27.1896 -10.8852 -10.8381
      vertex 27.1896 -10.8804 -10.7452
    endloop
  endfacet
  facet normal -1 -0 0
    outer loop
      vertex 27.1896 -9.88618 -10.9025
      vertex 27.1896 -10.886 -10.9311
      vertex 27.1896 -10.8852 -10.8381
    endloop
  endfacet
  facet normal -1 0 0
    outer loop
      vertex 27.1896 -6.58851 -11.0025
      vertex 27.1896 -6.5879 -10.8165
      vertex 27.1896 -6.58619 -10.9095
    endloop
  endfacet
  facet normal -1 -0 0
    outer loop
      vertex 27.1896 -6.5879 -10.8165
      vertex 27.1896 -6.58851 -11.0025
      vertex 27.1896 -6.59363 -10.7237
    endloop
  endfacet
  facet normal -1 -0 0
    outer loop
      vertex 27.1896 -6.82187 -9.92372
      vertex 27.1896 -7.71612 -10.3714
      vertex 27.1896 -6.86599 -9.84185
    endloop
  endfacet
  facet normal -1 -0 0
    outer loop
      vertex 27.1896 -6.86599 -9.84185
      vertex 27.1896 -7.74025 -10.3275
      vertex 27.1896 -6.91362 -9.76196
    endloop
  endfacet
  facet normal -1 0 0
    outer loop
      vertex 27.1896 -7.76628 -10.2846
      vertex 27.1896 -6.91362 -9.76196
      vertex 27.1896 -7.74025 -10.3275
    endloop
  endfacet
  facet normal -1 -0 0
    outer loop
      vertex 27.1896 -6.91362 -9.76196
      vertex 27.1896 -7.76628 -10.2846
      vertex 27.1896 -6.96465 -9.6842
    endloop
  endfacet
  facet normal -1 0 0
    outer loop
      vertex 27.1896 -7.79416 -10.2428
      vertex 27.1896 -6.96465 -9.6842
      vertex 27.1896 -7.76628 -10.2846
    endloop
  endfacet
  facet normal -1 -0 0
    outer loop
      vertex 27.1896 -6.96465 -9.6842
      vertex 27.1896 -7.79416 -10.2428
      vertex 27.1896 -7.01899 -9.60872
    endloop
  endfacet
  facet normal -1 0 0
    outer loop
      vertex 27.1896 -7.82383 -10.2024
      vertex 27.1896 -7.01899 -9.60872
      vertex 27.1896 -7.79416 -10.2428
    endloop
  endfacet
  facet normal -1 -0 0
    outer loop
      vertex 27.1896 -7.01899 -9.60872
      vertex 27.1896 -7.82383 -10.2024
      vertex 27.1896 -7.07655 -9.53566
    endloop
  endfacet
  facet normal -1 0 0
    outer loop
      vertex 27.1896 -7.85523 -10.1633
      vertex 27.1896 -7.07655 -9.53566
      vertex 27.1896 -7.82383 -10.2024
    endloop
  endfacet
  facet normal -1 -0 0
    outer loop
      vertex 27.1896 -7.07655 -9.53566
      vertex 27.1896 -7.85523 -10.1633
      vertex 27.1896 -7.13722 -9.46516
    endloop
  endfacet
  facet normal -1 0 0
    outer loop
      vertex 27.1896 -7.88831 -10.1255
      vertex 27.1896 -7.13722 -9.46516
      vertex 27.1896 -7.85523 -10.1633
    endloop
  endfacet
  facet normal -1 -0 0
    outer loop
      vertex 27.1896 -7.13722 -9.46516
      vertex 27.1896 -7.88831 -10.1255
      vertex 27.1896 -7.20088 -9.39736
    endloop
  endfacet
  facet normal -1 0 0
    outer loop
      vertex 27.1896 -7.92301 -10.0893
      vertex 27.1896 -7.20088 -9.39736
      vertex 27.1896 -7.88831 -10.1255
    endloop
  endfacet
  facet normal -1 -0 0
    outer loop
      vertex 27.1896 -7.20088 -9.39736
      vertex 27.1896 -7.92301 -10.0893
      vertex 27.1896 -7.26741 -9.33236
    endloop
  endfacet
  facet normal -1 0 0
    outer loop
      vertex 27.1896 -7.95925 -10.0546
      vertex 27.1896 -7.26741 -9.33236
      vertex 27.1896 -7.92301 -10.0893
    endloop
  endfacet
  facet normal -1 -0 0
    outer loop
      vertex 27.1896 -7.26741 -9.33236
      vertex 27.1896 -7.95925 -10.0546
      vertex 27.1896 -7.33669 -9.27031
    endloop
  endfacet
  facet normal -1 0 0
    outer loop
      vertex 27.1896 -7.99698 -10.0215
      vertex 27.1896 -7.33669 -9.27031
      vertex 27.1896 -7.95925 -10.0546
    endloop
  endfacet
  facet normal -1 -0 0
    outer loop
      vertex 27.1896 -7.33669 -9.27031
      vertex 27.1896 -7.99698 -10.0215
      vertex 27.1896 -7.40859 -9.21131
    endloop
  endfacet
  facet normal -1 0 0
    outer loop
      vertex 27.1896 -8.03611 -9.9901
      vertex 27.1896 -7.40859 -9.21131
      vertex 27.1896 -7.99698 -10.0215
    endloop
  endfacet
  facet normal -1 -0 0
    outer loop
      vertex 27.1896 -7.40859 -9.21131
      vertex 27.1896 -8.03611 -9.9901
      vertex 27.1896 -7.48297 -9.15547
    endloop
  endfacet
  facet normal -1 0 0
    outer loop
      vertex 27.1896 -8.07657 -9.96043
      vertex 27.1896 -7.48297 -9.15547
      vertex 27.1896 -8.03611 -9.9901
    endloop
  endfacet
  facet normal -1 -0 0
    outer loop
      vertex 27.1896 -7.48297 -9.15547
      vertex 27.1896 -8.07657 -9.96043
      vertex 27.1896 -7.5597 -9.10291
    endloop
  endfacet
  facet normal -1 0 0
    outer loop
      vertex 27.1896 -8.11829 -9.93256
      vertex 27.1896 -7.5597 -9.10291
      vertex 27.1896 -8.07657 -9.96043
    endloop
  endfacet
  facet normal -1 -0 0
    outer loop
      vertex 27.1896 -7.5597 -9.10291
      vertex 27.1896 -8.11829 -9.93256
      vertex 27.1896 -7.63863 -9.05371
    endloop
  endfacet
  facet normal -1 0 0
    outer loop
      vertex 27.1896 -8.16118 -9.90653
      vertex 27.1896 -7.63863 -9.05371
      vertex 27.1896 -8.11829 -9.93256
    endloop
  endfacet
  facet normal -1 -0 0
    outer loop
      vertex 27.1896 -7.63863 -9.05371
      vertex 27.1896 -8.16118 -9.90653
      vertex 27.1896 -7.71962 -9.00797
    endloop
  endfacet
  facet normal -1 0 0
    outer loop
      vertex 27.1896 -8.20517 -9.8824
      vertex 27.1896 -7.71962 -9.00797
      vertex 27.1896 -8.16118 -9.90653
    endloop
  endfacet
  facet normal -1 -0 0
    outer loop
      vertex 27.1896 -7.71962 -9.00797
      vertex 27.1896 -8.20517 -9.8824
      vertex 27.1896 -7.8025 -8.96578
    endloop
  endfacet
  facet normal -1 0 0
    outer loop
      vertex 27.1896 -8.25017 -9.86021
      vertex 27.1896 -7.8025 -8.96578
      vertex 27.1896 -8.20517 -9.8824
    endloop
  endfacet
  facet normal -1 -0 0
    outer loop
      vertex 27.1896 -7.8025 -8.96578
      vertex 27.1896 -8.25017 -9.86021
      vertex 27.1896 -7.88714 -8.92721
    endloop
  endfacet
  facet normal -1 0 0
    outer loop
      vertex 27.1896 -8.2961 -9.84
      vertex 27.1896 -7.88714 -8.92721
      vertex 27.1896 -8.25017 -9.86021
    endloop
  endfacet
  facet normal -1 -0 0
    outer loop
      vertex 27.1896 -7.88714 -8.92721
      vertex 27.1896 -8.2961 -9.84
      vertex 27.1896 -7.97336 -8.89233
    endloop
  endfacet
  facet normal -1 0 0
    outer loop
      vertex 27.1896 -8.34286 -9.82181
      vertex 27.1896 -7.97336 -8.89233
      vertex 27.1896 -8.2961 -9.84
    endloop
  endfacet
  facet normal -1 -0 0
    outer loop
      vertex 27.1896 -7.97336 -8.89233
      vertex 27.1896 -8.34286 -9.82181
      vertex 27.1896 -8.06101 -8.86122
    endloop
  endfacet
  facet normal -1 0 0
    outer loop
      vertex 27.1896 -8.39037 -9.80569
      vertex 27.1896 -8.06101 -8.86122
      vertex 27.1896 -8.34286 -9.82181
    endloop
  endfacet
  facet normal -1 -0 0
    outer loop
      vertex 27.1896 -8.06101 -8.86122
      vertex 27.1896 -8.39037 -9.80569
      vertex 27.1896 -8.14992 -8.83393
    endloop
  endfacet
  facet normal -1 0 0
    outer loop
      vertex 27.1896 -8.43854 -9.79165
      vertex 27.1896 -8.14992 -8.83393
      vertex 27.1896 -8.39037 -9.80569
    endloop
  endfacet
  facet normal -1 -0 0
    outer loop
      vertex 27.1896 -8.14992 -8.83393
      vertex 27.1896 -8.43854 -9.79165
      vertex 27.1896 -8.23994 -8.81051
    endloop
  endfacet
  facet normal -1 0 0
    outer loop
      vertex 27.1896 -8.48728 -9.77972
      vertex 27.1896 -8.23994 -8.81051
      vertex 27.1896 -8.43854 -9.79165
    endloop
  endfacet
  facet normal -1 -0 0
    outer loop
      vertex 27.1896 -8.23994 -8.81051
      vertex 27.1896 -8.48728 -9.77972
      vertex 27.1896 -8.33088 -8.79101
    endloop
  endfacet
  facet normal -1 0 0
    outer loop
      vertex 27.1896 -8.53649 -9.76993
      vertex 27.1896 -8.33088 -8.79101
      vertex 27.1896 -8.48728 -9.77972
    endloop
  endfacet
  facet normal -1 -0 0
    outer loop
      vertex 27.1896 -8.33088 -8.79101
      vertex 27.1896 -8.53649 -9.76993
      vertex 27.1896 -8.42257 -8.77546
    endloop
  endfacet
  facet normal -1 0 0
    outer loop
      vertex 27.1896 -8.58608 -9.7623
      vertex 27.1896 -8.42257 -8.77546
      vertex 27.1896 -8.53649 -9.76993
    endloop
  endfacet
  facet normal -1 -0 0
    outer loop
      vertex 27.1896 -8.42257 -8.77546
      vertex 27.1896 -8.58608 -9.7623
      vertex 27.1896 -8.51486 -8.76388
    endloop
  endfacet
  facet normal -1 0 0
    outer loop
      vertex 27.1896 -8.63595 -9.75684
      vertex 27.1896 -8.51486 -8.76388
      vertex 27.1896 -8.58608 -9.7623
    endloop
  endfacet
  facet normal -1 -0 0
    outer loop
      vertex 27.1896 -8.51486 -8.76388
      vertex 27.1896 -8.63595 -9.75684
      vertex 27.1896 -8.60756 -8.75631
    endloop
  endfacet
  facet normal -1 0 0
    outer loop
      vertex 27.1896 -8.68602 -9.75356
      vertex 27.1896 -8.60756 -8.75631
      vertex 27.1896 -8.63595 -9.75684
    endloop
  endfacet
  facet normal -1 0 0
    outer loop
      vertex 27.1896 -8.68602 -9.75356
      vertex 27.1896 -8.7005 -8.75276
      vertex 27.1896 -8.60756 -8.75631
    endloop
  endfacet
  facet normal -1 0 0
    outer loop
      vertex 27.1896 -8.73618 -9.75246
      vertex 27.1896 -8.7005 -8.75276
      vertex 27.1896 -8.68602 -9.75356
    endloop
  endfacet
  facet normal -1 0 0
    outer loop
      vertex 27.1896 -8.7935 -8.75322
      vertex 27.1896 -8.73618 -9.75246
      vertex 27.1896 -8.78634 -9.75356
    endloop
  endfacet
  facet normal -1 0 0
    outer loop
      vertex 27.1896 -8.73618 -9.75246
      vertex 27.1896 -8.7935 -8.75322
      vertex 27.1896 -8.7005 -8.75276
    endloop
  endfacet
  facet normal -1 0 0
    outer loop
      vertex 27.1896 -8.8864 -8.75772
      vertex 27.1896 -8.78634 -9.75356
      vertex 27.1896 -8.83641 -9.75684
    endloop
  endfacet
  facet normal -1 0 0
    outer loop
      vertex 27.1896 -8.97902 -8.76622
      vertex 27.1896 -8.83641 -9.75684
      vertex 27.1896 -8.88629 -9.7623
    endloop
  endfacet
  facet normal -1 0 0
    outer loop
      vertex 27.1896 -8.78634 -9.75356
      vertex 27.1896 -8.8864 -8.75772
      vertex 27.1896 -8.7935 -8.75322
    endloop
  endfacet
  facet normal -1 0 0
    outer loop
      vertex 27.1896 -9.07119 -8.77872
      vertex 27.1896 -8.88629 -9.7623
      vertex 27.1896 -8.93588 -9.76993
    endloop
  endfacet
  facet normal -1 0 0
    outer loop
      vertex 27.1896 -8.83641 -9.75684
      vertex 27.1896 -8.97902 -8.76622
      vertex 27.1896 -8.8864 -8.75772
    endloop
  endfacet
  facet normal -1 0 0
    outer loop
      vertex 27.1896 -9.16272 -8.7952
      vertex 27.1896 -8.93588 -9.76993
      vertex 27.1896 -8.98509 -9.77972
    endloop
  endfacet
  facet normal -1 0 0
    outer loop
      vertex 27.1896 -9.25346 -8.81562
      vertex 27.1896 -8.98509 -9.77972
      vertex 27.1896 -9.03382 -9.79165
    endloop
  endfacet
  facet normal -1 0 0
    outer loop
      vertex 27.1896 -8.88629 -9.7623
      vertex 27.1896 -9.07119 -8.77872
      vertex 27.1896 -8.97902 -8.76622
    endloop
  endfacet
  facet normal -1 0 0
    outer loop
      vertex 27.1896 -9.34323 -8.83994
      vertex 27.1896 -9.03382 -9.79165
      vertex 27.1896 -9.08199 -9.80569
    endloop
  endfacet
  facet normal -1 0 0
    outer loop
      vertex 27.1896 -9.43187 -8.86812
      vertex 27.1896 -9.08199 -9.80569
      vertex 27.1896 -9.12951 -9.82181
    endloop
  endfacet
  facet normal -1 0 0
    outer loop
      vertex 27.1896 -8.93588 -9.76993
      vertex 27.1896 -9.16272 -8.7952
      vertex 27.1896 -9.07119 -8.77872
    endloop
  endfacet
  facet normal -1 0 0
    outer loop
      vertex 27.1896 -9.5192 -8.90012
      vertex 27.1896 -9.12951 -9.82181
      vertex 27.1896 -9.17627 -9.84
    endloop
  endfacet
  facet normal -1 0 0
    outer loop
      vertex 27.1896 -9.60507 -8.93585
      vertex 27.1896 -9.17627 -9.84
      vertex 27.1896 -9.22219 -9.86021
    endloop
  endfacet
  facet normal -1 0 0
    outer loop
      vertex 27.1896 -8.98509 -9.77972
      vertex 27.1896 -9.25346 -8.81562
      vertex 27.1896 -9.16272 -8.7952
    endloop
  endfacet
  facet normal -1 0 0
    outer loop
      vertex 27.1896 -9.68931 -8.97527
      vertex 27.1896 -9.22219 -9.86021
      vertex 27.1896 -9.26719 -9.8824
    endloop
  endfacet
  facet normal -1 0 0
    outer loop
      vertex 27.1896 -9.77177 -9.0183
      vertex 27.1896 -9.26719 -9.8824
      vertex 27.1896 -9.31118 -9.90653
    endloop
  endfacet
  facet normal -1 0 0
    outer loop
      vertex 27.1896 -9.03382 -9.79165
      vertex 27.1896 -9.34323 -8.83994
      vertex 27.1896 -9.25346 -8.81562
    endloop
  endfacet
  facet normal -1 0 0
    outer loop
      vertex 27.1896 -9.85229 -9.06485
      vertex 27.1896 -9.31118 -9.90653
      vertex 27.1896 -9.35408 -9.93256
    endloop
  endfacet
  facet normal -1 0 0
    outer loop
      vertex 27.1896 -9.93072 -9.11484
      vertex 27.1896 -9.35408 -9.93256
      vertex 27.1896 -9.39579 -9.96043
    endloop
  endfacet
  facet normal -1 0 0
    outer loop
      vertex 27.1896 -9.08199 -9.80569
      vertex 27.1896 -9.43187 -8.86812
      vertex 27.1896 -9.34323 -8.83994
    endloop
  endfacet
  facet normal -1 0 0
    outer loop
      vertex 27.1896 -9.93072 -9.11484
      vertex 27.1896 -9.39579 -9.96043
      vertex 27.1896 -9.43626 -9.9901
    endloop
  endfacet
  facet normal -1 0 0
    outer loop
      vertex 27.1896 -9.93072 -9.11484
      vertex 27.1896 -9.43626 -9.9901
      vertex 27.1896 -9.47539 -10.0215
    endloop
  endfacet
  facet normal -1 0 0
    outer loop
      vertex 27.1896 -9.93072 -9.11484
      vertex 27.1896 -9.47539 -10.0215
      vertex 27.1896 -9.51311 -10.0546
    endloop
  endfacet
  facet normal -1 0 0
    outer loop
      vertex 27.1896 -9.12951 -9.82181
      vertex 27.1896 -9.5192 -8.90012
      vertex 27.1896 -9.43187 -8.86812
    endloop
  endfacet
  facet normal -1 0 0
    outer loop
      vertex 27.1896 -9.93072 -9.11484
      vertex 27.1896 -9.51311 -10.0546
      vertex 27.1896 -9.54936 -10.0893
    endloop
  endfacet
  facet normal -1 0 0
    outer loop
      vertex 27.1896 -9.93072 -9.11484
      vertex 27.1896 -9.54936 -10.0893
      vertex 27.1896 -9.58405 -10.1255
    endloop
  endfacet
  facet normal -1 0 0
    outer loop
      vertex 27.1896 -9.17627 -9.84
      vertex 27.1896 -9.60507 -8.93585
      vertex 27.1896 -9.5192 -8.90012
    endloop
  endfacet
  facet normal -1 0 0
    outer loop
      vertex 27.1896 -9.93072 -9.11484
      vertex 27.1896 -9.58405 -10.1255
      vertex 27.1896 -9.61713 -10.1633
    endloop
  endfacet
  facet normal -1 0 0
    outer loop
      vertex 27.1896 -9.93072 -9.11484
      vertex 27.1896 -9.61713 -10.1633
      vertex 27.1896 -9.64854 -10.2024
    endloop
  endfacet
  facet normal -1 0 0
    outer loop
      vertex 27.1896 -9.93072 -9.11484
      vertex 27.1896 -9.64854 -10.2024
      vertex 27.1896 -9.67821 -10.2428
    endloop
  endfacet
  facet normal -1 0 0
    outer loop
      vertex 27.1896 -9.22219 -9.86021
      vertex 27.1896 -9.68931 -8.97527
      vertex 27.1896 -9.60507 -8.93585
    endloop
  endfacet
  facet normal -1 0 0
    outer loop
      vertex 27.1896 -9.93072 -9.11484
      vertex 27.1896 -9.67821 -10.2428
      vertex 27.1896 -9.70608 -10.2846
    endloop
  endfacet
  facet normal -1 0 0
    outer loop
      vertex 27.1896 -9.93072 -9.11484
      vertex 27.1896 -9.70608 -10.2846
      vertex 27.1896 -9.73211 -10.3275
    endloop
  endfacet
  facet normal -1 0 0
    outer loop
      vertex 27.1896 -9.93072 -9.11484
      vertex 27.1896 -9.73211 -10.3275
      vertex 27.1896 -9.75624 -10.3714
    endloop
  endfacet
  facet normal -1 0 0
    outer loop
      vertex 27.1896 -9.26719 -9.8824
      vertex 27.1896 -9.77177 -9.0183
      vertex 27.1896 -9.68931 -8.97527
    endloop
  endfacet
  facet normal -1 0 0
    outer loop
      vertex 27.1896 -9.93072 -9.11484
      vertex 27.1896 -9.75624 -10.3714
      vertex 27.1896 -9.77844 -10.4164
    endloop
  endfacet
  facet normal -1 0 0
    outer loop
      vertex 27.1896 -9.93072 -9.11484
      vertex 27.1896 -9.77844 -10.4164
      vertex 27.1896 -9.79864 -10.4624
    endloop
  endfacet
  facet normal -1 0 0
    outer loop
      vertex 27.1896 -9.93072 -9.11484
      vertex 27.1896 -9.79864 -10.4624
      vertex 27.1896 -9.81683 -10.5091
    endloop
  endfacet
  facet normal -1 0 0
    outer loop
      vertex 27.1896 -9.93072 -9.11484
      vertex 27.1896 -9.81683 -10.5091
      vertex 27.1896 -9.83296 -10.5566
    endloop
  endfacet
  facet normal -1 0 0
    outer loop
      vertex 27.1896 -9.93072 -9.11484
      vertex 27.1896 -9.83296 -10.5566
      vertex 27.1896 -9.847 -10.6048
    endloop
  endfacet
  facet normal -1 0 0
    outer loop
      vertex 27.1896 -9.31118 -9.90653
      vertex 27.1896 -9.85229 -9.06485
      vertex 27.1896 -9.77177 -9.0183
    endloop
  endfacet
  facet normal -1 0 0
    outer loop
      vertex 27.1896 -9.93072 -9.11484
      vertex 27.1896 -9.847 -10.6048
      vertex 27.1896 -9.85892 -10.6536
    endloop
  endfacet
  facet normal -1 0 0
    outer loop
      vertex 27.1896 -9.93072 -9.11484
      vertex 27.1896 -9.85892 -10.6536
      vertex 27.1896 -9.86871 -10.7028
    endloop
  endfacet
  facet normal -1 0 0
    outer loop
      vertex 27.1896 -9.93072 -9.11484
      vertex 27.1896 -9.86871 -10.7028
      vertex 27.1896 -9.87634 -10.7524
    endloop
  endfacet
  facet normal -1 0 0
    outer loop
      vertex 27.1896 -9.93072 -9.11484
      vertex 27.1896 -9.87634 -10.7524
      vertex 27.1896 -9.88181 -10.8022
    endloop
  endfacet
  facet normal -1 0 0
    outer loop
      vertex 27.1896 -9.93072 -9.11484
      vertex 27.1896 -9.88181 -10.8022
      vertex 27.1896 -9.88509 -10.8523
    endloop
  endfacet
  facet normal -1 0 0
    outer loop
      vertex 27.1896 -9.93072 -9.11484
      vertex 27.1896 -9.88509 -10.8523
      vertex 27.1896 -9.88618 -10.9025
    endloop
  endfacet
  facet normal -1 0 0
    outer loop
      vertex 27.1896 -9.35408 -9.93256
      vertex 27.1896 -9.93072 -9.11484
      vertex 27.1896 -9.85229 -9.06485
    endloop
  endfacet
  facet normal -1 0 0
    outer loop
      vertex 32.1896 -5.50436 -13.7123
      vertex 32.1896 -5.55001 -13.65
      vertex 32.1896 -5.44962 -13.7755
    endloop
  endfacet
  facet normal -1 0 0
    outer loop
      vertex 32.1896 -5.56169 -13.6514
      vertex 32.1896 -5.55001 -13.65
      vertex 32.1896 -5.50436 -13.7123
    endloop
  endfacet
  facet normal -1 0 0
    outer loop
      vertex 32.1896 -5.62152 -13.5929
      vertex 32.1896 -5.55001 -13.65
      vertex 32.1896 -5.56169 -13.6514
    endloop
  endfacet
  facet normal -1 0 0
    outer loop
      vertex 32.1896 -5.62152 -13.5929
      vertex 32.1896 -5.66302 -13.4969
      vertex 32.1896 -5.55001 -13.65
    endloop
  endfacet
  facet normal -1 0 0
    outer loop
      vertex 32.1896 -5.68374 -13.537
      vertex 32.1896 -5.66302 -13.4969
      vertex 32.1896 -5.62152 -13.5929
    endloop
  endfacet
  facet normal -1 0 0
    outer loop
      vertex 32.1896 -5.74825 -13.4838
      vertex 32.1896 -5.66302 -13.4969
      vertex 32.1896 -5.68374 -13.537
    endloop
  endfacet
  facet normal -1 0 0
    outer loop
      vertex 32.1896 -5.74825 -13.4838
      vertex 32.1896 -5.76945 -13.339
      vertex 32.1896 -5.66302 -13.4969
    endloop
  endfacet
  facet normal -1 0 0
    outer loop
      vertex 32.1896 -5.81492 -13.4333
      vertex 32.1896 -5.76945 -13.339
      vertex 32.1896 -5.74825 -13.4838
    endloop
  endfacet
  facet normal -1 0 0
    outer loop
      vertex 32.1896 -5.88365 -13.3856
      vertex 32.1896 -5.76945 -13.339
      vertex 32.1896 -5.81492 -13.4333
    endloop
  endfacet
  facet normal -1 -0 0
    outer loop
      vertex 32.1896 -5.76945 -13.339
      vertex 32.1896 -5.88365 -13.3856
      vertex 32.1896 -5.86911 -13.1769
    endloop
  endfacet
  facet normal -1 0 0
    outer loop
      vertex 32.1896 -5.9543 -13.3409
      vertex 32.1896 -5.86911 -13.1769
      vertex 32.1896 -5.88365 -13.3856
    endloop
  endfacet
  facet normal -1 0 0
    outer loop
      vertex 32.1896 -6.02677 -13.2991
      vertex 32.1896 -5.86911 -13.1769
      vertex 32.1896 -5.9543 -13.3409
    endloop
  endfacet
  facet normal -1 0 0
    outer loop
      vertex 32.1896 -6.10093 -13.2604
      vertex 32.1896 -5.86911 -13.1769
      vertex 32.1896 -6.02677 -13.2991
    endloop
  endfacet
  facet normal -1 -0 0
    outer loop
      vertex 32.1896 -5.86911 -13.1769
      vertex 32.1896 -6.10093 -13.2604
      vertex 32.1896 -5.96182 -13.0106
    endloop
  endfacet
  facet normal -1 0 0
    outer loop
      vertex 32.1896 -6.17663 -13.2248
      vertex 32.1896 -5.96182 -13.0106
      vertex 32.1896 -6.10093 -13.2604
    endloop
  endfacet
  facet normal -1 0 0
    outer loop
      vertex 32.1896 -6.25376 -13.1925
      vertex 32.1896 -5.96182 -13.0106
      vertex 32.1896 -6.17663 -13.2248
    endloop
  endfacet
  facet normal -1 -0 0
    outer loop
      vertex 32.1896 -5.96182 -13.0106
      vertex 32.1896 -6.25376 -13.1925
      vertex 32.1896 -6.04742 -12.8406
    endloop
  endfacet
  facet normal -1 0 0
    outer loop
      vertex 32.1896 -6.33217 -13.1634
      vertex 32.1896 -6.04742 -12.8406
      vertex 32.1896 -6.25376 -13.1925
    endloop
  endfacet
  facet normal -1 0 0
    outer loop
      vertex 32.1896 -6.41173 -13.1376
      vertex 32.1896 -6.04742 -12.8406
      vertex 32.1896 -6.33217 -13.1634
    endloop
  endfacet
  facet normal -1 -0 0
    outer loop
      vertex 32.1896 -6.04742 -12.8406
      vertex 32.1896 -6.41173 -13.1376
      vertex 32.1896 -6.12575 -12.6671
    endloop
  endfacet
  facet normal -1 0 0
    outer loop
      vertex 32.1896 -6.4923 -13.1151
      vertex 32.1896 -6.12575 -12.6671
      vertex 32.1896 -6.41173 -13.1376
    endloop
  endfacet
  facet normal -1 0 0
    outer loop
      vertex 32.1896 -6.57374 -13.096
      vertex 32.1896 -6.12575 -12.6671
      vertex 32.1896 -6.4923 -13.1151
    endloop
  endfacet
  facet normal -1 -0 0
    outer loop
      vertex 32.1896 -6.12575 -12.6671
      vertex 32.1896 -6.57374 -13.096
      vertex 32.1896 -6.19668 -12.4905
    endloop
  endfacet
  facet normal -1 0 0
    outer loop
      vertex 32.1896 -6.6559 -13.0804
      vertex 32.1896 -6.19668 -12.4905
      vertex 32.1896 -6.57374 -13.096
    endloop
  endfacet
  facet normal -1 0 0
    outer loop
      vertex 32.1896 -6.73865 -13.0682
      vertex 32.1896 -6.19668 -12.4905
      vertex 32.1896 -6.6559 -13.0804
    endloop
  endfacet
  facet normal -1 -0 0
    outer loop
      vertex 32.1896 -6.19668 -12.4905
      vertex 32.1896 -6.73865 -13.0682
      vertex 32.1896 -6.26007 -12.311
    endloop
  endfacet
  facet normal -1 0 0
    outer loop
      vertex 32.1896 -6.82183 -13.0595
      vertex 32.1896 -6.26007 -12.311
      vertex 32.1896 -6.73865 -13.0682
    endloop
  endfacet
  facet normal -1 0 0
    outer loop
      vertex 32.1896 -6.90531 -13.0542
      vertex 32.1896 -6.26007 -12.311
      vertex 32.1896 -6.82183 -13.0595
    endloop
  endfacet
  facet normal -1 -0 0
    outer loop
      vertex 32.1896 -6.26007 -12.311
      vertex 32.1896 -6.90531 -13.0542
      vertex 32.1896 -6.31581 -12.129
    endloop
  endfacet
  facet normal -1 0 0
    outer loop
      vertex 32.1896 -6.98893 -13.0525
      vertex 32.1896 -6.31581 -12.129
      vertex 32.1896 -6.90531 -13.0542
    endloop
  endfacet
  facet normal -1 -0 0
    outer loop
      vertex 32.1896 -6.31581 -12.129
      vertex 32.1896 -6.98893 -13.0525
      vertex 32.1896 -6.36381 -11.9448
    endloop
  endfacet
  facet normal -1 0 0
    outer loop
      vertex 32.1896 -7.85523 -11.6417
      vertex 32.1896 -6.36381 -11.9448
      vertex 32.1896 -6.98893 -13.0525
    endloop
  endfacet
  facet normal -1 0 0
    outer loop
      vertex 32.1896 -6.47682 -11.1926
      vertex 32.1896 -6.58851 -11.0025
      vertex 32.1896 -6.48507 -11.0025
    endloop
  endfacet
  facet normal -1 0 -0
    outer loop
      vertex 32.1896 -7.82383 -11.6025
      vertex 32.1896 -6.36381 -11.9448
      vertex 32.1896 -7.85523 -11.6417
    endloop
  endfacet
  facet normal -1 0 0
    outer loop
      vertex 32.1896 -6.36381 -11.9448
      vertex 32.1896 -7.79416 -11.5621
      vertex 32.1896 -6.40397 -11.7587
    endloop
  endfacet
  facet normal -1 0 -0
    outer loop
      vertex 32.1896 -7.63941 -11.2483
      vertex 32.1896 -6.46053 -11.3823
      vertex 32.1896 -7.65554 -11.2958
    endloop
  endfacet
  facet normal -1 0 0
    outer loop
      vertex 32.1896 -6.46053 -11.3823
      vertex 32.1896 -7.62537 -11.2001
      vertex 32.1896 -6.58851 -11.0025
    endloop
  endfacet
  facet normal -1 0 -0
    outer loop
      vertex 32.1896 -7.60365 -11.1022
      vertex 32.1896 -6.58851 -11.0025
      vertex 32.1896 -7.61344 -11.1514
    endloop
  endfacet
  facet normal -1 0 -0
    outer loop
      vertex 32.1896 -7.59056 -11.0027
      vertex 32.1896 -6.58851 -11.0025
      vertex 32.1896 -7.59602 -11.0526
    endloop
  endfacet
  facet normal -1 0 -0
    outer loop
      vertex 32.1896 -7.58728 -10.9526
      vertex 32.1896 -6.58851 -11.0025
      vertex 32.1896 -7.59056 -11.0027
    endloop
  endfacet
  facet normal -1 0 0
    outer loop
      vertex 32.1896 -6.46053 -11.3823
      vertex 32.1896 -6.58851 -11.0025
      vertex 32.1896 -6.47682 -11.1926
    endloop
  endfacet
  facet normal -1 0 0
    outer loop
      vertex 32.1896 -6.58851 -11.0025
      vertex 32.1896 -7.58618 -10.9025
      vertex 32.1896 -6.59363 -10.7237
    endloop
  endfacet
  facet normal -1 0 0
    outer loop
      vertex 32.1896 -7.59056 -10.8022
      vertex 32.1896 -6.59363 -10.7237
      vertex 32.1896 -7.58728 -10.8523
    endloop
  endfacet
  facet normal -1 0 -0
    outer loop
      vertex 32.1896 -7.74025 -11.4775
      vertex 32.1896 -6.40397 -11.7587
      vertex 32.1896 -7.76628 -11.5204
    endloop
  endfacet
  facet normal -1 -0 0
    outer loop
      vertex 32.1896 -6.59363 -10.7237
      vertex 32.1896 -7.59056 -10.8022
      vertex 32.1896 -6.60337 -10.6312
    endloop
  endfacet
  facet normal -1 -0 0
    outer loop
      vertex 32.1896 -6.60337 -10.6312
      vertex 32.1896 -7.59602 -10.7524
      vertex 32.1896 -6.6171 -10.5392
    endloop
  endfacet
  facet normal -1 0 -0
    outer loop
      vertex 32.1896 -7.67372 -11.3425
      vertex 32.1896 -6.43623 -11.5711
      vertex 32.1896 -7.69393 -11.3885
    endloop
  endfacet
  facet normal -1 0 0
    outer loop
      vertex 32.1896 -7.60365 -10.7028
      vertex 32.1896 -6.6171 -10.5392
      vertex 32.1896 -7.59602 -10.7524
    endloop
  endfacet
  facet normal -1 0 0
    outer loop
      vertex 32.1896 -7.61344 -10.6536
      vertex 32.1896 -6.63479 -10.4479
      vertex 32.1896 -7.60365 -10.7028
    endloop
  endfacet
  facet normal -1 0 0
    outer loop
      vertex 32.1896 -6.40397 -11.7587
      vertex 32.1896 -7.71612 -11.4335
      vertex 32.1896 -6.43623 -11.5711
    endloop
  endfacet
  facet normal -1 -0 0
    outer loop
      vertex 32.1896 -6.63479 -10.4479
      vertex 32.1896 -7.61344 -10.6536
      vertex 32.1896 -6.65642 -10.3574
    endloop
  endfacet
  facet normal -1 -0 0
    outer loop
      vertex 32.1896 -6.65642 -10.3574
      vertex 32.1896 -7.62537 -10.6048
      vertex 32.1896 -6.68194 -10.268
    endloop
  endfacet
  facet normal -1 0 0
    outer loop
      vertex 32.1896 -7.63941 -10.5566
      vertex 32.1896 -6.68194 -10.268
      vertex 32.1896 -7.62537 -10.6048
    endloop
  endfacet
  facet normal -1 0 0
    outer loop
      vertex 32.1896 -7.65554 -10.5091
      vertex 32.1896 -6.7113 -10.1797
      vertex 32.1896 -7.63941 -10.5566
    endloop
  endfacet
  facet normal -1 0 0
    outer loop
      vertex 32.1896 -7.67372 -10.4624
      vertex 32.1896 -6.74446 -10.0928
      vertex 32.1896 -7.65554 -10.5091
    endloop
  endfacet
  facet normal -1 -0 0
    outer loop
      vertex 32.1896 -6.74446 -10.0928
      vertex 32.1896 -7.67372 -10.4624
      vertex 32.1896 -6.78133 -10.0074
    endloop
  endfacet
  facet normal -1 -0 0
    outer loop
      vertex 32.1896 -6.78133 -10.0074
      vertex 32.1896 -7.69393 -10.4164
      vertex 32.1896 -6.82187 -9.92372
    endloop
  endfacet
  facet normal -1 0 0
    outer loop
      vertex 32.1896 -7.71612 -10.3714
      vertex 32.1896 -6.82187 -9.92372
      vertex 32.1896 -7.69393 -10.4164
    endloop
  endfacet
  facet normal -1 0 0
    outer loop
      vertex 32.1896 -7.74025 -10.3275
      vertex 32.1896 -6.86599 -9.84185
      vertex 32.1896 -7.71612 -10.3714
    endloop
  endfacet
  facet normal -1 0 0
    outer loop
      vertex 32.1896 -7.69393 -10.4164
      vertex 32.1896 -6.78133 -10.0074
      vertex 32.1896 -7.67372 -10.4624
    endloop
  endfacet
  facet normal -1 -0 0
    outer loop
      vertex 32.1896 -6.7113 -10.1797
      vertex 32.1896 -7.65554 -10.5091
      vertex 32.1896 -6.74446 -10.0928
    endloop
  endfacet
  facet normal -1 -0 0
    outer loop
      vertex 32.1896 -6.68194 -10.268
      vertex 32.1896 -7.63941 -10.5566
      vertex 32.1896 -6.7113 -10.1797
    endloop
  endfacet
  facet normal -1 0 0
    outer loop
      vertex 32.1896 -7.62537 -10.6048
      vertex 32.1896 -6.65642 -10.3574
      vertex 32.1896 -7.61344 -10.6536
    endloop
  endfacet
  facet normal -1 -0 0
    outer loop
      vertex 32.1896 -6.6171 -10.5392
      vertex 32.1896 -7.60365 -10.7028
      vertex 32.1896 -6.63479 -10.4479
    endloop
  endfacet
  facet normal -1 0 0
    outer loop
      vertex 32.1896 -7.59602 -10.7524
      vertex 32.1896 -6.60337 -10.6312
      vertex 32.1896 -7.59056 -10.8022
    endloop
  endfacet
  facet normal -1 0 0
    outer loop
      vertex 32.1896 -7.58728 -10.8523
      vertex 32.1896 -6.59363 -10.7237
      vertex 32.1896 -7.58618 -10.9025
    endloop
  endfacet
  facet normal -1 0 -0
    outer loop
      vertex 32.1896 -7.58618 -10.9025
      vertex 32.1896 -6.58851 -11.0025
      vertex 32.1896 -7.58728 -10.9526
    endloop
  endfacet
  facet normal -1 0 -0
    outer loop
      vertex 32.1896 -7.59602 -11.0526
      vertex 32.1896 -6.58851 -11.0025
      vertex 32.1896 -7.60365 -11.1022
    endloop
  endfacet
  facet normal -1 0 -0
    outer loop
      vertex 32.1896 -7.61344 -11.1514
      vertex 32.1896 -6.58851 -11.0025
      vertex 32.1896 -7.62537 -11.2001
    endloop
  endfacet
  facet normal -1 0 -0
    outer loop
      vertex 32.1896 -7.62537 -11.2001
      vertex 32.1896 -6.46053 -11.3823
      vertex 32.1896 -7.63941 -11.2483
    endloop
  endfacet
  facet normal -1 0 -0
    outer loop
      vertex 32.1896 -7.65554 -11.2958
      vertex 32.1896 -6.46053 -11.3823
      vertex 32.1896 -7.67372 -11.3425
    endloop
  endfacet
  facet normal -1 0 0
    outer loop
      vertex 32.1896 -6.43623 -11.5711
      vertex 32.1896 -7.67372 -11.3425
      vertex 32.1896 -6.46053 -11.3823
    endloop
  endfacet
  facet normal -1 0 -0
    outer loop
      vertex 32.1896 -7.69393 -11.3885
      vertex 32.1896 -6.43623 -11.5711
      vertex 32.1896 -7.71612 -11.4335
    endloop
  endfacet
  facet normal -1 0 -0
    outer loop
      vertex 32.1896 -7.71612 -11.4335
      vertex 32.1896 -6.40397 -11.7587
      vertex 32.1896 -7.74025 -11.4775
    endloop
  endfacet
  facet normal -1 0 -0
    outer loop
      vertex 32.1896 -7.76628 -11.5204
      vertex 32.1896 -6.40397 -11.7587
      vertex 32.1896 -7.79416 -11.5621
    endloop
  endfacet
  facet normal -1 0 -0
    outer loop
      vertex 32.1896 -7.79416 -11.5621
      vertex 32.1896 -6.36381 -11.9448
      vertex 32.1896 -7.82383 -11.6025
    endloop
  endfacet
  facet normal -1 0 0
    outer loop
      vertex 32.1896 -6.98893 -13.0525
      vertex 32.1896 -7.88831 -11.6794
      vertex 32.1896 -7.85523 -11.6417
    endloop
  endfacet
  facet normal -1 0 0
    outer loop
      vertex 32.1896 -6.98893 -13.0525
      vertex 32.1896 -7.92301 -11.7156
      vertex 32.1896 -7.88831 -11.6794
    endloop
  endfacet
  facet normal -1 0 0
    outer loop
      vertex 32.1896 -6.98893 -13.0525
      vertex 32.1896 -7.95925 -11.7503
      vertex 32.1896 -7.92301 -11.7156
    endloop
  endfacet
  facet normal -1 0 0
    outer loop
      vertex 32.1896 -6.98893 -13.0525
      vertex 32.1896 -7.99698 -11.7834
      vertex 32.1896 -7.95925 -11.7503
    endloop
  endfacet
  facet normal -1 0 0
    outer loop
      vertex 32.1896 -6.98893 -13.0525
      vertex 32.1896 -8.03611 -11.8148
      vertex 32.1896 -7.99698 -11.7834
    endloop
  endfacet
  facet normal -1 0 0
    outer loop
      vertex 32.1896 -6.98893 -13.0525
      vertex 32.1896 -8.07657 -11.8445
      vertex 32.1896 -8.03611 -11.8148
    endloop
  endfacet
  facet normal -1 0 0
    outer loop
      vertex 32.1896 -6.98893 -13.0525
      vertex 32.1896 -8.11829 -11.8724
      vertex 32.1896 -8.07657 -11.8445
    endloop
  endfacet
  facet normal -1 0 0
    outer loop
      vertex 32.1896 -6.98893 -13.0525
      vertex 32.1896 -8.16118 -11.8984
      vertex 32.1896 -8.11829 -11.8724
    endloop
  endfacet
  facet normal -1 0 0
    outer loop
      vertex 32.1896 -6.98893 -13.0525
      vertex 32.1896 -8.20517 -11.9225
      vertex 32.1896 -8.16118 -11.8984
    endloop
  endfacet
  facet normal -1 0 0
    outer loop
      vertex 32.1896 -6.98893 -13.0525
      vertex 32.1896 -8.25017 -11.9447
      vertex 32.1896 -8.20517 -11.9225
    endloop
  endfacet
  facet normal -1 0 0
    outer loop
      vertex 32.1896 -8.73618 -13.0525
      vertex 32.1896 -8.25017 -11.9447
      vertex 32.1896 -6.98893 -13.0525
    endloop
  endfacet
  facet normal -1 0 0
    outer loop
      vertex 32.1896 -8.25017 -11.9447
      vertex 32.1896 -8.73618 -13.0525
      vertex 32.1896 -8.2961 -11.9649
    endloop
  endfacet
  facet normal -1 0 0
    outer loop
      vertex 32.1896 -8.2961 -11.9649
      vertex 32.1896 -8.73618 -13.0525
      vertex 32.1896 -8.34286 -11.9831
    endloop
  endfacet
  facet normal -1 0 0
    outer loop
      vertex 32.1896 -8.34286 -11.9831
      vertex 32.1896 -8.73618 -13.0525
      vertex 32.1896 -8.39037 -11.9992
    endloop
  endfacet
  facet normal -1 0 0
    outer loop
      vertex 32.1896 -8.39037 -11.9992
      vertex 32.1896 -8.73618 -13.0525
      vertex 32.1896 -8.43854 -12.0133
    endloop
  endfacet
  facet normal -1 0 0
    outer loop
      vertex 32.1896 -8.43854 -12.0133
      vertex 32.1896 -8.73618 -13.0525
      vertex 32.1896 -8.48728 -12.0252
    endloop
  endfacet
  facet normal -1 0 0
    outer loop
      vertex 32.1896 -8.48728 -12.0252
      vertex 32.1896 -8.73618 -13.0525
      vertex 32.1896 -8.53649 -12.035
    endloop
  endfacet
  facet normal -1 0 0
    outer loop
      vertex 32.1896 -8.53649 -12.035
      vertex 32.1896 -8.73618 -13.0525
      vertex 32.1896 -8.58608 -12.0426
    endloop
  endfacet
  facet normal -1 0 0
    outer loop
      vertex 32.1896 -8.58608 -12.0426
      vertex 32.1896 -8.73618 -13.0525
      vertex 32.1896 -8.63595 -12.0481
    endloop
  endfacet
  facet normal -1 0 0
    outer loop
      vertex 32.1896 -8.63595 -12.0481
      vertex 32.1896 -8.73618 -13.0525
      vertex 32.1896 -8.68602 -12.0514
    endloop
  endfacet
  facet normal -1 0 0
    outer loop
      vertex 32.1896 -8.73618 -13.0525
      vertex 32.1896 -8.73618 -12.0525
      vertex 32.1896 -8.68602 -12.0514
    endloop
  endfacet
  facet normal -1 0 0
    outer loop
      vertex 32.1896 -8.73618 -13.0525
      vertex 32.1896 -8.78634 -12.0514
      vertex 32.1896 -8.73618 -12.0525
    endloop
  endfacet
  facet normal -1 0 0
    outer loop
      vertex 32.1896 -8.82917 -13.0504
      vertex 32.1896 -8.78634 -12.0514
      vertex 32.1896 -8.73618 -13.0525
    endloop
  endfacet
  facet normal -1 0 0
    outer loop
      vertex 32.1896 -8.82917 -13.0504
      vertex 32.1896 -8.83641 -12.0481
      vertex 32.1896 -8.78634 -12.0514
    endloop
  endfacet
  facet normal -1 0 0
    outer loop
      vertex 32.1896 -8.92198 -13.0444
      vertex 32.1896 -8.83641 -12.0481
      vertex 32.1896 -8.82917 -13.0504
    endloop
  endfacet
  facet normal -1 -0 0
    outer loop
      vertex 32.1896 -8.83641 -12.0481
      vertex 32.1896 -8.92198 -13.0444
      vertex 32.1896 -8.88629 -12.0426
    endloop
  endfacet
  facet normal -1 0 0
    outer loop
      vertex 32.1896 -9.01445 -13.0344
      vertex 32.1896 -8.88629 -12.0426
      vertex 32.1896 -8.92198 -13.0444
    endloop
  endfacet
  facet normal -1 -0 0
    outer loop
      vertex 32.1896 -8.88629 -12.0426
      vertex 32.1896 -9.01445 -13.0344
      vertex 32.1896 -8.93588 -12.035
    endloop
  endfacet
  facet normal -1 0 0
    outer loop
      vertex 32.1896 -9.10639 -13.0203
      vertex 32.1896 -8.93588 -12.035
      vertex 32.1896 -9.01445 -13.0344
    endloop
  endfacet
  facet normal -1 -0 0
    outer loop
      vertex 32.1896 -8.93588 -12.035
      vertex 32.1896 -9.10639 -13.0203
      vertex 32.1896 -8.98509 -12.0252
    endloop
  endfacet
  facet normal -1 0 0
    outer loop
      vertex 32.1896 -9.19764 -13.0024
      vertex 32.1896 -8.98509 -12.0252
      vertex 32.1896 -9.10639 -13.0203
    endloop
  endfacet
  facet normal -1 -0 0
    outer loop
      vertex 32.1896 -8.98509 -12.0252
      vertex 32.1896 -9.19764 -13.0024
      vertex 32.1896 -9.03382 -12.0133
    endloop
  endfacet
  facet normal -1 0 0
    outer loop
      vertex 32.1896 -9.28803 -12.9804
      vertex 32.1896 -9.03382 -12.0133
      vertex 32.1896 -9.19764 -13.0024
    endloop
  endfacet
  facet normal -1 -0 0
    outer loop
      vertex 32.1896 -9.03382 -12.0133
      vertex 32.1896 -9.28803 -12.9804
      vertex 32.1896 -9.08199 -11.9992
    endloop
  endfacet
  facet normal -1 0 0
    outer loop
      vertex 32.1896 -9.37738 -12.9546
      vertex 32.1896 -9.08199 -11.9992
      vertex 32.1896 -9.28803 -12.9804
    endloop
  endfacet
  facet normal -1 -0 0
    outer loop
      vertex 32.1896 -9.08199 -11.9992
      vertex 32.1896 -9.37738 -12.9546
      vertex 32.1896 -9.12951 -11.9831
    endloop
  endfacet
  facet normal -1 0 0
    outer loop
      vertex 32.1896 -9.46554 -12.925
      vertex 32.1896 -9.12951 -11.9831
      vertex 32.1896 -9.37738 -12.9546
    endloop
  endfacet
  facet normal -1 0 0
    outer loop
      vertex 32.1896 -9.55233 -12.8915
      vertex 32.1896 -9.12951 -11.9831
      vertex 32.1896 -9.46554 -12.925
    endloop
  endfacet
  facet normal -1 -0 0
    outer loop
      vertex 32.1896 -9.12951 -11.9831
      vertex 32.1896 -9.55233 -12.8915
      vertex 32.1896 -9.17627 -11.9649
    endloop
  endfacet
  facet normal -1 0 0
    outer loop
      vertex 32.1896 -9.63759 -12.8544
      vertex 32.1896 -9.17627 -11.9649
      vertex 32.1896 -9.55233 -12.8915
    endloop
  endfacet
  facet normal -1 -0 0
    outer loop
      vertex 32.1896 -9.17627 -11.9649
      vertex 32.1896 -9.63759 -12.8544
      vertex 32.1896 -9.22219 -11.9447
    endloop
  endfacet
  facet normal -1 0 0
    outer loop
      vertex 32.1896 -9.72116 -12.8136
      vertex 32.1896 -9.22219 -11.9447
      vertex 32.1896 -9.63759 -12.8544
    endloop
  endfacet
  facet normal -1 -0 0
    outer loop
      vertex 32.1896 -9.22219 -11.9447
      vertex 32.1896 -9.72116 -12.8136
      vertex 32.1896 -9.26719 -11.9225
    endloop
  endfacet
  facet normal -1 0 0
    outer loop
      vertex 32.1896 -9.8029 -12.7692
      vertex 32.1896 -9.26719 -11.9225
      vertex 32.1896 -9.72116 -12.8136
    endloop
  endfacet
  facet normal -1 -0 0
    outer loop
      vertex 32.1896 -9.26719 -11.9225
      vertex 32.1896 -9.8029 -12.7692
      vertex 32.1896 -9.31118 -11.8984
    endloop
  endfacet
  facet normal -1 0 0
    outer loop
      vertex 32.1896 -9.88263 -12.7213
      vertex 32.1896 -9.31118 -11.8984
      vertex 32.1896 -9.8029 -12.7692
    endloop
  endfacet
  facet normal -1 -0 0
    outer loop
      vertex 32.1896 -9.31118 -11.8984
      vertex 32.1896 -9.88263 -12.7213
      vertex 32.1896 -9.35408 -11.8724
    endloop
  endfacet
  facet normal -1 0 0
    outer loop
      vertex 32.1896 -9.96022 -12.67
      vertex 32.1896 -9.35408 -11.8724
      vertex 32.1896 -9.88263 -12.7213
    endloop
  endfacet
  facet normal -1 -0 0
    outer loop
      vertex 32.1896 -9.35408 -11.8724
      vertex 32.1896 -9.96022 -12.67
      vertex 32.1896 -9.39579 -11.8445
    endloop
  endfacet
  facet normal -1 0 0
    outer loop
      vertex 32.1896 -10.0355 -12.6154
      vertex 32.1896 -9.39579 -11.8445
      vertex 32.1896 -9.96022 -12.67
    endloop
  endfacet
  facet normal -1 -0 0
    outer loop
      vertex 32.1896 -9.39579 -11.8445
      vertex 32.1896 -10.0355 -12.6154
      vertex 32.1896 -9.43626 -11.8148
    endloop
  endfacet
  facet normal -1 0 0
    outer loop
      vertex 32.1896 -10.1084 -12.5576
      vertex 32.1896 -9.43626 -11.8148
      vertex 32.1896 -10.0355 -12.6154
    endloop
  endfacet
  facet normal -1 -0 0
    outer loop
      vertex 32.1896 -9.43626 -11.8148
      vertex 32.1896 -10.1084 -12.5576
      vertex 32.1896 -9.47539 -11.7834
    endloop
  endfacet
  facet normal -1 0 0
    outer loop
      vertex 32.1896 -10.1787 -12.4967
      vertex 32.1896 -9.47539 -11.7834
      vertex 32.1896 -10.1084 -12.5576
    endloop
  endfacet
  facet normal -1 -0 0
    outer loop
      vertex 32.1896 -9.47539 -11.7834
      vertex 32.1896 -10.1787 -12.4967
      vertex 32.1896 -9.51311 -11.7503
    endloop
  endfacet
  facet normal -1 0 0
    outer loop
      vertex 32.1896 -10.2463 -12.4328
      vertex 32.1896 -9.51311 -11.7503
      vertex 32.1896 -10.1787 -12.4967
    endloop
  endfacet
  facet normal -1 -0 0
    outer loop
      vertex 32.1896 -9.51311 -11.7503
      vertex 32.1896 -10.2463 -12.4328
      vertex 32.1896 -9.54936 -11.7156
    endloop
  endfacet
  facet normal -1 0 0
    outer loop
      vertex 32.1896 -10.3111 -12.3661
      vertex 32.1896 -9.54936 -11.7156
      vertex 32.1896 -10.2463 -12.4328
    endloop
  endfacet
  facet normal -1 -0 0
    outer loop
      vertex 32.1896 -9.54936 -11.7156
      vertex 32.1896 -10.3111 -12.3661
      vertex 32.1896 -9.58405 -11.6794
    endloop
  endfacet
  facet normal -1 0 0
    outer loop
      vertex 32.1896 -10.3729 -12.2966
      vertex 32.1896 -9.58405 -11.6794
      vertex 32.1896 -10.3111 -12.3661
    endloop
  endfacet
  facet normal -1 -0 0
    outer loop
      vertex 32.1896 -9.58405 -11.6794
      vertex 32.1896 -10.3729 -12.2966
      vertex 32.1896 -9.61713 -11.6417
    endloop
  endfacet
  facet normal -1 0 0
    outer loop
      vertex 32.1896 -10.4317 -12.2245
      vertex 32.1896 -9.61713 -11.6417
      vertex 32.1896 -10.3729 -12.2966
    endloop
  endfacet
  facet normal -1 -0 0
    outer loop
      vertex 32.1896 -9.61713 -11.6417
      vertex 32.1896 -10.4317 -12.2245
      vertex 32.1896 -9.64854 -11.6025
    endloop
  endfacet
  facet normal -1 0 0
    outer loop
      vertex 32.1896 -10.4873 -12.15
      vertex 32.1896 -9.64854 -11.6025
      vertex 32.1896 -10.4317 -12.2245
    endloop
  endfacet
  facet normal -1 -0 0
    outer loop
      vertex 32.1896 -9.64854 -11.6025
      vertex 32.1896 -10.4873 -12.15
      vertex 32.1896 -9.67821 -11.5621
    endloop
  endfacet
  facet normal -1 0 0
    outer loop
      vertex 32.1896 -10.5396 -12.0731
      vertex 32.1896 -9.67821 -11.5621
      vertex 32.1896 -10.4873 -12.15
    endloop
  endfacet
  facet normal -1 -0 0
    outer loop
      vertex 32.1896 -9.67821 -11.5621
      vertex 32.1896 -10.5396 -12.0731
      vertex 32.1896 -9.70608 -11.5204
    endloop
  endfacet
  facet normal -1 0 0
    outer loop
      vertex 32.1896 -10.5885 -11.994
      vertex 32.1896 -9.70608 -11.5204
      vertex 32.1896 -10.5396 -12.0731
    endloop
  endfacet
  facet normal -1 -0 0
    outer loop
      vertex 32.1896 -9.70608 -11.5204
      vertex 32.1896 -10.5885 -11.994
      vertex 32.1896 -9.73211 -11.4775
    endloop
  endfacet
  facet normal -1 0 0
    outer loop
      vertex 32.1896 -10.634 -11.9128
      vertex 32.1896 -9.73211 -11.4775
      vertex 32.1896 -10.5885 -11.994
    endloop
  endfacet
  facet normal -1 -0 0
    outer loop
      vertex 32.1896 -9.73211 -11.4775
      vertex 32.1896 -10.634 -11.9128
      vertex 32.1896 -9.75624 -11.4335
    endloop
  endfacet
  facet normal -1 0 0
    outer loop
      vertex 32.1896 -10.6759 -11.8298
      vertex 32.1896 -9.75624 -11.4335
      vertex 32.1896 -10.634 -11.9128
    endloop
  endfacet
  facet normal -1 0 0
    outer loop
      vertex 32.1896 -9.88618 -10.9025
      vertex 32.1896 -10.0069 -9.16818
      vertex 32.1896 -9.93072 -9.11484
    endloop
  endfacet
  facet normal -1 -0 0
    outer loop
      vertex 32.1896 -9.75624 -11.4335
      vertex 32.1896 -10.6759 -11.8298
      vertex 32.1896 -9.77844 -11.3885
    endloop
  endfacet
  facet normal -1 0 0
    outer loop
      vertex 32.1896 -9.88618 -10.9025
      vertex 32.1896 -10.0807 -9.22476
      vertex 32.1896 -10.0069 -9.16818
    endloop
  endfacet
  facet normal -1 0 0
    outer loop
      vertex 32.1896 -10.7142 -11.7451
      vertex 32.1896 -9.77844 -11.3885
      vertex 32.1896 -10.6759 -11.8298
    endloop
  endfacet
  facet normal -1 0 0
    outer loop
      vertex 32.1896 -9.88618 -10.9025
      vertex 32.1896 -10.152 -9.28448
      vertex 32.1896 -10.0807 -9.22476
    endloop
  endfacet
  facet normal -1 -0 0
    outer loop
      vertex 32.1896 -9.77844 -11.3885
      vertex 32.1896 -10.7142 -11.7451
      vertex 32.1896 -9.79864 -11.3425
    endloop
  endfacet
  facet normal -1 0 0
    outer loop
      vertex 32.1896 -9.88618 -10.9025
      vertex 32.1896 -10.2207 -9.34723
      vertex 32.1896 -10.152 -9.28448
    endloop
  endfacet
  facet normal -1 0 0
    outer loop
      vertex 32.1896 -10.7488 -11.6587
      vertex 32.1896 -9.79864 -11.3425
      vertex 32.1896 -10.7142 -11.7451
    endloop
  endfacet
  facet normal -1 0 0
    outer loop
      vertex 32.1896 -9.88618 -10.9025
      vertex 32.1896 -10.2866 -9.41289
      vertex 32.1896 -10.2207 -9.34723
    endloop
  endfacet
  facet normal -1 -0 0
    outer loop
      vertex 32.1896 -9.79864 -11.3425
      vertex 32.1896 -10.7488 -11.6587
      vertex 32.1896 -9.81683 -11.2958
    endloop
  endfacet
  facet normal -1 0 0
    outer loop
      vertex 32.1896 -9.88618 -10.9025
      vertex 32.1896 -10.3495 -9.48133
      vertex 32.1896 -10.2866 -9.41289
    endloop
  endfacet
  facet normal -1 0 0
    outer loop
      vertex 32.1896 -10.7796 -11.571
      vertex 32.1896 -9.81683 -11.2958
      vertex 32.1896 -10.7488 -11.6587
    endloop
  endfacet
  facet normal -1 0 0
    outer loop
      vertex 32.1896 -9.88618 -10.9025
      vertex 32.1896 -10.4095 -9.55244
      vertex 32.1896 -10.3495 -9.48133
    endloop
  endfacet
  facet normal -1 -0 0
    outer loop
      vertex 32.1896 -9.81683 -11.2958
      vertex 32.1896 -10.7796 -11.571
      vertex 32.1896 -9.83296 -11.2483
    endloop
  endfacet
  facet normal -1 0 0
    outer loop
      vertex 32.1896 -9.88618 -10.9025
      vertex 32.1896 -10.4663 -9.62607
      vertex 32.1896 -10.4095 -9.55244
    endloop
  endfacet
  facet normal -1 0 0
    outer loop
      vertex 32.1896 -10.8066 -11.482
      vertex 32.1896 -9.83296 -11.2483
      vertex 32.1896 -10.7796 -11.571
    endloop
  endfacet
  facet normal -1 0 0
    outer loop
      vertex 32.1896 -9.88618 -10.9025
      vertex 32.1896 -10.5199 -9.70209
      vertex 32.1896 -10.4663 -9.62607
    endloop
  endfacet
  facet normal -1 -0 0
    outer loop
      vertex 32.1896 -9.83296 -11.2483
      vertex 32.1896 -10.8066 -11.482
      vertex 32.1896 -9.847 -11.2001
    endloop
  endfacet
  facet normal -1 0 0
    outer loop
      vertex 32.1896 -9.88618 -10.9025
      vertex 32.1896 -10.5701 -9.78036
      vertex 32.1896 -10.5199 -9.70209
    endloop
  endfacet
  facet normal -1 0 0
    outer loop
      vertex 32.1896 -10.8297 -11.3919
      vertex 32.1896 -9.847 -11.2001
      vertex 32.1896 -10.8066 -11.482
    endloop
  endfacet
  facet normal -1 0 0
    outer loop
      vertex 32.1896 -9.88618 -10.9025
      vertex 32.1896 -10.617 -9.86073
      vertex 32.1896 -10.5701 -9.78036
    endloop
  endfacet
  facet normal -1 -0 0
    outer loop
      vertex 32.1896 -9.847 -11.2001
      vertex 32.1896 -10.8297 -11.3919
      vertex 32.1896 -9.85892 -11.1514
    endloop
  endfacet
  facet normal -1 0 0
    outer loop
      vertex 32.1896 -9.88618 -10.9025
      vertex 32.1896 -10.6602 -9.94304
      vertex 32.1896 -10.617 -9.86073
    endloop
  endfacet
  facet normal -1 0 0
    outer loop
      vertex 32.1896 -10.8489 -11.3009
      vertex 32.1896 -9.85892 -11.1514
      vertex 32.1896 -10.8297 -11.3919
    endloop
  endfacet
  facet normal -1 0 0
    outer loop
      vertex 32.1896 -9.88618 -10.9025
      vertex 32.1896 -10.6999 -10.0272
      vertex 32.1896 -10.6602 -9.94304
    endloop
  endfacet
  facet normal -1 -0 0
    outer loop
      vertex 32.1896 -9.85892 -11.1514
      vertex 32.1896 -10.8489 -11.3009
      vertex 32.1896 -9.86871 -11.1022
    endloop
  endfacet
  facet normal -1 0 0
    outer loop
      vertex 32.1896 -9.88618 -10.9025
      vertex 32.1896 -10.736 -10.1129
      vertex 32.1896 -10.6999 -10.0272
    endloop
  endfacet
  facet normal -1 0 0
    outer loop
      vertex 32.1896 -10.8642 -11.2091
      vertex 32.1896 -9.86871 -11.1022
      vertex 32.1896 -10.8489 -11.3009
    endloop
  endfacet
  facet normal -1 0 0
    outer loop
      vertex 32.1896 -9.88618 -10.9025
      vertex 32.1896 -10.7682 -10.2001
      vertex 32.1896 -10.736 -10.1129
    endloop
  endfacet
  facet normal -1 -0 0
    outer loop
      vertex 32.1896 -9.86871 -11.1022
      vertex 32.1896 -10.8642 -11.2091
      vertex 32.1896 -9.87634 -11.0526
    endloop
  endfacet
  facet normal -1 0 0
    outer loop
      vertex 32.1896 -9.88618 -10.9025
      vertex 32.1896 -10.7967 -10.2887
      vertex 32.1896 -10.7682 -10.2001
    endloop
  endfacet
  facet normal -1 0 0
    outer loop
      vertex 32.1896 -10.8755 -11.1168
      vertex 32.1896 -9.87634 -11.0526
      vertex 32.1896 -10.8642 -11.2091
    endloop
  endfacet
  facet normal -1 0 0
    outer loop
      vertex 32.1896 -9.88618 -10.9025
      vertex 32.1896 -10.8213 -10.3784
      vertex 32.1896 -10.7967 -10.2887
    endloop
  endfacet
  facet normal -1 -0 0
    outer loop
      vertex 32.1896 -9.87634 -11.0526
      vertex 32.1896 -10.8755 -11.1168
      vertex 32.1896 -9.88181 -11.0027
    endloop
  endfacet
  facet normal -1 0 0
    outer loop
      vertex 32.1896 -9.88618 -10.9025
      vertex 32.1896 -10.842 -10.469
      vertex 32.1896 -10.8213 -10.3784
    endloop
  endfacet
  facet normal -1 0 0
    outer loop
      vertex 32.1896 -10.8827 -11.0241
      vertex 32.1896 -9.88181 -11.0027
      vertex 32.1896 -10.8755 -11.1168
    endloop
  endfacet
  facet normal -1 0 0
    outer loop
      vertex 32.1896 -9.88618 -10.9025
      vertex 32.1896 -10.8588 -10.5605
      vertex 32.1896 -10.842 -10.469
    endloop
  endfacet
  facet normal -1 -0 0
    outer loop
      vertex 32.1896 -9.88181 -11.0027
      vertex 32.1896 -10.8827 -11.0241
      vertex 32.1896 -9.88509 -10.9526
    endloop
  endfacet
  facet normal -1 0 0
    outer loop
      vertex 32.1896 -9.88618 -10.9025
      vertex 32.1896 -10.8716 -10.6526
      vertex 32.1896 -10.8588 -10.5605
    endloop
  endfacet
  facet normal -1 0 0
    outer loop
      vertex 32.1896 -10.886 -10.9311
      vertex 32.1896 -9.88509 -10.9526
      vertex 32.1896 -10.8827 -11.0241
    endloop
  endfacet
  facet normal -1 0 0
    outer loop
      vertex 32.1896 -9.88618 -10.9025
      vertex 32.1896 -10.8804 -10.7452
      vertex 32.1896 -10.8716 -10.6526
    endloop
  endfacet
  facet normal -1 0 0
    outer loop
      vertex 32.1896 -9.88509 -10.9526
      vertex 32.1896 -10.886 -10.9311
      vertex 32.1896 -9.88618 -10.9025
    endloop
  endfacet
  facet normal -1 0 0
    outer loop
      vertex 32.1896 -9.88618 -10.9025
      vertex 32.1896 -10.8852 -10.8381
      vertex 32.1896 -10.8804 -10.7452
    endloop
  endfacet
  facet normal -1 -0 0
    outer loop
      vertex 32.1896 -9.88618 -10.9025
      vertex 32.1896 -10.886 -10.9311
      vertex 32.1896 -10.8852 -10.8381
    endloop
  endfacet
  facet normal -1 0 0
    outer loop
      vertex 32.1896 -6.58851 -11.0025
      vertex 32.1896 -6.5879 -10.8165
      vertex 32.1896 -6.58619 -10.9095
    endloop
  endfacet
  facet normal -1 -0 0
    outer loop
      vertex 32.1896 -6.5879 -10.8165
      vertex 32.1896 -6.58851 -11.0025
      vertex 32.1896 -6.59363 -10.7237
    endloop
  endfacet
  facet normal -1 -0 0
    outer loop
      vertex 32.1896 -6.82187 -9.92372
      vertex 32.1896 -7.71612 -10.3714
      vertex 32.1896 -6.86599 -9.84185
    endloop
  endfacet
  facet normal -1 -0 0
    outer loop
      vertex 32.1896 -6.86599 -9.84185
      vertex 32.1896 -7.74025 -10.3275
      vertex 32.1896 -6.91362 -9.76196
    endloop
  endfacet
  facet normal -1 0 0
    outer loop
      vertex 32.1896 -7.76628 -10.2846
      vertex 32.1896 -6.91362 -9.76196
      vertex 32.1896 -7.74025 -10.3275
    endloop
  endfacet
  facet normal -1 -0 0
    outer loop
      vertex 32.1896 -6.91362 -9.76196
      vertex 32.1896 -7.76628 -10.2846
      vertex 32.1896 -6.96465 -9.6842
    endloop
  endfacet
  facet normal -1 0 0
    outer loop
      vertex 32.1896 -7.79416 -10.2428
      vertex 32.1896 -6.96465 -9.6842
      vertex 32.1896 -7.76628 -10.2846
    endloop
  endfacet
  facet normal -1 -0 0
    outer loop
      vertex 32.1896 -6.96465 -9.6842
      vertex 32.1896 -7.79416 -10.2428
      vertex 32.1896 -7.01899 -9.60872
    endloop
  endfacet
  facet normal -1 0 0
    outer loop
      vertex 32.1896 -7.82383 -10.2024
      vertex 32.1896 -7.01899 -9.60872
      vertex 32.1896 -7.79416 -10.2428
    endloop
  endfacet
  facet normal -1 -0 0
    outer loop
      vertex 32.1896 -7.01899 -9.60872
      vertex 32.1896 -7.82383 -10.2024
      vertex 32.1896 -7.07655 -9.53566
    endloop
  endfacet
  facet normal -1 0 0
    outer loop
      vertex 32.1896 -7.85523 -10.1633
      vertex 32.1896 -7.07655 -9.53566
      vertex 32.1896 -7.82383 -10.2024
    endloop
  endfacet
  facet normal -1 -0 0
    outer loop
      vertex 32.1896 -7.07655 -9.53566
      vertex 32.1896 -7.85523 -10.1633
      vertex 32.1896 -7.13722 -9.46516
    endloop
  endfacet
  facet normal -1 0 0
    outer loop
      vertex 32.1896 -7.88831 -10.1255
      vertex 32.1896 -7.13722 -9.46516
      vertex 32.1896 -7.85523 -10.1633
    endloop
  endfacet
  facet normal -1 -0 0
    outer loop
      vertex 32.1896 -7.13722 -9.46516
      vertex 32.1896 -7.88831 -10.1255
      vertex 32.1896 -7.20088 -9.39736
    endloop
  endfacet
  facet normal -1 0 0
    outer loop
      vertex 32.1896 -7.92301 -10.0893
      vertex 32.1896 -7.20088 -9.39736
      vertex 32.1896 -7.88831 -10.1255
    endloop
  endfacet
  facet normal -1 -0 0
    outer loop
      vertex 32.1896 -7.20088 -9.39736
      vertex 32.1896 -7.92301 -10.0893
      vertex 32.1896 -7.26741 -9.33236
    endloop
  endfacet
  facet normal -1 0 0
    outer loop
      vertex 32.1896 -7.95925 -10.0546
      vertex 32.1896 -7.26741 -9.33236
      vertex 32.1896 -7.92301 -10.0893
    endloop
  endfacet
  facet normal -1 -0 0
    outer loop
      vertex 32.1896 -7.26741 -9.33236
      vertex 32.1896 -7.95925 -10.0546
      vertex 32.1896 -7.33669 -9.27031
    endloop
  endfacet
  facet normal -1 0 0
    outer loop
      vertex 32.1896 -7.99698 -10.0215
      vertex 32.1896 -7.33669 -9.27031
      vertex 32.1896 -7.95925 -10.0546
    endloop
  endfacet
  facet normal -1 -0 0
    outer loop
      vertex 32.1896 -7.33669 -9.27031
      vertex 32.1896 -7.99698 -10.0215
      vertex 32.1896 -7.40859 -9.21131
    endloop
  endfacet
  facet normal -1 0 0
    outer loop
      vertex 32.1896 -8.03611 -9.9901
      vertex 32.1896 -7.40859 -9.21131
      vertex 32.1896 -7.99698 -10.0215
    endloop
  endfacet
  facet normal -1 -0 0
    outer loop
      vertex 32.1896 -7.40859 -9.21131
      vertex 32.1896 -8.03611 -9.9901
      vertex 32.1896 -7.48297 -9.15547
    endloop
  endfacet
  facet normal -1 0 0
    outer loop
      vertex 32.1896 -8.07657 -9.96043
      vertex 32.1896 -7.48297 -9.15547
      vertex 32.1896 -8.03611 -9.9901
    endloop
  endfacet
  facet normal -1 -0 0
    outer loop
      vertex 32.1896 -7.48297 -9.15547
      vertex 32.1896 -8.07657 -9.96043
      vertex 32.1896 -7.5597 -9.10291
    endloop
  endfacet
  facet normal -1 0 0
    outer loop
      vertex 32.1896 -8.11829 -9.93256
      vertex 32.1896 -7.5597 -9.10291
      vertex 32.1896 -8.07657 -9.96043
    endloop
  endfacet
  facet normal -1 -0 0
    outer loop
      vertex 32.1896 -7.5597 -9.10291
      vertex 32.1896 -8.11829 -9.93256
      vertex 32.1896 -7.63863 -9.05371
    endloop
  endfacet
  facet normal -1 0 0
    outer loop
      vertex 32.1896 -8.16118 -9.90653
      vertex 32.1896 -7.63863 -9.05371
      vertex 32.1896 -8.11829 -9.93256
    endloop
  endfacet
  facet normal -1 -0 0
    outer loop
      vertex 32.1896 -7.63863 -9.05371
      vertex 32.1896 -8.16118 -9.90653
      vertex 32.1896 -7.71962 -9.00797
    endloop
  endfacet
  facet normal -1 0 0
    outer loop
      vertex 32.1896 -8.20517 -9.8824
      vertex 32.1896 -7.71962 -9.00797
      vertex 32.1896 -8.16118 -9.90653
    endloop
  endfacet
  facet normal -1 -0 0
    outer loop
      vertex 32.1896 -7.71962 -9.00797
      vertex 32.1896 -8.20517 -9.8824
      vertex 32.1896 -7.8025 -8.96578
    endloop
  endfacet
  facet normal -1 0 0
    outer loop
      vertex 32.1896 -8.25017 -9.86021
      vertex 32.1896 -7.8025 -8.96578
      vertex 32.1896 -8.20517 -9.8824
    endloop
  endfacet
  facet normal -1 -0 0
    outer loop
      vertex 32.1896 -7.8025 -8.96578
      vertex 32.1896 -8.25017 -9.86021
      vertex 32.1896 -7.88714 -8.92721
    endloop
  endfacet
  facet normal -1 0 0
    outer loop
      vertex 32.1896 -8.2961 -9.84
      vertex 32.1896 -7.88714 -8.92721
      vertex 32.1896 -8.25017 -9.86021
    endloop
  endfacet
  facet normal -1 -0 0
    outer loop
      vertex 32.1896 -7.88714 -8.92721
      vertex 32.1896 -8.2961 -9.84
      vertex 32.1896 -7.97336 -8.89233
    endloop
  endfacet
  facet normal -1 0 0
    outer loop
      vertex 32.1896 -8.34286 -9.82181
      vertex 32.1896 -7.97336 -8.89233
      vertex 32.1896 -8.2961 -9.84
    endloop
  endfacet
  facet normal -1 -0 0
    outer loop
      vertex 32.1896 -7.97336 -8.89233
      vertex 32.1896 -8.34286 -9.82181
      vertex 32.1896 -8.06101 -8.86122
    endloop
  endfacet
  facet normal -1 0 0
    outer loop
      vertex 32.1896 -8.39037 -9.80569
      vertex 32.1896 -8.06101 -8.86122
      vertex 32.1896 -8.34286 -9.82181
    endloop
  endfacet
  facet normal -1 -0 0
    outer loop
      vertex 32.1896 -8.06101 -8.86122
      vertex 32.1896 -8.39037 -9.80569
      vertex 32.1896 -8.14992 -8.83393
    endloop
  endfacet
  facet normal -1 0 0
    outer loop
      vertex 32.1896 -8.43854 -9.79165
      vertex 32.1896 -8.14992 -8.83393
      vertex 32.1896 -8.39037 -9.80569
    endloop
  endfacet
  facet normal -1 -0 0
    outer loop
      vertex 32.1896 -8.14992 -8.83393
      vertex 32.1896 -8.43854 -9.79165
      vertex 32.1896 -8.23994 -8.81051
    endloop
  endfacet
  facet normal -1 0 0
    outer loop
      vertex 32.1896 -8.48728 -9.77972
      vertex 32.1896 -8.23994 -8.81051
      vertex 32.1896 -8.43854 -9.79165
    endloop
  endfacet
  facet normal -1 -0 0
    outer loop
      vertex 32.1896 -8.23994 -8.81051
      vertex 32.1896 -8.48728 -9.77972
      vertex 32.1896 -8.33088 -8.79101
    endloop
  endfacet
  facet normal -1 0 0
    outer loop
      vertex 32.1896 -8.53649 -9.76993
      vertex 32.1896 -8.33088 -8.79101
      vertex 32.1896 -8.48728 -9.77972
    endloop
  endfacet
  facet normal -1 -0 0
    outer loop
      vertex 32.1896 -8.33088 -8.79101
      vertex 32.1896 -8.53649 -9.76993
      vertex 32.1896 -8.42257 -8.77546
    endloop
  endfacet
  facet normal -1 0 0
    outer loop
      vertex 32.1896 -8.58608 -9.7623
      vertex 32.1896 -8.42257 -8.77546
      vertex 32.1896 -8.53649 -9.76993
    endloop
  endfacet
  facet normal -1 -0 0
    outer loop
      vertex 32.1896 -8.42257 -8.77546
      vertex 32.1896 -8.58608 -9.7623
      vertex 32.1896 -8.51486 -8.76388
    endloop
  endfacet
  facet normal -1 0 0
    outer loop
      vertex 32.1896 -8.63595 -9.75684
      vertex 32.1896 -8.51486 -8.76388
      vertex 32.1896 -8.58608 -9.7623
    endloop
  endfacet
  facet normal -1 -0 0
    outer loop
      vertex 32.1896 -8.51486 -8.76388
      vertex 32.1896 -8.63595 -9.75684
      vertex 32.1896 -8.60756 -8.75631
    endloop
  endfacet
  facet normal -1 0 0
    outer loop
      vertex 32.1896 -8.68602 -9.75356
      vertex 32.1896 -8.60756 -8.75631
      vertex 32.1896 -8.63595 -9.75684
    endloop
  endfacet
  facet normal -1 0 0
    outer loop
      vertex 32.1896 -8.68602 -9.75356
      vertex 32.1896 -8.7005 -8.75276
      vertex 32.1896 -8.60756 -8.75631
    endloop
  endfacet
  facet normal -1 0 0
    outer loop
      vertex 32.1896 -8.73618 -9.75246
      vertex 32.1896 -8.7005 -8.75276
      vertex 32.1896 -8.68602 -9.75356
    endloop
  endfacet
  facet normal -1 0 0
    outer loop
      vertex 32.1896 -8.7935 -8.75322
      vertex 32.1896 -8.73618 -9.75246
      vertex 32.1896 -8.78634 -9.75356
    endloop
  endfacet
  facet normal -1 0 0
    outer loop
      vertex 32.1896 -8.73618 -9.75246
      vertex 32.1896 -8.7935 -8.75322
      vertex 32.1896 -8.7005 -8.75276
    endloop
  endfacet
  facet normal -1 0 0
    outer loop
      vertex 32.1896 -8.8864 -8.75772
      vertex 32.1896 -8.78634 -9.75356
      vertex 32.1896 -8.83641 -9.75684
    endloop
  endfacet
  facet normal -1 0 0
    outer loop
      vertex 32.1896 -8.97902 -8.76622
      vertex 32.1896 -8.83641 -9.75684
      vertex 32.1896 -8.88629 -9.7623
    endloop
  endfacet
  facet normal -1 0 0
    outer loop
      vertex 32.1896 -8.78634 -9.75356
      vertex 32.1896 -8.8864 -8.75772
      vertex 32.1896 -8.7935 -8.75322
    endloop
  endfacet
  facet normal -1 0 0
    outer loop
      vertex 32.1896 -9.07119 -8.77872
      vertex 32.1896 -8.88629 -9.7623
      vertex 32.1896 -8.93588 -9.76993
    endloop
  endfacet
  facet normal -1 0 0
    outer loop
      vertex 32.1896 -8.83641 -9.75684
      vertex 32.1896 -8.97902 -8.76622
      vertex 32.1896 -8.8864 -8.75772
    endloop
  endfacet
  facet normal -1 0 0
    outer loop
      vertex 32.1896 -9.16272 -8.7952
      vertex 32.1896 -8.93588 -9.76993
      vertex 32.1896 -8.98509 -9.77972
    endloop
  endfacet
  facet normal -1 0 0
    outer loop
      vertex 32.1896 -9.25346 -8.81562
      vertex 32.1896 -8.98509 -9.77972
      vertex 32.1896 -9.03382 -9.79165
    endloop
  endfacet
  facet normal -1 0 0
    outer loop
      vertex 32.1896 -8.88629 -9.7623
      vertex 32.1896 -9.07119 -8.77872
      vertex 32.1896 -8.97902 -8.76622
    endloop
  endfacet
  facet normal -1 0 0
    outer loop
      vertex 32.1896 -9.34323 -8.83994
      vertex 32.1896 -9.03382 -9.79165
      vertex 32.1896 -9.08199 -9.80569
    endloop
  endfacet
  facet normal -1 0 0
    outer loop
      vertex 32.1896 -9.43187 -8.86812
      vertex 32.1896 -9.08199 -9.80569
      vertex 32.1896 -9.12951 -9.82181
    endloop
  endfacet
  facet normal -1 0 0
    outer loop
      vertex 32.1896 -8.93588 -9.76993
      vertex 32.1896 -9.16272 -8.7952
      vertex 32.1896 -9.07119 -8.77872
    endloop
  endfacet
  facet normal -1 0 0
    outer loop
      vertex 32.1896 -9.5192 -8.90012
      vertex 32.1896 -9.12951 -9.82181
      vertex 32.1896 -9.17627 -9.84
    endloop
  endfacet
  facet normal -1 0 0
    outer loop
      vertex 32.1896 -9.60507 -8.93585
      vertex 32.1896 -9.17627 -9.84
      vertex 32.1896 -9.22219 -9.86021
    endloop
  endfacet
  facet normal -1 0 0
    outer loop
      vertex 32.1896 -8.98509 -9.77972
      vertex 32.1896 -9.25346 -8.81562
      vertex 32.1896 -9.16272 -8.7952
    endloop
  endfacet
  facet normal -1 0 0
    outer loop
      vertex 32.1896 -9.68931 -8.97527
      vertex 32.1896 -9.22219 -9.86021
      vertex 32.1896 -9.26719 -9.8824
    endloop
  endfacet
  facet normal -1 0 0
    outer loop
      vertex 32.1896 -9.77177 -9.0183
      vertex 32.1896 -9.26719 -9.8824
      vertex 32.1896 -9.31118 -9.90653
    endloop
  endfacet
  facet normal -1 0 0
    outer loop
      vertex 32.1896 -9.03382 -9.79165
      vertex 32.1896 -9.34323 -8.83994
      vertex 32.1896 -9.25346 -8.81562
    endloop
  endfacet
  facet normal -1 0 0
    outer loop
      vertex 32.1896 -9.85229 -9.06485
      vertex 32.1896 -9.31118 -9.90653
      vertex 32.1896 -9.35408 -9.93256
    endloop
  endfacet
  facet normal -1 0 0
    outer loop
      vertex 32.1896 -9.93072 -9.11484
      vertex 32.1896 -9.35408 -9.93256
      vertex 32.1896 -9.39579 -9.96043
    endloop
  endfacet
  facet normal -1 0 0
    outer loop
      vertex 32.1896 -9.08199 -9.80569
      vertex 32.1896 -9.43187 -8.86812
      vertex 32.1896 -9.34323 -8.83994
    endloop
  endfacet
  facet normal -1 0 0
    outer loop
      vertex 32.1896 -9.93072 -9.11484
      vertex 32.1896 -9.39579 -9.96043
      vertex 32.1896 -9.43626 -9.9901
    endloop
  endfacet
  facet normal -1 0 0
    outer loop
      vertex 32.1896 -9.93072 -9.11484
      vertex 32.1896 -9.43626 -9.9901
      vertex 32.1896 -9.47539 -10.0215
    endloop
  endfacet
  facet normal -1 0 0
    outer loop
      vertex 32.1896 -9.93072 -9.11484
      vertex 32.1896 -9.47539 -10.0215
      vertex 32.1896 -9.51311 -10.0546
    endloop
  endfacet
  facet normal -1 0 0
    outer loop
      vertex 32.1896 -9.12951 -9.82181
      vertex 32.1896 -9.5192 -8.90012
      vertex 32.1896 -9.43187 -8.86812
    endloop
  endfacet
  facet normal -1 0 0
    outer loop
      vertex 32.1896 -9.93072 -9.11484
      vertex 32.1896 -9.51311 -10.0546
      vertex 32.1896 -9.54936 -10.0893
    endloop
  endfacet
  facet normal -1 0 0
    outer loop
      vertex 32.1896 -9.93072 -9.11484
      vertex 32.1896 -9.54936 -10.0893
      vertex 32.1896 -9.58405 -10.1255
    endloop
  endfacet
  facet normal -1 0 0
    outer loop
      vertex 32.1896 -9.17627 -9.84
      vertex 32.1896 -9.60507 -8.93585
      vertex 32.1896 -9.5192 -8.90012
    endloop
  endfacet
  facet normal -1 0 0
    outer loop
      vertex 32.1896 -9.93072 -9.11484
      vertex 32.1896 -9.58405 -10.1255
      vertex 32.1896 -9.61713 -10.1633
    endloop
  endfacet
  facet normal -1 0 0
    outer loop
      vertex 32.1896 -9.93072 -9.11484
      vertex 32.1896 -9.61713 -10.1633
      vertex 32.1896 -9.64854 -10.2024
    endloop
  endfacet
  facet normal -1 0 0
    outer loop
      vertex 32.1896 -9.93072 -9.11484
      vertex 32.1896 -9.64854 -10.2024
      vertex 32.1896 -9.67821 -10.2428
    endloop
  endfacet
  facet normal -1 0 0
    outer loop
      vertex 32.1896 -9.22219 -9.86021
      vertex 32.1896 -9.68931 -8.97527
      vertex 32.1896 -9.60507 -8.93585
    endloop
  endfacet
  facet normal -1 0 0
    outer loop
      vertex 32.1896 -9.93072 -9.11484
      vertex 32.1896 -9.67821 -10.2428
      vertex 32.1896 -9.70608 -10.2846
    endloop
  endfacet
  facet normal -1 0 0
    outer loop
      vertex 32.1896 -9.93072 -9.11484
      vertex 32.1896 -9.70608 -10.2846
      vertex 32.1896 -9.73211 -10.3275
    endloop
  endfacet
  facet normal -1 0 0
    outer loop
      vertex 32.1896 -9.93072 -9.11484
      vertex 32.1896 -9.73211 -10.3275
      vertex 32.1896 -9.75624 -10.3714
    endloop
  endfacet
  facet normal -1 0 0
    outer loop
      vertex 32.1896 -9.26719 -9.8824
      vertex 32.1896 -9.77177 -9.0183
      vertex 32.1896 -9.68931 -8.97527
    endloop
  endfacet
  facet normal -1 0 0
    outer loop
      vertex 32.1896 -9.93072 -9.11484
      vertex 32.1896 -9.75624 -10.3714
      vertex 32.1896 -9.77844 -10.4164
    endloop
  endfacet
  facet normal -1 0 0
    outer loop
      vertex 32.1896 -9.93072 -9.11484
      vertex 32.1896 -9.77844 -10.4164
      vertex 32.1896 -9.79864 -10.4624
    endloop
  endfacet
  facet normal -1 0 0
    outer loop
      vertex 32.1896 -9.93072 -9.11484
      vertex 32.1896 -9.79864 -10.4624
      vertex 32.1896 -9.81683 -10.5091
    endloop
  endfacet
  facet normal -1 0 0
    outer loop
      vertex 32.1896 -9.93072 -9.11484
      vertex 32.1896 -9.81683 -10.5091
      vertex 32.1896 -9.83296 -10.5566
    endloop
  endfacet
  facet normal -1 0 0
    outer loop
      vertex 32.1896 -9.93072 -9.11484
      vertex 32.1896 -9.83296 -10.5566
      vertex 32.1896 -9.847 -10.6048
    endloop
  endfacet
  facet normal -1 0 0
    outer loop
      vertex 32.1896 -9.31118 -9.90653
      vertex 32.1896 -9.85229 -9.06485
      vertex 32.1896 -9.77177 -9.0183
    endloop
  endfacet
  facet normal -1 0 0
    outer loop
      vertex 32.1896 -9.93072 -9.11484
      vertex 32.1896 -9.847 -10.6048
      vertex 32.1896 -9.85892 -10.6536
    endloop
  endfacet
  facet normal -1 0 0
    outer loop
      vertex 32.1896 -9.93072 -9.11484
      vertex 32.1896 -9.85892 -10.6536
      vertex 32.1896 -9.86871 -10.7028
    endloop
  endfacet
  facet normal -1 0 0
    outer loop
      vertex 32.1896 -9.93072 -9.11484
      vertex 32.1896 -9.86871 -10.7028
      vertex 32.1896 -9.87634 -10.7524
    endloop
  endfacet
  facet normal -1 0 0
    outer loop
      vertex 32.1896 -9.93072 -9.11484
      vertex 32.1896 -9.87634 -10.7524
      vertex 32.1896 -9.88181 -10.8022
    endloop
  endfacet
  facet normal -1 0 0
    outer loop
      vertex 32.1896 -9.93072 -9.11484
      vertex 32.1896 -9.88181 -10.8022
      vertex 32.1896 -9.88509 -10.8523
    endloop
  endfacet
  facet normal -1 0 0
    outer loop
      vertex 32.1896 -9.93072 -9.11484
      vertex 32.1896 -9.88509 -10.8523
      vertex 32.1896 -9.88618 -10.9025
    endloop
  endfacet
  facet normal -1 0 0
    outer loop
      vertex 32.1896 -9.35408 -9.93256
      vertex 32.1896 -9.93072 -9.11484
      vertex 32.1896 -9.85229 -9.06485
    endloop
  endfacet
  facet normal 0 0.999763 0.0217513
    outer loop
      vertex 34.1896 -9.88509 -10.9526
      vertex 32.1896 -9.88618 -10.9025
      vertex 34.1896 -9.88618 -10.9025
    endloop
  endfacet
  facet normal 0 0.999763 0.0217513
    outer loop
      vertex 32.1896 -9.88618 -10.9025
      vertex 34.1896 -9.88509 -10.9526
      vertex 32.1896 -9.88509 -10.9526
    endloop
  endfacet
  facet normal 0 0.997864 0.0653292
    outer loop
      vertex 34.1896 -9.88181 -11.0027
      vertex 32.1896 -9.88509 -10.9526
      vertex 34.1896 -9.88509 -10.9526
    endloop
  endfacet
  facet normal 0 0.997864 0.0653292
    outer loop
      vertex 32.1896 -9.88509 -10.9526
      vertex 34.1896 -9.88181 -11.0027
      vertex 32.1896 -9.88181 -11.0027
    endloop
  endfacet
  facet normal 0 0.994045 0.108967
    outer loop
      vertex 34.1896 -9.87634 -11.0526
      vertex 32.1896 -9.88181 -11.0027
      vertex 34.1896 -9.88181 -11.0027
    endloop
  endfacet
  facet normal 0 0.994045 0.108967
    outer loop
      vertex 32.1896 -9.88181 -11.0027
      vertex 34.1896 -9.87634 -11.0526
      vertex 32.1896 -9.87634 -11.0526
    endloop
  endfacet
  facet normal 0 0.988374 0.152042
    outer loop
      vertex 34.1896 -9.86871 -11.1022
      vertex 32.1896 -9.87634 -11.0526
      vertex 34.1896 -9.87634 -11.0526
    endloop
  endfacet
  facet normal 0 0.988374 0.152042
    outer loop
      vertex 32.1896 -9.87634 -11.0526
      vertex 34.1896 -9.86871 -11.1022
      vertex 32.1896 -9.86871 -11.1022
    endloop
  endfacet
  facet normal 0 0.980772 0.195158
    outer loop
      vertex 34.1896 -9.85892 -11.1514
      vertex 32.1896 -9.86871 -11.1022
      vertex 34.1896 -9.86871 -11.1022
    endloop
  endfacet
  facet normal 0 0.980772 0.195158
    outer loop
      vertex 32.1896 -9.86871 -11.1022
      vertex 34.1896 -9.85892 -11.1514
      vertex 32.1896 -9.85892 -11.1514
    endloop
  endfacet
  facet normal 0 0.971327 0.237746
    outer loop
      vertex 34.1896 -9.847 -11.2001
      vertex 32.1896 -9.85892 -11.1514
      vertex 34.1896 -9.85892 -11.1514
    endloop
  endfacet
  facet normal 0 0.971327 0.237746
    outer loop
      vertex 32.1896 -9.85892 -11.1514
      vertex 34.1896 -9.847 -11.2001
      vertex 32.1896 -9.847 -11.2001
    endloop
  endfacet
  facet normal 0 0.960098 0.279663
    outer loop
      vertex 34.1896 -9.83296 -11.2483
      vertex 32.1896 -9.847 -11.2001
      vertex 34.1896 -9.847 -11.2001
    endloop
  endfacet
  facet normal 0 0.960098 0.279663
    outer loop
      vertex 32.1896 -9.847 -11.2001
      vertex 34.1896 -9.83296 -11.2483
      vertex 32.1896 -9.83296 -11.2483
    endloop
  endfacet
  facet normal 0 0.946894 0.321545
    outer loop
      vertex 34.1896 -9.81683 -11.2958
      vertex 32.1896 -9.83296 -11.2483
      vertex 34.1896 -9.83296 -11.2483
    endloop
  endfacet
  facet normal 0 0.946894 0.321545
    outer loop
      vertex 32.1896 -9.83296 -11.2483
      vertex 34.1896 -9.81683 -11.2958
      vertex 32.1896 -9.81683 -11.2958
    endloop
  endfacet
  facet normal 0 0.93181 0.362947
    outer loop
      vertex 34.1896 -9.79864 -11.3425
      vertex 32.1896 -9.81683 -11.2958
      vertex 34.1896 -9.81683 -11.2958
    endloop
  endfacet
  facet normal 0 0.93181 0.362947
    outer loop
      vertex 32.1896 -9.81683 -11.2958
      vertex 34.1896 -9.79864 -11.3425
      vertex 32.1896 -9.79864 -11.3425
    endloop
  endfacet
  facet normal 0 0.915608 0.402071
    outer loop
      vertex 34.1896 -9.77844 -11.3885
      vertex 32.1896 -9.79864 -11.3425
      vertex 34.1896 -9.79864 -11.3425
    endloop
  endfacet
  facet normal 0 0.915608 0.402071
    outer loop
      vertex 32.1896 -9.79864 -11.3425
      vertex 34.1896 -9.77844 -11.3885
      vertex 32.1896 -9.77844 -11.3885
    endloop
  endfacet
  facet normal 0 0.896806 0.442424
    outer loop
      vertex 34.1896 -9.75624 -11.4335
      vertex 32.1896 -9.77844 -11.3885
      vertex 34.1896 -9.77844 -11.3885
    endloop
  endfacet
  facet normal 0 0.896806 0.442424
    outer loop
      vertex 32.1896 -9.77844 -11.3885
      vertex 34.1896 -9.75624 -11.4335
      vertex 32.1896 -9.75624 -11.4335
    endloop
  endfacet
  facet normal 0 0.876804 0.480847
    outer loop
      vertex 34.1896 -9.73211 -11.4775
      vertex 32.1896 -9.75624 -11.4335
      vertex 34.1896 -9.75624 -11.4335
    endloop
  endfacet
  facet normal 0 0.876804 0.480847
    outer loop
      vertex 32.1896 -9.75624 -11.4335
      vertex 34.1896 -9.73211 -11.4775
      vertex 32.1896 -9.73211 -11.4775
    endloop
  endfacet
  facet normal 0 0.854933 0.518739
    outer loop
      vertex 34.1896 -9.70608 -11.5204
      vertex 32.1896 -9.73211 -11.4775
      vertex 34.1896 -9.73211 -11.4775
    endloop
  endfacet
  facet normal 0 0.854933 0.518739
    outer loop
      vertex 32.1896 -9.73211 -11.4775
      vertex 34.1896 -9.70608 -11.5204
      vertex 32.1896 -9.70608 -11.5204
    endloop
  endfacet
  facet normal 0 0.831406 0.555666
    outer loop
      vertex 34.1896 -9.67821 -11.5621
      vertex 32.1896 -9.70608 -11.5204
      vertex 34.1896 -9.70608 -11.5204
    endloop
  endfacet
  facet normal 0 0.831406 0.555666
    outer loop
      vertex 32.1896 -9.70608 -11.5204
      vertex 34.1896 -9.67821 -11.5621
      vertex 32.1896 -9.67821 -11.5621
    endloop
  endfacet
  facet normal 0 0.805993 0.591926
    outer loop
      vertex 34.1896 -9.64854 -11.6025
      vertex 32.1896 -9.67821 -11.5621
      vertex 34.1896 -9.67821 -11.5621
    endloop
  endfacet
  facet normal 0 0.805993 0.591926
    outer loop
      vertex 32.1896 -9.67821 -11.5621
      vertex 34.1896 -9.64854 -11.6025
      vertex 32.1896 -9.64854 -11.6025
    endloop
  endfacet
  facet normal 0 0.780383 0.625302
    outer loop
      vertex 34.1896 -9.61713 -11.6417
      vertex 32.1896 -9.64854 -11.6025
      vertex 34.1896 -9.64854 -11.6025
    endloop
  endfacet
  facet normal 0 0.780383 0.625302
    outer loop
      vertex 32.1896 -9.64854 -11.6025
      vertex 34.1896 -9.61713 -11.6417
      vertex 32.1896 -9.61713 -11.6417
    endloop
  endfacet
  facet normal 0 0.751662 0.659549
    outer loop
      vertex 34.1896 -9.58405 -11.6794
      vertex 32.1896 -9.61713 -11.6417
      vertex 34.1896 -9.61713 -11.6417
    endloop
  endfacet
  facet normal 0 0.751662 0.659549
    outer loop
      vertex 32.1896 -9.61713 -11.6417
      vertex 34.1896 -9.58405 -11.6794
      vertex 32.1896 -9.58405 -11.6794
    endloop
  endfacet
  facet normal 0 0.722005 0.691888
    outer loop
      vertex 34.1896 -9.54936 -11.7156
      vertex 32.1896 -9.58405 -11.6794
      vertex 34.1896 -9.58405 -11.6794
    endloop
  endfacet
  facet normal 0 0.722005 0.691888
    outer loop
      vertex 32.1896 -9.58405 -11.6794
      vertex 34.1896 -9.54936 -11.7156
      vertex 32.1896 -9.54936 -11.7156
    endloop
  endfacet
  facet normal -0 0.691494 0.722382
    outer loop
      vertex 32.1896 -9.51311 -11.7503
      vertex 34.1896 -9.54936 -11.7156
      vertex 34.1896 -9.51311 -11.7503
    endloop
  endfacet
  facet normal 0 0.691494 0.722382
    outer loop
      vertex 34.1896 -9.54936 -11.7156
      vertex 32.1896 -9.51311 -11.7503
      vertex 32.1896 -9.54936 -11.7156
    endloop
  endfacet
  facet normal -0 0.659576 0.751638
    outer loop
      vertex 32.1896 -9.47539 -11.7834
      vertex 34.1896 -9.51311 -11.7503
      vertex 34.1896 -9.47539 -11.7834
    endloop
  endfacet
  facet normal 0 0.659576 0.751638
    outer loop
      vertex 34.1896 -9.51311 -11.7503
      vertex 32.1896 -9.47539 -11.7834
      vertex 32.1896 -9.51311 -11.7503
    endloop
  endfacet
  facet normal -0 0.625861 0.779935
    outer loop
      vertex 32.1896 -9.43626 -11.8148
      vertex 34.1896 -9.47539 -11.7834
      vertex 34.1896 -9.43626 -11.8148
    endloop
  endfacet
  facet normal 0 0.625861 0.779935
    outer loop
      vertex 34.1896 -9.47539 -11.7834
      vertex 32.1896 -9.43626 -11.8148
      vertex 32.1896 -9.47539 -11.7834
    endloop
  endfacet
  facet normal -0 0.591649 0.806196
    outer loop
      vertex 32.1896 -9.39579 -11.8445
      vertex 34.1896 -9.43626 -11.8148
      vertex 34.1896 -9.39579 -11.8445
    endloop
  endfacet
  facet normal 0 0.591649 0.806196
    outer loop
      vertex 34.1896 -9.43626 -11.8148
      vertex 32.1896 -9.39579 -11.8445
      vertex 32.1896 -9.43626 -11.8148
    endloop
  endfacet
  facet normal -0 0.555987 0.831191
    outer loop
      vertex 32.1896 -9.35408 -11.8724
      vertex 34.1896 -9.39579 -11.8445
      vertex 34.1896 -9.35408 -11.8724
    endloop
  endfacet
  facet normal 0 0.555987 0.831191
    outer loop
      vertex 34.1896 -9.39579 -11.8445
      vertex 32.1896 -9.35408 -11.8724
      vertex 32.1896 -9.39579 -11.8445
    endloop
  endfacet
  facet normal -0 0.518302 0.855198
    outer loop
      vertex 32.1896 -9.31118 -11.8984
      vertex 34.1896 -9.35408 -11.8724
      vertex 34.1896 -9.31118 -11.8984
    endloop
  endfacet
  facet normal 0 0.518302 0.855198
    outer loop
      vertex 34.1896 -9.35408 -11.8724
      vertex 32.1896 -9.31118 -11.8984
      vertex 32.1896 -9.35408 -11.8724
    endloop
  endfacet
  facet normal -0 0.480472 0.87701
    outer loop
      vertex 32.1896 -9.26719 -11.9225
      vertex 34.1896 -9.31118 -11.8984
      vertex 34.1896 -9.26719 -11.9225
    endloop
  endfacet
  facet normal 0 0.480472 0.87701
    outer loop
      vertex 34.1896 -9.31118 -11.8984
      vertex 32.1896 -9.26719 -11.9225
      vertex 32.1896 -9.31118 -11.8984
    endloop
  endfacet
  facet normal -0 0.442424 0.896806
    outer loop
      vertex 32.1896 -9.22219 -11.9447
      vertex 34.1896 -9.26719 -11.9225
      vertex 34.1896 -9.22219 -11.9447
    endloop
  endfacet
  facet normal 0 0.442424 0.896806
    outer loop
      vertex 34.1896 -9.26719 -11.9225
      vertex 32.1896 -9.22219 -11.9447
      vertex 32.1896 -9.26719 -11.9225
    endloop
  endfacet
  facet normal -0 0.402658 0.91535
    outer loop
      vertex 32.1896 -9.17627 -11.9649
      vertex 34.1896 -9.22219 -11.9447
      vertex 34.1896 -9.17627 -11.9649
    endloop
  endfacet
  facet normal 0 0.402658 0.91535
    outer loop
      vertex 34.1896 -9.22219 -11.9447
      vertex 32.1896 -9.17627 -11.9649
      vertex 32.1896 -9.22219 -11.9447
    endloop
  endfacet
  facet normal -0 0.362716 0.9319
    outer loop
      vertex 32.1896 -9.12951 -11.9831
      vertex 34.1896 -9.17627 -11.9649
      vertex 34.1896 -9.12951 -11.9831
    endloop
  endfacet
  facet normal 0 0.362716 0.9319
    outer loop
      vertex 34.1896 -9.17627 -11.9649
      vertex 32.1896 -9.12951 -11.9831
      vertex 32.1896 -9.17627 -11.9649
    endloop
  endfacet
  facet normal -0 0.320888 0.947117
    outer loop
      vertex 32.1896 -9.08199 -11.9992
      vertex 34.1896 -9.12951 -11.9831
      vertex 34.1896 -9.08199 -11.9992
    endloop
  endfacet
  facet normal 0 0.320888 0.947117
    outer loop
      vertex 34.1896 -9.12951 -11.9831
      vertex 32.1896 -9.08199 -11.9992
      vertex 32.1896 -9.12951 -11.9831
    endloop
  endfacet
  facet normal -0 0.280926 0.95973
    outer loop
      vertex 32.1896 -9.03382 -12.0133
      vertex 34.1896 -9.08199 -11.9992
      vertex 34.1896 -9.03382 -12.0133
    endloop
  endfacet
  facet normal 0 0.280926 0.95973
    outer loop
      vertex 34.1896 -9.08199 -11.9992
      vertex 32.1896 -9.03382 -12.0133
      vertex 32.1896 -9.08199 -11.9992
    endloop
  endfacet
  facet normal -0 0.237232 0.971453
    outer loop
      vertex 32.1896 -8.98509 -12.0252
      vertex 34.1896 -9.03382 -12.0133
      vertex 34.1896 -8.98509 -12.0252
    endloop
  endfacet
  facet normal 0 0.237232 0.971453
    outer loop
      vertex 34.1896 -9.03382 -12.0133
      vertex 32.1896 -8.98509 -12.0252
      vertex 32.1896 -9.03382 -12.0133
    endloop
  endfacet
  facet normal -0 0.195311 0.980741
    outer loop
      vertex 32.1896 -8.93588 -12.035
      vertex 34.1896 -8.98509 -12.0252
      vertex 34.1896 -8.93588 -12.035
    endloop
  endfacet
  facet normal 0 0.195311 0.980741
    outer loop
      vertex 34.1896 -8.98509 -12.0252
      vertex 32.1896 -8.93588 -12.035
      vertex 32.1896 -8.98509 -12.0252
    endloop
  endfacet
  facet normal -0 0.151488 0.988459
    outer loop
      vertex 32.1896 -8.88629 -12.0426
      vertex 34.1896 -8.93588 -12.035
      vertex 34.1896 -8.88629 -12.0426
    endloop
  endfacet
  facet normal 0 0.151488 0.988459
    outer loop
      vertex 34.1896 -8.93588 -12.035
      vertex 32.1896 -8.88629 -12.0426
      vertex 32.1896 -8.93588 -12.035
    endloop
  endfacet
  facet normal -0 0.1096 0.993976
    outer loop
      vertex 32.1896 -8.83641 -12.0481
      vertex 34.1896 -8.88629 -12.0426
      vertex 34.1896 -8.83641 -12.0481
    endloop
  endfacet
  facet normal 0 0.1096 0.993976
    outer loop
      vertex 34.1896 -8.88629 -12.0426
      vertex 32.1896 -8.83641 -12.0481
      vertex 32.1896 -8.88629 -12.0426
    endloop
  endfacet
  facet normal -0 0.065765 0.997835
    outer loop
      vertex 32.1896 -8.78634 -12.0514
      vertex 34.1896 -8.83641 -12.0481
      vertex 34.1896 -8.78634 -12.0514
    endloop
  endfacet
  facet normal 0 0.065765 0.997835
    outer loop
      vertex 34.1896 -8.83641 -12.0481
      vertex 32.1896 -8.78634 -12.0514
      vertex 32.1896 -8.83641 -12.0481
    endloop
  endfacet
  facet normal -0 0.0219246 0.99976
    outer loop
      vertex 32.1896 -8.73618 -12.0525
      vertex 34.1896 -8.78634 -12.0514
      vertex 34.1896 -8.73618 -12.0525
    endloop
  endfacet
  facet normal 0 0.0219246 0.99976
    outer loop
      vertex 34.1896 -8.78634 -12.0514
      vertex 32.1896 -8.73618 -12.0525
      vertex 32.1896 -8.78634 -12.0514
    endloop
  endfacet
  facet normal 0 -0.0219246 0.99976
    outer loop
      vertex 32.1896 -8.68602 -12.0514
      vertex 34.1896 -8.73618 -12.0525
      vertex 34.1896 -8.68602 -12.0514
    endloop
  endfacet
  facet normal 0 -0.0219246 0.99976
    outer loop
      vertex 34.1896 -8.73618 -12.0525
      vertex 32.1896 -8.68602 -12.0514
      vertex 32.1896 -8.73618 -12.0525
    endloop
  endfacet
  facet normal 0 -0.065765 0.997835
    outer loop
      vertex 32.1896 -8.63595 -12.0481
      vertex 34.1896 -8.68602 -12.0514
      vertex 34.1896 -8.63595 -12.0481
    endloop
  endfacet
  facet normal 0 -0.065765 0.997835
    outer loop
      vertex 34.1896 -8.68602 -12.0514
      vertex 32.1896 -8.63595 -12.0481
      vertex 32.1896 -8.68602 -12.0514
    endloop
  endfacet
  facet normal 0 -0.109622 0.993973
    outer loop
      vertex 32.1896 -8.58608 -12.0426
      vertex 34.1896 -8.63595 -12.0481
      vertex 34.1896 -8.58608 -12.0426
    endloop
  endfacet
  facet normal 0 -0.109622 0.993973
    outer loop
      vertex 34.1896 -8.63595 -12.0481
      vertex 32.1896 -8.58608 -12.0426
      vertex 32.1896 -8.63595 -12.0481
    endloop
  endfacet
  facet normal 0 -0.151488 0.988459
    outer loop
      vertex 32.1896 -8.53649 -12.035
      vertex 34.1896 -8.58608 -12.0426
      vertex 34.1896 -8.53649 -12.035
    endloop
  endfacet
  facet normal 0 -0.151488 0.988459
    outer loop
      vertex 34.1896 -8.58608 -12.0426
      vertex 32.1896 -8.53649 -12.035
      vertex 32.1896 -8.58608 -12.0426
    endloop
  endfacet
  facet normal 0 -0.195311 0.980741
    outer loop
      vertex 32.1896 -8.48728 -12.0252
      vertex 34.1896 -8.53649 -12.035
      vertex 34.1896 -8.48728 -12.0252
    endloop
  endfacet
  facet normal 0 -0.195311 0.980741
    outer loop
      vertex 34.1896 -8.53649 -12.035
      vertex 32.1896 -8.48728 -12.0252
      vertex 32.1896 -8.53649 -12.035
    endloop
  endfacet
  facet normal 0 -0.237186 0.971464
    outer loop
      vertex 32.1896 -8.43854 -12.0133
      vertex 34.1896 -8.48728 -12.0252
      vertex 34.1896 -8.43854 -12.0133
    endloop
  endfacet
  facet normal 0 -0.237186 0.971464
    outer loop
      vertex 34.1896 -8.48728 -12.0252
      vertex 32.1896 -8.43854 -12.0133
      vertex 32.1896 -8.48728 -12.0252
    endloop
  endfacet
  facet normal 0 -0.280926 0.95973
    outer loop
      vertex 32.1896 -8.39037 -11.9992
      vertex 34.1896 -8.43854 -12.0133
      vertex 34.1896 -8.39037 -11.9992
    endloop
  endfacet
  facet normal 0 -0.280926 0.95973
    outer loop
      vertex 34.1896 -8.43854 -12.0133
      vertex 32.1896 -8.39037 -11.9992
      vertex 32.1896 -8.43854 -12.0133
    endloop
  endfacet
  facet normal 0 -0.320948 0.947097
    outer loop
      vertex 32.1896 -8.34286 -11.9831
      vertex 34.1896 -8.39037 -11.9992
      vertex 34.1896 -8.34286 -11.9831
    endloop
  endfacet
  facet normal 0 -0.320948 0.947097
    outer loop
      vertex 34.1896 -8.39037 -11.9992
      vertex 32.1896 -8.34286 -11.9831
      vertex 32.1896 -8.39037 -11.9992
    endloop
  endfacet
  facet normal 0 -0.362716 0.9319
    outer loop
      vertex 32.1896 -8.2961 -11.9649
      vertex 34.1896 -8.34286 -11.9831
      vertex 34.1896 -8.2961 -11.9649
    endloop
  endfacet
  facet normal 0 -0.362716 0.9319
    outer loop
      vertex 34.1896 -8.34286 -11.9831
      vertex 32.1896 -8.2961 -11.9649
      vertex 32.1896 -8.34286 -11.9831
    endloop
  endfacet
  facet normal 0 -0.402585 0.915383
    outer loop
      vertex 32.1896 -8.25017 -11.9447
      vertex 34.1896 -8.2961 -11.9649
      vertex 34.1896 -8.25017 -11.9447
    endloop
  endfacet
  facet normal 0 -0.402585 0.915383
    outer loop
      vertex 34.1896 -8.2961 -11.9649
      vertex 32.1896 -8.25017 -11.9447
      vertex 32.1896 -8.2961 -11.9649
    endloop
  endfacet
  facet normal 0 -0.442424 0.896806
    outer loop
      vertex 32.1896 -8.20517 -11.9225
      vertex 34.1896 -8.25017 -11.9447
      vertex 34.1896 -8.20517 -11.9225
    endloop
  endfacet
  facet normal 0 -0.442424 0.896806
    outer loop
      vertex 34.1896 -8.25017 -11.9447
      vertex 32.1896 -8.20517 -11.9225
      vertex 32.1896 -8.25017 -11.9447
    endloop
  endfacet
  facet normal 0 -0.480472 0.87701
    outer loop
      vertex 32.1896 -8.16118 -11.8984
      vertex 34.1896 -8.20517 -11.9225
      vertex 34.1896 -8.16118 -11.8984
    endloop
  endfacet
  facet normal 0 -0.480472 0.87701
    outer loop
      vertex 34.1896 -8.20517 -11.9225
      vertex 32.1896 -8.16118 -11.8984
      vertex 32.1896 -8.20517 -11.9225
    endloop
  endfacet
  facet normal 0 -0.51839 0.855144
    outer loop
      vertex 32.1896 -8.11829 -11.8724
      vertex 34.1896 -8.16118 -11.8984
      vertex 34.1896 -8.11829 -11.8724
    endloop
  endfacet
  facet normal 0 -0.51839 0.855144
    outer loop
      vertex 34.1896 -8.16118 -11.8984
      vertex 32.1896 -8.11829 -11.8724
      vertex 32.1896 -8.16118 -11.8984
    endloop
  endfacet
  facet normal 0 -0.555895 0.831252
    outer loop
      vertex 32.1896 -8.07657 -11.8445
      vertex 34.1896 -8.11829 -11.8724
      vertex 34.1896 -8.07657 -11.8445
    endloop
  endfacet
  facet normal 0 -0.555895 0.831252
    outer loop
      vertex 34.1896 -8.11829 -11.8724
      vertex 32.1896 -8.07657 -11.8445
      vertex 32.1896 -8.11829 -11.8724
    endloop
  endfacet
  facet normal 0 -0.591744 0.806126
    outer loop
      vertex 32.1896 -8.03611 -11.8148
      vertex 34.1896 -8.07657 -11.8445
      vertex 34.1896 -8.03611 -11.8148
    endloop
  endfacet
  facet normal 0 -0.591744 0.806126
    outer loop
      vertex 34.1896 -8.07657 -11.8445
      vertex 32.1896 -8.03611 -11.8148
      vertex 32.1896 -8.07657 -11.8445
    endloop
  endfacet
  facet normal 0 -0.625861 0.779935
    outer loop
      vertex 32.1896 -7.99698 -11.7834
      vertex 34.1896 -8.03611 -11.8148
      vertex 34.1896 -7.99698 -11.7834
    endloop
  endfacet
  facet normal 0 -0.625861 0.779935
    outer loop
      vertex 34.1896 -8.03611 -11.8148
      vertex 32.1896 -7.99698 -11.7834
      vertex 32.1896 -8.03611 -11.8148
    endloop
  endfacet
  facet normal 0 -0.659477 0.751724
    outer loop
      vertex 32.1896 -7.95925 -11.7503
      vertex 34.1896 -7.99698 -11.7834
      vertex 34.1896 -7.95925 -11.7503
    endloop
  endfacet
  facet normal 0 -0.659477 0.751724
    outer loop
      vertex 34.1896 -7.99698 -11.7834
      vertex 32.1896 -7.95925 -11.7503
      vertex 32.1896 -7.99698 -11.7834
    endloop
  endfacet
  facet normal 0 -0.691594 0.722287
    outer loop
      vertex 32.1896 -7.92301 -11.7156
      vertex 34.1896 -7.95925 -11.7503
      vertex 34.1896 -7.92301 -11.7156
    endloop
  endfacet
  facet normal 0 -0.691594 0.722287
    outer loop
      vertex 34.1896 -7.95925 -11.7503
      vertex 32.1896 -7.92301 -11.7156
      vertex 32.1896 -7.95925 -11.7503
    endloop
  endfacet
  facet normal 0 -0.721905 0.691992
    outer loop
      vertex 32.1896 -7.92301 -11.7156
      vertex 34.1896 -7.88831 -11.6794
      vertex 32.1896 -7.88831 -11.6794
    endloop
  endfacet
  facet normal 0 -0.721905 0.691992
    outer loop
      vertex 34.1896 -7.88831 -11.6794
      vertex 32.1896 -7.92301 -11.7156
      vertex 34.1896 -7.92301 -11.7156
    endloop
  endfacet
  facet normal 0 -0.751662 0.659549
    outer loop
      vertex 32.1896 -7.88831 -11.6794
      vertex 34.1896 -7.85523 -11.6417
      vertex 32.1896 -7.85523 -11.6417
    endloop
  endfacet
  facet normal 0 -0.751662 0.659549
    outer loop
      vertex 34.1896 -7.85523 -11.6417
      vertex 32.1896 -7.88831 -11.6794
      vertex 34.1896 -7.88831 -11.6794
    endloop
  endfacet
  facet normal 0 -0.78048 0.625181
    outer loop
      vertex 32.1896 -7.85523 -11.6417
      vertex 34.1896 -7.82383 -11.6025
      vertex 32.1896 -7.82383 -11.6025
    endloop
  endfacet
  facet normal 0 -0.78048 0.625181
    outer loop
      vertex 34.1896 -7.82383 -11.6025
      vertex 32.1896 -7.85523 -11.6417
      vertex 34.1896 -7.85523 -11.6417
    endloop
  endfacet
  facet normal 0 -0.805993 0.591926
    outer loop
      vertex 32.1896 -7.82383 -11.6025
      vertex 34.1896 -7.79416 -11.5621
      vertex 32.1896 -7.79416 -11.5621
    endloop
  endfacet
  facet normal 0 -0.805993 0.591926
    outer loop
      vertex 34.1896 -7.79416 -11.5621
      vertex 32.1896 -7.82383 -11.6025
      vertex 34.1896 -7.82383 -11.6025
    endloop
  endfacet
  facet normal 0 -0.831313 0.555804
    outer loop
      vertex 32.1896 -7.79416 -11.5621
      vertex 34.1896 -7.76628 -11.5204
      vertex 32.1896 -7.76628 -11.5204
    endloop
  endfacet
  facet normal 0 -0.831313 0.555804
    outer loop
      vertex 34.1896 -7.76628 -11.5204
      vertex 32.1896 -7.79416 -11.5621
      vertex 34.1896 -7.79416 -11.5621
    endloop
  endfacet
  facet normal 0 -0.854933 0.518739
    outer loop
      vertex 32.1896 -7.76628 -11.5204
      vertex 34.1896 -7.74025 -11.4775
      vertex 32.1896 -7.74025 -11.4775
    endloop
  endfacet
  facet normal 0 -0.854933 0.518739
    outer loop
      vertex 34.1896 -7.74025 -11.4775
      vertex 32.1896 -7.76628 -11.5204
      vertex 34.1896 -7.76628 -11.5204
    endloop
  endfacet
  facet normal 0 -0.876804 0.480847
    outer loop
      vertex 32.1896 -7.74025 -11.4775
      vertex 34.1896 -7.71612 -11.4335
      vertex 32.1896 -7.71612 -11.4335
    endloop
  endfacet
  facet normal 0 -0.876804 0.480847
    outer loop
      vertex 34.1896 -7.71612 -11.4335
      vertex 32.1896 -7.74025 -11.4775
      vertex 34.1896 -7.74025 -11.4775
    endloop
  endfacet
  facet normal 0 -0.896885 0.442264
    outer loop
      vertex 32.1896 -7.71612 -11.4335
      vertex 34.1896 -7.69393 -11.3885
      vertex 32.1896 -7.69393 -11.3885
    endloop
  endfacet
  facet normal 0 -0.896885 0.442264
    outer loop
      vertex 34.1896 -7.69393 -11.3885
      vertex 32.1896 -7.71612 -11.4335
      vertex 34.1896 -7.71612 -11.4335
    endloop
  endfacet
  facet normal 0 -0.915535 0.402238
    outer loop
      vertex 32.1896 -7.69393 -11.3885
      vertex 34.1896 -7.67372 -11.3425
      vertex 32.1896 -7.67372 -11.3425
    endloop
  endfacet
  facet normal 0 -0.915535 0.402238
    outer loop
      vertex 34.1896 -7.67372 -11.3425
      vertex 32.1896 -7.69393 -11.3885
      vertex 34.1896 -7.69393 -11.3885
    endloop
  endfacet
  facet normal 0 -0.931877 0.362774
    outer loop
      vertex 32.1896 -7.67372 -11.3425
      vertex 34.1896 -7.65554 -11.2958
      vertex 32.1896 -7.65554 -11.2958
    endloop
  endfacet
  facet normal 0 -0.931877 0.362774
    outer loop
      vertex 34.1896 -7.65554 -11.2958
      vertex 32.1896 -7.67372 -11.3425
      vertex 34.1896 -7.67372 -11.3425
    endloop
  endfacet
  facet normal 0 -0.946894 0.321545
    outer loop
      vertex 32.1896 -7.65554 -11.2958
      vertex 34.1896 -7.63941 -11.2483
      vertex 32.1896 -7.63941 -11.2483
    endloop
  endfacet
  facet normal 0 -0.946894 0.321545
    outer loop
      vertex 34.1896 -7.63941 -11.2483
      vertex 32.1896 -7.65554 -11.2958
      vertex 34.1896 -7.65554 -11.2958
    endloop
  endfacet
  facet normal 0 -0.960098 0.279663
    outer loop
      vertex 32.1896 -7.63941 -11.2483
      vertex 34.1896 -7.62537 -11.2001
      vertex 32.1896 -7.62537 -11.2001
    endloop
  endfacet
  facet normal 0 -0.960098 0.279663
    outer loop
      vertex 34.1896 -7.62537 -11.2001
      vertex 32.1896 -7.63941 -11.2483
      vertex 34.1896 -7.63941 -11.2483
    endloop
  endfacet
  facet normal 0 -0.971281 0.237934
    outer loop
      vertex 32.1896 -7.62537 -11.2001
      vertex 34.1896 -7.61344 -11.1514
      vertex 32.1896 -7.61344 -11.1514
    endloop
  endfacet
  facet normal 0 -0.971281 0.237934
    outer loop
      vertex 34.1896 -7.61344 -11.1514
      vertex 32.1896 -7.62537 -11.2001
      vertex 34.1896 -7.62537 -11.2001
    endloop
  endfacet
  facet normal 0 -0.980772 0.195158
    outer loop
      vertex 32.1896 -7.61344 -11.1514
      vertex 34.1896 -7.60365 -11.1022
      vertex 32.1896 -7.60365 -11.1022
    endloop
  endfacet
  facet normal 0 -0.980772 0.195158
    outer loop
      vertex 34.1896 -7.60365 -11.1022
      vertex 32.1896 -7.61344 -11.1514
      vertex 34.1896 -7.61344 -11.1514
    endloop
  endfacet
  facet normal 0 -0.988374 0.152042
    outer loop
      vertex 32.1896 -7.60365 -11.1022
      vertex 34.1896 -7.59602 -11.0526
      vertex 32.1896 -7.59602 -11.0526
    endloop
  endfacet
  facet normal 0 -0.988374 0.152042
    outer loop
      vertex 34.1896 -7.59602 -11.0526
      vertex 32.1896 -7.60365 -11.1022
      vertex 34.1896 -7.60365 -11.1022
    endloop
  endfacet
  facet normal 0 -0.994067 0.10877
    outer loop
      vertex 32.1896 -7.59602 -11.0526
      vertex 34.1896 -7.59056 -11.0027
      vertex 32.1896 -7.59056 -11.0027
    endloop
  endfacet
  facet normal 0 -0.994067 0.10877
    outer loop
      vertex 34.1896 -7.59056 -11.0027
      vertex 32.1896 -7.59602 -11.0526
      vertex 34.1896 -7.59602 -11.0526
    endloop
  endfacet
  facet normal 0 -0.997864 0.0653292
    outer loop
      vertex 32.1896 -7.59056 -11.0027
      vertex 34.1896 -7.58728 -10.9526
      vertex 32.1896 -7.58728 -10.9526
    endloop
  endfacet
  facet normal 0 -0.997864 0.0653292
    outer loop
      vertex 34.1896 -7.58728 -10.9526
      vertex 32.1896 -7.59056 -11.0027
      vertex 34.1896 -7.59056 -11.0027
    endloop
  endfacet
  facet normal 0 -0.999759 0.0219508
    outer loop
      vertex 32.1896 -7.58728 -10.9526
      vertex 34.1896 -7.58618 -10.9025
      vertex 32.1896 -7.58618 -10.9025
    endloop
  endfacet
  facet normal 0 -0.999759 0.0219508
    outer loop
      vertex 34.1896 -7.58618 -10.9025
      vertex 32.1896 -7.58728 -10.9526
      vertex 34.1896 -7.58728 -10.9526
    endloop
  endfacet
  facet normal 0 -0.99976 -0.0219071
    outer loop
      vertex 32.1896 -7.58618 -10.9025
      vertex 34.1896 -7.58728 -10.8523
      vertex 32.1896 -7.58728 -10.8523
    endloop
  endfacet
  facet normal 0 -0.99976 -0.0219071
    outer loop
      vertex 34.1896 -7.58728 -10.8523
      vertex 32.1896 -7.58618 -10.9025
      vertex 34.1896 -7.58618 -10.9025
    endloop
  endfacet
  facet normal 0 -0.997864 -0.0653292
    outer loop
      vertex 32.1896 -7.58728 -10.8523
      vertex 34.1896 -7.59056 -10.8022
      vertex 32.1896 -7.59056 -10.8022
    endloop
  endfacet
  facet normal 0 -0.997864 -0.0653292
    outer loop
      vertex 34.1896 -7.59056 -10.8022
      vertex 32.1896 -7.58728 -10.8523
      vertex 34.1896 -7.58728 -10.8523
    endloop
  endfacet
  facet normal 0 -0.994043 -0.108985
    outer loop
      vertex 32.1896 -7.59056 -10.8022
      vertex 34.1896 -7.59602 -10.7524
      vertex 32.1896 -7.59602 -10.7524
    endloop
  endfacet
  facet normal 0 -0.994043 -0.108985
    outer loop
      vertex 34.1896 -7.59602 -10.7524
      vertex 32.1896 -7.59056 -10.8022
      vertex 34.1896 -7.59056 -10.8022
    endloop
  endfacet
  facet normal 0 -0.988374 -0.152042
    outer loop
      vertex 32.1896 -7.59602 -10.7524
      vertex 34.1896 -7.60365 -10.7028
      vertex 32.1896 -7.60365 -10.7028
    endloop
  endfacet
  facet normal 0 -0.988374 -0.152042
    outer loop
      vertex 34.1896 -7.60365 -10.7028
      vertex 32.1896 -7.59602 -10.7524
      vertex 34.1896 -7.59602 -10.7524
    endloop
  endfacet
  facet normal 0 -0.980772 -0.195158
    outer loop
      vertex 32.1896 -7.60365 -10.7028
      vertex 34.1896 -7.61344 -10.6536
      vertex 32.1896 -7.61344 -10.6536
    endloop
  endfacet
  facet normal 0 -0.980772 -0.195158
    outer loop
      vertex 34.1896 -7.61344 -10.6536
      vertex 32.1896 -7.60365 -10.7028
      vertex 34.1896 -7.60365 -10.7028
    endloop
  endfacet
  facet normal 0 -0.971394 -0.237474
    outer loop
      vertex 32.1896 -7.61344 -10.6536
      vertex 34.1896 -7.62537 -10.6048
      vertex 32.1896 -7.62537 -10.6048
    endloop
  endfacet
  facet normal 0 -0.971394 -0.237474
    outer loop
      vertex 34.1896 -7.62537 -10.6048
      vertex 32.1896 -7.61344 -10.6536
      vertex 34.1896 -7.61344 -10.6536
    endloop
  endfacet
  facet normal 0 -0.960098 -0.279663
    outer loop
      vertex 32.1896 -7.62537 -10.6048
      vertex 34.1896 -7.63941 -10.5566
      vertex 32.1896 -7.63941 -10.5566
    endloop
  endfacet
  facet normal 0 -0.960098 -0.279663
    outer loop
      vertex 34.1896 -7.63941 -10.5566
      vertex 32.1896 -7.62537 -10.6048
      vertex 34.1896 -7.62537 -10.6048
    endloop
  endfacet
  facet normal 0 -0.946894 -0.321545
    outer loop
      vertex 32.1896 -7.63941 -10.5566
      vertex 34.1896 -7.65554 -10.5091
      vertex 32.1896 -7.65554 -10.5091
    endloop
  endfacet
  facet normal 0 -0.946894 -0.321545
    outer loop
      vertex 34.1896 -7.65554 -10.5091
      vertex 32.1896 -7.63941 -10.5566
      vertex 34.1896 -7.63941 -10.5566
    endloop
  endfacet
  facet normal 0 -0.931877 -0.362774
    outer loop
      vertex 32.1896 -7.65554 -10.5091
      vertex 34.1896 -7.67372 -10.4624
      vertex 32.1896 -7.67372 -10.4624
    endloop
  endfacet
  facet normal 0 -0.931877 -0.362774
    outer loop
      vertex 34.1896 -7.67372 -10.4624
      vertex 32.1896 -7.65554 -10.5091
      vertex 34.1896 -7.65554 -10.5091
    endloop
  endfacet
  facet normal 0 -0.915535 -0.402238
    outer loop
      vertex 32.1896 -7.67372 -10.4624
      vertex 34.1896 -7.69393 -10.4164
      vertex 32.1896 -7.69393 -10.4164
    endloop
  endfacet
  facet normal 0 -0.915535 -0.402238
    outer loop
      vertex 34.1896 -7.69393 -10.4164
      vertex 32.1896 -7.67372 -10.4624
      vertex 34.1896 -7.67372 -10.4624
    endloop
  endfacet
  facet normal 0 -0.896885 -0.442264
    outer loop
      vertex 32.1896 -7.69393 -10.4164
      vertex 34.1896 -7.71612 -10.3714
      vertex 32.1896 -7.71612 -10.3714
    endloop
  endfacet
  facet normal 0 -0.896885 -0.442264
    outer loop
      vertex 34.1896 -7.71612 -10.3714
      vertex 32.1896 -7.69393 -10.4164
      vertex 34.1896 -7.69393 -10.4164
    endloop
  endfacet
  facet normal 0 -0.876342 -0.481689
    outer loop
      vertex 32.1896 -7.71612 -10.3714
      vertex 34.1896 -7.74025 -10.3275
      vertex 32.1896 -7.74025 -10.3275
    endloop
  endfacet
  facet normal 0 -0.876342 -0.481689
    outer loop
      vertex 34.1896 -7.74025 -10.3275
      vertex 32.1896 -7.71612 -10.3714
      vertex 34.1896 -7.71612 -10.3714
    endloop
  endfacet
  facet normal 0 -0.854933 -0.518739
    outer loop
      vertex 32.1896 -7.74025 -10.3275
      vertex 34.1896 -7.76628 -10.2846
      vertex 32.1896 -7.76628 -10.2846
    endloop
  endfacet
  facet normal 0 -0.854933 -0.518739
    outer loop
      vertex 34.1896 -7.76628 -10.2846
      vertex 32.1896 -7.74025 -10.3275
      vertex 34.1896 -7.74025 -10.3275
    endloop
  endfacet
  facet normal 0 -0.831928 -0.554884
    outer loop
      vertex 32.1896 -7.76628 -10.2846
      vertex 34.1896 -7.79416 -10.2428
      vertex 32.1896 -7.79416 -10.2428
    endloop
  endfacet
  facet normal 0 -0.831928 -0.554884
    outer loop
      vertex 34.1896 -7.79416 -10.2428
      vertex 32.1896 -7.76628 -10.2846
      vertex 34.1896 -7.76628 -10.2846
    endloop
  endfacet
  facet normal 0 -0.805993 -0.591926
    outer loop
      vertex 32.1896 -7.79416 -10.2428
      vertex 34.1896 -7.82383 -10.2024
      vertex 32.1896 -7.82383 -10.2024
    endloop
  endfacet
  facet normal 0 -0.805993 -0.591926
    outer loop
      vertex 34.1896 -7.82383 -10.2024
      vertex 32.1896 -7.79416 -10.2428
      vertex 34.1896 -7.79416 -10.2428
    endloop
  endfacet
  facet normal 0 -0.7797 -0.626153
    outer loop
      vertex 32.1896 -7.82383 -10.2024
      vertex 34.1896 -7.85523 -10.1633
      vertex 32.1896 -7.85523 -10.1633
    endloop
  endfacet
  facet normal 0 -0.7797 -0.626153
    outer loop
      vertex 34.1896 -7.85523 -10.1633
      vertex 32.1896 -7.82383 -10.2024
      vertex 34.1896 -7.82383 -10.2024
    endloop
  endfacet
  facet normal 0 -0.752527 -0.658561
    outer loop
      vertex 32.1896 -7.85523 -10.1633
      vertex 34.1896 -7.88831 -10.1255
      vertex 32.1896 -7.88831 -10.1255
    endloop
  endfacet
  facet normal 0 -0.752527 -0.658561
    outer loop
      vertex 34.1896 -7.88831 -10.1255
      vertex 32.1896 -7.85523 -10.1633
      vertex 34.1896 -7.85523 -10.1633
    endloop
  endfacet
  facet normal 0 -0.721905 -0.691992
    outer loop
      vertex 32.1896 -7.88831 -10.1255
      vertex 34.1896 -7.92301 -10.0893
      vertex 32.1896 -7.92301 -10.0893
    endloop
  endfacet
  facet normal 0 -0.721905 -0.691992
    outer loop
      vertex 34.1896 -7.92301 -10.0893
      vertex 32.1896 -7.88831 -10.1255
      vertex 34.1896 -7.88831 -10.1255
    endloop
  endfacet
  facet normal 0 -0.691594 -0.722287
    outer loop
      vertex 32.1896 -7.95925 -10.0546
      vertex 34.1896 -7.92301 -10.0893
      vertex 34.1896 -7.95925 -10.0546
    endloop
  endfacet
  facet normal -0 -0.691594 -0.722287
    outer loop
      vertex 34.1896 -7.92301 -10.0893
      vertex 32.1896 -7.95925 -10.0546
      vertex 32.1896 -7.92301 -10.0893
    endloop
  endfacet
  facet normal 0 -0.659477 -0.751724
    outer loop
      vertex 32.1896 -7.99698 -10.0215
      vertex 34.1896 -7.95925 -10.0546
      vertex 34.1896 -7.99698 -10.0215
    endloop
  endfacet
  facet normal -0 -0.659477 -0.751724
    outer loop
      vertex 34.1896 -7.95925 -10.0546
      vertex 32.1896 -7.99698 -10.0215
      vertex 32.1896 -7.95925 -10.0546
    endloop
  endfacet
  facet normal 0 -0.625861 -0.779935
    outer loop
      vertex 32.1896 -8.03611 -9.9901
      vertex 34.1896 -7.99698 -10.0215
      vertex 34.1896 -8.03611 -9.9901
    endloop
  endfacet
  facet normal -0 -0.625861 -0.779935
    outer loop
      vertex 34.1896 -7.99698 -10.0215
      vertex 32.1896 -8.03611 -9.9901
      vertex 32.1896 -7.99698 -10.0215
    endloop
  endfacet
  facet normal 0 -0.591355 -0.806411
    outer loop
      vertex 32.1896 -8.07657 -9.96043
      vertex 34.1896 -8.03611 -9.9901
      vertex 34.1896 -8.07657 -9.96043
    endloop
  endfacet
  facet normal -0 -0.591355 -0.806411
    outer loop
      vertex 34.1896 -8.03611 -9.9901
      vertex 32.1896 -8.07657 -9.96043
      vertex 32.1896 -8.03611 -9.9901
    endloop
  endfacet
  facet normal 0 -0.555482 -0.831529
    outer loop
      vertex 32.1896 -8.11829 -9.93256
      vertex 34.1896 -8.07657 -9.96043
      vertex 34.1896 -8.11829 -9.93256
    endloop
  endfacet
  facet normal -0 -0.555482 -0.831529
    outer loop
      vertex 34.1896 -8.07657 -9.96043
      vertex 32.1896 -8.11829 -9.93256
      vertex 32.1896 -8.07657 -9.96043
    endloop
  endfacet
  facet normal 0 -0.518827 -0.854879
    outer loop
      vertex 32.1896 -8.16118 -9.90653
      vertex 34.1896 -8.11829 -9.93256
      vertex 34.1896 -8.16118 -9.90653
    endloop
  endfacet
  facet normal -0 -0.518827 -0.854879
    outer loop
      vertex 34.1896 -8.11829 -9.93256
      vertex 32.1896 -8.16118 -9.90653
      vertex 32.1896 -8.11829 -9.93256
    endloop
  endfacet
  facet normal 0 -0.480931 -0.876758
    outer loop
      vertex 32.1896 -8.20517 -9.8824
      vertex 34.1896 -8.16118 -9.90653
      vertex 34.1896 -8.20517 -9.8824
    endloop
  endfacet
  facet normal -0 -0.480931 -0.876758
    outer loop
      vertex 34.1896 -8.16118 -9.90653
      vertex 32.1896 -8.20517 -9.8824
      vertex 32.1896 -8.16118 -9.90653
    endloop
  endfacet
  facet normal 0 -0.442264 -0.896885
    outer loop
      vertex 32.1896 -8.25017 -9.86021
      vertex 34.1896 -8.20517 -9.8824
      vertex 34.1896 -8.25017 -9.86021
    endloop
  endfacet
  facet normal -0 -0.442264 -0.896885
    outer loop
      vertex 34.1896 -8.20517 -9.8824
      vertex 32.1896 -8.25017 -9.86021
      vertex 32.1896 -8.20517 -9.8824
    endloop
  endfacet
  facet normal 0 -0.402752 -0.915309
    outer loop
      vertex 32.1896 -8.2961 -9.84
      vertex 34.1896 -8.25017 -9.86021
      vertex 34.1896 -8.2961 -9.84
    endloop
  endfacet
  facet normal -0 -0.402752 -0.915309
    outer loop
      vertex 34.1896 -8.25017 -9.86021
      vertex 32.1896 -8.2961 -9.84
      vertex 32.1896 -8.25017 -9.86021
    endloop
  endfacet
  facet normal 0 -0.362542 -0.931967
    outer loop
      vertex 32.1896 -8.34286 -9.82181
      vertex 34.1896 -8.2961 -9.84
      vertex 34.1896 -8.34286 -9.82181
    endloop
  endfacet
  facet normal -0 -0.362542 -0.931967
    outer loop
      vertex 34.1896 -8.2961 -9.84
      vertex 32.1896 -8.34286 -9.82181
      vertex 32.1896 -8.2961 -9.84
    endloop
  endfacet
  facet normal 0 -0.321306 -0.946975
    outer loop
      vertex 32.1896 -8.39037 -9.80569
      vertex 34.1896 -8.34286 -9.82181
      vertex 34.1896 -8.39037 -9.80569
    endloop
  endfacet
  facet normal -0 -0.321306 -0.946975
    outer loop
      vertex 34.1896 -8.34286 -9.82181
      vertex 32.1896 -8.39037 -9.80569
      vertex 32.1896 -8.34286 -9.82181
    endloop
  endfacet
  facet normal 0 -0.279824 -0.960051
    outer loop
      vertex 32.1896 -8.43854 -9.79165
      vertex 34.1896 -8.39037 -9.80569
      vertex 34.1896 -8.43854 -9.79165
    endloop
  endfacet
  facet normal -0 -0.279824 -0.960051
    outer loop
      vertex 34.1896 -8.39037 -9.80569
      vertex 32.1896 -8.43854 -9.79165
      vertex 32.1896 -8.39037 -9.80569
    endloop
  endfacet
  facet normal 0 -0.23775 -0.971326
    outer loop
      vertex 32.1896 -8.48728 -9.77972
      vertex 34.1896 -8.43854 -9.79165
      vertex 34.1896 -8.48728 -9.77972
    endloop
  endfacet
  facet normal -0 -0.23775 -0.971326
    outer loop
      vertex 34.1896 -8.43854 -9.79165
      vertex 32.1896 -8.48728 -9.77972
      vertex 32.1896 -8.43854 -9.79165
    endloop
  endfacet
  facet normal 0 -0.19512 -0.980779
    outer loop
      vertex 32.1896 -8.53649 -9.76993
      vertex 34.1896 -8.48728 -9.77972
      vertex 34.1896 -8.53649 -9.76993
    endloop
  endfacet
  facet normal -0 -0.19512 -0.980779
    outer loop
      vertex 34.1896 -8.48728 -9.77972
      vertex 32.1896 -8.53649 -9.76993
      vertex 32.1896 -8.48728 -9.77972
    endloop
  endfacet
  facet normal 0 -0.152072 -0.988369
    outer loop
      vertex 32.1896 -8.58608 -9.7623
      vertex 34.1896 -8.53649 -9.76993
      vertex 34.1896 -8.58608 -9.7623
    endloop
  endfacet
  facet normal -0 -0.152072 -0.988369
    outer loop
      vertex 34.1896 -8.53649 -9.76993
      vertex 32.1896 -8.58608 -9.7623
      vertex 32.1896 -8.53649 -9.76993
    endloop
  endfacet
  facet normal 0 -0.108834 -0.99406
    outer loop
      vertex 32.1896 -8.63595 -9.75684
      vertex 34.1896 -8.58608 -9.7623
      vertex 34.1896 -8.63595 -9.75684
    endloop
  endfacet
  facet normal -0 -0.108834 -0.99406
    outer loop
      vertex 34.1896 -8.58608 -9.7623
      vertex 32.1896 -8.63595 -9.75684
      vertex 32.1896 -8.58608 -9.7623
    endloop
  endfacet
  facet normal 0 -0.0653682 -0.997861
    outer loop
      vertex 32.1896 -8.68602 -9.75356
      vertex 34.1896 -8.63595 -9.75684
      vertex 34.1896 -8.68602 -9.75356
    endloop
  endfacet
  facet normal -0 -0.0653682 -0.997861
    outer loop
      vertex 34.1896 -8.63595 -9.75684
      vertex 32.1896 -8.68602 -9.75356
      vertex 32.1896 -8.63595 -9.75684
    endloop
  endfacet
  facet normal 0 -0.0219246 -0.99976
    outer loop
      vertex 32.1896 -8.73618 -9.75246
      vertex 34.1896 -8.68602 -9.75356
      vertex 34.1896 -8.73618 -9.75246
    endloop
  endfacet
  facet normal -0 -0.0219246 -0.99976
    outer loop
      vertex 34.1896 -8.68602 -9.75356
      vertex 32.1896 -8.73618 -9.75246
      vertex 32.1896 -8.68602 -9.75356
    endloop
  endfacet
  facet normal 0 0.0219246 -0.99976
    outer loop
      vertex 32.1896 -8.78634 -9.75356
      vertex 34.1896 -8.73618 -9.75246
      vertex 34.1896 -8.78634 -9.75356
    endloop
  endfacet
  facet normal 0 0.0219246 -0.99976
    outer loop
      vertex 34.1896 -8.73618 -9.75246
      vertex 32.1896 -8.78634 -9.75356
      vertex 32.1896 -8.73618 -9.75246
    endloop
  endfacet
  facet normal 0 0.0653682 -0.997861
    outer loop
      vertex 32.1896 -8.83641 -9.75684
      vertex 34.1896 -8.78634 -9.75356
      vertex 34.1896 -8.83641 -9.75684
    endloop
  endfacet
  facet normal 0 0.0653682 -0.997861
    outer loop
      vertex 34.1896 -8.78634 -9.75356
      vertex 32.1896 -8.83641 -9.75684
      vertex 32.1896 -8.78634 -9.75356
    endloop
  endfacet
  facet normal 0 0.108813 -0.994062
    outer loop
      vertex 32.1896 -8.88629 -9.7623
      vertex 34.1896 -8.83641 -9.75684
      vertex 34.1896 -8.88629 -9.7623
    endloop
  endfacet
  facet normal 0 0.108813 -0.994062
    outer loop
      vertex 34.1896 -8.83641 -9.75684
      vertex 32.1896 -8.88629 -9.7623
      vertex 32.1896 -8.83641 -9.75684
    endloop
  endfacet
  facet normal 0 0.152072 -0.988369
    outer loop
      vertex 32.1896 -8.93588 -9.76993
      vertex 34.1896 -8.88629 -9.7623
      vertex 34.1896 -8.93588 -9.76993
    endloop
  endfacet
  facet normal 0 0.152072 -0.988369
    outer loop
      vertex 34.1896 -8.88629 -9.7623
      vertex 32.1896 -8.93588 -9.76993
      vertex 32.1896 -8.88629 -9.7623
    endloop
  endfacet
  facet normal 0 0.19512 -0.980779
    outer loop
      vertex 32.1896 -8.98509 -9.77972
      vertex 34.1896 -8.93588 -9.76993
      vertex 34.1896 -8.98509 -9.77972
    endloop
  endfacet
  facet normal 0 0.19512 -0.980779
    outer loop
      vertex 34.1896 -8.93588 -9.76993
      vertex 32.1896 -8.98509 -9.77972
      vertex 32.1896 -8.93588 -9.76993
    endloop
  endfacet
  facet normal 0 0.237796 -0.971315
    outer loop
      vertex 32.1896 -9.03382 -9.79165
      vertex 34.1896 -8.98509 -9.77972
      vertex 34.1896 -9.03382 -9.79165
    endloop
  endfacet
  facet normal 0 0.237796 -0.971315
    outer loop
      vertex 34.1896 -8.98509 -9.77972
      vertex 32.1896 -9.03382 -9.79165
      vertex 32.1896 -8.98509 -9.77972
    endloop
  endfacet
  facet normal 0 0.279824 -0.960051
    outer loop
      vertex 32.1896 -9.08199 -9.80569
      vertex 34.1896 -9.03382 -9.79165
      vertex 34.1896 -9.08199 -9.80569
    endloop
  endfacet
  facet normal 0 0.279824 -0.960051
    outer loop
      vertex 34.1896 -9.03382 -9.79165
      vertex 32.1896 -9.08199 -9.80569
      vertex 32.1896 -9.03382 -9.79165
    endloop
  endfacet
  facet normal 0 0.321245 -0.946996
    outer loop
      vertex 32.1896 -9.12951 -9.82181
      vertex 34.1896 -9.08199 -9.80569
      vertex 34.1896 -9.12951 -9.82181
    endloop
  endfacet
  facet normal 0 0.321245 -0.946996
    outer loop
      vertex 34.1896 -9.08199 -9.80569
      vertex 32.1896 -9.12951 -9.82181
      vertex 32.1896 -9.08199 -9.80569
    endloop
  endfacet
  facet normal 0 0.362542 -0.931967
    outer loop
      vertex 32.1896 -9.17627 -9.84
      vertex 34.1896 -9.12951 -9.82181
      vertex 34.1896 -9.17627 -9.84
    endloop
  endfacet
  facet normal 0 0.362542 -0.931967
    outer loop
      vertex 34.1896 -9.12951 -9.82181
      vertex 32.1896 -9.17627 -9.84
      vertex 32.1896 -9.12951 -9.82181
    endloop
  endfacet
  facet normal 0 0.402825 -0.915277
    outer loop
      vertex 32.1896 -9.22219 -9.86021
      vertex 34.1896 -9.17627 -9.84
      vertex 34.1896 -9.22219 -9.86021
    endloop
  endfacet
  facet normal 0 0.402825 -0.915277
    outer loop
      vertex 34.1896 -9.17627 -9.84
      vertex 32.1896 -9.22219 -9.86021
      vertex 32.1896 -9.17627 -9.84
    endloop
  endfacet
  facet normal 0 0.442264 -0.896885
    outer loop
      vertex 32.1896 -9.26719 -9.8824
      vertex 34.1896 -9.22219 -9.86021
      vertex 34.1896 -9.26719 -9.8824
    endloop
  endfacet
  facet normal 0 0.442264 -0.896885
    outer loop
      vertex 34.1896 -9.22219 -9.86021
      vertex 32.1896 -9.26719 -9.8824
      vertex 32.1896 -9.22219 -9.86021
    endloop
  endfacet
  facet normal 0 0.480931 -0.876758
    outer loop
      vertex 32.1896 -9.31118 -9.90653
      vertex 34.1896 -9.26719 -9.8824
      vertex 34.1896 -9.31118 -9.90653
    endloop
  endfacet
  facet normal 0 0.480931 -0.876758
    outer loop
      vertex 34.1896 -9.26719 -9.8824
      vertex 32.1896 -9.31118 -9.90653
      vertex 32.1896 -9.26719 -9.8824
    endloop
  endfacet
  facet normal 0 0.518739 -0.854933
    outer loop
      vertex 32.1896 -9.35408 -9.93256
      vertex 34.1896 -9.31118 -9.90653
      vertex 34.1896 -9.35408 -9.93256
    endloop
  endfacet
  facet normal 0 0.518739 -0.854933
    outer loop
      vertex 34.1896 -9.31118 -9.90653
      vertex 32.1896 -9.35408 -9.93256
      vertex 32.1896 -9.31118 -9.90653
    endloop
  endfacet
  facet normal 0 0.555574 -0.831467
    outer loop
      vertex 32.1896 -9.39579 -9.96043
      vertex 34.1896 -9.35408 -9.93256
      vertex 34.1896 -9.39579 -9.96043
    endloop
  endfacet
  facet normal 0 0.555574 -0.831467
    outer loop
      vertex 34.1896 -9.35408 -9.93256
      vertex 32.1896 -9.39579 -9.96043
      vertex 32.1896 -9.35408 -9.93256
    endloop
  endfacet
  facet normal 0 0.59126 -0.806481
    outer loop
      vertex 32.1896 -9.43626 -9.9901
      vertex 34.1896 -9.39579 -9.96043
      vertex 34.1896 -9.43626 -9.9901
    endloop
  endfacet
  facet normal 0 0.59126 -0.806481
    outer loop
      vertex 34.1896 -9.39579 -9.96043
      vertex 32.1896 -9.43626 -9.9901
      vertex 32.1896 -9.39579 -9.96043
    endloop
  endfacet
  facet normal 0 0.625861 -0.779935
    outer loop
      vertex 32.1896 -9.47539 -10.0215
      vertex 34.1896 -9.43626 -9.9901
      vertex 34.1896 -9.47539 -10.0215
    endloop
  endfacet
  facet normal 0 0.625861 -0.779935
    outer loop
      vertex 34.1896 -9.43626 -9.9901
      vertex 32.1896 -9.47539 -10.0215
      vertex 32.1896 -9.43626 -9.9901
    endloop
  endfacet
  facet normal 0 0.659576 -0.751638
    outer loop
      vertex 32.1896 -9.51311 -10.0546
      vertex 34.1896 -9.47539 -10.0215
      vertex 34.1896 -9.51311 -10.0546
    endloop
  endfacet
  facet normal 0 0.659576 -0.751638
    outer loop
      vertex 34.1896 -9.47539 -10.0215
      vertex 32.1896 -9.51311 -10.0546
      vertex 32.1896 -9.47539 -10.0215
    endloop
  endfacet
  facet normal 0 0.691494 -0.722382
    outer loop
      vertex 32.1896 -9.54936 -10.0893
      vertex 34.1896 -9.51311 -10.0546
      vertex 34.1896 -9.54936 -10.0893
    endloop
  endfacet
  facet normal 0 0.691494 -0.722382
    outer loop
      vertex 34.1896 -9.51311 -10.0546
      vertex 32.1896 -9.54936 -10.0893
      vertex 32.1896 -9.51311 -10.0546
    endloop
  endfacet
  facet normal 0 0.722005 -0.691888
    outer loop
      vertex 34.1896 -9.58405 -10.1255
      vertex 32.1896 -9.54936 -10.0893
      vertex 34.1896 -9.54936 -10.0893
    endloop
  endfacet
  facet normal 0 0.722005 -0.691888
    outer loop
      vertex 32.1896 -9.54936 -10.0893
      vertex 34.1896 -9.58405 -10.1255
      vertex 32.1896 -9.58405 -10.1255
    endloop
  endfacet
  facet normal 0 0.752527 -0.658561
    outer loop
      vertex 34.1896 -9.61713 -10.1633
      vertex 32.1896 -9.58405 -10.1255
      vertex 34.1896 -9.58405 -10.1255
    endloop
  endfacet
  facet normal 0 0.752527 -0.658561
    outer loop
      vertex 32.1896 -9.58405 -10.1255
      vertex 34.1896 -9.61713 -10.1633
      vertex 32.1896 -9.61713 -10.1633
    endloop
  endfacet
  facet normal 0 0.779603 -0.626274
    outer loop
      vertex 34.1896 -9.64854 -10.2024
      vertex 32.1896 -9.61713 -10.1633
      vertex 34.1896 -9.61713 -10.1633
    endloop
  endfacet
  facet normal 0 0.779603 -0.626274
    outer loop
      vertex 32.1896 -9.61713 -10.1633
      vertex 34.1896 -9.64854 -10.2024
      vertex 32.1896 -9.64854 -10.2024
    endloop
  endfacet
  facet normal 0 0.805993 -0.591926
    outer loop
      vertex 34.1896 -9.67821 -10.2428
      vertex 32.1896 -9.64854 -10.2024
      vertex 34.1896 -9.64854 -10.2024
    endloop
  endfacet
  facet normal 0 0.805993 -0.591926
    outer loop
      vertex 32.1896 -9.64854 -10.2024
      vertex 34.1896 -9.67821 -10.2428
      vertex 32.1896 -9.67821 -10.2428
    endloop
  endfacet
  facet normal 0 0.83202 -0.554746
    outer loop
      vertex 34.1896 -9.70608 -10.2846
      vertex 32.1896 -9.67821 -10.2428
      vertex 34.1896 -9.67821 -10.2428
    endloop
  endfacet
  facet normal 0 0.83202 -0.554746
    outer loop
      vertex 32.1896 -9.67821 -10.2428
      vertex 34.1896 -9.70608 -10.2846
      vertex 32.1896 -9.70608 -10.2846
    endloop
  endfacet
  facet normal 0 0.854933 -0.518739
    outer loop
      vertex 34.1896 -9.73211 -10.3275
      vertex 32.1896 -9.70608 -10.2846
      vertex 34.1896 -9.70608 -10.2846
    endloop
  endfacet
  facet normal 0 0.854933 -0.518739
    outer loop
      vertex 32.1896 -9.70608 -10.2846
      vertex 34.1896 -9.73211 -10.3275
      vertex 32.1896 -9.73211 -10.3275
    endloop
  endfacet
  facet normal 0 0.876342 -0.481689
    outer loop
      vertex 34.1896 -9.75624 -10.3714
      vertex 32.1896 -9.73211 -10.3275
      vertex 34.1896 -9.73211 -10.3275
    endloop
  endfacet
  facet normal 0 0.876342 -0.481689
    outer loop
      vertex 32.1896 -9.73211 -10.3275
      vertex 34.1896 -9.75624 -10.3714
      vertex 32.1896 -9.75624 -10.3714
    endloop
  endfacet
  facet normal 0 0.896806 -0.442424
    outer loop
      vertex 34.1896 -9.77844 -10.4164
      vertex 32.1896 -9.75624 -10.3714
      vertex 34.1896 -9.75624 -10.3714
    endloop
  endfacet
  facet normal 0 0.896806 -0.442424
    outer loop
      vertex 32.1896 -9.75624 -10.3714
      vertex 34.1896 -9.77844 -10.4164
      vertex 32.1896 -9.77844 -10.4164
    endloop
  endfacet
  facet normal 0 0.915608 -0.402071
    outer loop
      vertex 34.1896 -9.79864 -10.4624
      vertex 32.1896 -9.77844 -10.4164
      vertex 34.1896 -9.77844 -10.4164
    endloop
  endfacet
  facet normal 0 0.915608 -0.402071
    outer loop
      vertex 32.1896 -9.77844 -10.4164
      vertex 34.1896 -9.79864 -10.4624
      vertex 32.1896 -9.79864 -10.4624
    endloop
  endfacet
  facet normal 0 0.93181 -0.362947
    outer loop
      vertex 34.1896 -9.81683 -10.5091
      vertex 32.1896 -9.79864 -10.4624
      vertex 34.1896 -9.79864 -10.4624
    endloop
  endfacet
  facet normal 0 0.93181 -0.362947
    outer loop
      vertex 32.1896 -9.79864 -10.4624
      vertex 34.1896 -9.81683 -10.5091
      vertex 32.1896 -9.81683 -10.5091
    endloop
  endfacet
  facet normal 0 0.946894 -0.321545
    outer loop
      vertex 34.1896 -9.83296 -10.5566
      vertex 32.1896 -9.81683 -10.5091
      vertex 34.1896 -9.81683 -10.5091
    endloop
  endfacet
  facet normal 0 0.946894 -0.321545
    outer loop
      vertex 32.1896 -9.81683 -10.5091
      vertex 34.1896 -9.83296 -10.5566
      vertex 32.1896 -9.83296 -10.5566
    endloop
  endfacet
  facet normal 0 0.960098 -0.279663
    outer loop
      vertex 34.1896 -9.847 -10.6048
      vertex 32.1896 -9.83296 -10.5566
      vertex 34.1896 -9.83296 -10.5566
    endloop
  endfacet
  facet normal 0 0.960098 -0.279663
    outer loop
      vertex 32.1896 -9.83296 -10.5566
      vertex 34.1896 -9.847 -10.6048
      vertex 32.1896 -9.847 -10.6048
    endloop
  endfacet
  facet normal 0 0.97144 -0.237286
    outer loop
      vertex 34.1896 -9.85892 -10.6536
      vertex 32.1896 -9.847 -10.6048
      vertex 34.1896 -9.847 -10.6048
    endloop
  endfacet
  facet normal 0 0.97144 -0.237286
    outer loop
      vertex 32.1896 -9.847 -10.6048
      vertex 34.1896 -9.85892 -10.6536
      vertex 32.1896 -9.85892 -10.6536
    endloop
  endfacet
  facet normal 0 0.980772 -0.195158
    outer loop
      vertex 34.1896 -9.86871 -10.7028
      vertex 32.1896 -9.85892 -10.6536
      vertex 34.1896 -9.85892 -10.6536
    endloop
  endfacet
  facet normal 0 0.980772 -0.195158
    outer loop
      vertex 32.1896 -9.85892 -10.6536
      vertex 34.1896 -9.86871 -10.7028
      vertex 32.1896 -9.86871 -10.7028
    endloop
  endfacet
  facet normal 0 0.988374 -0.152042
    outer loop
      vertex 34.1896 -9.87634 -10.7524
      vertex 32.1896 -9.86871 -10.7028
      vertex 34.1896 -9.86871 -10.7028
    endloop
  endfacet
  facet normal 0 0.988374 -0.152042
    outer loop
      vertex 32.1896 -9.86871 -10.7028
      vertex 34.1896 -9.87634 -10.7524
      vertex 32.1896 -9.87634 -10.7524
    endloop
  endfacet
  facet normal 0 0.994022 -0.109183
    outer loop
      vertex 34.1896 -9.88181 -10.8022
      vertex 32.1896 -9.87634 -10.7524
      vertex 34.1896 -9.87634 -10.7524
    endloop
  endfacet
  facet normal 0 0.994022 -0.109183
    outer loop
      vertex 32.1896 -9.87634 -10.7524
      vertex 34.1896 -9.88181 -10.8022
      vertex 32.1896 -9.88181 -10.8022
    endloop
  endfacet
  facet normal 0 0.997864 -0.0653292
    outer loop
      vertex 34.1896 -9.88509 -10.8523
      vertex 32.1896 -9.88181 -10.8022
      vertex 34.1896 -9.88181 -10.8022
    endloop
  endfacet
  facet normal 0 0.997864 -0.0653292
    outer loop
      vertex 32.1896 -9.88181 -10.8022
      vertex 34.1896 -9.88509 -10.8523
      vertex 32.1896 -9.88509 -10.8523
    endloop
  endfacet
  facet normal 0 0.999764 -0.021708
    outer loop
      vertex 34.1896 -9.88618 -10.9025
      vertex 32.1896 -9.88509 -10.8523
      vertex 34.1896 -9.88509 -10.8523
    endloop
  endfacet
  facet normal 0 0.999764 -0.021708
    outer loop
      vertex 32.1896 -9.88509 -10.8523
      vertex 34.1896 -9.88618 -10.9025
      vertex 32.1896 -9.88618 -10.9025
    endloop
  endfacet
  facet normal 0 1 -0
    outer loop
      vertex 33.6896 8.75548 -13.4025
      vertex 27.6896 8.75548 -11.0025
      vertex 33.6896 8.75548 -11.0025
    endloop
  endfacet
  facet normal 0 1 0
    outer loop
      vertex 27.6896 8.75548 -11.0025
      vertex 33.6896 8.75548 -13.4025
      vertex 27.6896 8.75548 -13.4025
    endloop
  endfacet
  facet normal 0 0 -1
    outer loop
      vertex 33.6896 1.75548 -13.4025
      vertex 32.3896 5.25548 -13.4025
      vertex 33.6896 8.75548 -13.4025
    endloop
  endfacet
  facet normal 0 0 -1
    outer loop
      vertex 33.6896 1.75548 -13.4025
      vertex 32.388 5.18132 -13.4025
      vertex 32.3896 5.25548 -13.4025
    endloop
  endfacet
  facet normal 0 0 -1
    outer loop
      vertex 33.6896 1.75548 -13.4025
      vertex 32.3832 5.10731 -13.4025
      vertex 32.388 5.18132 -13.4025
    endloop
  endfacet
  facet normal 0 0 -1
    outer loop
      vertex 33.6896 1.75548 -13.4025
      vertex 32.3751 5.03358 -13.4025
      vertex 32.3832 5.10731 -13.4025
    endloop
  endfacet
  facet normal 0 0 -1
    outer loop
      vertex 33.6896 1.75548 -13.4025
      vertex 32.3638 4.96027 -13.4025
      vertex 32.3751 5.03358 -13.4025
    endloop
  endfacet
  facet normal 0 0 -1
    outer loop
      vertex 33.6896 1.75548 -13.4025
      vertex 32.3493 4.88753 -13.4025
      vertex 32.3638 4.96027 -13.4025
    endloop
  endfacet
  facet normal 0 0 -1
    outer loop
      vertex 33.6896 1.75548 -13.4025
      vertex 32.3317 4.81548 -13.4025
      vertex 32.3493 4.88753 -13.4025
    endloop
  endfacet
  facet normal 0 0 -1
    outer loop
      vertex 33.6896 1.75548 -13.4025
      vertex 32.311 4.74428 -13.4025
      vertex 32.3317 4.81548 -13.4025
    endloop
  endfacet
  facet normal 0 0 -1
    outer loop
      vertex 33.6896 1.75548 -13.4025
      vertex 32.2871 4.67404 -13.4025
      vertex 32.311 4.74428 -13.4025
    endloop
  endfacet
  facet normal 0 0 -1
    outer loop
      vertex 33.6896 1.75548 -13.4025
      vertex 32.2602 4.60491 -13.4025
      vertex 32.2871 4.67404 -13.4025
    endloop
  endfacet
  facet normal 0 0 -1
    outer loop
      vertex 33.6896 1.75548 -13.4025
      vertex 32.2304 4.53702 -13.4025
      vertex 32.2602 4.60491 -13.4025
    endloop
  endfacet
  facet normal 0 0 -1
    outer loop
      vertex 33.6896 1.75548 -13.4025
      vertex 32.1976 4.4705 -13.4025
      vertex 32.2304 4.53702 -13.4025
    endloop
  endfacet
  facet normal 0 0 -1
    outer loop
      vertex 33.6896 1.75548 -13.4025
      vertex 32.1619 4.40547 -13.4025
      vertex 32.1976 4.4705 -13.4025
    endloop
  endfacet
  facet normal 0 0 -1
    outer loop
      vertex 33.6896 1.75548 -13.4025
      vertex 32.1234 4.34207 -13.4025
      vertex 32.1619 4.40547 -13.4025
    endloop
  endfacet
  facet normal 0 0 -1
    outer loop
      vertex 33.6896 1.75548 -13.4025
      vertex 32.0822 4.2804 -13.4025
      vertex 32.1234 4.34207 -13.4025
    endloop
  endfacet
  facet normal 0 0 -1
    outer loop
      vertex 33.6896 1.75548 -13.4025
      vertex 32.0383 4.22058 -13.4025
      vertex 32.0822 4.2804 -13.4025
    endloop
  endfacet
  facet normal 0 0 -1
    outer loop
      vertex 33.6896 1.75548 -13.4025
      vertex 31.9919 4.16274 -13.4025
      vertex 32.0383 4.22058 -13.4025
    endloop
  endfacet
  facet normal 0 0 -1
    outer loop
      vertex 33.6896 1.75548 -13.4025
      vertex 31.943 4.10697 -13.4025
      vertex 31.9919 4.16274 -13.4025
    endloop
  endfacet
  facet normal 0 0 -1
    outer loop
      vertex 33.6896 1.75548 -13.4025
      vertex 31.8917 4.05339 -13.4025
      vertex 31.943 4.10697 -13.4025
    endloop
  endfacet
  facet normal 0 0 -1
    outer loop
      vertex 33.6896 1.75548 -13.4025
      vertex 31.8381 4.0021 -13.4025
      vertex 31.8917 4.05339 -13.4025
    endloop
  endfacet
  facet normal 0 0 -1
    outer loop
      vertex 33.6896 1.75548 -13.4025
      vertex 31.7824 3.9532 -13.4025
      vertex 31.8381 4.0021 -13.4025
    endloop
  endfacet
  facet normal 0 0 -1
    outer loop
      vertex 33.6896 1.75548 -13.4025
      vertex 31.7245 3.90677 -13.4025
      vertex 31.7824 3.9532 -13.4025
    endloop
  endfacet
  facet normal 0 0 -1
    outer loop
      vertex 33.6896 1.75548 -13.4025
      vertex 31.6647 3.86292 -13.4025
      vertex 31.7245 3.90677 -13.4025
    endloop
  endfacet
  facet normal 0 0 -1
    outer loop
      vertex 33.6896 1.75548 -13.4025
      vertex 31.6031 3.82171 -13.4025
      vertex 31.6647 3.86292 -13.4025
    endloop
  endfacet
  facet normal 0 0 -1
    outer loop
      vertex 33.6896 1.75548 -13.4025
      vertex 31.5396 3.78323 -13.4025
      vertex 31.6031 3.82171 -13.4025
    endloop
  endfacet
  facet normal 0 0 -1
    outer loop
      vertex 33.6896 1.75548 -13.4025
      vertex 31.4746 3.74756 -13.4025
      vertex 31.5396 3.78323 -13.4025
    endloop
  endfacet
  facet normal 0 0 -1
    outer loop
      vertex 33.6896 1.75548 -13.4025
      vertex 31.4081 3.71475 -13.4025
      vertex 31.4746 3.74756 -13.4025
    endloop
  endfacet
  facet normal 0 0 -1
    outer loop
      vertex 33.6896 1.75548 -13.4025
      vertex 31.3402 3.68488 -13.4025
      vertex 31.4081 3.71475 -13.4025
    endloop
  endfacet
  facet normal 0 0 -1
    outer loop
      vertex 33.6896 1.75548 -13.4025
      vertex 31.2711 3.658 -13.4025
      vertex 31.3402 3.68488 -13.4025
    endloop
  endfacet
  facet normal 0 0 -1
    outer loop
      vertex 33.6896 1.75548 -13.4025
      vertex 31.2008 3.63416 -13.4025
      vertex 31.2711 3.658 -13.4025
    endloop
  endfacet
  facet normal 0 0 -1
    outer loop
      vertex 33.6896 1.75548 -13.4025
      vertex 31.1296 3.6134 -13.4025
      vertex 31.2008 3.63416 -13.4025
    endloop
  endfacet
  facet normal 0 0 -1
    outer loop
      vertex 33.6896 1.75548 -13.4025
      vertex 31.0576 3.59577 -13.4025
      vertex 31.1296 3.6134 -13.4025
    endloop
  endfacet
  facet normal 0 0 -1
    outer loop
      vertex 33.6896 1.75548 -13.4025
      vertex 30.9848 3.5813 -13.4025
      vertex 31.0576 3.59577 -13.4025
    endloop
  endfacet
  facet normal 0 0 -1
    outer loop
      vertex 33.6896 1.75548 -13.4025
      vertex 30.9115 3.57002 -13.4025
      vertex 30.9848 3.5813 -13.4025
    endloop
  endfacet
  facet normal 0 0 -1
    outer loop
      vertex 33.6896 1.75548 -13.4025
      vertex 30.8378 3.56194 -13.4025
      vertex 30.9115 3.57002 -13.4025
    endloop
  endfacet
  facet normal 0 0 -1
    outer loop
      vertex 33.6896 1.75548 -13.4025
      vertex 30.7638 3.55709 -13.4025
      vertex 30.8378 3.56194 -13.4025
    endloop
  endfacet
  facet normal 0 0 -1
    outer loop
      vertex 33.6896 1.75548 -13.4025
      vertex 30.6896 3.55547 -13.4025
      vertex 30.7638 3.55709 -13.4025
    endloop
  endfacet
  facet normal 0 0 -1
    outer loop
      vertex 27.6896 1.75548 -13.4025
      vertex 30.6896 3.55547 -13.4025
      vertex 33.6896 1.75548 -13.4025
    endloop
  endfacet
  facet normal -0 0 -1
    outer loop
      vertex 30.6896 3.55547 -13.4025
      vertex 27.6896 1.75548 -13.4025
      vertex 30.6155 3.55709 -13.4025
    endloop
  endfacet
  facet normal -0 0 -1
    outer loop
      vertex 30.6155 3.55709 -13.4025
      vertex 27.6896 1.75548 -13.4025
      vertex 30.5415 3.56194 -13.4025
    endloop
  endfacet
  facet normal -0 0 -1
    outer loop
      vertex 30.5415 3.56194 -13.4025
      vertex 27.6896 1.75548 -13.4025
      vertex 30.4677 3.57002 -13.4025
    endloop
  endfacet
  facet normal -0 0 -1
    outer loop
      vertex 30.4677 3.57002 -13.4025
      vertex 27.6896 1.75548 -13.4025
      vertex 30.3944 3.5813 -13.4025
    endloop
  endfacet
  facet normal -0 0 -1
    outer loop
      vertex 30.3944 3.5813 -13.4025
      vertex 27.6896 1.75548 -13.4025
      vertex 30.3217 3.59577 -13.4025
    endloop
  endfacet
  facet normal -0 0 -1
    outer loop
      vertex 30.3217 3.59577 -13.4025
      vertex 27.6896 1.75548 -13.4025
      vertex 30.2496 3.6134 -13.4025
    endloop
  endfacet
  facet normal -0 0 -1
    outer loop
      vertex 30.2496 3.6134 -13.4025
      vertex 27.6896 1.75548 -13.4025
      vertex 30.1784 3.63416 -13.4025
    endloop
  endfacet
  facet normal -0 0 -1
    outer loop
      vertex 30.1784 3.63416 -13.4025
      vertex 27.6896 1.75548 -13.4025
      vertex 30.1082 3.658 -13.4025
    endloop
  endfacet
  facet normal -0 0 -1
    outer loop
      vertex 30.1082 3.658 -13.4025
      vertex 27.6896 1.75548 -13.4025
      vertex 30.0391 3.68488 -13.4025
    endloop
  endfacet
  facet normal -0 0 -1
    outer loop
      vertex 30.0391 3.68488 -13.4025
      vertex 27.6896 1.75548 -13.4025
      vertex 29.9712 3.71475 -13.4025
    endloop
  endfacet
  facet normal -0 0 -1
    outer loop
      vertex 28.9913 5.18132 -13.4025
      vertex 27.6896 1.75548 -13.4025
      vertex 28.9896 5.25548 -13.4025
    endloop
  endfacet
  facet normal -0 0 -1
    outer loop
      vertex 28.9961 5.10731 -13.4025
      vertex 27.6896 1.75548 -13.4025
      vertex 28.9913 5.18132 -13.4025
    endloop
  endfacet
  facet normal -0 0 -1
    outer loop
      vertex 29.0042 5.03358 -13.4025
      vertex 27.6896 1.75548 -13.4025
      vertex 28.9961 5.10731 -13.4025
    endloop
  endfacet
  facet normal -0 0 -1
    outer loop
      vertex 29.0155 4.96027 -13.4025
      vertex 27.6896 1.75548 -13.4025
      vertex 29.0042 5.03358 -13.4025
    endloop
  endfacet
  facet normal -0 0 -1
    outer loop
      vertex 29.0299 4.88753 -13.4025
      vertex 27.6896 1.75548 -13.4025
      vertex 29.0155 4.96027 -13.4025
    endloop
  endfacet
  facet normal -0 0 -1
    outer loop
      vertex 29.0476 4.81548 -13.4025
      vertex 27.6896 1.75548 -13.4025
      vertex 29.0299 4.88753 -13.4025
    endloop
  endfacet
  facet normal -0 0 -1
    outer loop
      vertex 29.0683 4.74428 -13.4025
      vertex 27.6896 1.75548 -13.4025
      vertex 29.0476 4.81548 -13.4025
    endloop
  endfacet
  facet normal -0 0 -1
    outer loop
      vertex 29.0922 4.67404 -13.4025
      vertex 27.6896 1.75548 -13.4025
      vertex 29.0683 4.74428 -13.4025
    endloop
  endfacet
  facet normal -0 0 -1
    outer loop
      vertex 29.119 4.60491 -13.4025
      vertex 27.6896 1.75548 -13.4025
      vertex 29.0922 4.67404 -13.4025
    endloop
  endfacet
  facet normal -0 0 -1
    outer loop
      vertex 29.1489 4.53702 -13.4025
      vertex 27.6896 1.75548 -13.4025
      vertex 29.119 4.60491 -13.4025
    endloop
  endfacet
  facet normal -0 0 -1
    outer loop
      vertex 29.1817 4.4705 -13.4025
      vertex 27.6896 1.75548 -13.4025
      vertex 29.1489 4.53702 -13.4025
    endloop
  endfacet
  facet normal -0 0 -1
    outer loop
      vertex 29.2174 4.40547 -13.4025
      vertex 27.6896 1.75548 -13.4025
      vertex 29.1817 4.4705 -13.4025
    endloop
  endfacet
  facet normal -0 0 -1
    outer loop
      vertex 29.2559 4.34207 -13.4025
      vertex 27.6896 1.75548 -13.4025
      vertex 29.2174 4.40547 -13.4025
    endloop
  endfacet
  facet normal -0 0 -1
    outer loop
      vertex 29.2971 4.2804 -13.4025
      vertex 27.6896 1.75548 -13.4025
      vertex 29.2559 4.34207 -13.4025
    endloop
  endfacet
  facet normal -0 0 -1
    outer loop
      vertex 29.3409 4.22058 -13.4025
      vertex 27.6896 1.75548 -13.4025
      vertex 29.2971 4.2804 -13.4025
    endloop
  endfacet
  facet normal -0 0 -1
    outer loop
      vertex 29.3874 4.16274 -13.4025
      vertex 27.6896 1.75548 -13.4025
      vertex 29.3409 4.22058 -13.4025
    endloop
  endfacet
  facet normal -0 0 -1
    outer loop
      vertex 29.4363 4.10697 -13.4025
      vertex 27.6896 1.75548 -13.4025
      vertex 29.3874 4.16274 -13.4025
    endloop
  endfacet
  facet normal -0 0 -1
    outer loop
      vertex 29.4876 4.05339 -13.4025
      vertex 27.6896 1.75548 -13.4025
      vertex 29.4363 4.10697 -13.4025
    endloop
  endfacet
  facet normal -0 0 -1
    outer loop
      vertex 29.5411 4.0021 -13.4025
      vertex 27.6896 1.75548 -13.4025
      vertex 29.4876 4.05339 -13.4025
    endloop
  endfacet
  facet normal -0 0 -1
    outer loop
      vertex 29.5969 3.9532 -13.4025
      vertex 27.6896 1.75548 -13.4025
      vertex 29.5411 4.0021 -13.4025
    endloop
  endfacet
  facet normal -0 0 -1
    outer loop
      vertex 29.6547 3.90677 -13.4025
      vertex 27.6896 1.75548 -13.4025
      vertex 29.5969 3.9532 -13.4025
    endloop
  endfacet
  facet normal -0 0 -1
    outer loop
      vertex 29.7146 3.86292 -13.4025
      vertex 27.6896 1.75548 -13.4025
      vertex 29.6547 3.90677 -13.4025
    endloop
  endfacet
  facet normal -0 0 -1
    outer loop
      vertex 29.7762 3.82171 -13.4025
      vertex 27.6896 1.75548 -13.4025
      vertex 29.7146 3.86292 -13.4025
    endloop
  endfacet
  facet normal -0 0 -1
    outer loop
      vertex 29.8396 3.78323 -13.4025
      vertex 27.6896 1.75548 -13.4025
      vertex 29.7762 3.82171 -13.4025
    endloop
  endfacet
  facet normal -0 0 -1
    outer loop
      vertex 29.9047 3.74756 -13.4025
      vertex 27.6896 1.75548 -13.4025
      vertex 29.8396 3.78323 -13.4025
    endloop
  endfacet
  facet normal -0 0 -1
    outer loop
      vertex 29.9712 3.71475 -13.4025
      vertex 27.6896 1.75548 -13.4025
      vertex 29.9047 3.74756 -13.4025
    endloop
  endfacet
  facet normal 0 0 -1
    outer loop
      vertex 32.388 5.32963 -13.4025
      vertex 33.6896 8.75548 -13.4025
      vertex 32.3896 5.25548 -13.4025
    endloop
  endfacet
  facet normal 0 0 -1
    outer loop
      vertex 32.3832 5.40364 -13.4025
      vertex 33.6896 8.75548 -13.4025
      vertex 32.388 5.32963 -13.4025
    endloop
  endfacet
  facet normal 0 0 -1
    outer loop
      vertex 32.3751 5.47737 -13.4025
      vertex 33.6896 8.75548 -13.4025
      vertex 32.3832 5.40364 -13.4025
    endloop
  endfacet
  facet normal 0 0 -1
    outer loop
      vertex 32.3638 5.55068 -13.4025
      vertex 33.6896 8.75548 -13.4025
      vertex 32.3751 5.47737 -13.4025
    endloop
  endfacet
  facet normal 0 0 -1
    outer loop
      vertex 32.3493 5.62342 -13.4025
      vertex 33.6896 8.75548 -13.4025
      vertex 32.3638 5.55068 -13.4025
    endloop
  endfacet
  facet normal 0 0 -1
    outer loop
      vertex 32.3317 5.69547 -13.4025
      vertex 33.6896 8.75548 -13.4025
      vertex 32.3493 5.62342 -13.4025
    endloop
  endfacet
  facet normal 0 0 -1
    outer loop
      vertex 32.311 5.76667 -13.4025
      vertex 33.6896 8.75548 -13.4025
      vertex 32.3317 5.69547 -13.4025
    endloop
  endfacet
  facet normal 0 0 -1
    outer loop
      vertex 32.2871 5.83691 -13.4025
      vertex 33.6896 8.75548 -13.4025
      vertex 32.311 5.76667 -13.4025
    endloop
  endfacet
  facet normal 0 0 -1
    outer loop
      vertex 32.2602 5.90604 -13.4025
      vertex 33.6896 8.75548 -13.4025
      vertex 32.2871 5.83691 -13.4025
    endloop
  endfacet
  facet normal 0 0 -1
    outer loop
      vertex 32.2304 5.97393 -13.4025
      vertex 33.6896 8.75548 -13.4025
      vertex 32.2602 5.90604 -13.4025
    endloop
  endfacet
  facet normal 0 0 -1
    outer loop
      vertex 32.1976 6.04045 -13.4025
      vertex 33.6896 8.75548 -13.4025
      vertex 32.2304 5.97393 -13.4025
    endloop
  endfacet
  facet normal 0 0 -1
    outer loop
      vertex 32.1619 6.10547 -13.4025
      vertex 33.6896 8.75548 -13.4025
      vertex 32.1976 6.04045 -13.4025
    endloop
  endfacet
  facet normal 0 0 -1
    outer loop
      vertex 32.1234 6.16888 -13.4025
      vertex 33.6896 8.75548 -13.4025
      vertex 32.1619 6.10547 -13.4025
    endloop
  endfacet
  facet normal 0 0 -1
    outer loop
      vertex 32.0822 6.23055 -13.4025
      vertex 33.6896 8.75548 -13.4025
      vertex 32.1234 6.16888 -13.4025
    endloop
  endfacet
  facet normal 0 0 -1
    outer loop
      vertex 32.0383 6.29037 -13.4025
      vertex 33.6896 8.75548 -13.4025
      vertex 32.0822 6.23055 -13.4025
    endloop
  endfacet
  facet normal 0 0 -1
    outer loop
      vertex 31.9919 6.34821 -13.4025
      vertex 33.6896 8.75548 -13.4025
      vertex 32.0383 6.29037 -13.4025
    endloop
  endfacet
  facet normal 0 0 -1
    outer loop
      vertex 31.943 6.40398 -13.4025
      vertex 33.6896 8.75548 -13.4025
      vertex 31.9919 6.34821 -13.4025
    endloop
  endfacet
  facet normal 0 0 -1
    outer loop
      vertex 31.8917 6.45756 -13.4025
      vertex 33.6896 8.75548 -13.4025
      vertex 31.943 6.40398 -13.4025
    endloop
  endfacet
  facet normal 0 0 -1
    outer loop
      vertex 31.8381 6.50885 -13.4025
      vertex 33.6896 8.75548 -13.4025
      vertex 31.8917 6.45756 -13.4025
    endloop
  endfacet
  facet normal 0 0 -1
    outer loop
      vertex 31.7824 6.55775 -13.4025
      vertex 33.6896 8.75548 -13.4025
      vertex 31.8381 6.50885 -13.4025
    endloop
  endfacet
  facet normal 0 0 -1
    outer loop
      vertex 31.7245 6.60418 -13.4025
      vertex 33.6896 8.75548 -13.4025
      vertex 31.7824 6.55775 -13.4025
    endloop
  endfacet
  facet normal 0 0 -1
    outer loop
      vertex 31.6647 6.64803 -13.4025
      vertex 33.6896 8.75548 -13.4025
      vertex 31.7245 6.60418 -13.4025
    endloop
  endfacet
  facet normal 0 0 -1
    outer loop
      vertex 31.6031 6.68924 -13.4025
      vertex 33.6896 8.75548 -13.4025
      vertex 31.6647 6.64803 -13.4025
    endloop
  endfacet
  facet normal 0 0 -1
    outer loop
      vertex 31.5396 6.72772 -13.4025
      vertex 33.6896 8.75548 -13.4025
      vertex 31.6031 6.68924 -13.4025
    endloop
  endfacet
  facet normal 0 0 -1
    outer loop
      vertex 31.4746 6.76339 -13.4025
      vertex 33.6896 8.75548 -13.4025
      vertex 31.5396 6.72772 -13.4025
    endloop
  endfacet
  facet normal 0 0 -1
    outer loop
      vertex 31.4081 6.7962 -13.4025
      vertex 33.6896 8.75548 -13.4025
      vertex 31.4746 6.76339 -13.4025
    endloop
  endfacet
  facet normal 0 0 -1
    outer loop
      vertex 31.3402 6.82607 -13.4025
      vertex 33.6896 8.75548 -13.4025
      vertex 31.4081 6.7962 -13.4025
    endloop
  endfacet
  facet normal 0 0 -1
    outer loop
      vertex 31.2711 6.85295 -13.4025
      vertex 33.6896 8.75548 -13.4025
      vertex 31.3402 6.82607 -13.4025
    endloop
  endfacet
  facet normal 0 0 -1
    outer loop
      vertex 31.2008 6.87679 -13.4025
      vertex 33.6896 8.75548 -13.4025
      vertex 31.2711 6.85295 -13.4025
    endloop
  endfacet
  facet normal 0 0 -1
    outer loop
      vertex 31.1296 6.89755 -13.4025
      vertex 33.6896 8.75548 -13.4025
      vertex 31.2008 6.87679 -13.4025
    endloop
  endfacet
  facet normal 0 0 -1
    outer loop
      vertex 31.0576 6.91518 -13.4025
      vertex 33.6896 8.75548 -13.4025
      vertex 31.1296 6.89755 -13.4025
    endloop
  endfacet
  facet normal 0 0 -1
    outer loop
      vertex 30.9848 6.92965 -13.4025
      vertex 33.6896 8.75548 -13.4025
      vertex 31.0576 6.91518 -13.4025
    endloop
  endfacet
  facet normal 0 0 -1
    outer loop
      vertex 30.9115 6.94093 -13.4025
      vertex 33.6896 8.75548 -13.4025
      vertex 30.9848 6.92965 -13.4025
    endloop
  endfacet
  facet normal 0 0 -1
    outer loop
      vertex 30.8378 6.94901 -13.4025
      vertex 33.6896 8.75548 -13.4025
      vertex 30.9115 6.94093 -13.4025
    endloop
  endfacet
  facet normal 0 0 -1
    outer loop
      vertex 30.7638 6.95386 -13.4025
      vertex 33.6896 8.75548 -13.4025
      vertex 30.8378 6.94901 -13.4025
    endloop
  endfacet
  facet normal 0 0 -1
    outer loop
      vertex 30.6896 6.95547 -13.4025
      vertex 33.6896 8.75548 -13.4025
      vertex 30.7638 6.95386 -13.4025
    endloop
  endfacet
  facet normal 0 0 -1
    outer loop
      vertex 27.6896 8.75548 -13.4025
      vertex 30.6896 6.95547 -13.4025
      vertex 30.6155 6.95386 -13.4025
    endloop
  endfacet
  facet normal 0 0 -1
    outer loop
      vertex 27.6896 8.75548 -13.4025
      vertex 30.6155 6.95386 -13.4025
      vertex 30.5415 6.94901 -13.4025
    endloop
  endfacet
  facet normal 0 0 -1
    outer loop
      vertex 27.6896 8.75548 -13.4025
      vertex 30.5415 6.94901 -13.4025
      vertex 30.4677 6.94093 -13.4025
    endloop
  endfacet
  facet normal 0 0 -1
    outer loop
      vertex 27.6896 8.75548 -13.4025
      vertex 30.4677 6.94093 -13.4025
      vertex 30.3944 6.92965 -13.4025
    endloop
  endfacet
  facet normal 0 0 -1
    outer loop
      vertex 27.6896 8.75548 -13.4025
      vertex 30.3944 6.92965 -13.4025
      vertex 30.3217 6.91518 -13.4025
    endloop
  endfacet
  facet normal 0 0 -1
    outer loop
      vertex 27.6896 8.75548 -13.4025
      vertex 30.3217 6.91518 -13.4025
      vertex 30.2496 6.89755 -13.4025
    endloop
  endfacet
  facet normal 0 0 -1
    outer loop
      vertex 27.6896 8.75548 -13.4025
      vertex 30.2496 6.89755 -13.4025
      vertex 30.1784 6.87679 -13.4025
    endloop
  endfacet
  facet normal 0 0 -1
    outer loop
      vertex 27.6896 8.75548 -13.4025
      vertex 30.1784 6.87679 -13.4025
      vertex 30.1082 6.85295 -13.4025
    endloop
  endfacet
  facet normal 0 0 -1
    outer loop
      vertex 27.6896 8.75548 -13.4025
      vertex 30.1082 6.85295 -13.4025
      vertex 30.0391 6.82607 -13.4025
    endloop
  endfacet
  facet normal 0 0 -1
    outer loop
      vertex 27.6896 8.75548 -13.4025
      vertex 30.0391 6.82607 -13.4025
      vertex 29.9712 6.7962 -13.4025
    endloop
  endfacet
  facet normal 0 0 -1
    outer loop
      vertex 27.6896 8.75548 -13.4025
      vertex 29.9712 6.7962 -13.4025
      vertex 29.9047 6.76339 -13.4025
    endloop
  endfacet
  facet normal 0 0 -1
    outer loop
      vertex 27.6896 8.75548 -13.4025
      vertex 28.9896 5.25548 -13.4025
      vertex 27.6896 1.75548 -13.4025
    endloop
  endfacet
  facet normal 0 0 -1
    outer loop
      vertex 28.9896 5.25548 -13.4025
      vertex 27.6896 8.75548 -13.4025
      vertex 28.9913 5.32963 -13.4025
    endloop
  endfacet
  facet normal 0 0 -1
    outer loop
      vertex 28.9913 5.32963 -13.4025
      vertex 27.6896 8.75548 -13.4025
      vertex 28.9961 5.40364 -13.4025
    endloop
  endfacet
  facet normal 0 0 -1
    outer loop
      vertex 28.9961 5.40364 -13.4025
      vertex 27.6896 8.75548 -13.4025
      vertex 29.0042 5.47737 -13.4025
    endloop
  endfacet
  facet normal 0 0 -1
    outer loop
      vertex 29.0042 5.47737 -13.4025
      vertex 27.6896 8.75548 -13.4025
      vertex 29.0155 5.55068 -13.4025
    endloop
  endfacet
  facet normal 0 0 -1
    outer loop
      vertex 29.0155 5.55068 -13.4025
      vertex 27.6896 8.75548 -13.4025
      vertex 29.0299 5.62342 -13.4025
    endloop
  endfacet
  facet normal 0 0 -1
    outer loop
      vertex 29.0299 5.62342 -13.4025
      vertex 27.6896 8.75548 -13.4025
      vertex 29.0476 5.69547 -13.4025
    endloop
  endfacet
  facet normal 0 0 -1
    outer loop
      vertex 29.0476 5.69547 -13.4025
      vertex 27.6896 8.75548 -13.4025
      vertex 29.0683 5.76667 -13.4025
    endloop
  endfacet
  facet normal 0 0 -1
    outer loop
      vertex 30.6896 6.95547 -13.4025
      vertex 27.6896 8.75548 -13.4025
      vertex 33.6896 8.75548 -13.4025
    endloop
  endfacet
  facet normal 0 0 -1
    outer loop
      vertex 29.8396 6.72772 -13.4025
      vertex 27.6896 8.75548 -13.4025
      vertex 29.9047 6.76339 -13.4025
    endloop
  endfacet
  facet normal 0 0 -1
    outer loop
      vertex 29.7762 6.68924 -13.4025
      vertex 27.6896 8.75548 -13.4025
      vertex 29.8396 6.72772 -13.4025
    endloop
  endfacet
  facet normal 0 0 -1
    outer loop
      vertex 29.7146 6.64803 -13.4025
      vertex 27.6896 8.75548 -13.4025
      vertex 29.7762 6.68924 -13.4025
    endloop
  endfacet
  facet normal 0 0 -1
    outer loop
      vertex 29.6547 6.60418 -13.4025
      vertex 27.6896 8.75548 -13.4025
      vertex 29.7146 6.64803 -13.4025
    endloop
  endfacet
  facet normal 0 0 -1
    outer loop
      vertex 29.5969 6.55775 -13.4025
      vertex 27.6896 8.75548 -13.4025
      vertex 29.6547 6.60418 -13.4025
    endloop
  endfacet
  facet normal 0 0 -1
    outer loop
      vertex 29.5411 6.50885 -13.4025
      vertex 27.6896 8.75548 -13.4025
      vertex 29.5969 6.55775 -13.4025
    endloop
  endfacet
  facet normal 0 0 -1
    outer loop
      vertex 29.4876 6.45756 -13.4025
      vertex 27.6896 8.75548 -13.4025
      vertex 29.5411 6.50885 -13.4025
    endloop
  endfacet
  facet normal 0 0 -1
    outer loop
      vertex 29.4363 6.40398 -13.4025
      vertex 27.6896 8.75548 -13.4025
      vertex 29.4876 6.45756 -13.4025
    endloop
  endfacet
  facet normal 0 0 -1
    outer loop
      vertex 29.3874 6.34821 -13.4025
      vertex 27.6896 8.75548 -13.4025
      vertex 29.4363 6.40398 -13.4025
    endloop
  endfacet
  facet normal 0 0 -1
    outer loop
      vertex 29.3409 6.29037 -13.4025
      vertex 27.6896 8.75548 -13.4025
      vertex 29.3874 6.34821 -13.4025
    endloop
  endfacet
  facet normal 0 0 -1
    outer loop
      vertex 29.2971 6.23055 -13.4025
      vertex 27.6896 8.75548 -13.4025
      vertex 29.3409 6.29037 -13.4025
    endloop
  endfacet
  facet normal 0 0 -1
    outer loop
      vertex 29.2559 6.16888 -13.4025
      vertex 27.6896 8.75548 -13.4025
      vertex 29.2971 6.23055 -13.4025
    endloop
  endfacet
  facet normal 0 0 -1
    outer loop
      vertex 29.2174 6.10547 -13.4025
      vertex 27.6896 8.75548 -13.4025
      vertex 29.2559 6.16888 -13.4025
    endloop
  endfacet
  facet normal 0 0 -1
    outer loop
      vertex 29.1817 6.04045 -13.4025
      vertex 27.6896 8.75548 -13.4025
      vertex 29.2174 6.10547 -13.4025
    endloop
  endfacet
  facet normal 0 0 -1
    outer loop
      vertex 29.1489 5.97393 -13.4025
      vertex 27.6896 8.75548 -13.4025
      vertex 29.1817 6.04045 -13.4025
    endloop
  endfacet
  facet normal 0 0 -1
    outer loop
      vertex 29.119 5.90604 -13.4025
      vertex 27.6896 8.75548 -13.4025
      vertex 29.1489 5.97393 -13.4025
    endloop
  endfacet
  facet normal 0 0 -1
    outer loop
      vertex 29.0922 5.83691 -13.4025
      vertex 27.6896 8.75548 -13.4025
      vertex 29.119 5.90604 -13.4025
    endloop
  endfacet
  facet normal 0 0 -1
    outer loop
      vertex 29.0683 5.76667 -13.4025
      vertex 27.6896 8.75548 -13.4025
      vertex 29.0922 5.83691 -13.4025
    endloop
  endfacet
  facet normal 0 0.999057 -0.0434099
    outer loop
      vertex 34.1896 2.50445 -11.1926
      vertex 33.6896 2.51271 -11.0025
      vertex 34.1896 2.51271 -11.0025
    endloop
  endfacet
  facet normal 0 0.999057 -0.0434099
    outer loop
      vertex 33.6896 2.51271 -11.0025
      vertex 34.1896 2.50445 -11.1926
      vertex 33.6896 2.50445 -11.1926
    endloop
  endfacet
  facet normal 0 0.996333 -0.0855576
    outer loop
      vertex 34.1896 2.48816 -11.3823
      vertex 33.6896 2.50445 -11.1926
      vertex 34.1896 2.50445 -11.1926
    endloop
  endfacet
  facet normal 0 0.996333 -0.0855576
    outer loop
      vertex 33.6896 2.50445 -11.1926
      vertex 34.1896 2.48816 -11.3823
      vertex 33.6896 2.48816 -11.3823
    endloop
  endfacet
  facet normal 0 0.991825 -0.127603
    outer loop
      vertex 34.1896 2.46387 -11.5711
      vertex 33.6896 2.48816 -11.3823
      vertex 34.1896 2.48816 -11.3823
    endloop
  endfacet
  facet normal 0 0.991825 -0.127603
    outer loop
      vertex 33.6896 2.48816 -11.3823
      vertex 34.1896 2.46387 -11.5711
      vertex 33.6896 2.46387 -11.5711
    endloop
  endfacet
  facet normal 0 0.985535 -0.169474
    outer loop
      vertex 34.1896 2.43161 -11.7587
      vertex 33.6896 2.46387 -11.5711
      vertex 34.1896 2.46387 -11.5711
    endloop
  endfacet
  facet normal 0 0.985535 -0.169474
    outer loop
      vertex 33.6896 2.46387 -11.5711
      vertex 34.1896 2.43161 -11.7587
      vertex 33.6896 2.43161 -11.7587
    endloop
  endfacet
  facet normal 0 0.977499 -0.210942
    outer loop
      vertex 34.1896 2.39145 -11.9448
      vertex 33.6896 2.43161 -11.7587
      vertex 34.1896 2.43161 -11.7587
    endloop
  endfacet
  facet normal 0 0.977499 -0.210942
    outer loop
      vertex 33.6896 2.43161 -11.7587
      vertex 34.1896 2.39145 -11.9448
      vertex 33.6896 2.39145 -11.9448
    endloop
  endfacet
  facet normal 0 0.967684 -0.252165
    outer loop
      vertex 34.1896 2.34345 -12.129
      vertex 33.6896 2.39145 -11.9448
      vertex 34.1896 2.39145 -11.9448
    endloop
  endfacet
  facet normal 0 0.967684 -0.252165
    outer loop
      vertex 33.6896 2.39145 -11.9448
      vertex 34.1896 2.34345 -12.129
      vertex 33.6896 2.34345 -12.129
    endloop
  endfacet
  facet normal 0 0.956147 -0.292886
    outer loop
      vertex 34.1896 2.2877 -12.311
      vertex 33.6896 2.34345 -12.129
      vertex 34.1896 2.34345 -12.129
    endloop
  endfacet
  facet normal 0 0.956147 -0.292886
    outer loop
      vertex 33.6896 2.34345 -12.129
      vertex 34.1896 2.2877 -12.311
      vertex 33.6896 2.2877 -12.311
    endloop
  endfacet
  facet normal 0 0.942929 -0.332993
    outer loop
      vertex 34.1896 2.22431 -12.4905
      vertex 33.6896 2.2877 -12.311
      vertex 34.1896 2.2877 -12.311
    endloop
  endfacet
  facet normal 0 0.942929 -0.332993
    outer loop
      vertex 33.6896 2.2877 -12.311
      vertex 34.1896 2.22431 -12.4905
      vertex 33.6896 2.22431 -12.4905
    endloop
  endfacet
  facet normal 0 0.927968 -0.372659
    outer loop
      vertex 34.1896 2.15339 -12.6671
      vertex 33.6896 2.22431 -12.4905
      vertex 34.1896 2.22431 -12.4905
    endloop
  endfacet
  facet normal 0 0.927968 -0.372659
    outer loop
      vertex 33.6896 2.22431 -12.4905
      vertex 34.1896 2.15339 -12.6671
      vertex 33.6896 2.15339 -12.6671
    endloop
  endfacet
  facet normal 0 0.91142 -0.411478
    outer loop
      vertex 34.1896 2.07506 -12.8406
      vertex 33.6896 2.15339 -12.6671
      vertex 34.1896 2.15339 -12.6671
    endloop
  endfacet
  facet normal 0 0.91142 -0.411478
    outer loop
      vertex 33.6896 2.15339 -12.6671
      vertex 34.1896 2.07506 -12.8406
      vertex 33.6896 2.07506 -12.8406
    endloop
  endfacet
  facet normal 0 0.893163 -0.449734
    outer loop
      vertex 34.1896 1.98946 -13.0106
      vertex 33.6896 2.07506 -12.8406
      vertex 34.1896 2.07506 -12.8406
    endloop
  endfacet
  facet normal 0 0.893163 -0.449734
    outer loop
      vertex 33.6896 2.07506 -12.8406
      vertex 34.1896 1.98946 -13.0106
      vertex 33.6896 1.98946 -13.0106
    endloop
  endfacet
  facet normal 0 0.873418 -0.486971
    outer loop
      vertex 34.1896 1.89674 -13.1769
      vertex 33.6896 1.98946 -13.0106
      vertex 34.1896 1.98946 -13.0106
    endloop
  endfacet
  facet normal 0 0.873418 -0.486971
    outer loop
      vertex 33.6896 1.98946 -13.0106
      vertex 34.1896 1.89674 -13.1769
      vertex 33.6896 1.89674 -13.1769
    endloop
  endfacet
  facet normal 0 0.851878 -0.52374
    outer loop
      vertex 34.1896 1.79708 -13.339
      vertex 33.6896 1.89674 -13.1769
      vertex 34.1896 1.89674 -13.1769
    endloop
  endfacet
  facet normal 0 0.851878 -0.52374
    outer loop
      vertex 33.6896 1.89674 -13.1769
      vertex 34.1896 1.79708 -13.339
      vertex 33.6896 1.79708 -13.339
    endloop
  endfacet
  facet normal -0.00499683 0.836472 -0.547988
    outer loop
      vertex 27.6896 1.79708 -13.339
      vertex 27.6896 1.75548 -13.4025
      vertex 27.1896 1.69065 -13.4969
    endloop
  endfacet
  facet normal 0 0.836482 -0.547994
    outer loop
      vertex 33.6896 1.79708 -13.339
      vertex 34.1896 1.79708 -13.339
      vertex 33.6896 1.75548 -13.4025
    endloop
  endfacet
  facet normal 0.00199207 0.829218 -0.558921
    outer loop
      vertex 34.1896 1.79708 -13.339
      vertex 34.1896 1.69065 -13.4969
      vertex 33.6896 1.75548 -13.4025
    endloop
  endfacet
  facet normal 0 0.82922 -0.558923
    outer loop
      vertex 27.1896 1.79708 -13.339
      vertex 27.6896 1.79708 -13.339
      vertex 27.1896 1.69065 -13.4969
    endloop
  endfacet
  facet normal 0 0.851878 -0.52374
    outer loop
      vertex 27.6896 1.79708 -13.339
      vertex 27.1896 1.89674 -13.1769
      vertex 27.6896 1.89674 -13.1769
    endloop
  endfacet
  facet normal 0 0.851878 -0.52374
    outer loop
      vertex 27.1896 1.89674 -13.1769
      vertex 27.6896 1.79708 -13.339
      vertex 27.1896 1.79708 -13.339
    endloop
  endfacet
  facet normal 0 0.873418 -0.486971
    outer loop
      vertex 27.6896 1.89674 -13.1769
      vertex 27.1896 1.98946 -13.0106
      vertex 27.6896 1.98946 -13.0106
    endloop
  endfacet
  facet normal 0 0.873418 -0.486971
    outer loop
      vertex 27.1896 1.98946 -13.0106
      vertex 27.6896 1.89674 -13.1769
      vertex 27.1896 1.89674 -13.1769
    endloop
  endfacet
  facet normal 0 0.893163 -0.449734
    outer loop
      vertex 27.6896 1.98946 -13.0106
      vertex 27.1896 2.07506 -12.8406
      vertex 27.6896 2.07506 -12.8406
    endloop
  endfacet
  facet normal 0 0.893163 -0.449734
    outer loop
      vertex 27.1896 2.07506 -12.8406
      vertex 27.6896 1.98946 -13.0106
      vertex 27.1896 1.98946 -13.0106
    endloop
  endfacet
  facet normal 0 0.91142 -0.411478
    outer loop
      vertex 27.6896 2.07506 -12.8406
      vertex 27.1896 2.15339 -12.6671
      vertex 27.6896 2.15339 -12.6671
    endloop
  endfacet
  facet normal 0 0.91142 -0.411478
    outer loop
      vertex 27.1896 2.15339 -12.6671
      vertex 27.6896 2.07506 -12.8406
      vertex 27.1896 2.07506 -12.8406
    endloop
  endfacet
  facet normal 0 0.927968 -0.372659
    outer loop
      vertex 27.6896 2.15339 -12.6671
      vertex 27.1896 2.22431 -12.4905
      vertex 27.6896 2.22431 -12.4905
    endloop
  endfacet
  facet normal 0 0.927968 -0.372659
    outer loop
      vertex 27.1896 2.22431 -12.4905
      vertex 27.6896 2.15339 -12.6671
      vertex 27.1896 2.15339 -12.6671
    endloop
  endfacet
  facet normal 0 0.942929 -0.332993
    outer loop
      vertex 27.6896 2.22431 -12.4905
      vertex 27.1896 2.2877 -12.311
      vertex 27.6896 2.2877 -12.311
    endloop
  endfacet
  facet normal 0 0.942929 -0.332993
    outer loop
      vertex 27.1896 2.2877 -12.311
      vertex 27.6896 2.22431 -12.4905
      vertex 27.1896 2.22431 -12.4905
    endloop
  endfacet
  facet normal 0 0.956147 -0.292886
    outer loop
      vertex 27.6896 2.2877 -12.311
      vertex 27.1896 2.34345 -12.129
      vertex 27.6896 2.34345 -12.129
    endloop
  endfacet
  facet normal 0 0.956147 -0.292886
    outer loop
      vertex 27.1896 2.34345 -12.129
      vertex 27.6896 2.2877 -12.311
      vertex 27.1896 2.2877 -12.311
    endloop
  endfacet
  facet normal 0 0.967684 -0.252165
    outer loop
      vertex 27.6896 2.34345 -12.129
      vertex 27.1896 2.39145 -11.9448
      vertex 27.6896 2.39145 -11.9448
    endloop
  endfacet
  facet normal 0 0.967684 -0.252165
    outer loop
      vertex 27.1896 2.39145 -11.9448
      vertex 27.6896 2.34345 -12.129
      vertex 27.1896 2.34345 -12.129
    endloop
  endfacet
  facet normal 0 0.977499 -0.210942
    outer loop
      vertex 27.6896 2.39145 -11.9448
      vertex 27.1896 2.43161 -11.7587
      vertex 27.6896 2.43161 -11.7587
    endloop
  endfacet
  facet normal 0 0.977499 -0.210942
    outer loop
      vertex 27.1896 2.43161 -11.7587
      vertex 27.6896 2.39145 -11.9448
      vertex 27.1896 2.39145 -11.9448
    endloop
  endfacet
  facet normal 0 0.985535 -0.169474
    outer loop
      vertex 27.6896 2.43161 -11.7587
      vertex 27.1896 2.46387 -11.5711
      vertex 27.6896 2.46387 -11.5711
    endloop
  endfacet
  facet normal 0 0.985535 -0.169474
    outer loop
      vertex 27.1896 2.46387 -11.5711
      vertex 27.6896 2.43161 -11.7587
      vertex 27.1896 2.43161 -11.7587
    endloop
  endfacet
  facet normal 0 0.991825 -0.127603
    outer loop
      vertex 27.6896 2.46387 -11.5711
      vertex 27.1896 2.48816 -11.3823
      vertex 27.6896 2.48816 -11.3823
    endloop
  endfacet
  facet normal 0 0.991825 -0.127603
    outer loop
      vertex 27.1896 2.48816 -11.3823
      vertex 27.6896 2.46387 -11.5711
      vertex 27.1896 2.46387 -11.5711
    endloop
  endfacet
  facet normal 0 0.996333 -0.0855576
    outer loop
      vertex 27.6896 2.48816 -11.3823
      vertex 27.1896 2.50445 -11.1926
      vertex 27.6896 2.50445 -11.1926
    endloop
  endfacet
  facet normal 0 0.996333 -0.0855576
    outer loop
      vertex 27.1896 2.50445 -11.1926
      vertex 27.6896 2.48816 -11.3823
      vertex 27.1896 2.48816 -11.3823
    endloop
  endfacet
  facet normal 0 0.999057 -0.0434099
    outer loop
      vertex 27.6896 2.50445 -11.1926
      vertex 27.1896 2.51271 -11.0025
      vertex 27.6896 2.51271 -11.0025
    endloop
  endfacet
  facet normal 0 0.999057 -0.0434099
    outer loop
      vertex 27.1896 2.51271 -11.0025
      vertex 27.6896 2.50445 -11.1926
      vertex 27.1896 2.50445 -11.1926
    endloop
  endfacet
  facet normal 0 0.824327 -0.566114
    outer loop
      vertex 34.1896 1.69065 -13.4969
      vertex 27.6896 1.75548 -13.4025
      vertex 33.6896 1.75548 -13.4025
    endloop
  endfacet
  facet normal 0 0.824327 -0.566114
    outer loop
      vertex 27.6896 1.75548 -13.4025
      vertex 34.1896 1.69065 -13.4969
      vertex 27.1896 1.69065 -13.4969
    endloop
  endfacet
  facet normal 0 0.804555 -0.593878
    outer loop
      vertex 34.1896 1.57764 -13.65
      vertex 27.1896 1.69065 -13.4969
      vertex 34.1896 1.69065 -13.4969
    endloop
  endfacet
  facet normal 0 0.804555 -0.593878
    outer loop
      vertex 27.1896 1.69065 -13.4969
      vertex 34.1896 1.57764 -13.65
      vertex 27.1896 1.57764 -13.65
    endloop
  endfacet
  facet normal 0 0.778943 -0.627094
    outer loop
      vertex 34.1896 1.45825 -13.7983
      vertex 27.1896 1.57764 -13.65
      vertex 34.1896 1.57764 -13.65
    endloop
  endfacet
  facet normal 0 0.778943 -0.627094
    outer loop
      vertex 27.1896 1.57764 -13.65
      vertex 34.1896 1.45825 -13.7983
      vertex 27.1896 1.45825 -13.7983
    endloop
  endfacet
  facet normal 0 0 -1
    outer loop
      vertex 32.1896 -8.73618 -13.0525
      vertex 34.1896 -6.98893 -13.0525
      vertex 34.1896 -8.73618 -13.0525
    endloop
  endfacet
  facet normal -0 0 -1
    outer loop
      vertex 34.1896 -6.98893 -13.0525
      vertex 32.1896 -8.73618 -13.0525
      vertex 32.1896 -6.98893 -13.0525
    endloop
  endfacet
  facet normal 0 -0.780899 -0.624657
    outer loop
      vertex 29.1896 -5.44962 -13.7755
      vertex 32.1896 -5.55001 -13.65
      vertex 29.1896 -5.55001 -13.65
    endloop
  endfacet
  facet normal 0 -0.780899 -0.624657
    outer loop
      vertex 32.1896 -5.55001 -13.65
      vertex 29.1896 -5.44962 -13.7755
      vertex 32.1896 -5.44962 -13.7755
    endloop
  endfacet
  facet normal 0 -0.768221 -0.640184
    outer loop
      vertex 27.1896 -5.43062 -13.7983
      vertex 29.1896 -5.44962 -13.7755
      vertex 27.1896 -5.44962 -13.7755
    endloop
  endfacet
  facet normal 0 -0.768221 -0.640184
    outer loop
      vertex 29.1896 -5.44962 -13.7755
      vertex 27.1896 -5.43062 -13.7983
      vertex 32.1896 -5.44962 -13.7755
    endloop
  endfacet
  facet normal -0 -0.768221 -0.640184
    outer loop
      vertex 34.1896 -5.43062 -13.7983
      vertex 32.1896 -5.44962 -13.7755
      vertex 27.1896 -5.43062 -13.7983
    endloop
  endfacet
  facet normal 0 -0.768221 -0.640184
    outer loop
      vertex 32.1896 -5.44962 -13.7755
      vertex 34.1896 -5.43062 -13.7983
      vertex 34.1896 -5.44962 -13.7755
    endloop
  endfacet
  facet normal 0 -0.804555 -0.593878
    outer loop
      vertex 29.1896 -5.55001 -13.65
      vertex 32.1896 -5.66302 -13.4969
      vertex 29.1896 -5.66302 -13.4969
    endloop
  endfacet
  facet normal 0 -0.804555 -0.593878
    outer loop
      vertex 32.1896 -5.66302 -13.4969
      vertex 29.1896 -5.55001 -13.65
      vertex 32.1896 -5.55001 -13.65
    endloop
  endfacet
  facet normal 0 -0.82922 -0.558923
    outer loop
      vertex 29.1896 -5.66302 -13.4969
      vertex 32.1896 -5.76945 -13.339
      vertex 29.1896 -5.76945 -13.339
    endloop
  endfacet
  facet normal 0 -0.82922 -0.558923
    outer loop
      vertex 32.1896 -5.76945 -13.339
      vertex 29.1896 -5.66302 -13.4969
      vertex 32.1896 -5.66302 -13.4969
    endloop
  endfacet
  facet normal 0 -0.851878 -0.52374
    outer loop
      vertex 29.1896 -5.76945 -13.339
      vertex 32.1896 -5.86911 -13.1769
      vertex 29.1896 -5.86911 -13.1769
    endloop
  endfacet
  facet normal 0 -0.851878 -0.52374
    outer loop
      vertex 32.1896 -5.86911 -13.1769
      vertex 29.1896 -5.76945 -13.339
      vertex 32.1896 -5.76945 -13.339
    endloop
  endfacet
  facet normal 0 -0.87344 -0.486931
    outer loop
      vertex 29.1896 -5.86911 -13.1769
      vertex 32.1896 -5.96182 -13.0106
      vertex 29.1896 -5.96182 -13.0106
    endloop
  endfacet
  facet normal 0 -0.87344 -0.486931
    outer loop
      vertex 32.1896 -5.96182 -13.0106
      vertex 29.1896 -5.86911 -13.1769
      vertex 32.1896 -5.86911 -13.1769
    endloop
  endfacet
  facet normal 0 -0.893163 -0.449734
    outer loop
      vertex 29.1896 -5.96182 -13.0106
      vertex 32.1896 -6.04742 -12.8406
      vertex 29.1896 -6.04742 -12.8406
    endloop
  endfacet
  facet normal 0 -0.893163 -0.449734
    outer loop
      vertex 32.1896 -6.04742 -12.8406
      vertex 29.1896 -5.96182 -13.0106
      vertex 32.1896 -5.96182 -13.0106
    endloop
  endfacet
  facet normal 0 -0.91142 -0.411478
    outer loop
      vertex 29.1896 -6.04742 -12.8406
      vertex 32.1896 -6.12575 -12.6671
      vertex 29.1896 -6.12575 -12.6671
    endloop
  endfacet
  facet normal 0 -0.91142 -0.411478
    outer loop
      vertex 32.1896 -6.12575 -12.6671
      vertex 29.1896 -6.04742 -12.8406
      vertex 32.1896 -6.04742 -12.8406
    endloop
  endfacet
  facet normal 0 -0.92795 -0.372704
    outer loop
      vertex 29.1896 -6.12575 -12.6671
      vertex 32.1896 -6.19668 -12.4905
      vertex 29.1896 -6.19668 -12.4905
    endloop
  endfacet
  facet normal 0 -0.92795 -0.372704
    outer loop
      vertex 32.1896 -6.19668 -12.4905
      vertex 29.1896 -6.12575 -12.6671
      vertex 32.1896 -6.12575 -12.6671
    endloop
  endfacet
  facet normal 0 -0.942929 -0.332993
    outer loop
      vertex 29.1896 -6.19668 -12.4905
      vertex 32.1896 -6.26007 -12.311
      vertex 29.1896 -6.26007 -12.311
    endloop
  endfacet
  facet normal 0 -0.942929 -0.332993
    outer loop
      vertex 32.1896 -6.26007 -12.311
      vertex 29.1896 -6.19668 -12.4905
      vertex 32.1896 -6.19668 -12.4905
    endloop
  endfacet
  facet normal 0 -0.956162 -0.292838
    outer loop
      vertex 29.1896 -6.26007 -12.311
      vertex 32.1896 -6.31581 -12.129
      vertex 29.1896 -6.31581 -12.129
    endloop
  endfacet
  facet normal 0 -0.956162 -0.292838
    outer loop
      vertex 32.1896 -6.31581 -12.129
      vertex 29.1896 -6.26007 -12.311
      vertex 32.1896 -6.26007 -12.311
    endloop
  endfacet
  facet normal 0 -0.967684 -0.252165
    outer loop
      vertex 29.1896 -6.31581 -12.129
      vertex 32.1896 -6.36381 -11.9448
      vertex 29.1896 -6.36381 -11.9448
    endloop
  endfacet
  facet normal 0 -0.967684 -0.252165
    outer loop
      vertex 32.1896 -6.36381 -11.9448
      vertex 29.1896 -6.31581 -12.129
      vertex 32.1896 -6.31581 -12.129
    endloop
  endfacet
  facet normal 0 -0.977499 -0.210942
    outer loop
      vertex 29.1896 -6.36381 -11.9448
      vertex 32.1896 -6.40397 -11.7587
      vertex 29.1896 -6.40397 -11.7587
    endloop
  endfacet
  facet normal 0 -0.977499 -0.210942
    outer loop
      vertex 32.1896 -6.40397 -11.7587
      vertex 29.1896 -6.36381 -11.9448
      vertex 32.1896 -6.36381 -11.9448
    endloop
  endfacet
  facet normal 0 -0.985535 -0.169474
    outer loop
      vertex 29.1896 -6.40397 -11.7587
      vertex 32.1896 -6.43623 -11.5711
      vertex 29.1896 -6.43623 -11.5711
    endloop
  endfacet
  facet normal 0 -0.985535 -0.169474
    outer loop
      vertex 32.1896 -6.43623 -11.5711
      vertex 29.1896 -6.40397 -11.7587
      vertex 32.1896 -6.40397 -11.7587
    endloop
  endfacet
  facet normal 0 -0.991819 -0.127655
    outer loop
      vertex 29.1896 -6.43623 -11.5711
      vertex 32.1896 -6.46053 -11.3823
      vertex 29.1896 -6.46053 -11.3823
    endloop
  endfacet
  facet normal 0 -0.991819 -0.127655
    outer loop
      vertex 32.1896 -6.46053 -11.3823
      vertex 29.1896 -6.43623 -11.5711
      vertex 32.1896 -6.43623 -11.5711
    endloop
  endfacet
  facet normal 0 -0.996333 -0.0855576
    outer loop
      vertex 29.1896 -6.46053 -11.3823
      vertex 32.1896 -6.47682 -11.1926
      vertex 29.1896 -6.47682 -11.1926
    endloop
  endfacet
  facet normal 0 -0.996333 -0.0855576
    outer loop
      vertex 32.1896 -6.47682 -11.1926
      vertex 29.1896 -6.46053 -11.3823
      vertex 32.1896 -6.46053 -11.3823
    endloop
  endfacet
  facet normal 0 -0.99906 -0.0433574
    outer loop
      vertex 29.1896 -6.47682 -11.1926
      vertex 32.1896 -6.48507 -11.0025
      vertex 29.1896 -6.48507 -11.0025
    endloop
  endfacet
  facet normal 0 -0.99906 -0.0433574
    outer loop
      vertex 32.1896 -6.48507 -11.0025
      vertex 29.1896 -6.47682 -11.1926
      vertex 32.1896 -6.47682 -11.1926
    endloop
  endfacet
  facet normal 0 -0.940086 -0.340938
    outer loop
      vertex 27.1896 -4.54147 -16.25
      vertex 34.1896 -5.43062 -13.7983
      vertex 27.1896 -5.43062 -13.7983
    endloop
  endfacet
  facet normal 0 -0.940086 -0.340938
    outer loop
      vertex 34.1896 -5.43062 -13.7983
      vertex 27.1896 -4.54147 -16.25
      vertex 34.1896 -4.54147 -16.25
    endloop
  endfacet
  facet normal 0 0 1
    outer loop
      vertex 34.1896 -4.48418 -11.0025
      vertex 32.1896 -6.48507 -11.0025
      vertex 34.1896 -6.58851 -11.0025
    endloop
  endfacet
  facet normal 0 0 1
    outer loop
      vertex 34.1896 -4.48418 -11.0025
      vertex 29.1896 -6.48507 -11.0025
      vertex 32.1896 -6.48507 -11.0025
    endloop
  endfacet
  facet normal -0 0 1
    outer loop
      vertex 27.1896 -4.48418 -11.0025
      vertex 29.1896 -6.48507 -11.0025
      vertex 34.1896 -4.48418 -11.0025
    endloop
  endfacet
  facet normal 0 0 1
    outer loop
      vertex 27.1896 -6.58851 -11.0025
      vertex 29.1896 -6.48507 -11.0025
      vertex 27.1896 -4.48418 -11.0025
    endloop
  endfacet
  facet normal 0 0 1
    outer loop
      vertex 29.1896 -6.48507 -11.0025
      vertex 27.1896 -6.58851 -11.0025
      vertex 29.1896 -6.58851 -11.0025
    endloop
  endfacet
  facet normal 0 0 1
    outer loop
      vertex 34.1896 -6.58851 -11.0025
      vertex 32.1896 -6.48507 -11.0025
      vertex 32.1896 -6.58851 -11.0025
    endloop
  endfacet
  facet normal 0 0.998104 0.0615575
    outer loop
      vertex 34.1896 -4.47755 -11.11
      vertex 27.1896 -4.48418 -11.0025
      vertex 34.1896 -4.48418 -11.0025
    endloop
  endfacet
  facet normal 0 0.998104 0.0615575
    outer loop
      vertex 27.1896 -4.48418 -11.0025
      vertex 34.1896 -4.47755 -11.11
      vertex 27.1896 -4.47755 -11.11
    endloop
  endfacet
  facet normal 0 0.994529 0.104458
    outer loop
      vertex 34.1896 -4.46628 -11.2173
      vertex 27.1896 -4.47755 -11.11
      vertex 34.1896 -4.47755 -11.11
    endloop
  endfacet
  facet normal 0 0.994529 0.104458
    outer loop
      vertex 27.1896 -4.47755 -11.11
      vertex 34.1896 -4.46628 -11.2173
      vertex 27.1896 -4.46628 -11.2173
    endloop
  endfacet
  facet normal 0 0.989099 0.147251
    outer loop
      vertex 34.1896 -4.45041 -11.3239
      vertex 27.1896 -4.46628 -11.2173
      vertex 34.1896 -4.46628 -11.2173
    endloop
  endfacet
  facet normal 0 0.989099 0.147251
    outer loop
      vertex 27.1896 -4.46628 -11.2173
      vertex 34.1896 -4.45041 -11.3239
      vertex 27.1896 -4.45041 -11.3239
    endloop
  endfacet
  facet normal 0 0.98181 0.189866
    outer loop
      vertex 34.1896 -4.42995 -11.4297
      vertex 27.1896 -4.45041 -11.3239
      vertex 34.1896 -4.45041 -11.3239
    endloop
  endfacet
  facet normal 0 0.98181 0.189866
    outer loop
      vertex 27.1896 -4.45041 -11.3239
      vertex 34.1896 -4.42995 -11.4297
      vertex 27.1896 -4.42995 -11.4297
    endloop
  endfacet
  facet normal 0 0.972756 0.231829
    outer loop
      vertex 34.1896 -4.40495 -11.5346
      vertex 27.1896 -4.42995 -11.4297
      vertex 34.1896 -4.42995 -11.4297
    endloop
  endfacet
  facet normal 0 0.972756 0.231829
    outer loop
      vertex 27.1896 -4.42995 -11.4297
      vertex 34.1896 -4.40495 -11.5346
      vertex 27.1896 -4.40495 -11.5346
    endloop
  endfacet
  facet normal 0 0.961793 0.273777
    outer loop
      vertex 34.1896 -4.37546 -11.6382
      vertex 27.1896 -4.40495 -11.5346
      vertex 34.1896 -4.40495 -11.5346
    endloop
  endfacet
  facet normal 0 0.961793 0.273777
    outer loop
      vertex 27.1896 -4.40495 -11.5346
      vertex 34.1896 -4.37546 -11.6382
      vertex 27.1896 -4.37546 -11.6382
    endloop
  endfacet
  facet normal 0 0.94922 0.314614
    outer loop
      vertex 34.1896 -4.34152 -11.7406
      vertex 27.1896 -4.37546 -11.6382
      vertex 34.1896 -4.37546 -11.6382
    endloop
  endfacet
  facet normal 0 0.94922 0.314614
    outer loop
      vertex 27.1896 -4.37546 -11.6382
      vertex 34.1896 -4.34152 -11.7406
      vertex 27.1896 -4.34152 -11.7406
    endloop
  endfacet
  facet normal 0 0.934617 0.355656
    outer loop
      vertex 34.1896 -4.3032 -11.8413
      vertex 27.1896 -4.34152 -11.7406
      vertex 34.1896 -4.34152 -11.7406
    endloop
  endfacet
  facet normal 0 0.934617 0.355656
    outer loop
      vertex 27.1896 -4.34152 -11.7406
      vertex 34.1896 -4.3032 -11.8413
      vertex 27.1896 -4.3032 -11.8413
    endloop
  endfacet
  facet normal 0 0.918501 0.395419
    outer loop
      vertex 34.1896 -4.26058 -11.9403
      vertex 27.1896 -4.3032 -11.8413
      vertex 34.1896 -4.3032 -11.8413
    endloop
  endfacet
  facet normal 0 0.918501 0.395419
    outer loop
      vertex 27.1896 -4.3032 -11.8413
      vertex 34.1896 -4.26058 -11.9403
      vertex 27.1896 -4.26058 -11.9403
    endloop
  endfacet
  facet normal 0 0.900609 0.43463
    outer loop
      vertex 34.1896 -4.21372 -12.0374
      vertex 27.1896 -4.26058 -11.9403
      vertex 34.1896 -4.26058 -11.9403
    endloop
  endfacet
  facet normal 0 0.900609 0.43463
    outer loop
      vertex 27.1896 -4.26058 -11.9403
      vertex 34.1896 -4.21372 -12.0374
      vertex 27.1896 -4.21372 -12.0374
    endloop
  endfacet
  facet normal 0 0.881105 0.472921
    outer loop
      vertex 34.1896 -4.16273 -12.1324
      vertex 27.1896 -4.21372 -12.0374
      vertex 34.1896 -4.21372 -12.0374
    endloop
  endfacet
  facet normal 0 0.881105 0.472921
    outer loop
      vertex 27.1896 -4.21372 -12.0374
      vertex 34.1896 -4.16273 -12.1324
      vertex 27.1896 -4.16273 -12.1324
    endloop
  endfacet
  facet normal 0 0.859615 0.510942
    outer loop
      vertex 34.1896 -4.10769 -12.225
      vertex 27.1896 -4.16273 -12.1324
      vertex 34.1896 -4.16273 -12.1324
    endloop
  endfacet
  facet normal 0 0.859615 0.510942
    outer loop
      vertex 27.1896 -4.16273 -12.1324
      vertex 34.1896 -4.10769 -12.225
      vertex 27.1896 -4.10769 -12.225
    endloop
  endfacet
  facet normal 0 0.837192 0.54691
    outer loop
      vertex 34.1896 -4.0487 -12.3153
      vertex 27.1896 -4.10769 -12.225
      vertex 34.1896 -4.10769 -12.225
    endloop
  endfacet
  facet normal 0 0.837192 0.54691
    outer loop
      vertex 27.1896 -4.10769 -12.225
      vertex 34.1896 -4.0487 -12.3153
      vertex 27.1896 -4.0487 -12.3153
    endloop
  endfacet
  facet normal 0 0.812641 0.582764
    outer loop
      vertex 34.1896 -3.98588 -12.4029
      vertex 27.1896 -4.0487 -12.3153
      vertex 34.1896 -4.0487 -12.3153
    endloop
  endfacet
  facet normal 0 0.812641 0.582764
    outer loop
      vertex 27.1896 -4.0487 -12.3153
      vertex 34.1896 -3.98588 -12.4029
      vertex 27.1896 -3.98588 -12.4029
    endloop
  endfacet
  facet normal 0 0.786762 0.617256
    outer loop
      vertex 34.1896 -3.91935 -12.4877
      vertex 27.1896 -3.98588 -12.4029
      vertex 34.1896 -3.98588 -12.4029
    endloop
  endfacet
  facet normal 0 0.786762 0.617256
    outer loop
      vertex 27.1896 -3.98588 -12.4029
      vertex 34.1896 -3.91935 -12.4877
      vertex 27.1896 -3.91935 -12.4877
    endloop
  endfacet
  facet normal 0 0.759139 0.650929
    outer loop
      vertex 34.1896 -3.84921 -12.5695
      vertex 27.1896 -3.91935 -12.4877
      vertex 34.1896 -3.91935 -12.4877
    endloop
  endfacet
  facet normal 0 0.759139 0.650929
    outer loop
      vertex 27.1896 -3.91935 -12.4877
      vertex 34.1896 -3.84921 -12.5695
      vertex 27.1896 -3.84921 -12.5695
    endloop
  endfacet
  facet normal 0 0.730855 0.682533
    outer loop
      vertex 34.1896 -3.77562 -12.6483
      vertex 27.1896 -3.84921 -12.5695
      vertex 34.1896 -3.84921 -12.5695
    endloop
  endfacet
  facet normal 0 0.730855 0.682533
    outer loop
      vertex 27.1896 -3.84921 -12.5695
      vertex 34.1896 -3.77562 -12.6483
      vertex 27.1896 -3.77562 -12.6483
    endloop
  endfacet
  facet normal -0 0.700489 0.713663
    outer loop
      vertex 27.1896 -3.6987 -12.7238
      vertex 34.1896 -3.77562 -12.6483
      vertex 34.1896 -3.6987 -12.7238
    endloop
  endfacet
  facet normal 0 0.700489 0.713663
    outer loop
      vertex 34.1896 -3.77562 -12.6483
      vertex 27.1896 -3.6987 -12.7238
      vertex 27.1896 -3.77562 -12.6483
    endloop
  endfacet
  facet normal -0 0.66897 0.74329
    outer loop
      vertex 27.1896 -3.61859 -12.7959
      vertex 34.1896 -3.6987 -12.7238
      vertex 34.1896 -3.61859 -12.7959
    endloop
  endfacet
  facet normal 0 0.66897 0.74329
    outer loop
      vertex 34.1896 -3.6987 -12.7238
      vertex 27.1896 -3.61859 -12.7959
      vertex 27.1896 -3.6987 -12.7238
    endloop
  endfacet
  facet normal -0 0.636435 0.77133
    outer loop
      vertex 27.1896 -3.53545 -12.8645
      vertex 34.1896 -3.61859 -12.7959
      vertex 34.1896 -3.53545 -12.8645
    endloop
  endfacet
  facet normal 0 0.636435 0.77133
    outer loop
      vertex 34.1896 -3.61859 -12.7959
      vertex 27.1896 -3.53545 -12.8645
      vertex 27.1896 -3.61859 -12.7959
    endloop
  endfacet
  facet normal -0 0.602875 0.797836
    outer loop
      vertex 27.1896 -3.44943 -12.9295
      vertex 34.1896 -3.53545 -12.8645
      vertex 34.1896 -3.44943 -12.9295
    endloop
  endfacet
  facet normal 0 0.602875 0.797836
    outer loop
      vertex 34.1896 -3.53545 -12.8645
      vertex 27.1896 -3.44943 -12.9295
      vertex 27.1896 -3.53545 -12.8645
    endloop
  endfacet
  facet normal -0 0.567733 0.823213
    outer loop
      vertex 27.1896 -3.36069 -12.9907
      vertex 34.1896 -3.44943 -12.9295
      vertex 34.1896 -3.36069 -12.9907
    endloop
  endfacet
  facet normal 0 0.567733 0.823213
    outer loop
      vertex 34.1896 -3.44943 -12.9295
      vertex 27.1896 -3.36069 -12.9907
      vertex 27.1896 -3.44943 -12.9295
    endloop
  endfacet
  facet normal -0 0.531624 0.84698
    outer loop
      vertex 27.1896 -3.2694 -13.048
      vertex 34.1896 -3.36069 -12.9907
      vertex 34.1896 -3.2694 -13.048
    endloop
  endfacet
  facet normal 0 0.531624 0.84698
    outer loop
      vertex 34.1896 -3.36069 -12.9907
      vertex 27.1896 -3.2694 -13.048
      vertex 27.1896 -3.36069 -12.9907
    endloop
  endfacet
  facet normal -0 0.49448 0.869189
    outer loop
      vertex 27.1896 -3.17571 -13.1013
      vertex 34.1896 -3.2694 -13.048
      vertex 34.1896 -3.17571 -13.1013
    endloop
  endfacet
  facet normal 0 0.49448 0.869189
    outer loop
      vertex 34.1896 -3.2694 -13.048
      vertex 27.1896 -3.17571 -13.1013
      vertex 27.1896 -3.2694 -13.048
    endloop
  endfacet
  facet normal -0 0.457239 0.889344
    outer loop
      vertex 27.1896 -3.07982 -13.1506
      vertex 34.1896 -3.17571 -13.1013
      vertex 34.1896 -3.07982 -13.1506
    endloop
  endfacet
  facet normal 0 0.457239 0.889344
    outer loop
      vertex 34.1896 -3.17571 -13.1013
      vertex 27.1896 -3.07982 -13.1506
      vertex 27.1896 -3.17571 -13.1013
    endloop
  endfacet
  facet normal -0 0.417575 0.908643
    outer loop
      vertex 27.1896 -2.9819 -13.1956
      vertex 34.1896 -3.07982 -13.1506
      vertex 34.1896 -2.9819 -13.1956
    endloop
  endfacet
  facet normal 0 0.417575 0.908643
    outer loop
      vertex 34.1896 -3.07982 -13.1506
      vertex 27.1896 -2.9819 -13.1956
      vertex 27.1896 -3.07982 -13.1506
    endloop
  endfacet
  facet normal -0 0.378481 0.925609
    outer loop
      vertex 27.1896 -2.88212 -13.2364
      vertex 34.1896 -2.9819 -13.1956
      vertex 34.1896 -2.88212 -13.2364
    endloop
  endfacet
  facet normal 0 0.378481 0.925609
    outer loop
      vertex 34.1896 -2.9819 -13.1956
      vertex 27.1896 -2.88212 -13.2364
      vertex 27.1896 -2.9819 -13.1956
    endloop
  endfacet
  facet normal -0 0.338539 0.940952
    outer loop
      vertex 27.1896 -2.78067 -13.2729
      vertex 34.1896 -2.88212 -13.2364
      vertex 34.1896 -2.78067 -13.2729
    endloop
  endfacet
  facet normal 0 0.338539 0.940952
    outer loop
      vertex 34.1896 -2.88212 -13.2364
      vertex 27.1896 -2.78067 -13.2729
      vertex 27.1896 -2.88212 -13.2364
    endloop
  endfacet
  facet normal -0 0.296927 0.9549
    outer loop
      vertex 27.1896 -2.67776 -13.3049
      vertex 34.1896 -2.78067 -13.2729
      vertex 34.1896 -2.67776 -13.3049
    endloop
  endfacet
  facet normal 0 0.296927 0.9549
    outer loop
      vertex 34.1896 -2.78067 -13.2729
      vertex 27.1896 -2.67776 -13.3049
      vertex 27.1896 -2.78067 -13.2729
    endloop
  endfacet
  facet normal -0 0.256023 0.966671
    outer loop
      vertex 27.1896 -2.57355 -13.3325
      vertex 34.1896 -2.67776 -13.3049
      vertex 34.1896 -2.57355 -13.3325
    endloop
  endfacet
  facet normal 0 0.256023 0.966671
    outer loop
      vertex 34.1896 -2.67776 -13.3049
      vertex 27.1896 -2.57355 -13.3325
      vertex 27.1896 -2.67776 -13.3049
    endloop
  endfacet
  facet normal -0 0.213393 0.976967
    outer loop
      vertex 27.1896 -2.46825 -13.3555
      vertex 34.1896 -2.57355 -13.3325
      vertex 34.1896 -2.46825 -13.3555
    endloop
  endfacet
  facet normal 0 0.213393 0.976967
    outer loop
      vertex 34.1896 -2.57355 -13.3325
      vertex 27.1896 -2.46825 -13.3555
      vertex 27.1896 -2.57355 -13.3325
    endloop
  endfacet
  facet normal -0 0.171631 0.985161
    outer loop
      vertex 27.1896 -2.36206 -13.374
      vertex 34.1896 -2.46825 -13.3555
      vertex 34.1896 -2.36206 -13.374
    endloop
  endfacet
  facet normal 0 0.171631 0.985161
    outer loop
      vertex 34.1896 -2.46825 -13.3555
      vertex 27.1896 -2.36206 -13.374
      vertex 27.1896 -2.46825 -13.3555
    endloop
  endfacet
  facet normal -0 0.128954 0.991651
    outer loop
      vertex 27.1896 -2.25517 -13.3879
      vertex 34.1896 -2.36206 -13.374
      vertex 34.1896 -2.25517 -13.3879
    endloop
  endfacet
  facet normal 0 0.128954 0.991651
    outer loop
      vertex 34.1896 -2.36206 -13.374
      vertex 27.1896 -2.25517 -13.3879
      vertex 27.1896 -2.36206 -13.374
    endloop
  endfacet
  facet normal -0 0.0862694 0.996272
    outer loop
      vertex 27.1896 -2.14777 -13.3972
      vertex 34.1896 -2.25517 -13.3879
      vertex 34.1896 -2.14777 -13.3972
    endloop
  endfacet
  facet normal 0 0.0862694 0.996272
    outer loop
      vertex 34.1896 -2.25517 -13.3879
      vertex 27.1896 -2.14777 -13.3972
      vertex 27.1896 -2.25517 -13.3879
    endloop
  endfacet
  facet normal -0 0.0436023 0.999049
    outer loop
      vertex 27.1896 -2.04008 -13.4019
      vertex 34.1896 -2.14777 -13.3972
      vertex 34.1896 -2.04008 -13.4019
    endloop
  endfacet
  facet normal 0 0.0436023 0.999049
    outer loop
      vertex 34.1896 -2.14777 -13.3972
      vertex 27.1896 -2.04008 -13.4019
      vertex 27.1896 -2.14777 -13.3972
    endloop
  endfacet
  facet normal -0 0 1
    outer loop
      vertex 27.1896 -1.93229 -13.4019
      vertex 34.1896 -2.04008 -13.4019
      vertex 34.1896 -1.93229 -13.4019
    endloop
  endfacet
  facet normal 0 0 1
    outer loop
      vertex 34.1896 -2.04008 -13.4019
      vertex 27.1896 -1.93229 -13.4019
      vertex 27.1896 -2.04008 -13.4019
    endloop
  endfacet
  facet normal 0 -0.0435982 0.999049
    outer loop
      vertex 27.1896 -1.82459 -13.3972
      vertex 34.1896 -1.93229 -13.4019
      vertex 34.1896 -1.82459 -13.3972
    endloop
  endfacet
  facet normal 0 -0.0435982 0.999049
    outer loop
      vertex 34.1896 -1.93229 -13.4019
      vertex 27.1896 -1.82459 -13.3972
      vertex 27.1896 -1.93229 -13.4019
    endloop
  endfacet
  facet normal 0 -0.0862773 0.996271
    outer loop
      vertex 27.1896 -1.7172 -13.3879
      vertex 34.1896 -1.82459 -13.3972
      vertex 34.1896 -1.7172 -13.3879
    endloop
  endfacet
  facet normal 0 -0.0862773 0.996271
    outer loop
      vertex 34.1896 -1.82459 -13.3972
      vertex 27.1896 -1.7172 -13.3879
      vertex 27.1896 -1.82459 -13.3972
    endloop
  endfacet
  facet normal 0 -0.128954 0.991651
    outer loop
      vertex 27.1896 -1.61031 -13.374
      vertex 34.1896 -1.7172 -13.3879
      vertex 34.1896 -1.61031 -13.374
    endloop
  endfacet
  facet normal 0 -0.128954 0.991651
    outer loop
      vertex 34.1896 -1.7172 -13.3879
      vertex 27.1896 -1.61031 -13.374
      vertex 27.1896 -1.7172 -13.3879
    endloop
  endfacet
  facet normal 0 -0.171615 0.985164
    outer loop
      vertex 27.1896 -1.50411 -13.3555
      vertex 34.1896 -1.61031 -13.374
      vertex 34.1896 -1.50411 -13.3555
    endloop
  endfacet
  facet normal 0 -0.171615 0.985164
    outer loop
      vertex 34.1896 -1.61031 -13.374
      vertex 27.1896 -1.50411 -13.3555
      vertex 27.1896 -1.61031 -13.374
    endloop
  endfacet
  facet normal 0 -0.213393 0.976967
    outer loop
      vertex 27.1896 -1.39881 -13.3325
      vertex 34.1896 -1.50411 -13.3555
      vertex 34.1896 -1.39881 -13.3325
    endloop
  endfacet
  facet normal 0 -0.213393 0.976967
    outer loop
      vertex 34.1896 -1.50411 -13.3555
      vertex 27.1896 -1.39881 -13.3325
      vertex 27.1896 -1.50411 -13.3555
    endloop
  endfacet
  facet normal 0 -0.256046 0.966665
    outer loop
      vertex 27.1896 -1.29461 -13.3049
      vertex 34.1896 -1.39881 -13.3325
      vertex 34.1896 -1.29461 -13.3049
    endloop
  endfacet
  facet normal 0 -0.256046 0.966665
    outer loop
      vertex 34.1896 -1.39881 -13.3325
      vertex 27.1896 -1.29461 -13.3049
      vertex 27.1896 -1.39881 -13.3325
    endloop
  endfacet
  facet normal 0 -0.296901 0.954908
    outer loop
      vertex 27.1896 -1.19169 -13.2729
      vertex 34.1896 -1.29461 -13.3049
      vertex 34.1896 -1.19169 -13.2729
    endloop
  endfacet
  facet normal 0 -0.296901 0.954908
    outer loop
      vertex 34.1896 -1.29461 -13.3049
      vertex 27.1896 -1.19169 -13.2729
      vertex 27.1896 -1.29461 -13.3049
    endloop
  endfacet
  facet normal 0 -0.338568 0.940942
    outer loop
      vertex 27.1896 -1.09025 -13.2364
      vertex 34.1896 -1.19169 -13.2729
      vertex 34.1896 -1.09025 -13.2364
    endloop
  endfacet
  facet normal 0 -0.338568 0.940942
    outer loop
      vertex 34.1896 -1.19169 -13.2729
      vertex 27.1896 -1.09025 -13.2364
      vertex 27.1896 -1.19169 -13.2729
    endloop
  endfacet
  facet normal 0 -0.378475 0.925612
    outer loop
      vertex 27.1896 -0.990468 -13.1956
      vertex 34.1896 -1.09025 -13.2364
      vertex 34.1896 -0.990468 -13.1956
    endloop
  endfacet
  facet normal 0 -0.378475 0.925612
    outer loop
      vertex 34.1896 -1.09025 -13.2364
      vertex 27.1896 -0.990468 -13.1956
      vertex 27.1896 -1.09025 -13.2364
    endloop
  endfacet
  facet normal 0 -0.417554 0.908652
    outer loop
      vertex 27.1896 -0.892542 -13.1506
      vertex 34.1896 -0.990468 -13.1956
      vertex 34.1896 -0.892542 -13.1506
    endloop
  endfacet
  facet normal 0 -0.417554 0.908652
    outer loop
      vertex 34.1896 -0.990468 -13.1956
      vertex 27.1896 -0.892542 -13.1506
      vertex 27.1896 -0.990468 -13.1956
    endloop
  endfacet
  facet normal 0 -0.457228 0.88935
    outer loop
      vertex 27.1896 -0.796649 -13.1013
      vertex 34.1896 -0.892542 -13.1506
      vertex 34.1896 -0.796649 -13.1013
    endloop
  endfacet
  facet normal 0 -0.457228 0.88935
    outer loop
      vertex 34.1896 -0.892542 -13.1506
      vertex 27.1896 -0.796649 -13.1013
      vertex 27.1896 -0.892542 -13.1506
    endloop
  endfacet
  facet normal 0 -0.494515 0.869169
    outer loop
      vertex 27.1896 -0.702968 -13.048
      vertex 34.1896 -0.796649 -13.1013
      vertex 34.1896 -0.702968 -13.048
    endloop
  endfacet
  facet normal 0 -0.494515 0.869169
    outer loop
      vertex 34.1896 -0.796649 -13.1013
      vertex 27.1896 -0.702968 -13.048
      vertex 27.1896 -0.796649 -13.1013
    endloop
  endfacet
  facet normal 0 -0.531595 0.846999
    outer loop
      vertex 27.1896 -0.611671 -12.9907
      vertex 34.1896 -0.702968 -13.048
      vertex 34.1896 -0.611671 -12.9907
    endloop
  endfacet
  facet normal 0 -0.531595 0.846999
    outer loop
      vertex 34.1896 -0.702968 -13.048
      vertex 27.1896 -0.611671 -12.9907
      vertex 27.1896 -0.702968 -13.048
    endloop
  endfacet
  facet normal 0 -0.567733 0.823213
    outer loop
      vertex 27.1896 -0.522931 -12.9295
      vertex 34.1896 -0.611671 -12.9907
      vertex 34.1896 -0.522931 -12.9295
    endloop
  endfacet
  facet normal 0 -0.567733 0.823213
    outer loop
      vertex 34.1896 -0.611671 -12.9907
      vertex 27.1896 -0.522931 -12.9295
      vertex 27.1896 -0.611671 -12.9907
    endloop
  endfacet
  facet normal 0 -0.602875 0.797836
    outer loop
      vertex 27.1896 -0.436911 -12.8645
      vertex 34.1896 -0.522931 -12.9295
      vertex 34.1896 -0.436911 -12.8645
    endloop
  endfacet
  facet normal 0 -0.602875 0.797836
    outer loop
      vertex 34.1896 -0.522931 -12.9295
      vertex 27.1896 -0.436911 -12.8645
      vertex 27.1896 -0.522931 -12.9295
    endloop
  endfacet
  facet normal 0 -0.636431 0.771334
    outer loop
      vertex 27.1896 -0.35377 -12.7959
      vertex 34.1896 -0.436911 -12.8645
      vertex 34.1896 -0.35377 -12.7959
    endloop
  endfacet
  facet normal 0 -0.636431 0.771334
    outer loop
      vertex 34.1896 -0.436911 -12.8645
      vertex 27.1896 -0.35377 -12.7959
      vertex 27.1896 -0.436911 -12.8645
    endloop
  endfacet
  facet normal 0 -0.668993 0.743269
    outer loop
      vertex 27.1896 -0.273665 -12.7238
      vertex 34.1896 -0.35377 -12.7959
      vertex 34.1896 -0.273665 -12.7238
    endloop
  endfacet
  facet normal 0 -0.668993 0.743269
    outer loop
      vertex 34.1896 -0.35377 -12.7959
      vertex 27.1896 -0.273665 -12.7238
      vertex 27.1896 -0.35377 -12.7959
    endloop
  endfacet
  facet normal 0 -0.700484 0.713668
    outer loop
      vertex 27.1896 -0.196744 -12.6483
      vertex 34.1896 -0.273665 -12.7238
      vertex 34.1896 -0.196744 -12.6483
    endloop
  endfacet
  facet normal 0 -0.700484 0.713668
    outer loop
      vertex 34.1896 -0.273665 -12.7238
      vertex 27.1896 -0.196744 -12.6483
      vertex 27.1896 -0.273665 -12.7238
    endloop
  endfacet
  facet normal 0 -0.730836 0.682553
    outer loop
      vertex 27.1896 -0.196744 -12.6483
      vertex 34.1896 -0.12315 -12.5695
      vertex 27.1896 -0.12315 -12.5695
    endloop
  endfacet
  facet normal 0 -0.730836 0.682553
    outer loop
      vertex 34.1896 -0.12315 -12.5695
      vertex 27.1896 -0.196744 -12.6483
      vertex 34.1896 -0.196744 -12.6483
    endloop
  endfacet
  facet normal 0 -0.759178 0.650883
    outer loop
      vertex 27.1896 -0.12315 -12.5695
      vertex 34.1896 -0.0530186 -12.4877
      vertex 27.1896 -0.0530186 -12.4877
    endloop
  endfacet
  facet normal 0 -0.759178 0.650883
    outer loop
      vertex 34.1896 -0.0530186 -12.4877
      vertex 27.1896 -0.12315 -12.5695
      vertex 34.1896 -0.12315 -12.5695
    endloop
  endfacet
  facet normal 0 -0.786735 0.61729
    outer loop
      vertex 27.1896 -0.0530186 -12.4877
      vertex 34.1896 0.0135174 -12.4029
      vertex 27.1896 0.0135174 -12.4029
    endloop
  endfacet
  facet normal 0 -0.786735 0.61729
    outer loop
      vertex 34.1896 0.0135174 -12.4029
      vertex 27.1896 -0.0530186 -12.4877
      vertex 34.1896 -0.0530186 -12.4877
    endloop
  endfacet
  facet normal 0 -0.812644 0.582761
    outer loop
      vertex 27.1896 0.0135174 -12.4029
      vertex 34.1896 0.0763369 -12.3153
      vertex 27.1896 0.0763369 -12.3153
    endloop
  endfacet
  facet normal 0 -0.812644 0.582761
    outer loop
      vertex 34.1896 0.0763369 -12.3153
      vertex 27.1896 0.0135174 -12.4029
      vertex 34.1896 0.0135174 -12.4029
    endloop
  endfacet
  facet normal 0 -0.837208 0.546884
    outer loop
      vertex 27.1896 0.0763369 -12.3153
      vertex 34.1896 0.135323 -12.225
      vertex 27.1896 0.135323 -12.225
    endloop
  endfacet
  facet normal 0 -0.837208 0.546884
    outer loop
      vertex 34.1896 0.135323 -12.225
      vertex 27.1896 0.0763369 -12.3153
      vertex 34.1896 0.0763369 -12.3153
    endloop
  endfacet
  facet normal 0 -0.859615 0.510942
    outer loop
      vertex 27.1896 0.135323 -12.225
      vertex 34.1896 0.190363 -12.1324
      vertex 27.1896 0.190363 -12.1324
    endloop
  endfacet
  facet normal 0 -0.859615 0.510942
    outer loop
      vertex 34.1896 0.190363 -12.1324
      vertex 27.1896 0.135323 -12.225
      vertex 34.1896 0.135323 -12.225
    endloop
  endfacet
  facet normal 0 -0.881085 0.472957
    outer loop
      vertex 27.1896 0.190363 -12.1324
      vertex 34.1896 0.241358 -12.0374
      vertex 27.1896 0.241358 -12.0374
    endloop
  endfacet
  facet normal 0 -0.881085 0.472957
    outer loop
      vertex 34.1896 0.241358 -12.0374
      vertex 27.1896 0.190363 -12.1324
      vertex 34.1896 0.190363 -12.1324
    endloop
  endfacet
  facet normal 0 -0.900635 0.434577
    outer loop
      vertex 27.1896 0.241358 -12.0374
      vertex 34.1896 0.288211 -11.9403
      vertex 27.1896 0.288211 -11.9403
    endloop
  endfacet
  facet normal 0 -0.900635 0.434577
    outer loop
      vertex 34.1896 0.288211 -11.9403
      vertex 27.1896 0.241358 -12.0374
      vertex 34.1896 0.241358 -12.0374
    endloop
  endfacet
  facet normal 0 -0.918487 0.395451
    outer loop
      vertex 27.1896 0.288211 -11.9403
      vertex 34.1896 0.330835 -11.8413
      vertex 27.1896 0.330835 -11.8413
    endloop
  endfacet
  facet normal 0 -0.918487 0.395451
    outer loop
      vertex 34.1896 0.330835 -11.8413
      vertex 27.1896 0.288211 -11.9403
      vertex 34.1896 0.288211 -11.9403
    endloop
  endfacet
  facet normal 0 -0.934623 0.355639
    outer loop
      vertex 27.1896 0.330835 -11.8413
      vertex 34.1896 0.369153 -11.7406
      vertex 27.1896 0.369153 -11.7406
    endloop
  endfacet
  facet normal 0 -0.934623 0.355639
    outer loop
      vertex 34.1896 0.369153 -11.7406
      vertex 27.1896 0.330835 -11.8413
      vertex 34.1896 0.330835 -11.8413
    endloop
  endfacet
  facet normal 0 -0.949225 0.314598
    outer loop
      vertex 27.1896 0.369153 -11.7406
      vertex 34.1896 0.403091 -11.6382
      vertex 27.1896 0.403091 -11.6382
    endloop
  endfacet
  facet normal 0 -0.949225 0.314598
    outer loop
      vertex 34.1896 0.403091 -11.6382
      vertex 27.1896 0.369153 -11.7406
      vertex 34.1896 0.369153 -11.7406
    endloop
  endfacet
  facet normal 0 -0.961776 0.273837
    outer loop
      vertex 27.1896 0.403091 -11.6382
      vertex 34.1896 0.432588 -11.5346
      vertex 27.1896 0.432588 -11.5346
    endloop
  endfacet
  facet normal 0 -0.961776 0.273837
    outer loop
      vertex 34.1896 0.432588 -11.5346
      vertex 27.1896 0.403091 -11.6382
      vertex 34.1896 0.403091 -11.6382
    endloop
  endfacet
  facet normal 0 -0.972759 0.231821
    outer loop
      vertex 27.1896 0.432588 -11.5346
      vertex 34.1896 0.457587 -11.4297
      vertex 27.1896 0.457587 -11.4297
    endloop
  endfacet
  facet normal 0 -0.972759 0.231821
    outer loop
      vertex 34.1896 0.457587 -11.4297
      vertex 27.1896 0.432588 -11.5346
      vertex 34.1896 0.432588 -11.5346
    endloop
  endfacet
  facet normal 0 -0.981815 0.189839
    outer loop
      vertex 27.1896 0.457587 -11.4297
      vertex 34.1896 0.478044 -11.3239
      vertex 27.1896 0.478044 -11.3239
    endloop
  endfacet
  facet normal 0 -0.981815 0.189839
    outer loop
      vertex 34.1896 0.478044 -11.3239
      vertex 27.1896 0.457587 -11.4297
      vertex 34.1896 0.457587 -11.4297
    endloop
  endfacet
  facet normal 0 -0.989092 0.147297
    outer loop
      vertex 27.1896 0.478044 -11.3239
      vertex 34.1896 0.493919 -11.2173
      vertex 27.1896 0.493919 -11.2173
    endloop
  endfacet
  facet normal 0 -0.989092 0.147297
    outer loop
      vertex 34.1896 0.493919 -11.2173
      vertex 27.1896 0.478044 -11.3239
      vertex 34.1896 0.478044 -11.3239
    endloop
  endfacet
  facet normal 0 -0.994534 0.104412
    outer loop
      vertex 27.1896 0.493919 -11.2173
      vertex 34.1896 0.505184 -11.11
      vertex 27.1896 0.505184 -11.11
    endloop
  endfacet
  facet normal 0 -0.994534 0.104412
    outer loop
      vertex 34.1896 0.505184 -11.11
      vertex 27.1896 0.493919 -11.2173
      vertex 34.1896 0.493919 -11.2173
    endloop
  endfacet
  facet normal 0 -0.998102 0.061576
    outer loop
      vertex 27.1896 0.505184 -11.11
      vertex 34.1896 0.511816 -11.0025
      vertex 27.1896 0.511816 -11.0025
    endloop
  endfacet
  facet normal 0 -0.998102 0.061576
    outer loop
      vertex 34.1896 0.511816 -11.0025
      vertex 27.1896 0.505184 -11.11
      vertex 34.1896 0.505184 -11.11
    endloop
  endfacet
  facet normal -0 0 1
    outer loop
      vertex 32.388 5.32963 -11.0025
      vertex 33.6896 2.51271 -11.0025
      vertex 33.6896 8.75548 -11.0025
    endloop
  endfacet
  facet normal 0 0 1
    outer loop
      vertex 33.6896 2.51271 -11.0025
      vertex 32.388 5.32963 -11.0025
      vertex 32.3896 5.25548 -11.0025
    endloop
  endfacet
  facet normal 0 0 1
    outer loop
      vertex 33.6896 8.75548 -11.0025
      vertex 32.3832 5.40364 -11.0025
      vertex 32.388 5.32963 -11.0025
    endloop
  endfacet
  facet normal 0 0 1
    outer loop
      vertex 33.6896 8.75548 -11.0025
      vertex 32.3751 5.47737 -11.0025
      vertex 32.3832 5.40364 -11.0025
    endloop
  endfacet
  facet normal 0 0 1
    outer loop
      vertex 33.6896 8.75548 -11.0025
      vertex 32.3638 5.55068 -11.0025
      vertex 32.3751 5.47737 -11.0025
    endloop
  endfacet
  facet normal 0 0 1
    outer loop
      vertex 33.6896 8.75548 -11.0025
      vertex 32.3493 5.62342 -11.0025
      vertex 32.3638 5.55068 -11.0025
    endloop
  endfacet
  facet normal 0 0 1
    outer loop
      vertex 33.6896 8.75548 -11.0025
      vertex 32.3317 5.69547 -11.0025
      vertex 32.3493 5.62342 -11.0025
    endloop
  endfacet
  facet normal 0 0 1
    outer loop
      vertex 33.6896 8.75548 -11.0025
      vertex 32.311 5.76667 -11.0025
      vertex 32.3317 5.69547 -11.0025
    endloop
  endfacet
  facet normal 0 0 1
    outer loop
      vertex 33.6896 8.75548 -11.0025
      vertex 32.2871 5.83691 -11.0025
      vertex 32.311 5.76667 -11.0025
    endloop
  endfacet
  facet normal 0 0 1
    outer loop
      vertex 33.6896 8.75548 -11.0025
      vertex 32.2602 5.90604 -11.0025
      vertex 32.2871 5.83691 -11.0025
    endloop
  endfacet
  facet normal 0 0 1
    outer loop
      vertex 33.6896 8.75548 -11.0025
      vertex 32.2304 5.97393 -11.0025
      vertex 32.2602 5.90604 -11.0025
    endloop
  endfacet
  facet normal 0 0 1
    outer loop
      vertex 33.6896 8.75548 -11.0025
      vertex 32.1976 6.04045 -11.0025
      vertex 32.2304 5.97393 -11.0025
    endloop
  endfacet
  facet normal 0 0 1
    outer loop
      vertex 33.6896 8.75548 -11.0025
      vertex 32.1619 6.10547 -11.0025
      vertex 32.1976 6.04045 -11.0025
    endloop
  endfacet
  facet normal 0 0 1
    outer loop
      vertex 33.6896 8.75548 -11.0025
      vertex 32.1234 6.16888 -11.0025
      vertex 32.1619 6.10547 -11.0025
    endloop
  endfacet
  facet normal 0 0 1
    outer loop
      vertex 33.6896 8.75548 -11.0025
      vertex 32.0822 6.23055 -11.0025
      vertex 32.1234 6.16888 -11.0025
    endloop
  endfacet
  facet normal 0 0 1
    outer loop
      vertex 33.6896 8.75548 -11.0025
      vertex 32.0383 6.29037 -11.0025
      vertex 32.0822 6.23055 -11.0025
    endloop
  endfacet
  facet normal 0 0 1
    outer loop
      vertex 33.6896 8.75548 -11.0025
      vertex 31.9919 6.34821 -11.0025
      vertex 32.0383 6.29037 -11.0025
    endloop
  endfacet
  facet normal 0 0 1
    outer loop
      vertex 33.6896 8.75548 -11.0025
      vertex 31.943 6.40398 -11.0025
      vertex 31.9919 6.34821 -11.0025
    endloop
  endfacet
  facet normal 0 0 1
    outer loop
      vertex 33.6896 8.75548 -11.0025
      vertex 31.8917 6.45756 -11.0025
      vertex 31.943 6.40398 -11.0025
    endloop
  endfacet
  facet normal 0 0 1
    outer loop
      vertex 33.6896 8.75548 -11.0025
      vertex 31.8381 6.50885 -11.0025
      vertex 31.8917 6.45756 -11.0025
    endloop
  endfacet
  facet normal 0 0 1
    outer loop
      vertex 33.6896 8.75548 -11.0025
      vertex 31.7824 6.55775 -11.0025
      vertex 31.8381 6.50885 -11.0025
    endloop
  endfacet
  facet normal 0 0 1
    outer loop
      vertex 33.6896 8.75548 -11.0025
      vertex 31.7245 6.60418 -11.0025
      vertex 31.7824 6.55775 -11.0025
    endloop
  endfacet
  facet normal 0 0 1
    outer loop
      vertex 33.6896 8.75548 -11.0025
      vertex 31.6647 6.64803 -11.0025
      vertex 31.7245 6.60418 -11.0025
    endloop
  endfacet
  facet normal 0 0 1
    outer loop
      vertex 33.6896 8.75548 -11.0025
      vertex 31.6031 6.68924 -11.0025
      vertex 31.6647 6.64803 -11.0025
    endloop
  endfacet
  facet normal 0 0 1
    outer loop
      vertex 33.6896 8.75548 -11.0025
      vertex 31.5396 6.72772 -11.0025
      vertex 31.6031 6.68924 -11.0025
    endloop
  endfacet
  facet normal 0 0 1
    outer loop
      vertex 33.6896 8.75548 -11.0025
      vertex 31.4746 6.76339 -11.0025
      vertex 31.5396 6.72772 -11.0025
    endloop
  endfacet
  facet normal 0 0 1
    outer loop
      vertex 33.6896 8.75548 -11.0025
      vertex 31.4081 6.7962 -11.0025
      vertex 31.4746 6.76339 -11.0025
    endloop
  endfacet
  facet normal 0 0 1
    outer loop
      vertex 33.6896 8.75548 -11.0025
      vertex 31.3402 6.82607 -11.0025
      vertex 31.4081 6.7962 -11.0025
    endloop
  endfacet
  facet normal 0 0 1
    outer loop
      vertex 33.6896 8.75548 -11.0025
      vertex 31.2711 6.85295 -11.0025
      vertex 31.3402 6.82607 -11.0025
    endloop
  endfacet
  facet normal 0 0 1
    outer loop
      vertex 33.6896 8.75548 -11.0025
      vertex 31.2008 6.87679 -11.0025
      vertex 31.2711 6.85295 -11.0025
    endloop
  endfacet
  facet normal 0 0 1
    outer loop
      vertex 33.6896 8.75548 -11.0025
      vertex 31.1296 6.89755 -11.0025
      vertex 31.2008 6.87679 -11.0025
    endloop
  endfacet
  facet normal 0 0 1
    outer loop
      vertex 33.6896 8.75548 -11.0025
      vertex 31.0576 6.91518 -11.0025
      vertex 31.1296 6.89755 -11.0025
    endloop
  endfacet
  facet normal 0 0 1
    outer loop
      vertex 33.6896 8.75548 -11.0025
      vertex 30.9848 6.92965 -11.0025
      vertex 31.0576 6.91518 -11.0025
    endloop
  endfacet
  facet normal 0 0 1
    outer loop
      vertex 33.6896 8.75548 -11.0025
      vertex 30.9115 6.94093 -11.0025
      vertex 30.9848 6.92965 -11.0025
    endloop
  endfacet
  facet normal 0 0 1
    outer loop
      vertex 33.6896 8.75548 -11.0025
      vertex 30.8378 6.94901 -11.0025
      vertex 30.9115 6.94093 -11.0025
    endloop
  endfacet
  facet normal 0 0 1
    outer loop
      vertex 33.6896 8.75548 -11.0025
      vertex 30.7638 6.95386 -11.0025
      vertex 30.8378 6.94901 -11.0025
    endloop
  endfacet
  facet normal 0 0 1
    outer loop
      vertex 33.6896 8.75548 -11.0025
      vertex 30.6896 6.95547 -11.0025
      vertex 30.7638 6.95386 -11.0025
    endloop
  endfacet
  facet normal -0 0 1
    outer loop
      vertex 27.6896 8.75548 -11.0025
      vertex 30.6896 6.95547 -11.0025
      vertex 33.6896 8.75548 -11.0025
    endloop
  endfacet
  facet normal 0 0 1
    outer loop
      vertex 30.6896 6.95547 -11.0025
      vertex 27.6896 8.75548 -11.0025
      vertex 30.6155 6.95386 -11.0025
    endloop
  endfacet
  facet normal 0 0 1
    outer loop
      vertex 30.6155 6.95386 -11.0025
      vertex 27.6896 8.75548 -11.0025
      vertex 30.5415 6.94901 -11.0025
    endloop
  endfacet
  facet normal 0 0 1
    outer loop
      vertex 30.5415 6.94901 -11.0025
      vertex 27.6896 8.75548 -11.0025
      vertex 30.4677 6.94093 -11.0025
    endloop
  endfacet
  facet normal 0 0 1
    outer loop
      vertex 30.4677 6.94093 -11.0025
      vertex 27.6896 8.75548 -11.0025
      vertex 30.3944 6.92965 -11.0025
    endloop
  endfacet
  facet normal 0 0 1
    outer loop
      vertex 30.3944 6.92965 -11.0025
      vertex 27.6896 8.75548 -11.0025
      vertex 30.3217 6.91518 -11.0025
    endloop
  endfacet
  facet normal 0 0 1
    outer loop
      vertex 30.3217 6.91518 -11.0025
      vertex 27.6896 8.75548 -11.0025
      vertex 30.2496 6.89755 -11.0025
    endloop
  endfacet
  facet normal 0 0 1
    outer loop
      vertex 30.2496 6.89755 -11.0025
      vertex 27.6896 8.75548 -11.0025
      vertex 30.1784 6.87679 -11.0025
    endloop
  endfacet
  facet normal 0 0 1
    outer loop
      vertex 30.1784 6.87679 -11.0025
      vertex 27.6896 8.75548 -11.0025
      vertex 30.1082 6.85295 -11.0025
    endloop
  endfacet
  facet normal 0 0 1
    outer loop
      vertex 30.1082 6.85295 -11.0025
      vertex 27.6896 8.75548 -11.0025
      vertex 30.0391 6.82607 -11.0025
    endloop
  endfacet
  facet normal 0 0 1
    outer loop
      vertex 30.0391 6.82607 -11.0025
      vertex 27.6896 8.75548 -11.0025
      vertex 29.9712 6.7962 -11.0025
    endloop
  endfacet
  facet normal 0 0 1
    outer loop
      vertex 27.6896 2.51271 -11.0025
      vertex 28.9913 5.32963 -11.0025
      vertex 27.6896 8.75548 -11.0025
    endloop
  endfacet
  facet normal 0 0 1
    outer loop
      vertex 28.9961 5.40364 -11.0025
      vertex 27.6896 8.75548 -11.0025
      vertex 28.9913 5.32963 -11.0025
    endloop
  endfacet
  facet normal 0 0 1
    outer loop
      vertex 29.0042 5.47737 -11.0025
      vertex 27.6896 8.75548 -11.0025
      vertex 28.9961 5.40364 -11.0025
    endloop
  endfacet
  facet normal 0 0 1
    outer loop
      vertex 29.0155 5.55068 -11.0025
      vertex 27.6896 8.75548 -11.0025
      vertex 29.0042 5.47737 -11.0025
    endloop
  endfacet
  facet normal 0 0 1
    outer loop
      vertex 29.0299 5.62342 -11.0025
      vertex 27.6896 8.75548 -11.0025
      vertex 29.0155 5.55068 -11.0025
    endloop
  endfacet
  facet normal 0 0 1
    outer loop
      vertex 29.0476 5.69547 -11.0025
      vertex 27.6896 8.75548 -11.0025
      vertex 29.0299 5.62342 -11.0025
    endloop
  endfacet
  facet normal 0 0 1
    outer loop
      vertex 29.0683 5.76667 -11.0025
      vertex 27.6896 8.75548 -11.0025
      vertex 29.0476 5.69547 -11.0025
    endloop
  endfacet
  facet normal 0 0 1
    outer loop
      vertex 29.0922 5.83691 -11.0025
      vertex 27.6896 8.75548 -11.0025
      vertex 29.0683 5.76667 -11.0025
    endloop
  endfacet
  facet normal 0 0 1
    outer loop
      vertex 29.119 5.90604 -11.0025
      vertex 27.6896 8.75548 -11.0025
      vertex 29.0922 5.83691 -11.0025
    endloop
  endfacet
  facet normal 0 0 1
    outer loop
      vertex 29.1489 5.97393 -11.0025
      vertex 27.6896 8.75548 -11.0025
      vertex 29.119 5.90604 -11.0025
    endloop
  endfacet
  facet normal 0 0 1
    outer loop
      vertex 29.1817 6.04045 -11.0025
      vertex 27.6896 8.75548 -11.0025
      vertex 29.1489 5.97393 -11.0025
    endloop
  endfacet
  facet normal 0 0 1
    outer loop
      vertex 29.2174 6.10547 -11.0025
      vertex 27.6896 8.75548 -11.0025
      vertex 29.1817 6.04045 -11.0025
    endloop
  endfacet
  facet normal 0 0 1
    outer loop
      vertex 29.2559 6.16888 -11.0025
      vertex 27.6896 8.75548 -11.0025
      vertex 29.2174 6.10547 -11.0025
    endloop
  endfacet
  facet normal 0 0 1
    outer loop
      vertex 29.2971 6.23055 -11.0025
      vertex 27.6896 8.75548 -11.0025
      vertex 29.2559 6.16888 -11.0025
    endloop
  endfacet
  facet normal 0 0 1
    outer loop
      vertex 29.3409 6.29037 -11.0025
      vertex 27.6896 8.75548 -11.0025
      vertex 29.2971 6.23055 -11.0025
    endloop
  endfacet
  facet normal 0 0 1
    outer loop
      vertex 29.3874 6.34821 -11.0025
      vertex 27.6896 8.75548 -11.0025
      vertex 29.3409 6.29037 -11.0025
    endloop
  endfacet
  facet normal 0 0 1
    outer loop
      vertex 29.4363 6.40398 -11.0025
      vertex 27.6896 8.75548 -11.0025
      vertex 29.3874 6.34821 -11.0025
    endloop
  endfacet
  facet normal 0 0 1
    outer loop
      vertex 29.4876 6.45756 -11.0025
      vertex 27.6896 8.75548 -11.0025
      vertex 29.4363 6.40398 -11.0025
    endloop
  endfacet
  facet normal 0 0 1
    outer loop
      vertex 29.5411 6.50885 -11.0025
      vertex 27.6896 8.75548 -11.0025
      vertex 29.4876 6.45756 -11.0025
    endloop
  endfacet
  facet normal 0 0 1
    outer loop
      vertex 29.5969 6.55775 -11.0025
      vertex 27.6896 8.75548 -11.0025
      vertex 29.5411 6.50885 -11.0025
    endloop
  endfacet
  facet normal 0 0 1
    outer loop
      vertex 29.6547 6.60418 -11.0025
      vertex 27.6896 8.75548 -11.0025
      vertex 29.5969 6.55775 -11.0025
    endloop
  endfacet
  facet normal 0 0 1
    outer loop
      vertex 29.7146 6.64803 -11.0025
      vertex 27.6896 8.75548 -11.0025
      vertex 29.6547 6.60418 -11.0025
    endloop
  endfacet
  facet normal 0 0 1
    outer loop
      vertex 29.7762 6.68924 -11.0025
      vertex 27.6896 8.75548 -11.0025
      vertex 29.7146 6.64803 -11.0025
    endloop
  endfacet
  facet normal 0 0 1
    outer loop
      vertex 29.8396 6.72772 -11.0025
      vertex 27.6896 8.75548 -11.0025
      vertex 29.7762 6.68924 -11.0025
    endloop
  endfacet
  facet normal 0 0 1
    outer loop
      vertex 29.9047 6.76339 -11.0025
      vertex 27.6896 8.75548 -11.0025
      vertex 29.8396 6.72772 -11.0025
    endloop
  endfacet
  facet normal 0 0 1
    outer loop
      vertex 29.9712 6.7962 -11.0025
      vertex 27.6896 8.75548 -11.0025
      vertex 29.9047 6.76339 -11.0025
    endloop
  endfacet
  facet normal -0 0 1
    outer loop
      vertex 33.6896 2.51271 -11.0025
      vertex 34.1896 0.511816 -11.0025
      vertex 34.1896 2.51271 -11.0025
    endloop
  endfacet
  facet normal -0 0 1
    outer loop
      vertex 32.388 5.18132 -11.0025
      vertex 33.6896 2.51271 -11.0025
      vertex 32.3896 5.25548 -11.0025
    endloop
  endfacet
  facet normal -0 0 1
    outer loop
      vertex 32.3832 5.10731 -11.0025
      vertex 33.6896 2.51271 -11.0025
      vertex 32.388 5.18132 -11.0025
    endloop
  endfacet
  facet normal -0 0 1
    outer loop
      vertex 32.3751 5.03358 -11.0025
      vertex 33.6896 2.51271 -11.0025
      vertex 32.3832 5.10731 -11.0025
    endloop
  endfacet
  facet normal -0 0 1
    outer loop
      vertex 32.3638 4.96027 -11.0025
      vertex 33.6896 2.51271 -11.0025
      vertex 32.3751 5.03358 -11.0025
    endloop
  endfacet
  facet normal -0 0 1
    outer loop
      vertex 32.3493 4.88753 -11.0025
      vertex 33.6896 2.51271 -11.0025
      vertex 32.3638 4.96027 -11.0025
    endloop
  endfacet
  facet normal -0 0 1
    outer loop
      vertex 32.3317 4.81548 -11.0025
      vertex 33.6896 2.51271 -11.0025
      vertex 32.3493 4.88753 -11.0025
    endloop
  endfacet
  facet normal -0 0 1
    outer loop
      vertex 32.311 4.74428 -11.0025
      vertex 33.6896 2.51271 -11.0025
      vertex 32.3317 4.81548 -11.0025
    endloop
  endfacet
  facet normal -0 0 1
    outer loop
      vertex 32.2871 4.67404 -11.0025
      vertex 33.6896 2.51271 -11.0025
      vertex 32.311 4.74428 -11.0025
    endloop
  endfacet
  facet normal -0 0 1
    outer loop
      vertex 32.2602 4.60491 -11.0025
      vertex 33.6896 2.51271 -11.0025
      vertex 32.2871 4.67404 -11.0025
    endloop
  endfacet
  facet normal -0 0 1
    outer loop
      vertex 32.2304 4.53702 -11.0025
      vertex 33.6896 2.51271 -11.0025
      vertex 32.2602 4.60491 -11.0025
    endloop
  endfacet
  facet normal -0 0 1
    outer loop
      vertex 32.1976 4.4705 -11.0025
      vertex 33.6896 2.51271 -11.0025
      vertex 32.2304 4.53702 -11.0025
    endloop
  endfacet
  facet normal -0 0 1
    outer loop
      vertex 32.1619 4.40547 -11.0025
      vertex 33.6896 2.51271 -11.0025
      vertex 32.1976 4.4705 -11.0025
    endloop
  endfacet
  facet normal -0 0 1
    outer loop
      vertex 32.1234 4.34207 -11.0025
      vertex 33.6896 2.51271 -11.0025
      vertex 32.1619 4.40547 -11.0025
    endloop
  endfacet
  facet normal -0 0 1
    outer loop
      vertex 32.0822 4.2804 -11.0025
      vertex 33.6896 2.51271 -11.0025
      vertex 32.1234 4.34207 -11.0025
    endloop
  endfacet
  facet normal -0 0 1
    outer loop
      vertex 32.0383 4.22058 -11.0025
      vertex 33.6896 2.51271 -11.0025
      vertex 32.0822 4.2804 -11.0025
    endloop
  endfacet
  facet normal -0 0 1
    outer loop
      vertex 31.9919 4.16274 -11.0025
      vertex 33.6896 2.51271 -11.0025
      vertex 32.0383 4.22058 -11.0025
    endloop
  endfacet
  facet normal -0 0 1
    outer loop
      vertex 31.943 4.10697 -11.0025
      vertex 33.6896 2.51271 -11.0025
      vertex 31.9919 4.16274 -11.0025
    endloop
  endfacet
  facet normal -0 0 1
    outer loop
      vertex 31.8917 4.05339 -11.0025
      vertex 33.6896 2.51271 -11.0025
      vertex 31.943 4.10697 -11.0025
    endloop
  endfacet
  facet normal -0 0 1
    outer loop
      vertex 31.8381 4.0021 -11.0025
      vertex 33.6896 2.51271 -11.0025
      vertex 31.8917 4.05339 -11.0025
    endloop
  endfacet
  facet normal -0 0 1
    outer loop
      vertex 31.7824 3.9532 -11.0025
      vertex 33.6896 2.51271 -11.0025
      vertex 31.8381 4.0021 -11.0025
    endloop
  endfacet
  facet normal -0 0 1
    outer loop
      vertex 31.7245 3.90677 -11.0025
      vertex 33.6896 2.51271 -11.0025
      vertex 31.7824 3.9532 -11.0025
    endloop
  endfacet
  facet normal -0 0 1
    outer loop
      vertex 31.6647 3.86292 -11.0025
      vertex 33.6896 2.51271 -11.0025
      vertex 31.7245 3.90677 -11.0025
    endloop
  endfacet
  facet normal -0 0 1
    outer loop
      vertex 31.6031 3.82171 -11.0025
      vertex 33.6896 2.51271 -11.0025
      vertex 31.6647 3.86292 -11.0025
    endloop
  endfacet
  facet normal -0 0 1
    outer loop
      vertex 31.5396 3.78323 -11.0025
      vertex 33.6896 2.51271 -11.0025
      vertex 31.6031 3.82171 -11.0025
    endloop
  endfacet
  facet normal -0 0 1
    outer loop
      vertex 31.4746 3.74756 -11.0025
      vertex 33.6896 2.51271 -11.0025
      vertex 31.5396 3.78323 -11.0025
    endloop
  endfacet
  facet normal -0 0 1
    outer loop
      vertex 31.4081 3.71475 -11.0025
      vertex 33.6896 2.51271 -11.0025
      vertex 31.4746 3.74756 -11.0025
    endloop
  endfacet
  facet normal -0 0 1
    outer loop
      vertex 31.3402 3.68488 -11.0025
      vertex 33.6896 2.51271 -11.0025
      vertex 31.4081 3.71475 -11.0025
    endloop
  endfacet
  facet normal -0 0 1
    outer loop
      vertex 31.2711 3.658 -11.0025
      vertex 33.6896 2.51271 -11.0025
      vertex 31.3402 3.68488 -11.0025
    endloop
  endfacet
  facet normal -0 0 1
    outer loop
      vertex 31.2008 3.63416 -11.0025
      vertex 33.6896 2.51271 -11.0025
      vertex 31.2711 3.658 -11.0025
    endloop
  endfacet
  facet normal -0 0 1
    outer loop
      vertex 31.1296 3.6134 -11.0025
      vertex 33.6896 2.51271 -11.0025
      vertex 31.2008 3.63416 -11.0025
    endloop
  endfacet
  facet normal -0 0 1
    outer loop
      vertex 31.0576 3.59577 -11.0025
      vertex 33.6896 2.51271 -11.0025
      vertex 31.1296 3.6134 -11.0025
    endloop
  endfacet
  facet normal -0 0 1
    outer loop
      vertex 30.9848 3.5813 -11.0025
      vertex 33.6896 2.51271 -11.0025
      vertex 31.0576 3.59577 -11.0025
    endloop
  endfacet
  facet normal 0 0 1
    outer loop
      vertex 33.6896 2.51271 -11.0025
      vertex 30.9848 3.5813 -11.0025
      vertex 34.1896 0.511816 -11.0025
    endloop
  endfacet
  facet normal -0 0 1
    outer loop
      vertex 30.9115 3.57002 -11.0025
      vertex 34.1896 0.511816 -11.0025
      vertex 30.9848 3.5813 -11.0025
    endloop
  endfacet
  facet normal -0 0 1
    outer loop
      vertex 30.8378 3.56194 -11.0025
      vertex 34.1896 0.511816 -11.0025
      vertex 30.9115 3.57002 -11.0025
    endloop
  endfacet
  facet normal -0 0 1
    outer loop
      vertex 30.7638 3.55709 -11.0025
      vertex 34.1896 0.511816 -11.0025
      vertex 30.8378 3.56194 -11.0025
    endloop
  endfacet
  facet normal -0 0 1
    outer loop
      vertex 30.6896 3.55547 -11.0025
      vertex 34.1896 0.511816 -11.0025
      vertex 30.7638 3.55709 -11.0025
    endloop
  endfacet
  facet normal 0 0 1
    outer loop
      vertex 27.1896 0.511816 -11.0025
      vertex 30.6896 3.55547 -11.0025
      vertex 30.6155 3.55709 -11.0025
    endloop
  endfacet
  facet normal 0 0 1
    outer loop
      vertex 27.1896 0.511816 -11.0025
      vertex 30.6155 3.55709 -11.0025
      vertex 30.5415 3.56194 -11.0025
    endloop
  endfacet
  facet normal 0 0 1
    outer loop
      vertex 27.1896 0.511816 -11.0025
      vertex 30.5415 3.56194 -11.0025
      vertex 30.4677 3.57002 -11.0025
    endloop
  endfacet
  facet normal 0 0 1
    outer loop
      vertex 27.1896 0.511816 -11.0025
      vertex 30.4677 3.57002 -11.0025
      vertex 30.3944 3.5813 -11.0025
    endloop
  endfacet
  facet normal 0 0 1
    outer loop
      vertex 27.6896 2.51271 -11.0025
      vertex 30.3944 3.5813 -11.0025
      vertex 30.3217 3.59577 -11.0025
    endloop
  endfacet
  facet normal 0 0 1
    outer loop
      vertex 27.6896 2.51271 -11.0025
      vertex 30.3217 3.59577 -11.0025
      vertex 30.2496 3.6134 -11.0025
    endloop
  endfacet
  facet normal 0 0 1
    outer loop
      vertex 27.6896 2.51271 -11.0025
      vertex 30.2496 3.6134 -11.0025
      vertex 30.1784 3.63416 -11.0025
    endloop
  endfacet
  facet normal 0 0 1
    outer loop
      vertex 27.6896 2.51271 -11.0025
      vertex 30.1784 3.63416 -11.0025
      vertex 30.1082 3.658 -11.0025
    endloop
  endfacet
  facet normal 0 0 1
    outer loop
      vertex 27.6896 2.51271 -11.0025
      vertex 30.1082 3.658 -11.0025
      vertex 30.0391 3.68488 -11.0025
    endloop
  endfacet
  facet normal 0 0 1
    outer loop
      vertex 27.6896 2.51271 -11.0025
      vertex 30.0391 3.68488 -11.0025
      vertex 29.9712 3.71475 -11.0025
    endloop
  endfacet
  facet normal 0 0 1
    outer loop
      vertex 27.6896 2.51271 -11.0025
      vertex 29.9712 3.71475 -11.0025
      vertex 29.9047 3.74756 -11.0025
    endloop
  endfacet
  facet normal 0 0 1
    outer loop
      vertex 27.6896 2.51271 -11.0025
      vertex 29.9047 3.74756 -11.0025
      vertex 29.8396 3.78323 -11.0025
    endloop
  endfacet
  facet normal 0 0 1
    outer loop
      vertex 27.6896 2.51271 -11.0025
      vertex 29.8396 3.78323 -11.0025
      vertex 29.7762 3.82171 -11.0025
    endloop
  endfacet
  facet normal 0 0 1
    outer loop
      vertex 27.6896 2.51271 -11.0025
      vertex 29.7762 3.82171 -11.0025
      vertex 29.7146 3.86292 -11.0025
    endloop
  endfacet
  facet normal 0 0 1
    outer loop
      vertex 27.6896 2.51271 -11.0025
      vertex 29.7146 3.86292 -11.0025
      vertex 29.6547 3.90677 -11.0025
    endloop
  endfacet
  facet normal 0 0 1
    outer loop
      vertex 28.9913 5.32963 -11.0025
      vertex 27.6896 2.51271 -11.0025
      vertex 28.9896 5.25548 -11.0025
    endloop
  endfacet
  facet normal 0 0 1
    outer loop
      vertex 28.9896 5.25548 -11.0025
      vertex 27.6896 2.51271 -11.0025
      vertex 28.9913 5.18132 -11.0025
    endloop
  endfacet
  facet normal 0 0 1
    outer loop
      vertex 28.9913 5.18132 -11.0025
      vertex 27.6896 2.51271 -11.0025
      vertex 28.9961 5.10731 -11.0025
    endloop
  endfacet
  facet normal 0 0 1
    outer loop
      vertex 28.9961 5.10731 -11.0025
      vertex 27.6896 2.51271 -11.0025
      vertex 29.0042 5.03358 -11.0025
    endloop
  endfacet
  facet normal 0 0 1
    outer loop
      vertex 29.0042 5.03358 -11.0025
      vertex 27.6896 2.51271 -11.0025
      vertex 29.0155 4.96027 -11.0025
    endloop
  endfacet
  facet normal 0 0 1
    outer loop
      vertex 29.0155 4.96027 -11.0025
      vertex 27.6896 2.51271 -11.0025
      vertex 29.0299 4.88753 -11.0025
    endloop
  endfacet
  facet normal 0 0 1
    outer loop
      vertex 29.0299 4.88753 -11.0025
      vertex 27.6896 2.51271 -11.0025
      vertex 29.0476 4.81548 -11.0025
    endloop
  endfacet
  facet normal 0 0 1
    outer loop
      vertex 29.0476 4.81548 -11.0025
      vertex 27.6896 2.51271 -11.0025
      vertex 29.0683 4.74428 -11.0025
    endloop
  endfacet
  facet normal 0 0 1
    outer loop
      vertex 29.0683 4.74428 -11.0025
      vertex 27.6896 2.51271 -11.0025
      vertex 29.0922 4.67404 -11.0025
    endloop
  endfacet
  facet normal 0 0 1
    outer loop
      vertex 27.6896 2.51271 -11.0025
      vertex 29.119 4.60491 -11.0025
      vertex 29.0922 4.67404 -11.0025
    endloop
  endfacet
  facet normal 0 0 1
    outer loop
      vertex 27.6896 2.51271 -11.0025
      vertex 29.1489 4.53702 -11.0025
      vertex 29.119 4.60491 -11.0025
    endloop
  endfacet
  facet normal 0 0 1
    outer loop
      vertex 27.6896 2.51271 -11.0025
      vertex 29.1817 4.4705 -11.0025
      vertex 29.1489 4.53702 -11.0025
    endloop
  endfacet
  facet normal 0 0 1
    outer loop
      vertex 27.6896 2.51271 -11.0025
      vertex 29.2174 4.40547 -11.0025
      vertex 29.1817 4.4705 -11.0025
    endloop
  endfacet
  facet normal 0 0 1
    outer loop
      vertex 27.6896 2.51271 -11.0025
      vertex 29.2559 4.34207 -11.0025
      vertex 29.2174 4.40547 -11.0025
    endloop
  endfacet
  facet normal 0 0 1
    outer loop
      vertex 27.6896 2.51271 -11.0025
      vertex 29.2971 4.2804 -11.0025
      vertex 29.2559 4.34207 -11.0025
    endloop
  endfacet
  facet normal 0 0 1
    outer loop
      vertex 27.6896 2.51271 -11.0025
      vertex 29.3409 4.22058 -11.0025
      vertex 29.2971 4.2804 -11.0025
    endloop
  endfacet
  facet normal 0 0 1
    outer loop
      vertex 27.6896 2.51271 -11.0025
      vertex 29.3874 4.16274 -11.0025
      vertex 29.3409 4.22058 -11.0025
    endloop
  endfacet
  facet normal 0 0 1
    outer loop
      vertex 27.6896 2.51271 -11.0025
      vertex 29.4363 4.10697 -11.0025
      vertex 29.3874 4.16274 -11.0025
    endloop
  endfacet
  facet normal 0 0 1
    outer loop
      vertex 27.6896 2.51271 -11.0025
      vertex 29.4876 4.05339 -11.0025
      vertex 29.4363 4.10697 -11.0025
    endloop
  endfacet
  facet normal 0 0 1
    outer loop
      vertex 27.6896 2.51271 -11.0025
      vertex 29.5411 4.0021 -11.0025
      vertex 29.4876 4.05339 -11.0025
    endloop
  endfacet
  facet normal 0 0 1
    outer loop
      vertex 27.6896 2.51271 -11.0025
      vertex 29.5969 3.9532 -11.0025
      vertex 29.5411 4.0021 -11.0025
    endloop
  endfacet
  facet normal 0 0 1
    outer loop
      vertex 27.6896 2.51271 -11.0025
      vertex 29.6547 3.90677 -11.0025
      vertex 29.5969 3.9532 -11.0025
    endloop
  endfacet
  facet normal 0 0 1
    outer loop
      vertex 30.3944 3.5813 -11.0025
      vertex 27.6896 2.51271 -11.0025
      vertex 27.1896 0.511816 -11.0025
    endloop
  endfacet
  facet normal 0 0 1
    outer loop
      vertex 27.1896 0.511816 -11.0025
      vertex 27.6896 2.51271 -11.0025
      vertex 27.1896 2.51271 -11.0025
    endloop
  endfacet
  facet normal 0 0 1
    outer loop
      vertex 30.6896 3.55547 -11.0025
      vertex 27.1896 0.511816 -11.0025
      vertex 34.1896 0.511816 -11.0025
    endloop
  endfacet
  facet normal 0 0.940087 -0.340934
    outer loop
      vertex 34.1896 0.56911 -16.25
      vertex 27.1896 1.45825 -13.7983
      vertex 34.1896 1.45825 -13.7983
    endloop
  endfacet
  facet normal 0 0.940087 -0.340934
    outer loop
      vertex 27.1896 1.45825 -13.7983
      vertex 34.1896 0.56911 -16.25
      vertex 27.1896 0.56911 -16.25
    endloop
  endfacet
  facet normal 1 0 0
    outer loop
      vertex 33.6896 2.50445 -11.1926
      vertex 33.6896 8.75548 -11.0025
      vertex 33.6896 2.51271 -11.0025
    endloop
  endfacet
  facet normal 1 0 0
    outer loop
      vertex 33.6896 2.48816 -11.3823
      vertex 33.6896 8.75548 -11.0025
      vertex 33.6896 2.50445 -11.1926
    endloop
  endfacet
  facet normal 1 0 0
    outer loop
      vertex 33.6896 2.46387 -11.5711
      vertex 33.6896 8.75548 -11.0025
      vertex 33.6896 2.48816 -11.3823
    endloop
  endfacet
  facet normal 1 0 0
    outer loop
      vertex 33.6896 8.75548 -11.0025
      vertex 33.6896 2.46387 -11.5711
      vertex 33.6896 8.75548 -13.4025
    endloop
  endfacet
  facet normal 1 -0 0
    outer loop
      vertex 33.6896 2.43161 -11.7587
      vertex 33.6896 8.75548 -13.4025
      vertex 33.6896 2.46387 -11.5711
    endloop
  endfacet
  facet normal 1 -0 0
    outer loop
      vertex 33.6896 2.39145 -11.9448
      vertex 33.6896 8.75548 -13.4025
      vertex 33.6896 2.43161 -11.7587
    endloop
  endfacet
  facet normal 1 -0 0
    outer loop
      vertex 33.6896 2.34345 -12.129
      vertex 33.6896 8.75548 -13.4025
      vertex 33.6896 2.39145 -11.9448
    endloop
  endfacet
  facet normal 1 -0 0
    outer loop
      vertex 33.6896 2.2877 -12.311
      vertex 33.6896 8.75548 -13.4025
      vertex 33.6896 2.34345 -12.129
    endloop
  endfacet
  facet normal 1 -0 0
    outer loop
      vertex 33.6896 2.22431 -12.4905
      vertex 33.6896 8.75548 -13.4025
      vertex 33.6896 2.2877 -12.311
    endloop
  endfacet
  facet normal 1 -0 0
    outer loop
      vertex 33.6896 2.15339 -12.6671
      vertex 33.6896 8.75548 -13.4025
      vertex 33.6896 2.22431 -12.4905
    endloop
  endfacet
  facet normal 1 -0 0
    outer loop
      vertex 33.6896 2.07506 -12.8406
      vertex 33.6896 8.75548 -13.4025
      vertex 33.6896 2.15339 -12.6671
    endloop
  endfacet
  facet normal 1 -0 0
    outer loop
      vertex 33.6896 1.98946 -13.0106
      vertex 33.6896 8.75548 -13.4025
      vertex 33.6896 2.07506 -12.8406
    endloop
  endfacet
  facet normal 1 -0 0
    outer loop
      vertex 33.6896 1.89674 -13.1769
      vertex 33.6896 8.75548 -13.4025
      vertex 33.6896 1.98946 -13.0106
    endloop
  endfacet
  facet normal 1 -0 0
    outer loop
      vertex 33.6896 1.79708 -13.339
      vertex 33.6896 8.75548 -13.4025
      vertex 33.6896 1.89674 -13.1769
    endloop
  endfacet
  facet normal 1 0 0
    outer loop
      vertex 33.6896 8.75548 -13.4025
      vertex 33.6896 1.79708 -13.339
      vertex 33.6896 1.75548 -13.4025
    endloop
  endfacet
  facet normal 0 0 -1
    outer loop
      vertex 34.1896 -4.54147 -16.25
      vertex 32.7796 -3.72118 -16.25
      vertex 34.1896 0.56911 -16.25
    endloop
  endfacet
  facet normal 0 0 -1
    outer loop
      vertex 34.1896 -4.54147 -16.25
      vertex 28.5996 -3.72118 -16.25
      vertex 32.7796 -3.72118 -16.25
    endloop
  endfacet
  facet normal -0 0 -1
    outer loop
      vertex 28.5996 -3.72118 -16.25
      vertex 27.1896 -4.54147 -16.25
      vertex 28.5996 -0.251182 -16.25
    endloop
  endfacet
  facet normal 0 0 -1
    outer loop
      vertex 27.1896 -4.54147 -16.25
      vertex 28.5996 -3.72118 -16.25
      vertex 34.1896 -4.54147 -16.25
    endloop
  endfacet
  facet normal 0 0 -1
    outer loop
      vertex 32.7796 -0.251182 -16.25
      vertex 34.1896 0.56911 -16.25
      vertex 32.7796 -3.72118 -16.25
    endloop
  endfacet
  facet normal 0 0 -1
    outer loop
      vertex 28.5996 -0.251182 -16.25
      vertex 34.1896 0.56911 -16.25
      vertex 32.7796 -0.251182 -16.25
    endloop
  endfacet
  facet normal 0 0 -1
    outer loop
      vertex 28.5996 -0.251182 -16.25
      vertex 27.1896 0.56911 -16.25
      vertex 34.1896 0.56911 -16.25
    endloop
  endfacet
  facet normal 0 0 -1
    outer loop
      vertex 27.1896 0.56911 -16.25
      vertex 28.5996 -0.251182 -16.25
      vertex 27.1896 -4.54147 -16.25
    endloop
  endfacet
  facet normal 1 -0 0
    outer loop
      vertex 48.421 -3.72118 -24.82
      vertex 48.421 -0.251182 -40.82
      vertex 48.421 -0.251182 -24.82
    endloop
  endfacet
  facet normal 1 0 0
    outer loop
      vertex 48.421 -0.251182 -40.82
      vertex 48.421 -3.72118 -24.82
      vertex 48.421 -3.72118 -40.82
    endloop
  endfacet
  facet normal -0 0 1
    outer loop
      vertex 32.7796 -0.251182 -24.82
      vertex 48.421 -3.72118 -24.82
      vertex 48.421 -0.251182 -24.82
    endloop
  endfacet
  facet normal 0 0 1
    outer loop
      vertex 48.421 -3.72118 -24.82
      vertex 32.7796 -0.251182 -24.82
      vertex 32.7796 -3.72118 -24.82
    endloop
  endfacet
  facet normal -0 0 1
    outer loop
      vertex 22.9582 -0.251182 -24.82
      vertex 28.5996 -3.72118 -24.82
      vertex 28.5996 -0.251182 -24.82
    endloop
  endfacet
  facet normal 0 0 1
    outer loop
      vertex 28.5996 -3.72118 -24.82
      vertex 22.9582 -0.251182 -24.82
      vertex 22.9582 -3.72118 -24.82
    endloop
  endfacet
  facet normal 0 0 -1
    outer loop
      vertex 27.1382 -3.72118 -29
      vertex 44.241 -0.251182 -29
      vertex 44.241 -3.72118 -29
    endloop
  endfacet
  facet normal -0 0 -1
    outer loop
      vertex 44.241 -0.251182 -29
      vertex 27.1382 -3.72118 -29
      vertex 27.1382 -0.251182 -29
    endloop
  endfacet
  facet normal -1 0 0
    outer loop
      vertex 22.9582 -3.72118 -40.82
      vertex 22.9582 -0.251182 -24.82
      vertex 22.9582 -0.251182 -40.82
    endloop
  endfacet
  facet normal -1 -0 0
    outer loop
      vertex 22.9582 -0.251182 -24.82
      vertex 22.9582 -3.72118 -40.82
      vertex 22.9582 -3.72118 -24.82
    endloop
  endfacet
  facet normal 0 1 0
    outer loop
      vertex 27.1382 -0.251182 -29
      vertex 25.1136 -0.251182 -37.5221
      vertex 25.0482 -0.251182 -37.52
    endloop
  endfacet
  facet normal 0 1 0
    outer loop
      vertex 27.1382 -0.251182 -29
      vertex 25.1788 -0.251182 -37.5286
      vertex 25.1136 -0.251182 -37.5221
    endloop
  endfacet
  facet normal 0 1 0
    outer loop
      vertex 27.1382 -0.251182 -29
      vertex 25.2433 -0.251182 -37.5392
      vertex 25.1788 -0.251182 -37.5286
    endloop
  endfacet
  facet normal 0 1 0
    outer loop
      vertex 27.1382 -0.251182 -29
      vertex 25.3071 -0.251182 -37.5541
      vertex 25.2433 -0.251182 -37.5392
    endloop
  endfacet
  facet normal 0 1 0
    outer loop
      vertex 27.1382 -0.251182 -29
      vertex 25.3697 -0.251182 -37.5731
      vertex 25.3071 -0.251182 -37.5541
    endloop
  endfacet
  facet normal 0 1 0
    outer loop
      vertex 27.1382 -0.251182 -29
      vertex 25.4309 -0.251182 -37.5961
      vertex 25.3697 -0.251182 -37.5731
    endloop
  endfacet
  facet normal 0 1 0
    outer loop
      vertex 27.1382 -0.251182 -29
      vertex 25.4905 -0.251182 -37.6231
      vertex 25.4309 -0.251182 -37.5961
    endloop
  endfacet
  facet normal 0 1 0
    outer loop
      vertex 27.1382 -0.251182 -29
      vertex 25.5482 -0.251182 -37.654
      vertex 25.4905 -0.251182 -37.6231
    endloop
  endfacet
  facet normal 0 1 0
    outer loop
      vertex 27.1382 -0.251182 -29
      vertex 25.6038 -0.251182 -37.6885
      vertex 25.5482 -0.251182 -37.654
    endloop
  endfacet
  facet normal 0 1 0
    outer loop
      vertex 27.1382 -0.251182 -29
      vertex 25.657 -0.251182 -37.7266
      vertex 25.6038 -0.251182 -37.6885
    endloop
  endfacet
  facet normal 0 1 0
    outer loop
      vertex 27.1382 -0.251182 -29
      vertex 25.7076 -0.251182 -37.7682
      vertex 25.657 -0.251182 -37.7266
    endloop
  endfacet
  facet normal 0 1 0
    outer loop
      vertex 27.1382 -0.251182 -29
      vertex 25.7553 -0.251182 -37.8129
      vertex 25.7076 -0.251182 -37.7682
    endloop
  endfacet
  facet normal 0 1 0
    outer loop
      vertex 27.1382 -0.251182 -29
      vertex 25.8001 -0.251182 -37.8607
      vertex 25.7553 -0.251182 -37.8129
    endloop
  endfacet
  facet normal 0 1 0
    outer loop
      vertex 27.1382 -0.251182 -29
      vertex 25.8416 -0.251182 -37.9112
      vertex 25.8001 -0.251182 -37.8607
    endloop
  endfacet
  facet normal 0 1 0
    outer loop
      vertex 27.1382 -0.251182 -29
      vertex 25.8797 -0.251182 -37.9644
      vertex 25.8416 -0.251182 -37.9112
    endloop
  endfacet
  facet normal 0 1 0
    outer loop
      vertex 27.1382 -0.251182 -29
      vertex 25.9143 -0.251182 -38.02
      vertex 25.8797 -0.251182 -37.9644
    endloop
  endfacet
  facet normal 0 1 0
    outer loop
      vertex 27.1382 -0.251182 -29
      vertex 25.9451 -0.251182 -38.0777
      vertex 25.9143 -0.251182 -38.02
    endloop
  endfacet
  facet normal 0 1 0
    outer loop
      vertex 27.1382 -0.251182 -29
      vertex 25.9721 -0.251182 -38.1373
      vertex 25.9451 -0.251182 -38.0777
    endloop
  endfacet
  facet normal 0 1 0
    outer loop
      vertex 27.1382 -0.251182 -29
      vertex 25.9952 -0.251182 -38.1986
      vertex 25.9721 -0.251182 -38.1373
    endloop
  endfacet
  facet normal 0 1 0
    outer loop
      vertex 27.1382 -0.251182 -29
      vertex 26.0142 -0.251182 -38.2612
      vertex 25.9952 -0.251182 -38.1986
    endloop
  endfacet
  facet normal 0 1 -0
    outer loop
      vertex 27.1382 -0.251182 -40.82
      vertex 26.0142 -0.251182 -38.2612
      vertex 27.1382 -0.251182 -29
    endloop
  endfacet
  facet normal 0 1 0
    outer loop
      vertex 26.0142 -0.251182 -38.2612
      vertex 27.1382 -0.251182 -40.82
      vertex 26.029 -0.251182 -38.3249
    endloop
  endfacet
  facet normal 0 1 0
    outer loop
      vertex 26.029 -0.251182 -38.3249
      vertex 27.1382 -0.251182 -40.82
      vertex 26.0397 -0.251182 -38.3895
    endloop
  endfacet
  facet normal 0 1 0
    outer loop
      vertex 26.0397 -0.251182 -38.3895
      vertex 27.1382 -0.251182 -40.82
      vertex 26.0461 -0.251182 -38.4546
    endloop
  endfacet
  facet normal 0 1 0
    outer loop
      vertex 26.0461 -0.251182 -38.4546
      vertex 27.1382 -0.251182 -40.82
      vertex 26.0482 -0.251182 -38.52
    endloop
  endfacet
  facet normal 0 1 0
    outer loop
      vertex 26.0482 -0.251182 -38.52
      vertex 27.1382 -0.251182 -40.82
      vertex 26.0461 -0.251182 -38.5854
    endloop
  endfacet
  facet normal 0 1 0
    outer loop
      vertex 25.1136 -0.251182 -39.5179
      vertex 27.1382 -0.251182 -40.82
      vertex 25.0482 -0.251182 -39.52
    endloop
  endfacet
  facet normal 0 1 0
    outer loop
      vertex 25.1788 -0.251182 -39.5114
      vertex 27.1382 -0.251182 -40.82
      vertex 25.1136 -0.251182 -39.5179
    endloop
  endfacet
  facet normal 0 1 0
    outer loop
      vertex 25.2433 -0.251182 -39.5008
      vertex 27.1382 -0.251182 -40.82
      vertex 25.1788 -0.251182 -39.5114
    endloop
  endfacet
  facet normal 0 1 0
    outer loop
      vertex 25.3071 -0.251182 -39.4859
      vertex 27.1382 -0.251182 -40.82
      vertex 25.2433 -0.251182 -39.5008
    endloop
  endfacet
  facet normal 0 1 0
    outer loop
      vertex 25.3697 -0.251182 -39.4669
      vertex 27.1382 -0.251182 -40.82
      vertex 25.3071 -0.251182 -39.4859
    endloop
  endfacet
  facet normal 0 1 0
    outer loop
      vertex 25.4309 -0.251182 -39.4439
      vertex 27.1382 -0.251182 -40.82
      vertex 25.3697 -0.251182 -39.4669
    endloop
  endfacet
  facet normal 0 1 0
    outer loop
      vertex 25.4905 -0.251182 -39.4169
      vertex 27.1382 -0.251182 -40.82
      vertex 25.4309 -0.251182 -39.4439
    endloop
  endfacet
  facet normal 0 1 0
    outer loop
      vertex 25.5482 -0.251182 -39.386
      vertex 27.1382 -0.251182 -40.82
      vertex 25.4905 -0.251182 -39.4169
    endloop
  endfacet
  facet normal 0 1 0
    outer loop
      vertex 25.6038 -0.251182 -39.3515
      vertex 27.1382 -0.251182 -40.82
      vertex 25.5482 -0.251182 -39.386
    endloop
  endfacet
  facet normal 0 1 0
    outer loop
      vertex 25.657 -0.251182 -39.3134
      vertex 27.1382 -0.251182 -40.82
      vertex 25.6038 -0.251182 -39.3515
    endloop
  endfacet
  facet normal 0 1 0
    outer loop
      vertex 25.7076 -0.251182 -39.2718
      vertex 27.1382 -0.251182 -40.82
      vertex 25.657 -0.251182 -39.3134
    endloop
  endfacet
  facet normal 0 1 0
    outer loop
      vertex 25.7553 -0.251182 -39.2271
      vertex 27.1382 -0.251182 -40.82
      vertex 25.7076 -0.251182 -39.2718
    endloop
  endfacet
  facet normal 0 1 0
    outer loop
      vertex 25.8001 -0.251182 -39.1793
      vertex 27.1382 -0.251182 -40.82
      vertex 25.7553 -0.251182 -39.2271
    endloop
  endfacet
  facet normal 0 1 0
    outer loop
      vertex 25.8416 -0.251182 -39.1288
      vertex 27.1382 -0.251182 -40.82
      vertex 25.8001 -0.251182 -39.1793
    endloop
  endfacet
  facet normal 0 1 0
    outer loop
      vertex 25.8797 -0.251182 -39.0756
      vertex 27.1382 -0.251182 -40.82
      vertex 25.8416 -0.251182 -39.1288
    endloop
  endfacet
  facet normal 0 1 0
    outer loop
      vertex 25.9143 -0.251182 -39.02
      vertex 27.1382 -0.251182 -40.82
      vertex 25.8797 -0.251182 -39.0756
    endloop
  endfacet
  facet normal 0 1 0
    outer loop
      vertex 25.9451 -0.251182 -38.9623
      vertex 27.1382 -0.251182 -40.82
      vertex 25.9143 -0.251182 -39.02
    endloop
  endfacet
  facet normal 0 1 0
    outer loop
      vertex 25.9721 -0.251182 -38.9027
      vertex 27.1382 -0.251182 -40.82
      vertex 25.9451 -0.251182 -38.9623
    endloop
  endfacet
  facet normal 0 1 0
    outer loop
      vertex 25.9952 -0.251182 -38.8414
      vertex 27.1382 -0.251182 -40.82
      vertex 25.9721 -0.251182 -38.9027
    endloop
  endfacet
  facet normal 0 1 0
    outer loop
      vertex 26.0142 -0.251182 -38.7788
      vertex 27.1382 -0.251182 -40.82
      vertex 25.9952 -0.251182 -38.8414
    endloop
  endfacet
  facet normal 0 1 0
    outer loop
      vertex 26.029 -0.251182 -38.7151
      vertex 27.1382 -0.251182 -40.82
      vertex 26.0142 -0.251182 -38.7788
    endloop
  endfacet
  facet normal 0 1 0
    outer loop
      vertex 26.0397 -0.251182 -38.6505
      vertex 27.1382 -0.251182 -40.82
      vertex 26.029 -0.251182 -38.7151
    endloop
  endfacet
  facet normal 0 1 0
    outer loop
      vertex 26.0461 -0.251182 -38.5854
      vertex 27.1382 -0.251182 -40.82
      vertex 26.0397 -0.251182 -38.6505
    endloop
  endfacet
  facet normal 0 1 -0
    outer loop
      vertex 44.241 -0.251182 -29
      vertex 32.7796 -0.251182 -24.82
      vertex 48.421 -0.251182 -24.82
    endloop
  endfacet
  facet normal 0 1 0
    outer loop
      vertex 27.1382 -0.251182 -29
      vertex 32.7796 -0.251182 -24.82
      vertex 44.241 -0.251182 -29
    endloop
  endfacet
  facet normal 0 1 0
    outer loop
      vertex 32.7796 -0.251182 -24.82
      vertex 27.1382 -0.251182 -29
      vertex 28.5996 -0.251182 -24.82
    endloop
  endfacet
  facet normal 0 1 -0
    outer loop
      vertex 46.8866 -0.251182 -37.6885
      vertex 44.241 -0.251182 -29
      vertex 48.421 -0.251182 -24.82
    endloop
  endfacet
  facet normal 0 1 0
    outer loop
      vertex 44.241 -0.251182 -29
      vertex 46.3964 -0.251182 -37.5221
      vertex 46.331 -0.251182 -37.52
    endloop
  endfacet
  facet normal 0 1 0
    outer loop
      vertex 44.241 -0.251182 -29
      vertex 46.4616 -0.251182 -37.5286
      vertex 46.3964 -0.251182 -37.5221
    endloop
  endfacet
  facet normal 0 1 0
    outer loop
      vertex 44.241 -0.251182 -29
      vertex 46.5261 -0.251182 -37.5392
      vertex 46.4616 -0.251182 -37.5286
    endloop
  endfacet
  facet normal 0 1 0
    outer loop
      vertex 44.241 -0.251182 -29
      vertex 46.5899 -0.251182 -37.5541
      vertex 46.5261 -0.251182 -37.5392
    endloop
  endfacet
  facet normal 0 1 0
    outer loop
      vertex 44.241 -0.251182 -29
      vertex 46.6525 -0.251182 -37.5731
      vertex 46.5899 -0.251182 -37.5541
    endloop
  endfacet
  facet normal 0 1 0
    outer loop
      vertex 44.241 -0.251182 -29
      vertex 46.7137 -0.251182 -37.5961
      vertex 46.6525 -0.251182 -37.5731
    endloop
  endfacet
  facet normal 0 1 0
    outer loop
      vertex 44.241 -0.251182 -29
      vertex 46.7733 -0.251182 -37.6231
      vertex 46.7137 -0.251182 -37.5961
    endloop
  endfacet
  facet normal 0 1 0
    outer loop
      vertex 44.241 -0.251182 -29
      vertex 46.831 -0.251182 -37.654
      vertex 46.7733 -0.251182 -37.6231
    endloop
  endfacet
  facet normal 0 1 0
    outer loop
      vertex 44.241 -0.251182 -29
      vertex 46.8866 -0.251182 -37.6885
      vertex 46.831 -0.251182 -37.654
    endloop
  endfacet
  facet normal 0 1 0
    outer loop
      vertex 48.421 -0.251182 -24.82
      vertex 46.9398 -0.251182 -37.7266
      vertex 46.8866 -0.251182 -37.6885
    endloop
  endfacet
  facet normal 0 1 0
    outer loop
      vertex 48.421 -0.251182 -24.82
      vertex 46.9904 -0.251182 -37.7682
      vertex 46.9398 -0.251182 -37.7266
    endloop
  endfacet
  facet normal 0 1 0
    outer loop
      vertex 48.421 -0.251182 -24.82
      vertex 47.0381 -0.251182 -37.8129
      vertex 46.9904 -0.251182 -37.7682
    endloop
  endfacet
  facet normal 0 1 0
    outer loop
      vertex 48.421 -0.251182 -24.82
      vertex 47.0829 -0.251182 -37.8607
      vertex 47.0381 -0.251182 -37.8129
    endloop
  endfacet
  facet normal 0 1 0
    outer loop
      vertex 48.421 -0.251182 -24.82
      vertex 47.1244 -0.251182 -37.9112
      vertex 47.0829 -0.251182 -37.8607
    endloop
  endfacet
  facet normal 0 1 0
    outer loop
      vertex 48.421 -0.251182 -24.82
      vertex 47.1625 -0.251182 -37.9644
      vertex 47.1244 -0.251182 -37.9112
    endloop
  endfacet
  facet normal 0 1 0
    outer loop
      vertex 48.421 -0.251182 -24.82
      vertex 47.1971 -0.251182 -38.02
      vertex 47.1625 -0.251182 -37.9644
    endloop
  endfacet
  facet normal 0 1 0
    outer loop
      vertex 48.421 -0.251182 -24.82
      vertex 47.2279 -0.251182 -38.0777
      vertex 47.1971 -0.251182 -38.02
    endloop
  endfacet
  facet normal 0 1 0
    outer loop
      vertex 48.421 -0.251182 -24.82
      vertex 47.2549 -0.251182 -38.1373
      vertex 47.2279 -0.251182 -38.0777
    endloop
  endfacet
  facet normal 0 1 0
    outer loop
      vertex 48.421 -0.251182 -24.82
      vertex 47.278 -0.251182 -38.1986
      vertex 47.2549 -0.251182 -38.1373
    endloop
  endfacet
  facet normal 0 1 -0
    outer loop
      vertex 48.421 -0.251182 -40.82
      vertex 47.278 -0.251182 -38.1986
      vertex 48.421 -0.251182 -24.82
    endloop
  endfacet
  facet normal 0 1 0
    outer loop
      vertex 47.278 -0.251182 -38.1986
      vertex 48.421 -0.251182 -40.82
      vertex 47.297 -0.251182 -38.2612
    endloop
  endfacet
  facet normal 0 1 0
    outer loop
      vertex 47.297 -0.251182 -38.2612
      vertex 48.421 -0.251182 -40.82
      vertex 47.3118 -0.251182 -38.3249
    endloop
  endfacet
  facet normal 0 1 0
    outer loop
      vertex 47.3118 -0.251182 -38.3249
      vertex 48.421 -0.251182 -40.82
      vertex 47.3225 -0.251182 -38.3895
    endloop
  endfacet
  facet normal 0 1 0
    outer loop
      vertex 47.3225 -0.251182 -38.3895
      vertex 48.421 -0.251182 -40.82
      vertex 47.3289 -0.251182 -38.4546
    endloop
  endfacet
  facet normal 0 1 0
    outer loop
      vertex 47.3289 -0.251182 -38.4546
      vertex 48.421 -0.251182 -40.82
      vertex 47.331 -0.251182 -38.52
    endloop
  endfacet
  facet normal 0 1 0
    outer loop
      vertex 46.3964 -0.251182 -39.5179
      vertex 48.421 -0.251182 -40.82
      vertex 46.331 -0.251182 -39.52
    endloop
  endfacet
  facet normal 0 1 0
    outer loop
      vertex 46.4616 -0.251182 -39.5114
      vertex 48.421 -0.251182 -40.82
      vertex 46.3964 -0.251182 -39.5179
    endloop
  endfacet
  facet normal 0 1 0
    outer loop
      vertex 46.5261 -0.251182 -39.5008
      vertex 48.421 -0.251182 -40.82
      vertex 46.4616 -0.251182 -39.5114
    endloop
  endfacet
  facet normal 0 1 0
    outer loop
      vertex 46.5899 -0.251182 -39.4859
      vertex 48.421 -0.251182 -40.82
      vertex 46.5261 -0.251182 -39.5008
    endloop
  endfacet
  facet normal 0 1 0
    outer loop
      vertex 46.6525 -0.251182 -39.4669
      vertex 48.421 -0.251182 -40.82
      vertex 46.5899 -0.251182 -39.4859
    endloop
  endfacet
  facet normal 0 1 0
    outer loop
      vertex 46.7137 -0.251182 -39.4439
      vertex 48.421 -0.251182 -40.82
      vertex 46.6525 -0.251182 -39.4669
    endloop
  endfacet
  facet normal 0 1 0
    outer loop
      vertex 46.7733 -0.251182 -39.4169
      vertex 48.421 -0.251182 -40.82
      vertex 46.7137 -0.251182 -39.4439
    endloop
  endfacet
  facet normal 0 1 0
    outer loop
      vertex 46.831 -0.251182 -39.386
      vertex 48.421 -0.251182 -40.82
      vertex 46.7733 -0.251182 -39.4169
    endloop
  endfacet
  facet normal 0 1 0
    outer loop
      vertex 46.8866 -0.251182 -39.3515
      vertex 48.421 -0.251182 -40.82
      vertex 46.831 -0.251182 -39.386
    endloop
  endfacet
  facet normal 0 1 0
    outer loop
      vertex 46.9398 -0.251182 -39.3134
      vertex 48.421 -0.251182 -40.82
      vertex 46.8866 -0.251182 -39.3515
    endloop
  endfacet
  facet normal 0 1 0
    outer loop
      vertex 46.9904 -0.251182 -39.2718
      vertex 48.421 -0.251182 -40.82
      vertex 46.9398 -0.251182 -39.3134
    endloop
  endfacet
  facet normal 0 1 0
    outer loop
      vertex 47.0381 -0.251182 -39.2271
      vertex 48.421 -0.251182 -40.82
      vertex 46.9904 -0.251182 -39.2718
    endloop
  endfacet
  facet normal 0 1 0
    outer loop
      vertex 47.0829 -0.251182 -39.1793
      vertex 48.421 -0.251182 -40.82
      vertex 47.0381 -0.251182 -39.2271
    endloop
  endfacet
  facet normal 0 1 0
    outer loop
      vertex 47.1244 -0.251182 -39.1288
      vertex 48.421 -0.251182 -40.82
      vertex 47.0829 -0.251182 -39.1793
    endloop
  endfacet
  facet normal 0 1 0
    outer loop
      vertex 47.1625 -0.251182 -39.0756
      vertex 48.421 -0.251182 -40.82
      vertex 47.1244 -0.251182 -39.1288
    endloop
  endfacet
  facet normal 0 1 0
    outer loop
      vertex 47.1971 -0.251182 -39.02
      vertex 48.421 -0.251182 -40.82
      vertex 47.1625 -0.251182 -39.0756
    endloop
  endfacet
  facet normal 0 1 0
    outer loop
      vertex 47.2279 -0.251182 -38.9623
      vertex 48.421 -0.251182 -40.82
      vertex 47.1971 -0.251182 -39.02
    endloop
  endfacet
  facet normal 0 1 0
    outer loop
      vertex 47.2549 -0.251182 -38.9027
      vertex 48.421 -0.251182 -40.82
      vertex 47.2279 -0.251182 -38.9623
    endloop
  endfacet
  facet normal 0 1 0
    outer loop
      vertex 47.278 -0.251182 -38.8414
      vertex 48.421 -0.251182 -40.82
      vertex 47.2549 -0.251182 -38.9027
    endloop
  endfacet
  facet normal 0 1 0
    outer loop
      vertex 47.297 -0.251182 -38.7788
      vertex 48.421 -0.251182 -40.82
      vertex 47.278 -0.251182 -38.8414
    endloop
  endfacet
  facet normal 0 1 0
    outer loop
      vertex 47.3118 -0.251182 -38.7151
      vertex 48.421 -0.251182 -40.82
      vertex 47.297 -0.251182 -38.7788
    endloop
  endfacet
  facet normal 0 1 0
    outer loop
      vertex 47.3225 -0.251182 -38.6505
      vertex 48.421 -0.251182 -40.82
      vertex 47.3118 -0.251182 -38.7151
    endloop
  endfacet
  facet normal 0 1 0
    outer loop
      vertex 47.3289 -0.251182 -38.5854
      vertex 48.421 -0.251182 -40.82
      vertex 47.3225 -0.251182 -38.6505
    endloop
  endfacet
  facet normal 0 1 0
    outer loop
      vertex 47.331 -0.251182 -38.52
      vertex 48.421 -0.251182 -40.82
      vertex 47.3289 -0.251182 -38.5854
    endloop
  endfacet
  facet normal 0 1 -0
    outer loop
      vertex 32.7796 -0.251182 -24.82
      vertex 28.5996 -0.251182 -16.25
      vertex 32.7796 -0.251182 -16.25
    endloop
  endfacet
  facet normal 0 1 0
    outer loop
      vertex 28.5996 -0.251182 -16.25
      vertex 32.7796 -0.251182 -24.82
      vertex 28.5996 -0.251182 -24.82
    endloop
  endfacet
  facet normal 0 1 0
    outer loop
      vertex 28.5996 -0.251182 -24.82
      vertex 27.1382 -0.251182 -29
      vertex 22.9582 -0.251182 -24.82
    endloop
  endfacet
  facet normal 0 1 0
    outer loop
      vertex 24.9828 -0.251182 -37.5221
      vertex 27.1382 -0.251182 -29
      vertex 25.0482 -0.251182 -37.52
    endloop
  endfacet
  facet normal 0 1 0
    outer loop
      vertex 24.9177 -0.251182 -37.5286
      vertex 27.1382 -0.251182 -29
      vertex 24.9828 -0.251182 -37.5221
    endloop
  endfacet
  facet normal 0 1 0
    outer loop
      vertex 24.8532 -0.251182 -37.5392
      vertex 27.1382 -0.251182 -29
      vertex 24.9177 -0.251182 -37.5286
    endloop
  endfacet
  facet normal 0 1 0
    outer loop
      vertex 24.7894 -0.251182 -37.5541
      vertex 27.1382 -0.251182 -29
      vertex 24.8532 -0.251182 -37.5392
    endloop
  endfacet
  facet normal 0 1 0
    outer loop
      vertex 24.7268 -0.251182 -37.5731
      vertex 27.1382 -0.251182 -29
      vertex 24.7894 -0.251182 -37.5541
    endloop
  endfacet
  facet normal 0 1 0
    outer loop
      vertex 24.6656 -0.251182 -37.5961
      vertex 27.1382 -0.251182 -29
      vertex 24.7268 -0.251182 -37.5731
    endloop
  endfacet
  facet normal 0 1 0
    outer loop
      vertex 24.606 -0.251182 -37.6231
      vertex 27.1382 -0.251182 -29
      vertex 24.6656 -0.251182 -37.5961
    endloop
  endfacet
  facet normal 0 1 0
    outer loop
      vertex 24.5482 -0.251182 -37.654
      vertex 27.1382 -0.251182 -29
      vertex 24.606 -0.251182 -37.6231
    endloop
  endfacet
  facet normal 0 1 0
    outer loop
      vertex 24.4927 -0.251182 -37.6885
      vertex 27.1382 -0.251182 -29
      vertex 24.5482 -0.251182 -37.654
    endloop
  endfacet
  facet normal 0 1 0
    outer loop
      vertex 27.1382 -0.251182 -29
      vertex 24.4927 -0.251182 -37.6885
      vertex 22.9582 -0.251182 -24.82
    endloop
  endfacet
  facet normal 0 1 -0
    outer loop
      vertex 24.4395 -0.251182 -37.7266
      vertex 22.9582 -0.251182 -24.82
      vertex 24.4927 -0.251182 -37.6885
    endloop
  endfacet
  facet normal 0 1 -0
    outer loop
      vertex 24.3889 -0.251182 -37.7682
      vertex 22.9582 -0.251182 -24.82
      vertex 24.4395 -0.251182 -37.7266
    endloop
  endfacet
  facet normal 0 1 -0
    outer loop
      vertex 24.3411 -0.251182 -37.8129
      vertex 22.9582 -0.251182 -24.82
      vertex 24.3889 -0.251182 -37.7682
    endloop
  endfacet
  facet normal 0 1 -0
    outer loop
      vertex 24.2964 -0.251182 -37.8607
      vertex 22.9582 -0.251182 -24.82
      vertex 24.3411 -0.251182 -37.8129
    endloop
  endfacet
  facet normal 0 1 -0
    outer loop
      vertex 24.2549 -0.251182 -37.9112
      vertex 22.9582 -0.251182 -24.82
      vertex 24.2964 -0.251182 -37.8607
    endloop
  endfacet
  facet normal 0 1 -0
    outer loop
      vertex 24.2168 -0.251182 -37.9644
      vertex 22.9582 -0.251182 -24.82
      vertex 24.2549 -0.251182 -37.9112
    endloop
  endfacet
  facet normal 0 1 -0
    outer loop
      vertex 24.1822 -0.251182 -38.02
      vertex 22.9582 -0.251182 -24.82
      vertex 24.2168 -0.251182 -37.9644
    endloop
  endfacet
  facet normal 0 1 -0
    outer loop
      vertex 24.1514 -0.251182 -38.0777
      vertex 22.9582 -0.251182 -24.82
      vertex 24.1822 -0.251182 -38.02
    endloop
  endfacet
  facet normal 0 1 -0
    outer loop
      vertex 24.1244 -0.251182 -38.1373
      vertex 22.9582 -0.251182 -24.82
      vertex 24.1514 -0.251182 -38.0777
    endloop
  endfacet
  facet normal 0 1 -0
    outer loop
      vertex 24.1013 -0.251182 -38.1986
      vertex 22.9582 -0.251182 -24.82
      vertex 24.1244 -0.251182 -38.1373
    endloop
  endfacet
  facet normal 0 1 0
    outer loop
      vertex 22.9582 -0.251182 -40.82
      vertex 24.1013 -0.251182 -38.1986
      vertex 24.0823 -0.251182 -38.2612
    endloop
  endfacet
  facet normal 0 1 0
    outer loop
      vertex 22.9582 -0.251182 -40.82
      vertex 24.0823 -0.251182 -38.2612
      vertex 24.0675 -0.251182 -38.3249
    endloop
  endfacet
  facet normal 0 1 0
    outer loop
      vertex 22.9582 -0.251182 -40.82
      vertex 24.0675 -0.251182 -38.3249
      vertex 24.0568 -0.251182 -38.3895
    endloop
  endfacet
  facet normal 0 1 0
    outer loop
      vertex 22.9582 -0.251182 -40.82
      vertex 24.0568 -0.251182 -38.3895
      vertex 24.0504 -0.251182 -38.4546
    endloop
  endfacet
  facet normal 0 1 0
    outer loop
      vertex 22.9582 -0.251182 -40.82
      vertex 24.0504 -0.251182 -38.4546
      vertex 24.0482 -0.251182 -38.52
    endloop
  endfacet
  facet normal 0 1 0
    outer loop
      vertex 22.9582 -0.251182 -40.82
      vertex 24.0482 -0.251182 -38.52
      vertex 24.0504 -0.251182 -38.5854
    endloop
  endfacet
  facet normal 0 1 0
    outer loop
      vertex 22.9582 -0.251182 -40.82
      vertex 25.0482 -0.251182 -39.52
      vertex 27.1382 -0.251182 -40.82
    endloop
  endfacet
  facet normal 0 1 0
    outer loop
      vertex 25.0482 -0.251182 -39.52
      vertex 22.9582 -0.251182 -40.82
      vertex 24.9828 -0.251182 -39.5179
    endloop
  endfacet
  facet normal 0 1 0
    outer loop
      vertex 24.9828 -0.251182 -39.5179
      vertex 22.9582 -0.251182 -40.82
      vertex 24.9177 -0.251182 -39.5114
    endloop
  endfacet
  facet normal 0 1 0
    outer loop
      vertex 24.9177 -0.251182 -39.5114
      vertex 22.9582 -0.251182 -40.82
      vertex 24.8532 -0.251182 -39.5008
    endloop
  endfacet
  facet normal 0 1 0
    outer loop
      vertex 24.8532 -0.251182 -39.5008
      vertex 22.9582 -0.251182 -40.82
      vertex 24.7894 -0.251182 -39.4859
    endloop
  endfacet
  facet normal 0 1 0
    outer loop
      vertex 24.7894 -0.251182 -39.4859
      vertex 22.9582 -0.251182 -40.82
      vertex 24.7268 -0.251182 -39.4669
    endloop
  endfacet
  facet normal 0 1 0
    outer loop
      vertex 24.7268 -0.251182 -39.4669
      vertex 22.9582 -0.251182 -40.82
      vertex 24.6656 -0.251182 -39.4439
    endloop
  endfacet
  facet normal 0 1 0
    outer loop
      vertex 24.6656 -0.251182 -39.4439
      vertex 22.9582 -0.251182 -40.82
      vertex 24.606 -0.251182 -39.4169
    endloop
  endfacet
  facet normal 0 1 0
    outer loop
      vertex 24.1013 -0.251182 -38.1986
      vertex 22.9582 -0.251182 -40.82
      vertex 22.9582 -0.251182 -24.82
    endloop
  endfacet
  facet normal 0 1 0
    outer loop
      vertex 24.0568 -0.251182 -38.6505
      vertex 22.9582 -0.251182 -40.82
      vertex 24.0504 -0.251182 -38.5854
    endloop
  endfacet
  facet normal 0 1 0
    outer loop
      vertex 24.0675 -0.251182 -38.7151
      vertex 22.9582 -0.251182 -40.82
      vertex 24.0568 -0.251182 -38.6505
    endloop
  endfacet
  facet normal 0 1 0
    outer loop
      vertex 24.0823 -0.251182 -38.7788
      vertex 22.9582 -0.251182 -40.82
      vertex 24.0675 -0.251182 -38.7151
    endloop
  endfacet
  facet normal 0 1 0
    outer loop
      vertex 24.1013 -0.251182 -38.8414
      vertex 22.9582 -0.251182 -40.82
      vertex 24.0823 -0.251182 -38.7788
    endloop
  endfacet
  facet normal 0 1 0
    outer loop
      vertex 24.1244 -0.251182 -38.9027
      vertex 22.9582 -0.251182 -40.82
      vertex 24.1013 -0.251182 -38.8414
    endloop
  endfacet
  facet normal 0 1 0
    outer loop
      vertex 24.1514 -0.251182 -38.9623
      vertex 22.9582 -0.251182 -40.82
      vertex 24.1244 -0.251182 -38.9027
    endloop
  endfacet
  facet normal 0 1 0
    outer loop
      vertex 24.1822 -0.251182 -39.02
      vertex 22.9582 -0.251182 -40.82
      vertex 24.1514 -0.251182 -38.9623
    endloop
  endfacet
  facet normal 0 1 0
    outer loop
      vertex 24.2168 -0.251182 -39.0756
      vertex 22.9582 -0.251182 -40.82
      vertex 24.1822 -0.251182 -39.02
    endloop
  endfacet
  facet normal 0 1 0
    outer loop
      vertex 24.2549 -0.251182 -39.1288
      vertex 22.9582 -0.251182 -40.82
      vertex 24.2168 -0.251182 -39.0756
    endloop
  endfacet
  facet normal 0 1 0
    outer loop
      vertex 24.2964 -0.251182 -39.1793
      vertex 22.9582 -0.251182 -40.82
      vertex 24.2549 -0.251182 -39.1288
    endloop
  endfacet
  facet normal 0 1 0
    outer loop
      vertex 24.3411 -0.251182 -39.2271
      vertex 22.9582 -0.251182 -40.82
      vertex 24.2964 -0.251182 -39.1793
    endloop
  endfacet
  facet normal 0 1 0
    outer loop
      vertex 24.3889 -0.251182 -39.2718
      vertex 22.9582 -0.251182 -40.82
      vertex 24.3411 -0.251182 -39.2271
    endloop
  endfacet
  facet normal 0 1 0
    outer loop
      vertex 24.4395 -0.251182 -39.3134
      vertex 22.9582 -0.251182 -40.82
      vertex 24.3889 -0.251182 -39.2718
    endloop
  endfacet
  facet normal 0 1 0
    outer loop
      vertex 24.4927 -0.251182 -39.3515
      vertex 22.9582 -0.251182 -40.82
      vertex 24.4395 -0.251182 -39.3134
    endloop
  endfacet
  facet normal 0 1 0
    outer loop
      vertex 24.5482 -0.251182 -39.386
      vertex 22.9582 -0.251182 -40.82
      vertex 24.4927 -0.251182 -39.3515
    endloop
  endfacet
  facet normal 0 1 0
    outer loop
      vertex 24.606 -0.251182 -39.4169
      vertex 22.9582 -0.251182 -40.82
      vertex 24.5482 -0.251182 -39.386
    endloop
  endfacet
  facet normal 0 1 -0
    outer loop
      vertex 46.2656 -0.251182 -37.5221
      vertex 44.241 -0.251182 -29
      vertex 46.331 -0.251182 -37.52
    endloop
  endfacet
  facet normal 0 1 -0
    outer loop
      vertex 46.2005 -0.251182 -37.5286
      vertex 44.241 -0.251182 -29
      vertex 46.2656 -0.251182 -37.5221
    endloop
  endfacet
  facet normal 0 1 -0
    outer loop
      vertex 46.136 -0.251182 -37.5392
      vertex 44.241 -0.251182 -29
      vertex 46.2005 -0.251182 -37.5286
    endloop
  endfacet
  facet normal 0 1 -0
    outer loop
      vertex 46.0722 -0.251182 -37.5541
      vertex 44.241 -0.251182 -29
      vertex 46.136 -0.251182 -37.5392
    endloop
  endfacet
  facet normal 0 1 -0
    outer loop
      vertex 46.0096 -0.251182 -37.5731
      vertex 44.241 -0.251182 -29
      vertex 46.0722 -0.251182 -37.5541
    endloop
  endfacet
  facet normal 0 1 -0
    outer loop
      vertex 45.9484 -0.251182 -37.5961
      vertex 44.241 -0.251182 -29
      vertex 46.0096 -0.251182 -37.5731
    endloop
  endfacet
  facet normal 0 1 -0
    outer loop
      vertex 45.8888 -0.251182 -37.6231
      vertex 44.241 -0.251182 -29
      vertex 45.9484 -0.251182 -37.5961
    endloop
  endfacet
  facet normal 0 1 -0
    outer loop
      vertex 45.831 -0.251182 -37.654
      vertex 44.241 -0.251182 -29
      vertex 45.8888 -0.251182 -37.6231
    endloop
  endfacet
  facet normal 0 1 -0
    outer loop
      vertex 45.7755 -0.251182 -37.6885
      vertex 44.241 -0.251182 -29
      vertex 45.831 -0.251182 -37.654
    endloop
  endfacet
  facet normal 0 1 -0
    outer loop
      vertex 45.7223 -0.251182 -37.7266
      vertex 44.241 -0.251182 -29
      vertex 45.7755 -0.251182 -37.6885
    endloop
  endfacet
  facet normal 0 1 -0
    outer loop
      vertex 45.6717 -0.251182 -37.7682
      vertex 44.241 -0.251182 -29
      vertex 45.7223 -0.251182 -37.7266
    endloop
  endfacet
  facet normal 0 1 -0
    outer loop
      vertex 45.6239 -0.251182 -37.8129
      vertex 44.241 -0.251182 -29
      vertex 45.6717 -0.251182 -37.7682
    endloop
  endfacet
  facet normal 0 1 -0
    outer loop
      vertex 45.5792 -0.251182 -37.8607
      vertex 44.241 -0.251182 -29
      vertex 45.6239 -0.251182 -37.8129
    endloop
  endfacet
  facet normal 0 1 -0
    outer loop
      vertex 45.5377 -0.251182 -37.9112
      vertex 44.241 -0.251182 -29
      vertex 45.5792 -0.251182 -37.8607
    endloop
  endfacet
  facet normal 0 1 -0
    outer loop
      vertex 45.4996 -0.251182 -37.9644
      vertex 44.241 -0.251182 -29
      vertex 45.5377 -0.251182 -37.9112
    endloop
  endfacet
  facet normal 0 1 -0
    outer loop
      vertex 45.465 -0.251182 -38.02
      vertex 44.241 -0.251182 -29
      vertex 45.4996 -0.251182 -37.9644
    endloop
  endfacet
  facet normal 0 1 -0
    outer loop
      vertex 45.4342 -0.251182 -38.0777
      vertex 44.241 -0.251182 -29
      vertex 45.465 -0.251182 -38.02
    endloop
  endfacet
  facet normal 0 1 -0
    outer loop
      vertex 45.4072 -0.251182 -38.1373
      vertex 44.241 -0.251182 -29
      vertex 45.4342 -0.251182 -38.0777
    endloop
  endfacet
  facet normal 0 1 -0
    outer loop
      vertex 45.3841 -0.251182 -38.1986
      vertex 44.241 -0.251182 -29
      vertex 45.4072 -0.251182 -38.1373
    endloop
  endfacet
  facet normal 0 1 -0
    outer loop
      vertex 45.3651 -0.251182 -38.2612
      vertex 44.241 -0.251182 -29
      vertex 45.3841 -0.251182 -38.1986
    endloop
  endfacet
  facet normal 0 1 0
    outer loop
      vertex 44.241 -0.251182 -40.82
      vertex 45.3651 -0.251182 -38.2612
      vertex 45.3503 -0.251182 -38.3249
    endloop
  endfacet
  facet normal 0 1 0
    outer loop
      vertex 44.241 -0.251182 -40.82
      vertex 45.3503 -0.251182 -38.3249
      vertex 45.3396 -0.251182 -38.3895
    endloop
  endfacet
  facet normal 0 1 0
    outer loop
      vertex 44.241 -0.251182 -40.82
      vertex 45.3396 -0.251182 -38.3895
      vertex 45.3332 -0.251182 -38.4546
    endloop
  endfacet
  facet normal 0 1 0
    outer loop
      vertex 44.241 -0.251182 -40.82
      vertex 45.3332 -0.251182 -38.4546
      vertex 45.331 -0.251182 -38.52
    endloop
  endfacet
  facet normal 0 1 0
    outer loop
      vertex 44.241 -0.251182 -40.82
      vertex 45.331 -0.251182 -38.52
      vertex 45.3332 -0.251182 -38.5854
    endloop
  endfacet
  facet normal 0 1 0
    outer loop
      vertex 44.241 -0.251182 -40.82
      vertex 45.3332 -0.251182 -38.5854
      vertex 45.3396 -0.251182 -38.6505
    endloop
  endfacet
  facet normal 0 1 0
    outer loop
      vertex 44.241 -0.251182 -40.82
      vertex 46.331 -0.251182 -39.52
      vertex 48.421 -0.251182 -40.82
    endloop
  endfacet
  facet normal 0 1 0
    outer loop
      vertex 46.331 -0.251182 -39.52
      vertex 44.241 -0.251182 -40.82
      vertex 46.2656 -0.251182 -39.5179
    endloop
  endfacet
  facet normal 0 1 0
    outer loop
      vertex 46.2656 -0.251182 -39.5179
      vertex 44.241 -0.251182 -40.82
      vertex 46.2005 -0.251182 -39.5114
    endloop
  endfacet
  facet normal 0 1 0
    outer loop
      vertex 46.2005 -0.251182 -39.5114
      vertex 44.241 -0.251182 -40.82
      vertex 46.136 -0.251182 -39.5008
    endloop
  endfacet
  facet normal 0 1 0
    outer loop
      vertex 46.136 -0.251182 -39.5008
      vertex 44.241 -0.251182 -40.82
      vertex 46.0722 -0.251182 -39.4859
    endloop
  endfacet
  facet normal 0 1 0
    outer loop
      vertex 46.0722 -0.251182 -39.4859
      vertex 44.241 -0.251182 -40.82
      vertex 46.0096 -0.251182 -39.4669
    endloop
  endfacet
  facet normal 0 1 0
    outer loop
      vertex 46.0096 -0.251182 -39.4669
      vertex 44.241 -0.251182 -40.82
      vertex 45.9484 -0.251182 -39.4439
    endloop
  endfacet
  facet normal 0 1 0
    outer loop
      vertex 45.9484 -0.251182 -39.4439
      vertex 44.241 -0.251182 -40.82
      vertex 45.8888 -0.251182 -39.4169
    endloop
  endfacet
  facet normal 0 1 0
    outer loop
      vertex 45.3651 -0.251182 -38.2612
      vertex 44.241 -0.251182 -40.82
      vertex 44.241 -0.251182 -29
    endloop
  endfacet
  facet normal 0 1 0
    outer loop
      vertex 45.3503 -0.251182 -38.7151
      vertex 44.241 -0.251182 -40.82
      vertex 45.3396 -0.251182 -38.6505
    endloop
  endfacet
  facet normal 0 1 0
    outer loop
      vertex 45.3651 -0.251182 -38.7788
      vertex 44.241 -0.251182 -40.82
      vertex 45.3503 -0.251182 -38.7151
    endloop
  endfacet
  facet normal 0 1 0
    outer loop
      vertex 45.3841 -0.251182 -38.8414
      vertex 44.241 -0.251182 -40.82
      vertex 45.3651 -0.251182 -38.7788
    endloop
  endfacet
  facet normal 0 1 0
    outer loop
      vertex 45.4072 -0.251182 -38.9027
      vertex 44.241 -0.251182 -40.82
      vertex 45.3841 -0.251182 -38.8414
    endloop
  endfacet
  facet normal 0 1 0
    outer loop
      vertex 45.4342 -0.251182 -38.9623
      vertex 44.241 -0.251182 -40.82
      vertex 45.4072 -0.251182 -38.9027
    endloop
  endfacet
  facet normal 0 1 0
    outer loop
      vertex 45.465 -0.251182 -39.02
      vertex 44.241 -0.251182 -40.82
      vertex 45.4342 -0.251182 -38.9623
    endloop
  endfacet
  facet normal 0 1 0
    outer loop
      vertex 45.4996 -0.251182 -39.0756
      vertex 44.241 -0.251182 -40.82
      vertex 45.465 -0.251182 -39.02
    endloop
  endfacet
  facet normal 0 1 0
    outer loop
      vertex 45.5377 -0.251182 -39.1288
      vertex 44.241 -0.251182 -40.82
      vertex 45.4996 -0.251182 -39.0756
    endloop
  endfacet
  facet normal 0 1 0
    outer loop
      vertex 45.5792 -0.251182 -39.1793
      vertex 44.241 -0.251182 -40.82
      vertex 45.5377 -0.251182 -39.1288
    endloop
  endfacet
  facet normal 0 1 0
    outer loop
      vertex 45.6239 -0.251182 -39.2271
      vertex 44.241 -0.251182 -40.82
      vertex 45.5792 -0.251182 -39.1793
    endloop
  endfacet
  facet normal 0 1 0
    outer loop
      vertex 45.6717 -0.251182 -39.2718
      vertex 44.241 -0.251182 -40.82
      vertex 45.6239 -0.251182 -39.2271
    endloop
  endfacet
  facet normal 0 1 0
    outer loop
      vertex 45.7223 -0.251182 -39.3134
      vertex 44.241 -0.251182 -40.82
      vertex 45.6717 -0.251182 -39.2718
    endloop
  endfacet
  facet normal 0 1 0
    outer loop
      vertex 45.7755 -0.251182 -39.3515
      vertex 44.241 -0.251182 -40.82
      vertex 45.7223 -0.251182 -39.3134
    endloop
  endfacet
  facet normal 0 1 0
    outer loop
      vertex 45.831 -0.251182 -39.386
      vertex 44.241 -0.251182 -40.82
      vertex 45.7755 -0.251182 -39.3515
    endloop
  endfacet
  facet normal 0 1 0
    outer loop
      vertex 45.8888 -0.251182 -39.4169
      vertex 44.241 -0.251182 -40.82
      vertex 45.831 -0.251182 -39.386
    endloop
  endfacet
  facet normal 0 -1 0
    outer loop
      vertex 44.241 -3.72118 -29
      vertex 46.2656 -3.72118 -37.5221
      vertex 46.331 -3.72118 -37.52
    endloop
  endfacet
  facet normal 0 -1 0
    outer loop
      vertex 44.241 -3.72118 -29
      vertex 46.2005 -3.72118 -37.5286
      vertex 46.2656 -3.72118 -37.5221
    endloop
  endfacet
  facet normal 0 -1 0
    outer loop
      vertex 44.241 -3.72118 -29
      vertex 46.136 -3.72118 -37.5392
      vertex 46.2005 -3.72118 -37.5286
    endloop
  endfacet
  facet normal 0 -1 0
    outer loop
      vertex 44.241 -3.72118 -29
      vertex 46.0722 -3.72118 -37.5541
      vertex 46.136 -3.72118 -37.5392
    endloop
  endfacet
  facet normal 0 -1 0
    outer loop
      vertex 44.241 -3.72118 -29
      vertex 46.0096 -3.72118 -37.5731
      vertex 46.0722 -3.72118 -37.5541
    endloop
  endfacet
  facet normal 0 -1 0
    outer loop
      vertex 44.241 -3.72118 -29
      vertex 45.9484 -3.72118 -37.5961
      vertex 46.0096 -3.72118 -37.5731
    endloop
  endfacet
  facet normal 0 -1 0
    outer loop
      vertex 44.241 -3.72118 -29
      vertex 45.8888 -3.72118 -37.6231
      vertex 45.9484 -3.72118 -37.5961
    endloop
  endfacet
  facet normal 0 -1 0
    outer loop
      vertex 44.241 -3.72118 -29
      vertex 45.831 -3.72118 -37.654
      vertex 45.8888 -3.72118 -37.6231
    endloop
  endfacet
  facet normal 0 -1 0
    outer loop
      vertex 44.241 -3.72118 -29
      vertex 45.7755 -3.72118 -37.6885
      vertex 45.831 -3.72118 -37.654
    endloop
  endfacet
  facet normal 0 -1 0
    outer loop
      vertex 44.241 -3.72118 -29
      vertex 45.7223 -3.72118 -37.7266
      vertex 45.7755 -3.72118 -37.6885
    endloop
  endfacet
  facet normal 0 -1 0
    outer loop
      vertex 44.241 -3.72118 -29
      vertex 45.6717 -3.72118 -37.7682
      vertex 45.7223 -3.72118 -37.7266
    endloop
  endfacet
  facet normal 0 -1 0
    outer loop
      vertex 44.241 -3.72118 -29
      vertex 45.6239 -3.72118 -37.8129
      vertex 45.6717 -3.72118 -37.7682
    endloop
  endfacet
  facet normal 0 -1 0
    outer loop
      vertex 44.241 -3.72118 -29
      vertex 45.5792 -3.72118 -37.8607
      vertex 45.6239 -3.72118 -37.8129
    endloop
  endfacet
  facet normal 0 -1 0
    outer loop
      vertex 44.241 -3.72118 -29
      vertex 45.5377 -3.72118 -37.9112
      vertex 45.5792 -3.72118 -37.8607
    endloop
  endfacet
  facet normal 0 -1 0
    outer loop
      vertex 44.241 -3.72118 -29
      vertex 45.4996 -3.72118 -37.9644
      vertex 45.5377 -3.72118 -37.9112
    endloop
  endfacet
  facet normal 0 -1 0
    outer loop
      vertex 44.241 -3.72118 -29
      vertex 45.465 -3.72118 -38.02
      vertex 45.4996 -3.72118 -37.9644
    endloop
  endfacet
  facet normal 0 -1 0
    outer loop
      vertex 44.241 -3.72118 -29
      vertex 45.4342 -3.72118 -38.0777
      vertex 45.465 -3.72118 -38.02
    endloop
  endfacet
  facet normal 0 -1 0
    outer loop
      vertex 44.241 -3.72118 -29
      vertex 45.4072 -3.72118 -38.1373
      vertex 45.4342 -3.72118 -38.0777
    endloop
  endfacet
  facet normal 0 -1 0
    outer loop
      vertex 44.241 -3.72118 -29
      vertex 45.3841 -3.72118 -38.1986
      vertex 45.4072 -3.72118 -38.1373
    endloop
  endfacet
  facet normal 0 -1 0
    outer loop
      vertex 44.241 -3.72118 -29
      vertex 45.3651 -3.72118 -38.2612
      vertex 45.3841 -3.72118 -38.1986
    endloop
  endfacet
  facet normal 0 -1 0
    outer loop
      vertex 44.241 -3.72118 -40.82
      vertex 45.3651 -3.72118 -38.2612
      vertex 44.241 -3.72118 -29
    endloop
  endfacet
  facet normal 0 -1 0
    outer loop
      vertex 45.3651 -3.72118 -38.2612
      vertex 44.241 -3.72118 -40.82
      vertex 45.3503 -3.72118 -38.3249
    endloop
  endfacet
  facet normal 0 -1 0
    outer loop
      vertex 45.3503 -3.72118 -38.3249
      vertex 44.241 -3.72118 -40.82
      vertex 45.3396 -3.72118 -38.3895
    endloop
  endfacet
  facet normal 0 -1 0
    outer loop
      vertex 45.3396 -3.72118 -38.3895
      vertex 44.241 -3.72118 -40.82
      vertex 45.3332 -3.72118 -38.4546
    endloop
  endfacet
  facet normal 0 -1 0
    outer loop
      vertex 45.3332 -3.72118 -38.4546
      vertex 44.241 -3.72118 -40.82
      vertex 45.331 -3.72118 -38.52
    endloop
  endfacet
  facet normal 0 -1 -0
    outer loop
      vertex 45.331 -3.72118 -38.52
      vertex 44.241 -3.72118 -40.82
      vertex 45.3332 -3.72118 -38.5854
    endloop
  endfacet
  facet normal 0 -1 -0
    outer loop
      vertex 46.2656 -3.72118 -39.5179
      vertex 44.241 -3.72118 -40.82
      vertex 46.331 -3.72118 -39.52
    endloop
  endfacet
  facet normal 0 -1 -0
    outer loop
      vertex 46.2005 -3.72118 -39.5114
      vertex 44.241 -3.72118 -40.82
      vertex 46.2656 -3.72118 -39.5179
    endloop
  endfacet
  facet normal 0 -1 -0
    outer loop
      vertex 46.136 -3.72118 -39.5008
      vertex 44.241 -3.72118 -40.82
      vertex 46.2005 -3.72118 -39.5114
    endloop
  endfacet
  facet normal 0 -1 -0
    outer loop
      vertex 46.0722 -3.72118 -39.4859
      vertex 44.241 -3.72118 -40.82
      vertex 46.136 -3.72118 -39.5008
    endloop
  endfacet
  facet normal 0 -1 -0
    outer loop
      vertex 46.0096 -3.72118 -39.4669
      vertex 44.241 -3.72118 -40.82
      vertex 46.0722 -3.72118 -39.4859
    endloop
  endfacet
  facet normal 0 -1 -0
    outer loop
      vertex 45.9484 -3.72118 -39.4439
      vertex 44.241 -3.72118 -40.82
      vertex 46.0096 -3.72118 -39.4669
    endloop
  endfacet
  facet normal 0 -1 -0
    outer loop
      vertex 45.8888 -3.72118 -39.4169
      vertex 44.241 -3.72118 -40.82
      vertex 45.9484 -3.72118 -39.4439
    endloop
  endfacet
  facet normal 0 -1 -0
    outer loop
      vertex 45.831 -3.72118 -39.386
      vertex 44.241 -3.72118 -40.82
      vertex 45.8888 -3.72118 -39.4169
    endloop
  endfacet
  facet normal 0 -1 -0
    outer loop
      vertex 45.7755 -3.72118 -39.3515
      vertex 44.241 -3.72118 -40.82
      vertex 45.831 -3.72118 -39.386
    endloop
  endfacet
  facet normal 0 -1 -0
    outer loop
      vertex 45.7223 -3.72118 -39.3134
      vertex 44.241 -3.72118 -40.82
      vertex 45.7755 -3.72118 -39.3515
    endloop
  endfacet
  facet normal 0 -1 -0
    outer loop
      vertex 45.6717 -3.72118 -39.2718
      vertex 44.241 -3.72118 -40.82
      vertex 45.7223 -3.72118 -39.3134
    endloop
  endfacet
  facet normal 0 -1 -0
    outer loop
      vertex 45.6239 -3.72118 -39.2271
      vertex 44.241 -3.72118 -40.82
      vertex 45.6717 -3.72118 -39.2718
    endloop
  endfacet
  facet normal 0 -1 -0
    outer loop
      vertex 45.5792 -3.72118 -39.1793
      vertex 44.241 -3.72118 -40.82
      vertex 45.6239 -3.72118 -39.2271
    endloop
  endfacet
  facet normal 0 -1 -0
    outer loop
      vertex 45.5377 -3.72118 -39.1288
      vertex 44.241 -3.72118 -40.82
      vertex 45.5792 -3.72118 -39.1793
    endloop
  endfacet
  facet normal 0 -1 -0
    outer loop
      vertex 45.4996 -3.72118 -39.0756
      vertex 44.241 -3.72118 -40.82
      vertex 45.5377 -3.72118 -39.1288
    endloop
  endfacet
  facet normal 0 -1 -0
    outer loop
      vertex 45.465 -3.72118 -39.02
      vertex 44.241 -3.72118 -40.82
      vertex 45.4996 -3.72118 -39.0756
    endloop
  endfacet
  facet normal 0 -1 -0
    outer loop
      vertex 45.4342 -3.72118 -38.9623
      vertex 44.241 -3.72118 -40.82
      vertex 45.465 -3.72118 -39.02
    endloop
  endfacet
  facet normal 0 -1 -0
    outer loop
      vertex 45.4072 -3.72118 -38.9027
      vertex 44.241 -3.72118 -40.82
      vertex 45.4342 -3.72118 -38.9623
    endloop
  endfacet
  facet normal 0 -1 -0
    outer loop
      vertex 45.3841 -3.72118 -38.8414
      vertex 44.241 -3.72118 -40.82
      vertex 45.4072 -3.72118 -38.9027
    endloop
  endfacet
  facet normal 0 -1 -0
    outer loop
      vertex 45.3651 -3.72118 -38.7788
      vertex 44.241 -3.72118 -40.82
      vertex 45.3841 -3.72118 -38.8414
    endloop
  endfacet
  facet normal 0 -1 -0
    outer loop
      vertex 45.3503 -3.72118 -38.7151
      vertex 44.241 -3.72118 -40.82
      vertex 45.3651 -3.72118 -38.7788
    endloop
  endfacet
  facet normal 0 -1 -0
    outer loop
      vertex 45.3396 -3.72118 -38.6505
      vertex 44.241 -3.72118 -40.82
      vertex 45.3503 -3.72118 -38.7151
    endloop
  endfacet
  facet normal 0 -1 -0
    outer loop
      vertex 45.3332 -3.72118 -38.5854
      vertex 44.241 -3.72118 -40.82
      vertex 45.3396 -3.72118 -38.6505
    endloop
  endfacet
  facet normal 0 -1 0
    outer loop
      vertex 27.1382 -3.72118 -29
      vertex 28.5996 -3.72118 -24.82
      vertex 22.9582 -3.72118 -24.82
    endloop
  endfacet
  facet normal 0 -1 -0
    outer loop
      vertex 28.5996 -3.72118 -24.82
      vertex 27.1382 -3.72118 -29
      vertex 32.7796 -3.72118 -24.82
    endloop
  endfacet
  facet normal 0 -1 0
    outer loop
      vertex 44.241 -3.72118 -29
      vertex 32.7796 -3.72118 -24.82
      vertex 27.1382 -3.72118 -29
    endloop
  endfacet
  facet normal 0 -1 0
    outer loop
      vertex 24.4927 -3.72118 -37.6885
      vertex 27.1382 -3.72118 -29
      vertex 22.9582 -3.72118 -24.82
    endloop
  endfacet
  facet normal 0 -1 0
    outer loop
      vertex 27.1382 -3.72118 -29
      vertex 24.9828 -3.72118 -37.5221
      vertex 25.0482 -3.72118 -37.52
    endloop
  endfacet
  facet normal 0 -1 0
    outer loop
      vertex 27.1382 -3.72118 -29
      vertex 24.9177 -3.72118 -37.5286
      vertex 24.9828 -3.72118 -37.5221
    endloop
  endfacet
  facet normal 0 -1 0
    outer loop
      vertex 27.1382 -3.72118 -29
      vertex 24.8532 -3.72118 -37.5392
      vertex 24.9177 -3.72118 -37.5286
    endloop
  endfacet
  facet normal 0 -1 0
    outer loop
      vertex 27.1382 -3.72118 -29
      vertex 24.7894 -3.72118 -37.5541
      vertex 24.8532 -3.72118 -37.5392
    endloop
  endfacet
  facet normal 0 -1 0
    outer loop
      vertex 27.1382 -3.72118 -29
      vertex 24.7268 -3.72118 -37.5731
      vertex 24.7894 -3.72118 -37.5541
    endloop
  endfacet
  facet normal 0 -1 0
    outer loop
      vertex 27.1382 -3.72118 -29
      vertex 24.6656 -3.72118 -37.5961
      vertex 24.7268 -3.72118 -37.5731
    endloop
  endfacet
  facet normal 0 -1 0
    outer loop
      vertex 27.1382 -3.72118 -29
      vertex 24.606 -3.72118 -37.6231
      vertex 24.6656 -3.72118 -37.5961
    endloop
  endfacet
  facet normal 0 -1 0
    outer loop
      vertex 27.1382 -3.72118 -29
      vertex 24.5482 -3.72118 -37.654
      vertex 24.606 -3.72118 -37.6231
    endloop
  endfacet
  facet normal 0 -1 0
    outer loop
      vertex 27.1382 -3.72118 -29
      vertex 24.4927 -3.72118 -37.6885
      vertex 24.5482 -3.72118 -37.654
    endloop
  endfacet
  facet normal 0 -1 0
    outer loop
      vertex 22.9582 -3.72118 -24.82
      vertex 24.4395 -3.72118 -37.7266
      vertex 24.4927 -3.72118 -37.6885
    endloop
  endfacet
  facet normal 0 -1 0
    outer loop
      vertex 22.9582 -3.72118 -24.82
      vertex 24.3889 -3.72118 -37.7682
      vertex 24.4395 -3.72118 -37.7266
    endloop
  endfacet
  facet normal 0 -1 0
    outer loop
      vertex 22.9582 -3.72118 -24.82
      vertex 24.3411 -3.72118 -37.8129
      vertex 24.3889 -3.72118 -37.7682
    endloop
  endfacet
  facet normal 0 -1 0
    outer loop
      vertex 22.9582 -3.72118 -24.82
      vertex 24.2964 -3.72118 -37.8607
      vertex 24.3411 -3.72118 -37.8129
    endloop
  endfacet
  facet normal 0 -1 0
    outer loop
      vertex 22.9582 -3.72118 -24.82
      vertex 24.2549 -3.72118 -37.9112
      vertex 24.2964 -3.72118 -37.8607
    endloop
  endfacet
  facet normal 0 -1 0
    outer loop
      vertex 22.9582 -3.72118 -24.82
      vertex 24.2168 -3.72118 -37.9644
      vertex 24.2549 -3.72118 -37.9112
    endloop
  endfacet
  facet normal 0 -1 0
    outer loop
      vertex 22.9582 -3.72118 -24.82
      vertex 24.1822 -3.72118 -38.02
      vertex 24.2168 -3.72118 -37.9644
    endloop
  endfacet
  facet normal 0 -1 0
    outer loop
      vertex 22.9582 -3.72118 -24.82
      vertex 24.1514 -3.72118 -38.0777
      vertex 24.1822 -3.72118 -38.02
    endloop
  endfacet
  facet normal 0 -1 0
    outer loop
      vertex 22.9582 -3.72118 -24.82
      vertex 24.1244 -3.72118 -38.1373
      vertex 24.1514 -3.72118 -38.0777
    endloop
  endfacet
  facet normal 0 -1 0
    outer loop
      vertex 22.9582 -3.72118 -24.82
      vertex 24.1013 -3.72118 -38.1986
      vertex 24.1244 -3.72118 -38.1373
    endloop
  endfacet
  facet normal 0 -1 0
    outer loop
      vertex 22.9582 -3.72118 -40.82
      vertex 24.1013 -3.72118 -38.1986
      vertex 22.9582 -3.72118 -24.82
    endloop
  endfacet
  facet normal 0 -1 0
    outer loop
      vertex 24.1013 -3.72118 -38.1986
      vertex 22.9582 -3.72118 -40.82
      vertex 24.0823 -3.72118 -38.2612
    endloop
  endfacet
  facet normal 0 -1 0
    outer loop
      vertex 24.0823 -3.72118 -38.2612
      vertex 22.9582 -3.72118 -40.82
      vertex 24.0675 -3.72118 -38.3249
    endloop
  endfacet
  facet normal 0 -1 0
    outer loop
      vertex 24.0675 -3.72118 -38.3249
      vertex 22.9582 -3.72118 -40.82
      vertex 24.0568 -3.72118 -38.3895
    endloop
  endfacet
  facet normal 0 -1 0
    outer loop
      vertex 24.0568 -3.72118 -38.3895
      vertex 22.9582 -3.72118 -40.82
      vertex 24.0504 -3.72118 -38.4546
    endloop
  endfacet
  facet normal 0 -1 0
    outer loop
      vertex 24.0504 -3.72118 -38.4546
      vertex 22.9582 -3.72118 -40.82
      vertex 24.0482 -3.72118 -38.52
    endloop
  endfacet
  facet normal 0 -1 -0
    outer loop
      vertex 24.9828 -3.72118 -39.5179
      vertex 22.9582 -3.72118 -40.82
      vertex 25.0482 -3.72118 -39.52
    endloop
  endfacet
  facet normal 0 -1 -0
    outer loop
      vertex 24.9177 -3.72118 -39.5114
      vertex 22.9582 -3.72118 -40.82
      vertex 24.9828 -3.72118 -39.5179
    endloop
  endfacet
  facet normal 0 -1 -0
    outer loop
      vertex 24.8532 -3.72118 -39.5008
      vertex 22.9582 -3.72118 -40.82
      vertex 24.9177 -3.72118 -39.5114
    endloop
  endfacet
  facet normal 0 -1 -0
    outer loop
      vertex 24.7894 -3.72118 -39.4859
      vertex 22.9582 -3.72118 -40.82
      vertex 24.8532 -3.72118 -39.5008
    endloop
  endfacet
  facet normal 0 -1 -0
    outer loop
      vertex 24.7268 -3.72118 -39.4669
      vertex 22.9582 -3.72118 -40.82
      vertex 24.7894 -3.72118 -39.4859
    endloop
  endfacet
  facet normal 0 -1 -0
    outer loop
      vertex 24.6656 -3.72118 -39.4439
      vertex 22.9582 -3.72118 -40.82
      vertex 24.7268 -3.72118 -39.4669
    endloop
  endfacet
  facet normal 0 -1 -0
    outer loop
      vertex 24.606 -3.72118 -39.4169
      vertex 22.9582 -3.72118 -40.82
      vertex 24.6656 -3.72118 -39.4439
    endloop
  endfacet
  facet normal 0 -1 -0
    outer loop
      vertex 24.5482 -3.72118 -39.386
      vertex 22.9582 -3.72118 -40.82
      vertex 24.606 -3.72118 -39.4169
    endloop
  endfacet
  facet normal 0 -1 -0
    outer loop
      vertex 24.4927 -3.72118 -39.3515
      vertex 22.9582 -3.72118 -40.82
      vertex 24.5482 -3.72118 -39.386
    endloop
  endfacet
  facet normal 0 -1 -0
    outer loop
      vertex 24.4395 -3.72118 -39.3134
      vertex 22.9582 -3.72118 -40.82
      vertex 24.4927 -3.72118 -39.3515
    endloop
  endfacet
  facet normal 0 -1 -0
    outer loop
      vertex 24.3889 -3.72118 -39.2718
      vertex 22.9582 -3.72118 -40.82
      vertex 24.4395 -3.72118 -39.3134
    endloop
  endfacet
  facet normal 0 -1 -0
    outer loop
      vertex 24.3411 -3.72118 -39.2271
      vertex 22.9582 -3.72118 -40.82
      vertex 24.3889 -3.72118 -39.2718
    endloop
  endfacet
  facet normal 0 -1 -0
    outer loop
      vertex 24.2964 -3.72118 -39.1793
      vertex 22.9582 -3.72118 -40.82
      vertex 24.3411 -3.72118 -39.2271
    endloop
  endfacet
  facet normal 0 -1 -0
    outer loop
      vertex 24.2549 -3.72118 -39.1288
      vertex 22.9582 -3.72118 -40.82
      vertex 24.2964 -3.72118 -39.1793
    endloop
  endfacet
  facet normal 0 -1 -0
    outer loop
      vertex 24.2168 -3.72118 -39.0756
      vertex 22.9582 -3.72118 -40.82
      vertex 24.2549 -3.72118 -39.1288
    endloop
  endfacet
  facet normal 0 -1 -0
    outer loop
      vertex 24.1822 -3.72118 -39.02
      vertex 22.9582 -3.72118 -40.82
      vertex 24.2168 -3.72118 -39.0756
    endloop
  endfacet
  facet normal 0 -1 -0
    outer loop
      vertex 24.1514 -3.72118 -38.9623
      vertex 22.9582 -3.72118 -40.82
      vertex 24.1822 -3.72118 -39.02
    endloop
  endfacet
  facet normal 0 -1 -0
    outer loop
      vertex 24.1244 -3.72118 -38.9027
      vertex 22.9582 -3.72118 -40.82
      vertex 24.1514 -3.72118 -38.9623
    endloop
  endfacet
  facet normal 0 -1 -0
    outer loop
      vertex 24.1013 -3.72118 -38.8414
      vertex 22.9582 -3.72118 -40.82
      vertex 24.1244 -3.72118 -38.9027
    endloop
  endfacet
  facet normal 0 -1 -0
    outer loop
      vertex 24.0823 -3.72118 -38.7788
      vertex 22.9582 -3.72118 -40.82
      vertex 24.1013 -3.72118 -38.8414
    endloop
  endfacet
  facet normal 0 -1 -0
    outer loop
      vertex 24.0675 -3.72118 -38.7151
      vertex 22.9582 -3.72118 -40.82
      vertex 24.0823 -3.72118 -38.7788
    endloop
  endfacet
  facet normal 0 -1 -0
    outer loop
      vertex 24.0568 -3.72118 -38.6505
      vertex 22.9582 -3.72118 -40.82
      vertex 24.0675 -3.72118 -38.7151
    endloop
  endfacet
  facet normal 0 -1 -0
    outer loop
      vertex 24.0504 -3.72118 -38.5854
      vertex 22.9582 -3.72118 -40.82
      vertex 24.0568 -3.72118 -38.6505
    endloop
  endfacet
  facet normal 0 -1 -0
    outer loop
      vertex 24.0482 -3.72118 -38.52
      vertex 22.9582 -3.72118 -40.82
      vertex 24.0504 -3.72118 -38.5854
    endloop
  endfacet
  facet normal 0 -1 0
    outer loop
      vertex 28.5996 -3.72118 -24.82
      vertex 32.7796 -3.72118 -16.25
      vertex 28.5996 -3.72118 -16.25
    endloop
  endfacet
  facet normal 0 -1 -0
    outer loop
      vertex 32.7796 -3.72118 -16.25
      vertex 28.5996 -3.72118 -24.82
      vertex 32.7796 -3.72118 -24.82
    endloop
  endfacet
  facet normal 0 -1 0
    outer loop
      vertex 32.7796 -3.72118 -24.82
      vertex 44.241 -3.72118 -29
      vertex 48.421 -3.72118 -24.82
    endloop
  endfacet
  facet normal 0 -1 0
    outer loop
      vertex 46.3964 -3.72118 -37.5221
      vertex 44.241 -3.72118 -29
      vertex 46.331 -3.72118 -37.52
    endloop
  endfacet
  facet normal 0 -1 0
    outer loop
      vertex 46.4616 -3.72118 -37.5286
      vertex 44.241 -3.72118 -29
      vertex 46.3964 -3.72118 -37.5221
    endloop
  endfacet
  facet normal 0 -1 0
    outer loop
      vertex 46.5261 -3.72118 -37.5392
      vertex 44.241 -3.72118 -29
      vertex 46.4616 -3.72118 -37.5286
    endloop
  endfacet
  facet normal 0 -1 0
    outer loop
      vertex 46.5899 -3.72118 -37.5541
      vertex 44.241 -3.72118 -29
      vertex 46.5261 -3.72118 -37.5392
    endloop
  endfacet
  facet normal 0 -1 0
    outer loop
      vertex 46.6525 -3.72118 -37.5731
      vertex 44.241 -3.72118 -29
      vertex 46.5899 -3.72118 -37.5541
    endloop
  endfacet
  facet normal 0 -1 0
    outer loop
      vertex 46.7137 -3.72118 -37.5961
      vertex 44.241 -3.72118 -29
      vertex 46.6525 -3.72118 -37.5731
    endloop
  endfacet
  facet normal 0 -1 0
    outer loop
      vertex 46.7733 -3.72118 -37.6231
      vertex 44.241 -3.72118 -29
      vertex 46.7137 -3.72118 -37.5961
    endloop
  endfacet
  facet normal 0 -1 0
    outer loop
      vertex 46.831 -3.72118 -37.654
      vertex 44.241 -3.72118 -29
      vertex 46.7733 -3.72118 -37.6231
    endloop
  endfacet
  facet normal 0 -1 0
    outer loop
      vertex 46.8866 -3.72118 -37.6885
      vertex 44.241 -3.72118 -29
      vertex 46.831 -3.72118 -37.654
    endloop
  endfacet
  facet normal 0 -1 0
    outer loop
      vertex 44.241 -3.72118 -29
      vertex 46.8866 -3.72118 -37.6885
      vertex 48.421 -3.72118 -24.82
    endloop
  endfacet
  facet normal 0 -1 0
    outer loop
      vertex 46.9398 -3.72118 -37.7266
      vertex 48.421 -3.72118 -24.82
      vertex 46.8866 -3.72118 -37.6885
    endloop
  endfacet
  facet normal 0 -1 0
    outer loop
      vertex 46.9904 -3.72118 -37.7682
      vertex 48.421 -3.72118 -24.82
      vertex 46.9398 -3.72118 -37.7266
    endloop
  endfacet
  facet normal 0 -1 0
    outer loop
      vertex 47.0381 -3.72118 -37.8129
      vertex 48.421 -3.72118 -24.82
      vertex 46.9904 -3.72118 -37.7682
    endloop
  endfacet
  facet normal 0 -1 0
    outer loop
      vertex 47.0829 -3.72118 -37.8607
      vertex 48.421 -3.72118 -24.82
      vertex 47.0381 -3.72118 -37.8129
    endloop
  endfacet
  facet normal 0 -1 0
    outer loop
      vertex 47.1244 -3.72118 -37.9112
      vertex 48.421 -3.72118 -24.82
      vertex 47.0829 -3.72118 -37.8607
    endloop
  endfacet
  facet normal 0 -1 0
    outer loop
      vertex 47.1625 -3.72118 -37.9644
      vertex 48.421 -3.72118 -24.82
      vertex 47.1244 -3.72118 -37.9112
    endloop
  endfacet
  facet normal 0 -1 0
    outer loop
      vertex 47.1971 -3.72118 -38.02
      vertex 48.421 -3.72118 -24.82
      vertex 47.1625 -3.72118 -37.9644
    endloop
  endfacet
  facet normal 0 -1 0
    outer loop
      vertex 47.2279 -3.72118 -38.0777
      vertex 48.421 -3.72118 -24.82
      vertex 47.1971 -3.72118 -38.02
    endloop
  endfacet
  facet normal 0 -1 0
    outer loop
      vertex 47.2549 -3.72118 -38.1373
      vertex 48.421 -3.72118 -24.82
      vertex 47.2279 -3.72118 -38.0777
    endloop
  endfacet
  facet normal 0 -1 0
    outer loop
      vertex 47.278 -3.72118 -38.1986
      vertex 48.421 -3.72118 -24.82
      vertex 47.2549 -3.72118 -38.1373
    endloop
  endfacet
  facet normal 0 -1 0
    outer loop
      vertex 48.421 -3.72118 -40.82
      vertex 47.278 -3.72118 -38.1986
      vertex 47.297 -3.72118 -38.2612
    endloop
  endfacet
  facet normal 0 -1 0
    outer loop
      vertex 48.421 -3.72118 -40.82
      vertex 47.297 -3.72118 -38.2612
      vertex 47.3118 -3.72118 -38.3249
    endloop
  endfacet
  facet normal 0 -1 0
    outer loop
      vertex 48.421 -3.72118 -40.82
      vertex 47.3118 -3.72118 -38.3249
      vertex 47.3225 -3.72118 -38.3895
    endloop
  endfacet
  facet normal 0 -1 0
    outer loop
      vertex 48.421 -3.72118 -40.82
      vertex 47.3225 -3.72118 -38.3895
      vertex 47.3289 -3.72118 -38.4546
    endloop
  endfacet
  facet normal 0 -1 0
    outer loop
      vertex 48.421 -3.72118 -40.82
      vertex 47.3289 -3.72118 -38.4546
      vertex 47.331 -3.72118 -38.52
    endloop
  endfacet
  facet normal 0 -1 0
    outer loop
      vertex 48.421 -3.72118 -40.82
      vertex 47.331 -3.72118 -38.52
      vertex 47.3289 -3.72118 -38.5854
    endloop
  endfacet
  facet normal 0 -1 0
    outer loop
      vertex 48.421 -3.72118 -40.82
      vertex 46.331 -3.72118 -39.52
      vertex 44.241 -3.72118 -40.82
    endloop
  endfacet
  facet normal 0 -1 0
    outer loop
      vertex 46.331 -3.72118 -39.52
      vertex 48.421 -3.72118 -40.82
      vertex 46.3964 -3.72118 -39.5179
    endloop
  endfacet
  facet normal 0 -1 0
    outer loop
      vertex 46.3964 -3.72118 -39.5179
      vertex 48.421 -3.72118 -40.82
      vertex 46.4616 -3.72118 -39.5114
    endloop
  endfacet
  facet normal 0 -1 0
    outer loop
      vertex 46.4616 -3.72118 -39.5114
      vertex 48.421 -3.72118 -40.82
      vertex 46.5261 -3.72118 -39.5008
    endloop
  endfacet
  facet normal 0 -1 0
    outer loop
      vertex 46.5261 -3.72118 -39.5008
      vertex 48.421 -3.72118 -40.82
      vertex 46.5899 -3.72118 -39.4859
    endloop
  endfacet
  facet normal 0 -1 0
    outer loop
      vertex 46.5899 -3.72118 -39.4859
      vertex 48.421 -3.72118 -40.82
      vertex 46.6525 -3.72118 -39.4669
    endloop
  endfacet
  facet normal 0 -1 0
    outer loop
      vertex 46.6525 -3.72118 -39.4669
      vertex 48.421 -3.72118 -40.82
      vertex 46.7137 -3.72118 -39.4439
    endloop
  endfacet
  facet normal 0 -1 0
    outer loop
      vertex 46.7137 -3.72118 -39.4439
      vertex 48.421 -3.72118 -40.82
      vertex 46.7733 -3.72118 -39.4169
    endloop
  endfacet
  facet normal 0 -1 0
    outer loop
      vertex 47.278 -3.72118 -38.1986
      vertex 48.421 -3.72118 -40.82
      vertex 48.421 -3.72118 -24.82
    endloop
  endfacet
  facet normal 0 -1 0
    outer loop
      vertex 47.3225 -3.72118 -38.6505
      vertex 48.421 -3.72118 -40.82
      vertex 47.3289 -3.72118 -38.5854
    endloop
  endfacet
  facet normal 0 -1 0
    outer loop
      vertex 47.3118 -3.72118 -38.7151
      vertex 48.421 -3.72118 -40.82
      vertex 47.3225 -3.72118 -38.6505
    endloop
  endfacet
  facet normal 0 -1 0
    outer loop
      vertex 47.297 -3.72118 -38.7788
      vertex 48.421 -3.72118 -40.82
      vertex 47.3118 -3.72118 -38.7151
    endloop
  endfacet
  facet normal 0 -1 0
    outer loop
      vertex 47.278 -3.72118 -38.8414
      vertex 48.421 -3.72118 -40.82
      vertex 47.297 -3.72118 -38.7788
    endloop
  endfacet
  facet normal 0 -1 0
    outer loop
      vertex 47.2549 -3.72118 -38.9027
      vertex 48.421 -3.72118 -40.82
      vertex 47.278 -3.72118 -38.8414
    endloop
  endfacet
  facet normal 0 -1 0
    outer loop
      vertex 47.2279 -3.72118 -38.9623
      vertex 48.421 -3.72118 -40.82
      vertex 47.2549 -3.72118 -38.9027
    endloop
  endfacet
  facet normal 0 -1 0
    outer loop
      vertex 47.1971 -3.72118 -39.02
      vertex 48.421 -3.72118 -40.82
      vertex 47.2279 -3.72118 -38.9623
    endloop
  endfacet
  facet normal 0 -1 0
    outer loop
      vertex 47.1625 -3.72118 -39.0756
      vertex 48.421 -3.72118 -40.82
      vertex 47.1971 -3.72118 -39.02
    endloop
  endfacet
  facet normal 0 -1 0
    outer loop
      vertex 47.1244 -3.72118 -39.1288
      vertex 48.421 -3.72118 -40.82
      vertex 47.1625 -3.72118 -39.0756
    endloop
  endfacet
  facet normal 0 -1 0
    outer loop
      vertex 47.0829 -3.72118 -39.1793
      vertex 48.421 -3.72118 -40.82
      vertex 47.1244 -3.72118 -39.1288
    endloop
  endfacet
  facet normal 0 -1 0
    outer loop
      vertex 47.0381 -3.72118 -39.2271
      vertex 48.421 -3.72118 -40.82
      vertex 47.0829 -3.72118 -39.1793
    endloop
  endfacet
  facet normal 0 -1 0
    outer loop
      vertex 46.9904 -3.72118 -39.2718
      vertex 48.421 -3.72118 -40.82
      vertex 47.0381 -3.72118 -39.2271
    endloop
  endfacet
  facet normal 0 -1 0
    outer loop
      vertex 46.9398 -3.72118 -39.3134
      vertex 48.421 -3.72118 -40.82
      vertex 46.9904 -3.72118 -39.2718
    endloop
  endfacet
  facet normal 0 -1 0
    outer loop
      vertex 46.8866 -3.72118 -39.3515
      vertex 48.421 -3.72118 -40.82
      vertex 46.9398 -3.72118 -39.3134
    endloop
  endfacet
  facet normal 0 -1 0
    outer loop
      vertex 46.831 -3.72118 -39.386
      vertex 48.421 -3.72118 -40.82
      vertex 46.8866 -3.72118 -39.3515
    endloop
  endfacet
  facet normal 0 -1 0
    outer loop
      vertex 46.7733 -3.72118 -39.4169
      vertex 48.421 -3.72118 -40.82
      vertex 46.831 -3.72118 -39.386
    endloop
  endfacet
  facet normal 0 -1 0
    outer loop
      vertex 25.1136 -3.72118 -37.5221
      vertex 27.1382 -3.72118 -29
      vertex 25.0482 -3.72118 -37.52
    endloop
  endfacet
  facet normal 0 -1 0
    outer loop
      vertex 25.1788 -3.72118 -37.5286
      vertex 27.1382 -3.72118 -29
      vertex 25.1136 -3.72118 -37.5221
    endloop
  endfacet
  facet normal 0 -1 0
    outer loop
      vertex 25.2433 -3.72118 -37.5392
      vertex 27.1382 -3.72118 -29
      vertex 25.1788 -3.72118 -37.5286
    endloop
  endfacet
  facet normal 0 -1 0
    outer loop
      vertex 25.3071 -3.72118 -37.5541
      vertex 27.1382 -3.72118 -29
      vertex 25.2433 -3.72118 -37.5392
    endloop
  endfacet
  facet normal 0 -1 0
    outer loop
      vertex 25.3697 -3.72118 -37.5731
      vertex 27.1382 -3.72118 -29
      vertex 25.3071 -3.72118 -37.5541
    endloop
  endfacet
  facet normal 0 -1 0
    outer loop
      vertex 25.4309 -3.72118 -37.5961
      vertex 27.1382 -3.72118 -29
      vertex 25.3697 -3.72118 -37.5731
    endloop
  endfacet
  facet normal 0 -1 0
    outer loop
      vertex 25.4905 -3.72118 -37.6231
      vertex 27.1382 -3.72118 -29
      vertex 25.4309 -3.72118 -37.5961
    endloop
  endfacet
  facet normal 0 -1 0
    outer loop
      vertex 25.5482 -3.72118 -37.654
      vertex 27.1382 -3.72118 -29
      vertex 25.4905 -3.72118 -37.6231
    endloop
  endfacet
  facet normal 0 -1 0
    outer loop
      vertex 25.6038 -3.72118 -37.6885
      vertex 27.1382 -3.72118 -29
      vertex 25.5482 -3.72118 -37.654
    endloop
  endfacet
  facet normal 0 -1 0
    outer loop
      vertex 25.657 -3.72118 -37.7266
      vertex 27.1382 -3.72118 -29
      vertex 25.6038 -3.72118 -37.6885
    endloop
  endfacet
  facet normal 0 -1 0
    outer loop
      vertex 25.7076 -3.72118 -37.7682
      vertex 27.1382 -3.72118 -29
      vertex 25.657 -3.72118 -37.7266
    endloop
  endfacet
  facet normal 0 -1 0
    outer loop
      vertex 25.7553 -3.72118 -37.8129
      vertex 27.1382 -3.72118 -29
      vertex 25.7076 -3.72118 -37.7682
    endloop
  endfacet
  facet normal 0 -1 0
    outer loop
      vertex 25.8001 -3.72118 -37.8607
      vertex 27.1382 -3.72118 -29
      vertex 25.7553 -3.72118 -37.8129
    endloop
  endfacet
  facet normal 0 -1 0
    outer loop
      vertex 25.8416 -3.72118 -37.9112
      vertex 27.1382 -3.72118 -29
      vertex 25.8001 -3.72118 -37.8607
    endloop
  endfacet
  facet normal 0 -1 0
    outer loop
      vertex 25.8797 -3.72118 -37.9644
      vertex 27.1382 -3.72118 -29
      vertex 25.8416 -3.72118 -37.9112
    endloop
  endfacet
  facet normal 0 -1 0
    outer loop
      vertex 25.9143 -3.72118 -38.02
      vertex 27.1382 -3.72118 -29
      vertex 25.8797 -3.72118 -37.9644
    endloop
  endfacet
  facet normal 0 -1 0
    outer loop
      vertex 25.9451 -3.72118 -38.0777
      vertex 27.1382 -3.72118 -29
      vertex 25.9143 -3.72118 -38.02
    endloop
  endfacet
  facet normal 0 -1 0
    outer loop
      vertex 25.9721 -3.72118 -38.1373
      vertex 27.1382 -3.72118 -29
      vertex 25.9451 -3.72118 -38.0777
    endloop
  endfacet
  facet normal 0 -1 0
    outer loop
      vertex 25.9952 -3.72118 -38.1986
      vertex 27.1382 -3.72118 -29
      vertex 25.9721 -3.72118 -38.1373
    endloop
  endfacet
  facet normal 0 -1 0
    outer loop
      vertex 26.0142 -3.72118 -38.2612
      vertex 27.1382 -3.72118 -29
      vertex 25.9952 -3.72118 -38.1986
    endloop
  endfacet
  facet normal 0 -1 0
    outer loop
      vertex 27.1382 -3.72118 -40.82
      vertex 26.0142 -3.72118 -38.2612
      vertex 26.029 -3.72118 -38.3249
    endloop
  endfacet
  facet normal 0 -1 0
    outer loop
      vertex 27.1382 -3.72118 -40.82
      vertex 26.029 -3.72118 -38.3249
      vertex 26.0397 -3.72118 -38.3895
    endloop
  endfacet
  facet normal 0 -1 0
    outer loop
      vertex 27.1382 -3.72118 -40.82
      vertex 26.0397 -3.72118 -38.3895
      vertex 26.0461 -3.72118 -38.4546
    endloop
  endfacet
  facet normal 0 -1 0
    outer loop
      vertex 27.1382 -3.72118 -40.82
      vertex 26.0461 -3.72118 -38.4546
      vertex 26.0482 -3.72118 -38.52
    endloop
  endfacet
  facet normal 0 -1 0
    outer loop
      vertex 27.1382 -3.72118 -40.82
      vertex 26.0482 -3.72118 -38.52
      vertex 26.0461 -3.72118 -38.5854
    endloop
  endfacet
  facet normal 0 -1 0
    outer loop
      vertex 27.1382 -3.72118 -40.82
      vertex 26.0461 -3.72118 -38.5854
      vertex 26.0397 -3.72118 -38.6505
    endloop
  endfacet
  facet normal 0 -1 0
    outer loop
      vertex 27.1382 -3.72118 -40.82
      vertex 25.0482 -3.72118 -39.52
      vertex 22.9582 -3.72118 -40.82
    endloop
  endfacet
  facet normal 0 -1 0
    outer loop
      vertex 25.0482 -3.72118 -39.52
      vertex 27.1382 -3.72118 -40.82
      vertex 25.1136 -3.72118 -39.5179
    endloop
  endfacet
  facet normal 0 -1 0
    outer loop
      vertex 25.1136 -3.72118 -39.5179
      vertex 27.1382 -3.72118 -40.82
      vertex 25.1788 -3.72118 -39.5114
    endloop
  endfacet
  facet normal 0 -1 0
    outer loop
      vertex 25.1788 -3.72118 -39.5114
      vertex 27.1382 -3.72118 -40.82
      vertex 25.2433 -3.72118 -39.5008
    endloop
  endfacet
  facet normal 0 -1 0
    outer loop
      vertex 25.2433 -3.72118 -39.5008
      vertex 27.1382 -3.72118 -40.82
      vertex 25.3071 -3.72118 -39.4859
    endloop
  endfacet
  facet normal 0 -1 0
    outer loop
      vertex 25.3071 -3.72118 -39.4859
      vertex 27.1382 -3.72118 -40.82
      vertex 25.3697 -3.72118 -39.4669
    endloop
  endfacet
  facet normal 0 -1 0
    outer loop
      vertex 25.3697 -3.72118 -39.4669
      vertex 27.1382 -3.72118 -40.82
      vertex 25.4309 -3.72118 -39.4439
    endloop
  endfacet
  facet normal 0 -1 0
    outer loop
      vertex 25.4309 -3.72118 -39.4439
      vertex 27.1382 -3.72118 -40.82
      vertex 25.4905 -3.72118 -39.4169
    endloop
  endfacet
  facet normal 0 -1 0
    outer loop
      vertex 26.0142 -3.72118 -38.2612
      vertex 27.1382 -3.72118 -40.82
      vertex 27.1382 -3.72118 -29
    endloop
  endfacet
  facet normal 0 -1 0
    outer loop
      vertex 26.029 -3.72118 -38.7151
      vertex 27.1382 -3.72118 -40.82
      vertex 26.0397 -3.72118 -38.6505
    endloop
  endfacet
  facet normal 0 -1 0
    outer loop
      vertex 26.0142 -3.72118 -38.7788
      vertex 27.1382 -3.72118 -40.82
      vertex 26.029 -3.72118 -38.7151
    endloop
  endfacet
  facet normal 0 -1 0
    outer loop
      vertex 25.9952 -3.72118 -38.8414
      vertex 27.1382 -3.72118 -40.82
      vertex 26.0142 -3.72118 -38.7788
    endloop
  endfacet
  facet normal 0 -1 0
    outer loop
      vertex 25.9721 -3.72118 -38.9027
      vertex 27.1382 -3.72118 -40.82
      vertex 25.9952 -3.72118 -38.8414
    endloop
  endfacet
  facet normal 0 -1 0
    outer loop
      vertex 25.9451 -3.72118 -38.9623
      vertex 27.1382 -3.72118 -40.82
      vertex 25.9721 -3.72118 -38.9027
    endloop
  endfacet
  facet normal 0 -1 0
    outer loop
      vertex 25.9143 -3.72118 -39.02
      vertex 27.1382 -3.72118 -40.82
      vertex 25.9451 -3.72118 -38.9623
    endloop
  endfacet
  facet normal 0 -1 0
    outer loop
      vertex 25.8797 -3.72118 -39.0756
      vertex 27.1382 -3.72118 -40.82
      vertex 25.9143 -3.72118 -39.02
    endloop
  endfacet
  facet normal 0 -1 0
    outer loop
      vertex 25.8416 -3.72118 -39.1288
      vertex 27.1382 -3.72118 -40.82
      vertex 25.8797 -3.72118 -39.0756
    endloop
  endfacet
  facet normal 0 -1 0
    outer loop
      vertex 25.8001 -3.72118 -39.1793
      vertex 27.1382 -3.72118 -40.82
      vertex 25.8416 -3.72118 -39.1288
    endloop
  endfacet
  facet normal 0 -1 0
    outer loop
      vertex 25.7553 -3.72118 -39.2271
      vertex 27.1382 -3.72118 -40.82
      vertex 25.8001 -3.72118 -39.1793
    endloop
  endfacet
  facet normal 0 -1 0
    outer loop
      vertex 25.7076 -3.72118 -39.2718
      vertex 27.1382 -3.72118 -40.82
      vertex 25.7553 -3.72118 -39.2271
    endloop
  endfacet
  facet normal 0 -1 0
    outer loop
      vertex 25.657 -3.72118 -39.3134
      vertex 27.1382 -3.72118 -40.82
      vertex 25.7076 -3.72118 -39.2718
    endloop
  endfacet
  facet normal 0 -1 0
    outer loop
      vertex 25.6038 -3.72118 -39.3515
      vertex 27.1382 -3.72118 -40.82
      vertex 25.657 -3.72118 -39.3134
    endloop
  endfacet
  facet normal 0 -1 0
    outer loop
      vertex 25.5482 -3.72118 -39.386
      vertex 27.1382 -3.72118 -40.82
      vertex 25.6038 -3.72118 -39.3515
    endloop
  endfacet
  facet normal 0 -1 0
    outer loop
      vertex 25.4905 -3.72118 -39.4169
      vertex 27.1382 -3.72118 -40.82
      vertex 25.5482 -3.72118 -39.386
    endloop
  endfacet
  facet normal 1 -0 0
    outer loop
      vertex 27.1382 -3.72118 -29
      vertex 27.1382 -0.251182 -40.82
      vertex 27.1382 -0.251182 -29
    endloop
  endfacet
  facet normal 1 0 0
    outer loop
      vertex 27.1382 -0.251182 -40.82
      vertex 27.1382 -3.72118 -29
      vertex 27.1382 -3.72118 -40.82
    endloop
  endfacet
  facet normal 0 0 -1
    outer loop
      vertex 22.9582 -3.72118 -40.82
      vertex 27.1382 -0.251182 -40.82
      vertex 27.1382 -3.72118 -40.82
    endloop
  endfacet
  facet normal -0 0 -1
    outer loop
      vertex 27.1382 -0.251182 -40.82
      vertex 22.9582 -3.72118 -40.82
      vertex 22.9582 -0.251182 -40.82
    endloop
  endfacet
  facet normal 0 0 -1
    outer loop
      vertex 44.241 -3.72118 -40.82
      vertex 48.421 -0.251182 -40.82
      vertex 48.421 -3.72118 -40.82
    endloop
  endfacet
  facet normal -0 0 -1
    outer loop
      vertex 48.421 -0.251182 -40.82
      vertex 44.241 -3.72118 -40.82
      vertex 44.241 -0.251182 -40.82
    endloop
  endfacet
  facet normal -1 0 0
    outer loop
      vertex 44.241 -3.72118 -40.82
      vertex 44.241 -0.251182 -29
      vertex 44.241 -0.251182 -40.82
    endloop
  endfacet
  facet normal -1 -0 0
    outer loop
      vertex 44.241 -0.251182 -29
      vertex 44.241 -3.72118 -40.82
      vertex 44.241 -3.72118 -29
    endloop
  endfacet
  facet normal -0.849026 0 -0.528351
    outer loop
      vertex 25.9143 -3.72118 -38.02
      vertex 25.8797 -0.251182 -37.9644
      vertex 25.9143 -0.251182 -38.02
    endloop
  endfacet
  facet normal -0.849026 -0 -0.528351
    outer loop
      vertex 25.8797 -0.251182 -37.9644
      vertex 25.9143 -3.72118 -38.02
      vertex 25.8797 -3.72118 -37.9644
    endloop
  endfacet
  facet normal 0.412651 0 0.910889
    outer loop
      vertex 24.606 -0.251182 -39.4169
      vertex 24.6656 -3.72118 -39.4439
      vertex 24.6656 -0.251182 -39.4439
    endloop
  endfacet
  facet normal 0.412651 0 0.910889
    outer loop
      vertex 24.6656 -3.72118 -39.4439
      vertex 24.606 -0.251182 -39.4169
      vertex 24.606 -3.72118 -39.4169
    endloop
  endfacet
  facet normal -0.635065 0 0.772459
    outer loop
      vertex 25.657 -0.251182 -39.3134
      vertex 25.7076 -3.72118 -39.2718
      vertex 25.7076 -0.251182 -39.2718
    endloop
  endfacet
  facet normal -0.635065 0 0.772459
    outer loop
      vertex 25.7076 -3.72118 -39.2718
      vertex 25.657 -0.251182 -39.3134
      vertex 25.657 -3.72118 -39.3134
    endloop
  endfacet
  facet normal -0.58225 0 -0.81301
    outer loop
      vertex 25.6038 -3.72118 -37.6885
      vertex 25.657 -0.251182 -37.7266
      vertex 25.657 -3.72118 -37.7266
    endloop
  endfacet
  facet normal -0.58225 0 -0.81301
    outer loop
      vertex 25.657 -0.251182 -37.7266
      vertex 25.6038 -3.72118 -37.6885
      vertex 25.6038 -0.251182 -37.6885
    endloop
  endfacet
  facet normal -0.527249 0 0.849711
    outer loop
      vertex 25.5482 -0.251182 -39.386
      vertex 25.6038 -3.72118 -39.3515
      vertex 25.6038 -0.251182 -39.3515
    endloop
  endfacet
  facet normal -0.527249 0 0.849711
    outer loop
      vertex 25.6038 -3.72118 -39.3515
      vertex 25.5482 -0.251182 -39.386
      vertex 25.5482 -3.72118 -39.386
    endloop
  endfacet
  facet normal -0.162166 0 -0.986764
    outer loop
      vertex 25.1788 -3.72118 -37.5286
      vertex 25.2433 -0.251182 -37.5392
      vertex 25.2433 -3.72118 -37.5392
    endloop
  endfacet
  facet normal -0.162166 0 -0.986764
    outer loop
      vertex 25.2433 -0.251182 -37.5392
      vertex 25.1788 -3.72118 -37.5286
      vertex 25.1788 -0.251182 -37.5286
    endloop
  endfacet
  facet normal -0.635065 0 -0.772459
    outer loop
      vertex 25.657 -3.72118 -37.7266
      vertex 25.7076 -0.251182 -37.7682
      vertex 25.7076 -3.72118 -37.7682
    endloop
  endfacet
  facet normal -0.635065 0 -0.772459
    outer loop
      vertex 25.7076 -0.251182 -37.7682
      vertex 25.657 -3.72118 -37.7266
      vertex 25.657 -0.251182 -37.7266
    endloop
  endfacet
  facet normal -0.974055 0 -0.226311
    outer loop
      vertex 26.029 -3.72118 -38.3249
      vertex 26.0142 -0.251182 -38.2612
      vertex 26.029 -0.251182 -38.3249
    endloop
  endfacet
  facet normal -0.974055 -0 -0.226311
    outer loop
      vertex 26.0142 -0.251182 -38.2612
      vertex 26.029 -3.72118 -38.3249
      vertex 26.0142 -3.72118 -38.2612
    endloop
  endfacet
  facet normal -0.227423 0 0.973796
    outer loop
      vertex 25.2433 -0.251182 -39.5008
      vertex 25.3071 -3.72118 -39.4859
      vertex 25.3071 -0.251182 -39.4859
    endloop
  endfacet
  facet normal -0.227423 0 0.973796
    outer loop
      vertex 25.3071 -3.72118 -39.4859
      vertex 25.2433 -0.251182 -39.5008
      vertex 25.2433 -3.72118 -39.5008
    endloop
  endfacet
  facet normal 0.0320936 0 0.999485
    outer loop
      vertex 24.9828 -0.251182 -39.5179
      vertex 25.0482 -3.72118 -39.52
      vertex 25.0482 -0.251182 -39.52
    endloop
  endfacet
  facet normal 0.0320936 0 0.999485
    outer loop
      vertex 25.0482 -3.72118 -39.52
      vertex 24.9828 -0.251182 -39.5179
      vertex 24.9828 -3.72118 -39.5179
    endloop
  endfacet
  facet normal -0.729632 0 0.68384
    outer loop
      vertex 25.7553 -3.72118 -39.2271
      vertex 25.8001 -0.251182 -39.1793
      vertex 25.7553 -0.251182 -39.2271
    endloop
  endfacet
  facet normal -0.729632 0 0.68384
    outer loop
      vertex 25.8001 -0.251182 -39.1793
      vertex 25.7553 -3.72118 -39.2271
      vertex 25.8001 -3.72118 -39.1793
    endloop
  endfacet
  facet normal -0.995202 0 0.0978386
    outer loop
      vertex 26.0397 -3.72118 -38.6505
      vertex 26.0461 -0.251182 -38.5854
      vertex 26.0397 -0.251182 -38.6505
    endloop
  endfacet
  facet normal -0.995202 0 0.0978386
    outer loop
      vertex 26.0461 -0.251182 -38.5854
      vertex 26.0397 -3.72118 -38.6505
      vertex 26.0461 -3.72118 -38.5854
    endloop
  endfacet
  facet normal -0.995202 0 -0.0978386
    outer loop
      vertex 26.0461 -3.72118 -38.4546
      vertex 26.0397 -0.251182 -38.3895
      vertex 26.0461 -0.251182 -38.4546
    endloop
  endfacet
  facet normal -0.995202 -0 -0.0978386
    outer loop
      vertex 26.0397 -0.251182 -38.3895
      vertex 26.0461 -3.72118 -38.4546
      vertex 26.0397 -3.72118 -38.3895
    endloop
  endfacet
  facet normal -0.772592 0 0.634903
    outer loop
      vertex 25.8001 -3.72118 -39.1793
      vertex 25.8416 -0.251182 -39.1288
      vertex 25.8001 -0.251182 -39.1793
    endloop
  endfacet
  facet normal -0.772592 0 0.634903
    outer loop
      vertex 25.8416 -0.251182 -39.1288
      vertex 25.8001 -3.72118 -39.1793
      vertex 25.8416 -3.72118 -39.1288
    endloop
  endfacet
  facet normal 0.0320936 0 -0.999485
    outer loop
      vertex 24.9828 -3.72118 -37.5221
      vertex 25.0482 -0.251182 -37.52
      vertex 25.0482 -3.72118 -37.52
    endloop
  endfacet
  facet normal 0.0320936 0 -0.999485
    outer loop
      vertex 25.0482 -0.251182 -37.52
      vertex 24.9828 -3.72118 -37.5221
      vertex 24.9828 -0.251182 -37.5221
    endloop
  endfacet
  facet normal 0.290432 0 0.956896
    outer loop
      vertex 24.7268 -0.251182 -39.4669
      vertex 24.7894 -3.72118 -39.4859
      vertex 24.7894 -0.251182 -39.4859
    endloop
  endfacet
  facet normal 0.290432 0 0.956896
    outer loop
      vertex 24.7894 -3.72118 -39.4859
      vertex 24.7268 -0.251182 -39.4669
      vertex 24.7268 -3.72118 -39.4669
    endloop
  endfacet
  facet normal -0.351794 0 -0.936078
    outer loop
      vertex 25.3697 -3.72118 -37.5731
      vertex 25.4309 -0.251182 -37.5961
      vertex 25.4309 -3.72118 -37.5961
    endloop
  endfacet
  facet normal -0.351794 0 -0.936078
    outer loop
      vertex 25.4309 -0.251182 -37.5961
      vertex 25.3697 -3.72118 -37.5731
      vertex 25.3697 -0.251182 -37.5731
    endloop
  endfacet
  facet normal 0.527934 0 -0.849285
    outer loop
      vertex 24.4927 -3.72118 -37.6885
      vertex 24.5482 -0.251182 -37.654
      vertex 24.5482 -3.72118 -37.654
    endloop
  endfacet
  facet normal 0.527934 0 -0.849285
    outer loop
      vertex 24.5482 -0.251182 -37.654
      vertex 24.4927 -3.72118 -37.6885
      vertex 24.4927 -0.251182 -37.6885
    endloop
  endfacet
  facet normal 0.227423 0 0.973796
    outer loop
      vertex 24.7894 -0.251182 -39.4859
      vertex 24.8532 -3.72118 -39.5008
      vertex 24.8532 -0.251182 -39.5008
    endloop
  endfacet
  facet normal 0.227423 0 0.973796
    outer loop
      vertex 24.8532 -3.72118 -39.5008
      vertex 24.7894 -0.251182 -39.4859
      vertex 24.7894 -3.72118 -39.4859
    endloop
  endfacet
  facet normal -0.0992015 0 -0.995067
    outer loop
      vertex 25.1136 -3.72118 -37.5221
      vertex 25.1788 -0.251182 -37.5286
      vertex 25.1788 -3.72118 -37.5286
    endloop
  endfacet
  facet normal -0.0992015 0 -0.995067
    outer loop
      vertex 25.1788 -0.251182 -37.5286
      vertex 25.1136 -3.72118 -37.5221
      vertex 25.1136 -0.251182 -37.5221
    endloop
  endfacet
  facet normal 0.986559 0 -0.163408
    outer loop
      vertex 24.0675 -3.72118 -38.3249
      vertex 24.0568 -0.251182 -38.3895
      vertex 24.0675 -0.251182 -38.3249
    endloop
  endfacet
  facet normal 0.986559 0 -0.163408
    outer loop
      vertex 24.0568 -0.251182 -38.3895
      vertex 24.0675 -3.72118 -38.3249
      vertex 24.0568 -3.72118 -38.3895
    endloop
  endfacet
  facet normal 0.995202 -0 0.0978386
    outer loop
      vertex 24.0504 -3.72118 -38.5854
      vertex 24.0568 -0.251182 -38.6505
      vertex 24.0504 -0.251182 -38.5854
    endloop
  endfacet
  facet normal 0.995202 0 0.0978386
    outer loop
      vertex 24.0568 -0.251182 -38.6505
      vertex 24.0504 -3.72118 -38.5854
      vertex 24.0568 -3.72118 -38.6505
    endloop
  endfacet
  facet normal -0.527249 0 -0.849711
    outer loop
      vertex 25.5482 -3.72118 -37.654
      vertex 25.6038 -0.251182 -37.6885
      vertex 25.6038 -3.72118 -37.6885
    endloop
  endfacet
  facet normal -0.527249 0 -0.849711
    outer loop
      vertex 25.6038 -0.251182 -37.6885
      vertex 25.5482 -3.72118 -37.654
      vertex 25.5482 -0.251182 -37.654
    endloop
  endfacet
  facet normal -0.882184 0 -0.470906
    outer loop
      vertex 25.9451 -3.72118 -38.0777
      vertex 25.9143 -0.251182 -38.02
      vertex 25.9451 -0.251182 -38.0777
    endloop
  endfacet
  facet normal -0.882184 -0 -0.470906
    outer loop
      vertex 25.9143 -0.251182 -38.02
      vertex 25.9451 -3.72118 -38.0777
      vertex 25.9143 -3.72118 -38.02
    endloop
  endfacet
  facet normal -0.683788 0 -0.72968
    outer loop
      vertex 25.7076 -3.72118 -37.7682
      vertex 25.7553 -0.251182 -37.8129
      vertex 25.7553 -3.72118 -37.8129
    endloop
  endfacet
  facet normal -0.683788 0 -0.72968
    outer loop
      vertex 25.7553 -0.251182 -37.8129
      vertex 25.7076 -3.72118 -37.7682
      vertex 25.7076 -0.251182 -37.7682
    endloop
  endfacet
  facet normal -0.290432 0 0.956896
    outer loop
      vertex 25.3071 -0.251182 -39.4859
      vertex 25.3697 -3.72118 -39.4669
      vertex 25.3697 -0.251182 -39.4669
    endloop
  endfacet
  facet normal -0.290432 0 0.956896
    outer loop
      vertex 25.3697 -3.72118 -39.4669
      vertex 25.3071 -0.251182 -39.4859
      vertex 25.3071 -3.72118 -39.4859
    endloop
  endfacet
  facet normal -0.81301 0 -0.58225
    outer loop
      vertex 25.8797 -3.72118 -37.9644
      vertex 25.8416 -0.251182 -37.9112
      vertex 25.8797 -0.251182 -37.9644
    endloop
  endfacet
  facet normal -0.81301 -0 -0.58225
    outer loop
      vertex 25.8416 -0.251182 -37.9112
      vertex 25.8797 -3.72118 -37.9644
      vertex 25.8416 -3.72118 -37.9112
    endloop
  endfacet
  facet normal 0.58225 0 -0.81301
    outer loop
      vertex 24.4395 -3.72118 -37.7266
      vertex 24.4927 -0.251182 -37.6885
      vertex 24.4927 -3.72118 -37.6885
    endloop
  endfacet
  facet normal 0.58225 0 -0.81301
    outer loop
      vertex 24.4927 -0.251182 -37.6885
      vertex 24.4395 -3.72118 -37.7266
      vertex 24.4395 -0.251182 -37.7266
    endloop
  endfacet
  facet normal -0.0320936 0 0.999485
    outer loop
      vertex 25.0482 -0.251182 -39.52
      vertex 25.1136 -3.72118 -39.5179
      vertex 25.1136 -0.251182 -39.5179
    endloop
  endfacet
  facet normal -0.0320936 0 0.999485
    outer loop
      vertex 25.1136 -3.72118 -39.5179
      vertex 25.0482 -0.251182 -39.52
      vertex 25.0482 -3.72118 -39.52
    endloop
  endfacet
  facet normal 0.162166 0 -0.986764
    outer loop
      vertex 24.8532 -3.72118 -37.5392
      vertex 24.9177 -0.251182 -37.5286
      vertex 24.9177 -3.72118 -37.5286
    endloop
  endfacet
  facet normal 0.162166 0 -0.986764
    outer loop
      vertex 24.9177 -0.251182 -37.5286
      vertex 24.8532 -3.72118 -37.5392
      vertex 24.8532 -0.251182 -37.5392
    endloop
  endfacet
  facet normal 0.882184 0 -0.470906
    outer loop
      vertex 24.1822 -3.72118 -38.02
      vertex 24.1514 -0.251182 -38.0777
      vertex 24.1822 -0.251182 -38.02
    endloop
  endfacet
  facet normal 0.882184 0 -0.470906
    outer loop
      vertex 24.1514 -0.251182 -38.0777
      vertex 24.1822 -3.72118 -38.02
      vertex 24.1514 -3.72118 -38.0777
    endloop
  endfacet
  facet normal -0.999485 0 -0.0320936
    outer loop
      vertex 26.0482 -3.72118 -38.52
      vertex 26.0461 -0.251182 -38.4546
      vertex 26.0482 -0.251182 -38.52
    endloop
  endfacet
  facet normal -0.999485 -0 -0.0320936
    outer loop
      vertex 26.0461 -0.251182 -38.4546
      vertex 26.0482 -3.72118 -38.52
      vertex 26.0461 -3.72118 -38.4546
    endloop
  endfacet
  facet normal -0.0992015 0 0.995067
    outer loop
      vertex 25.1136 -0.251182 -39.5179
      vertex 25.1788 -3.72118 -39.5114
      vertex 25.1788 -0.251182 -39.5114
    endloop
  endfacet
  facet normal -0.0992015 0 0.995067
    outer loop
      vertex 25.1788 -3.72118 -39.5114
      vertex 25.1136 -0.251182 -39.5179
      vertex 25.1136 -3.72118 -39.5179
    endloop
  endfacet
  facet normal -0.999485 0 0.0320936
    outer loop
      vertex 26.0461 -3.72118 -38.5854
      vertex 26.0482 -0.251182 -38.52
      vertex 26.0461 -0.251182 -38.5854
    endloop
  endfacet
  facet normal -0.999485 0 0.0320936
    outer loop
      vertex 26.0482 -0.251182 -38.52
      vertex 26.0461 -3.72118 -38.5854
      vertex 26.0482 -3.72118 -38.52
    endloop
  endfacet
  facet normal 0.635065 0 0.772459
    outer loop
      vertex 24.3889 -0.251182 -39.2718
      vertex 24.4395 -3.72118 -39.3134
      vertex 24.4395 -0.251182 -39.3134
    endloop
  endfacet
  facet normal 0.635065 0 0.772459
    outer loop
      vertex 24.4395 -3.72118 -39.3134
      vertex 24.3889 -0.251182 -39.2718
      vertex 24.3889 -3.72118 -39.2718
    endloop
  endfacet
  facet normal 0.412651 0 -0.910889
    outer loop
      vertex 24.606 -3.72118 -37.6231
      vertex 24.6656 -0.251182 -37.5961
      vertex 24.6656 -3.72118 -37.5961
    endloop
  endfacet
  facet normal 0.412651 0 -0.910889
    outer loop
      vertex 24.6656 -0.251182 -37.5961
      vertex 24.606 -3.72118 -37.6231
      vertex 24.606 -0.251182 -37.6231
    endloop
  endfacet
  facet normal 0.471459 0 -0.881888
    outer loop
      vertex 24.5482 -3.72118 -37.654
      vertex 24.606 -0.251182 -37.6231
      vertex 24.606 -3.72118 -37.6231
    endloop
  endfacet
  facet normal 0.471459 0 -0.881888
    outer loop
      vertex 24.606 -0.251182 -37.6231
      vertex 24.5482 -3.72118 -37.654
      vertex 24.5482 -0.251182 -37.654
    endloop
  endfacet
  facet normal -0.956896 0 0.290432
    outer loop
      vertex 25.9952 -3.72118 -38.8414
      vertex 26.0142 -0.251182 -38.7788
      vertex 25.9952 -0.251182 -38.8414
    endloop
  endfacet
  facet normal -0.956896 0 0.290432
    outer loop
      vertex 26.0142 -0.251182 -38.7788
      vertex 25.9952 -3.72118 -38.8414
      vertex 26.0142 -3.72118 -38.7788
    endloop
  endfacet
  facet normal -0.290432 0 -0.956896
    outer loop
      vertex 25.3071 -3.72118 -37.5541
      vertex 25.3697 -0.251182 -37.5731
      vertex 25.3697 -3.72118 -37.5731
    endloop
  endfacet
  facet normal -0.290432 0 -0.956896
    outer loop
      vertex 25.3697 -0.251182 -37.5731
      vertex 25.3071 -3.72118 -37.5541
      vertex 25.3071 -0.251182 -37.5541
    endloop
  endfacet
  facet normal -0.472094 0 0.881548
    outer loop
      vertex 25.4905 -0.251182 -39.4169
      vertex 25.5482 -3.72118 -39.386
      vertex 25.5482 -0.251182 -39.386
    endloop
  endfacet
  facet normal -0.472094 0 0.881548
    outer loop
      vertex 25.5482 -3.72118 -39.386
      vertex 25.4905 -0.251182 -39.4169
      vertex 25.4905 -3.72118 -39.4169
    endloop
  endfacet
  facet normal -0.412651 0 0.910889
    outer loop
      vertex 25.4309 -0.251182 -39.4439
      vertex 25.4905 -3.72118 -39.4169
      vertex 25.4905 -0.251182 -39.4169
    endloop
  endfacet
  facet normal -0.412651 0 0.910889
    outer loop
      vertex 25.4905 -3.72118 -39.4169
      vertex 25.4309 -0.251182 -39.4439
      vertex 25.4309 -3.72118 -39.4439
    endloop
  endfacet
  facet normal -0.986559 0 -0.163408
    outer loop
      vertex 26.0397 -3.72118 -38.3895
      vertex 26.029 -0.251182 -38.3249
      vertex 26.0397 -0.251182 -38.3895
    endloop
  endfacet
  facet normal -0.986559 -0 -0.163408
    outer loop
      vertex 26.029 -0.251182 -38.3249
      vertex 26.0397 -3.72118 -38.3895
      vertex 26.029 -3.72118 -38.3249
    endloop
  endfacet
  facet normal -0.974055 0 0.226311
    outer loop
      vertex 26.0142 -3.72118 -38.7788
      vertex 26.029 -0.251182 -38.7151
      vertex 26.0142 -0.251182 -38.7788
    endloop
  endfacet
  facet normal -0.974055 0 0.226311
    outer loop
      vertex 26.029 -0.251182 -38.7151
      vertex 26.0142 -3.72118 -38.7788
      vertex 26.029 -3.72118 -38.7151
    endloop
  endfacet
  facet normal -0.882184 0 0.470906
    outer loop
      vertex 25.9143 -3.72118 -39.02
      vertex 25.9451 -0.251182 -38.9623
      vertex 25.9143 -0.251182 -39.02
    endloop
  endfacet
  facet normal -0.882184 0 0.470906
    outer loop
      vertex 25.9451 -0.251182 -38.9623
      vertex 25.9143 -3.72118 -39.02
      vertex 25.9451 -3.72118 -38.9623
    endloop
  endfacet
  facet normal -0.956896 0 -0.290432
    outer loop
      vertex 26.0142 -3.72118 -38.2612
      vertex 25.9952 -0.251182 -38.1986
      vertex 26.0142 -0.251182 -38.2612
    endloop
  endfacet
  facet normal -0.956896 -0 -0.290432
    outer loop
      vertex 25.9952 -0.251182 -38.1986
      vertex 26.0142 -3.72118 -38.2612
      vertex 25.9952 -3.72118 -38.1986
    endloop
  endfacet
  facet normal 0.999435 0 -0.0336201
    outer loop
      vertex 24.0504 -3.72118 -38.4546
      vertex 24.0482 -0.251182 -38.52
      vertex 24.0504 -0.251182 -38.4546
    endloop
  endfacet
  facet normal 0.999435 0 -0.0336201
    outer loop
      vertex 24.0482 -0.251182 -38.52
      vertex 24.0504 -3.72118 -38.4546
      vertex 24.0482 -3.72118 -38.52
    endloop
  endfacet
  facet normal -0.935763 0 -0.352629
    outer loop
      vertex 25.9952 -3.72118 -38.1986
      vertex 25.9721 -0.251182 -38.1373
      vertex 25.9952 -0.251182 -38.1986
    endloop
  endfacet
  facet normal -0.935763 -0 -0.352629
    outer loop
      vertex 25.9721 -0.251182 -38.1373
      vertex 25.9952 -3.72118 -38.1986
      vertex 25.9721 -3.72118 -38.1373
    endloop
  endfacet
  facet normal -0.162166 0 0.986764
    outer loop
      vertex 25.1788 -0.251182 -39.5114
      vertex 25.2433 -3.72118 -39.5008
      vertex 25.2433 -0.251182 -39.5008
    endloop
  endfacet
  facet normal -0.162166 0 0.986764
    outer loop
      vertex 25.2433 -3.72118 -39.5008
      vertex 25.1788 -0.251182 -39.5114
      vertex 25.1788 -3.72118 -39.5114
    endloop
  endfacet
  facet normal -0.986559 0 0.163408
    outer loop
      vertex 26.029 -3.72118 -38.7151
      vertex 26.0397 -0.251182 -38.6505
      vertex 26.029 -0.251182 -38.7151
    endloop
  endfacet
  facet normal -0.986559 0 0.163408
    outer loop
      vertex 26.0397 -0.251182 -38.6505
      vertex 26.029 -3.72118 -38.7151
      vertex 26.0397 -3.72118 -38.6505
    endloop
  endfacet
  facet normal 0.974055 0 -0.226311
    outer loop
      vertex 24.0823 -3.72118 -38.2612
      vertex 24.0675 -0.251182 -38.3249
      vertex 24.0823 -0.251182 -38.2612
    endloop
  endfacet
  facet normal 0.974055 0 -0.226311
    outer loop
      vertex 24.0675 -0.251182 -38.3249
      vertex 24.0823 -3.72118 -38.2612
      vertex 24.0675 -3.72118 -38.3249
    endloop
  endfacet
  facet normal -0.910889 0 -0.412651
    outer loop
      vertex 25.9721 -3.72118 -38.1373
      vertex 25.9451 -0.251182 -38.0777
      vertex 25.9721 -0.251182 -38.1373
    endloop
  endfacet
  facet normal -0.910889 -0 -0.412651
    outer loop
      vertex 25.9451 -0.251182 -38.0777
      vertex 25.9721 -3.72118 -38.1373
      vertex 25.9451 -3.72118 -38.0777
    endloop
  endfacet
  facet normal 0.849026 -0 0.528351
    outer loop
      vertex 24.1822 -3.72118 -39.02
      vertex 24.2168 -0.251182 -39.0756
      vertex 24.1822 -0.251182 -39.02
    endloop
  endfacet
  facet normal 0.849026 0 0.528351
    outer loop
      vertex 24.2168 -0.251182 -39.0756
      vertex 24.1822 -3.72118 -39.02
      vertex 24.2168 -3.72118 -39.0756
    endloop
  endfacet
  facet normal 0.935763 0 -0.352629
    outer loop
      vertex 24.1244 -3.72118 -38.1373
      vertex 24.1013 -0.251182 -38.1986
      vertex 24.1244 -0.251182 -38.1373
    endloop
  endfacet
  facet normal 0.935763 0 -0.352629
    outer loop
      vertex 24.1013 -0.251182 -38.1986
      vertex 24.1244 -3.72118 -38.1373
      vertex 24.1013 -3.72118 -38.1986
    endloop
  endfacet
  facet normal 0.471459 0 0.881888
    outer loop
      vertex 24.5482 -0.251182 -39.386
      vertex 24.606 -3.72118 -39.4169
      vertex 24.606 -0.251182 -39.4169
    endloop
  endfacet
  facet normal 0.471459 0 0.881888
    outer loop
      vertex 24.606 -3.72118 -39.4169
      vertex 24.5482 -0.251182 -39.386
      vertex 24.5482 -3.72118 -39.386
    endloop
  endfacet
  facet normal -0.351794 0 0.936078
    outer loop
      vertex 25.3697 -0.251182 -39.4669
      vertex 25.4309 -3.72118 -39.4439
      vertex 25.4309 -0.251182 -39.4439
    endloop
  endfacet
  facet normal -0.351794 0 0.936078
    outer loop
      vertex 25.4309 -3.72118 -39.4439
      vertex 25.3697 -0.251182 -39.4669
      vertex 25.3697 -3.72118 -39.4669
    endloop
  endfacet
  facet normal 0.227423 0 -0.973796
    outer loop
      vertex 24.7894 -3.72118 -37.5541
      vertex 24.8532 -0.251182 -37.5392
      vertex 24.8532 -3.72118 -37.5392
    endloop
  endfacet
  facet normal 0.227423 0 -0.973796
    outer loop
      vertex 24.8532 -0.251182 -37.5392
      vertex 24.7894 -3.72118 -37.5541
      vertex 24.7894 -0.251182 -37.5541
    endloop
  endfacet
  facet normal 0.730394 0 -0.683026
    outer loop
      vertex 24.3411 -3.72118 -37.8129
      vertex 24.2964 -0.251182 -37.8607
      vertex 24.3411 -0.251182 -37.8129
    endloop
  endfacet
  facet normal 0.730394 0 -0.683026
    outer loop
      vertex 24.2964 -0.251182 -37.8607
      vertex 24.3411 -3.72118 -37.8129
      vertex 24.2964 -3.72118 -37.8607
    endloop
  endfacet
  facet normal -0.849026 0 0.528351
    outer loop
      vertex 25.8797 -3.72118 -39.0756
      vertex 25.9143 -0.251182 -39.02
      vertex 25.8797 -0.251182 -39.0756
    endloop
  endfacet
  facet normal -0.849026 0 0.528351
    outer loop
      vertex 25.9143 -0.251182 -39.02
      vertex 25.8797 -3.72118 -39.0756
      vertex 25.9143 -3.72118 -39.02
    endloop
  endfacet
  facet normal 0.351794 0 0.936078
    outer loop
      vertex 24.6656 -0.251182 -39.4439
      vertex 24.7268 -3.72118 -39.4669
      vertex 24.7268 -0.251182 -39.4669
    endloop
  endfacet
  facet normal 0.351794 0 0.936078
    outer loop
      vertex 24.7268 -3.72118 -39.4669
      vertex 24.6656 -0.251182 -39.4439
      vertex 24.6656 -3.72118 -39.4439
    endloop
  endfacet
  facet normal -0.412651 0 -0.910889
    outer loop
      vertex 25.4309 -3.72118 -37.5961
      vertex 25.4905 -0.251182 -37.6231
      vertex 25.4905 -3.72118 -37.6231
    endloop
  endfacet
  facet normal -0.412651 0 -0.910889
    outer loop
      vertex 25.4905 -0.251182 -37.6231
      vertex 25.4309 -3.72118 -37.5961
      vertex 25.4309 -0.251182 -37.5961
    endloop
  endfacet
  facet normal 0.910889 0 -0.412651
    outer loop
      vertex 24.1514 -3.72118 -38.0777
      vertex 24.1244 -0.251182 -38.1373
      vertex 24.1514 -0.251182 -38.0777
    endloop
  endfacet
  facet normal 0.910889 0 -0.412651
    outer loop
      vertex 24.1244 -0.251182 -38.1373
      vertex 24.1514 -3.72118 -38.0777
      vertex 24.1244 -3.72118 -38.1373
    endloop
  endfacet
  facet normal 0.81301 0 -0.58225
    outer loop
      vertex 24.2549 -3.72118 -37.9112
      vertex 24.2168 -0.251182 -37.9644
      vertex 24.2549 -0.251182 -37.9112
    endloop
  endfacet
  facet normal 0.81301 0 -0.58225
    outer loop
      vertex 24.2168 -0.251182 -37.9644
      vertex 24.2549 -3.72118 -37.9112
      vertex 24.2168 -3.72118 -37.9644
    endloop
  endfacet
  facet normal -0.935763 0 0.352629
    outer loop
      vertex 25.9721 -3.72118 -38.9027
      vertex 25.9952 -0.251182 -38.8414
      vertex 25.9721 -0.251182 -38.9027
    endloop
  endfacet
  facet normal -0.935763 0 0.352629
    outer loop
      vertex 25.9952 -0.251182 -38.8414
      vertex 25.9721 -3.72118 -38.9027
      vertex 25.9952 -3.72118 -38.8414
    endloop
  endfacet
  facet normal 0.986559 -0 0.163408
    outer loop
      vertex 24.0568 -3.72118 -38.6505
      vertex 24.0675 -0.251182 -38.7151
      vertex 24.0568 -0.251182 -38.6505
    endloop
  endfacet
  facet normal 0.986559 0 0.163408
    outer loop
      vertex 24.0675 -0.251182 -38.7151
      vertex 24.0568 -3.72118 -38.6505
      vertex 24.0675 -3.72118 -38.7151
    endloop
  endfacet
  facet normal 0.956896 -0 0.290432
    outer loop
      vertex 24.0823 -3.72118 -38.7788
      vertex 24.1013 -0.251182 -38.8414
      vertex 24.0823 -0.251182 -38.7788
    endloop
  endfacet
  facet normal 0.956896 0 0.290432
    outer loop
      vertex 24.1013 -0.251182 -38.8414
      vertex 24.0823 -3.72118 -38.7788
      vertex 24.1013 -3.72118 -38.8414
    endloop
  endfacet
  facet normal 0.351794 0 -0.936078
    outer loop
      vertex 24.6656 -3.72118 -37.5961
      vertex 24.7268 -0.251182 -37.5731
      vertex 24.7268 -3.72118 -37.5731
    endloop
  endfacet
  facet normal 0.351794 0 -0.936078
    outer loop
      vertex 24.7268 -0.251182 -37.5731
      vertex 24.6656 -3.72118 -37.5961
      vertex 24.6656 -0.251182 -37.5961
    endloop
  endfacet
  facet normal 0.882184 -0 0.470906
    outer loop
      vertex 24.1514 -3.72118 -38.9623
      vertex 24.1822 -0.251182 -39.02
      vertex 24.1514 -0.251182 -38.9623
    endloop
  endfacet
  facet normal 0.882184 0 0.470906
    outer loop
      vertex 24.1822 -0.251182 -39.02
      vertex 24.1514 -3.72118 -38.9623
      vertex 24.1822 -3.72118 -39.02
    endloop
  endfacet
  facet normal 0.956896 0 -0.290432
    outer loop
      vertex 24.1013 -3.72118 -38.1986
      vertex 24.0823 -0.251182 -38.2612
      vertex 24.1013 -0.251182 -38.1986
    endloop
  endfacet
  facet normal 0.956896 0 -0.290432
    outer loop
      vertex 24.0823 -0.251182 -38.2612
      vertex 24.1013 -3.72118 -38.1986
      vertex 24.0823 -3.72118 -38.2612
    endloop
  endfacet
  facet normal 0.635065 0 -0.772459
    outer loop
      vertex 24.3889 -3.72118 -37.7682
      vertex 24.4395 -0.251182 -37.7266
      vertex 24.4395 -3.72118 -37.7266
    endloop
  endfacet
  facet normal 0.635065 0 -0.772459
    outer loop
      vertex 24.4395 -0.251182 -37.7266
      vertex 24.3889 -3.72118 -37.7682
      vertex 24.3889 -0.251182 -37.7682
    endloop
  endfacet
  facet normal 0.0993524 0 -0.995052
    outer loop
      vertex 24.9177 -3.72118 -37.5286
      vertex 24.9828 -0.251182 -37.5221
      vertex 24.9828 -3.72118 -37.5221
    endloop
  endfacet
  facet normal 0.0993524 0 -0.995052
    outer loop
      vertex 24.9828 -0.251182 -37.5221
      vertex 24.9177 -3.72118 -37.5286
      vertex 24.9177 -0.251182 -37.5286
    endloop
  endfacet
  facet normal 0.683026 0 -0.730394
    outer loop
      vertex 24.3411 -3.72118 -37.8129
      vertex 24.3889 -0.251182 -37.7682
      vertex 24.3889 -3.72118 -37.7682
    endloop
  endfacet
  facet normal 0.683026 0 -0.730394
    outer loop
      vertex 24.3889 -0.251182 -37.7682
      vertex 24.3411 -3.72118 -37.8129
      vertex 24.3411 -0.251182 -37.8129
    endloop
  endfacet
  facet normal 0.290432 0 -0.956896
    outer loop
      vertex 24.7268 -3.72118 -37.5731
      vertex 24.7894 -0.251182 -37.5541
      vertex 24.7894 -3.72118 -37.5541
    endloop
  endfacet
  facet normal 0.290432 0 -0.956896
    outer loop
      vertex 24.7894 -0.251182 -37.5541
      vertex 24.7268 -3.72118 -37.5731
      vertex 24.7268 -0.251182 -37.5731
    endloop
  endfacet
  facet normal -0.81301 0 0.58225
    outer loop
      vertex 25.8416 -3.72118 -39.1288
      vertex 25.8797 -0.251182 -39.0756
      vertex 25.8416 -0.251182 -39.1288
    endloop
  endfacet
  facet normal -0.81301 0 0.58225
    outer loop
      vertex 25.8797 -0.251182 -39.0756
      vertex 25.8416 -3.72118 -39.1288
      vertex 25.8797 -3.72118 -39.0756
    endloop
  endfacet
  facet normal 0.527934 0 0.849285
    outer loop
      vertex 24.4927 -0.251182 -39.3515
      vertex 24.5482 -3.72118 -39.386
      vertex 24.5482 -0.251182 -39.386
    endloop
  endfacet
  facet normal 0.527934 0 0.849285
    outer loop
      vertex 24.5482 -3.72118 -39.386
      vertex 24.4927 -0.251182 -39.3515
      vertex 24.4927 -3.72118 -39.3515
    endloop
  endfacet
  facet normal -0.472094 0 -0.881548
    outer loop
      vertex 25.4905 -3.72118 -37.6231
      vertex 25.5482 -0.251182 -37.654
      vertex 25.5482 -3.72118 -37.654
    endloop
  endfacet
  facet normal -0.472094 0 -0.881548
    outer loop
      vertex 25.5482 -0.251182 -37.654
      vertex 25.4905 -3.72118 -37.6231
      vertex 25.4905 -0.251182 -37.6231
    endloop
  endfacet
  facet normal 0.935763 -0 0.352629
    outer loop
      vertex 24.1013 -3.72118 -38.8414
      vertex 24.1244 -0.251182 -38.9027
      vertex 24.1013 -0.251182 -38.8414
    endloop
  endfacet
  facet normal 0.935763 0 0.352629
    outer loop
      vertex 24.1244 -0.251182 -38.9027
      vertex 24.1013 -3.72118 -38.8414
      vertex 24.1244 -3.72118 -38.9027
    endloop
  endfacet
  facet normal 0.974055 -0 0.226311
    outer loop
      vertex 24.0675 -3.72118 -38.7151
      vertex 24.0823 -0.251182 -38.7788
      vertex 24.0675 -0.251182 -38.7151
    endloop
  endfacet
  facet normal 0.974055 0 0.226311
    outer loop
      vertex 24.0823 -0.251182 -38.7788
      vertex 24.0675 -3.72118 -38.7151
      vertex 24.0823 -3.72118 -38.7788
    endloop
  endfacet
  facet normal 0.999435 -0 0.0336201
    outer loop
      vertex 24.0482 -3.72118 -38.52
      vertex 24.0504 -0.251182 -38.5854
      vertex 24.0482 -0.251182 -38.52
    endloop
  endfacet
  facet normal 0.999435 0 0.0336201
    outer loop
      vertex 24.0504 -0.251182 -38.5854
      vertex 24.0482 -3.72118 -38.52
      vertex 24.0504 -3.72118 -38.5854
    endloop
  endfacet
  facet normal -0.772592 0 -0.634903
    outer loop
      vertex 25.8416 -3.72118 -37.9112
      vertex 25.8001 -0.251182 -37.8607
      vertex 25.8416 -0.251182 -37.9112
    endloop
  endfacet
  facet normal -0.772592 -0 -0.634903
    outer loop
      vertex 25.8001 -0.251182 -37.8607
      vertex 25.8416 -3.72118 -37.9112
      vertex 25.8001 -3.72118 -37.8607
    endloop
  endfacet
  facet normal -0.910889 0 0.412651
    outer loop
      vertex 25.9451 -3.72118 -38.9623
      vertex 25.9721 -0.251182 -38.9027
      vertex 25.9451 -0.251182 -38.9623
    endloop
  endfacet
  facet normal -0.910889 0 0.412651
    outer loop
      vertex 25.9721 -0.251182 -38.9027
      vertex 25.9451 -3.72118 -38.9623
      vertex 25.9721 -3.72118 -38.9027
    endloop
  endfacet
  facet normal -0.0320936 0 -0.999485
    outer loop
      vertex 25.0482 -3.72118 -37.52
      vertex 25.1136 -0.251182 -37.5221
      vertex 25.1136 -3.72118 -37.5221
    endloop
  endfacet
  facet normal -0.0320936 0 -0.999485
    outer loop
      vertex 25.1136 -0.251182 -37.5221
      vertex 25.0482 -3.72118 -37.52
      vertex 25.0482 -0.251182 -37.52
    endloop
  endfacet
  facet normal -0.729632 0 -0.68384
    outer loop
      vertex 25.8001 -3.72118 -37.8607
      vertex 25.7553 -0.251182 -37.8129
      vertex 25.8001 -0.251182 -37.8607
    endloop
  endfacet
  facet normal -0.729632 -0 -0.68384
    outer loop
      vertex 25.7553 -0.251182 -37.8129
      vertex 25.8001 -3.72118 -37.8607
      vertex 25.7553 -3.72118 -37.8129
    endloop
  endfacet
  facet normal -0.58225 0 0.81301
    outer loop
      vertex 25.6038 -0.251182 -39.3515
      vertex 25.657 -3.72118 -39.3134
      vertex 25.657 -0.251182 -39.3134
    endloop
  endfacet
  facet normal -0.58225 0 0.81301
    outer loop
      vertex 25.657 -3.72118 -39.3134
      vertex 25.6038 -0.251182 -39.3515
      vertex 25.6038 -3.72118 -39.3515
    endloop
  endfacet
  facet normal 0.849026 0 -0.528351
    outer loop
      vertex 24.2168 -3.72118 -37.9644
      vertex 24.1822 -0.251182 -38.02
      vertex 24.2168 -0.251182 -37.9644
    endloop
  endfacet
  facet normal 0.849026 0 -0.528351
    outer loop
      vertex 24.1822 -0.251182 -38.02
      vertex 24.2168 -3.72118 -37.9644
      vertex 24.1822 -3.72118 -38.02
    endloop
  endfacet
  facet normal 0.995202 0 -0.0978386
    outer loop
      vertex 24.0568 -3.72118 -38.3895
      vertex 24.0504 -0.251182 -38.4546
      vertex 24.0568 -0.251182 -38.3895
    endloop
  endfacet
  facet normal 0.995202 0 -0.0978386
    outer loop
      vertex 24.0504 -0.251182 -38.4546
      vertex 24.0568 -3.72118 -38.3895
      vertex 24.0504 -3.72118 -38.4546
    endloop
  endfacet
  facet normal 0.730394 -0 0.683026
    outer loop
      vertex 24.2964 -3.72118 -39.1793
      vertex 24.3411 -0.251182 -39.2271
      vertex 24.2964 -0.251182 -39.1793
    endloop
  endfacet
  facet normal 0.730394 0 0.683026
    outer loop
      vertex 24.3411 -0.251182 -39.2271
      vertex 24.2964 -3.72118 -39.1793
      vertex 24.3411 -3.72118 -39.2271
    endloop
  endfacet
  facet normal 0.81301 -0 0.58225
    outer loop
      vertex 24.2168 -3.72118 -39.0756
      vertex 24.2549 -0.251182 -39.1288
      vertex 24.2168 -0.251182 -39.0756
    endloop
  endfacet
  facet normal 0.81301 0 0.58225
    outer loop
      vertex 24.2549 -0.251182 -39.1288
      vertex 24.2168 -3.72118 -39.0756
      vertex 24.2549 -3.72118 -39.1288
    endloop
  endfacet
  facet normal 0.772592 0 -0.634903
    outer loop
      vertex 24.2964 -3.72118 -37.8607
      vertex 24.2549 -0.251182 -37.9112
      vertex 24.2964 -0.251182 -37.8607
    endloop
  endfacet
  facet normal 0.772592 0 -0.634903
    outer loop
      vertex 24.2549 -0.251182 -37.9112
      vertex 24.2964 -3.72118 -37.8607
      vertex 24.2549 -3.72118 -37.9112
    endloop
  endfacet
  facet normal 0.58225 0 0.81301
    outer loop
      vertex 24.4395 -0.251182 -39.3134
      vertex 24.4927 -3.72118 -39.3515
      vertex 24.4927 -0.251182 -39.3515
    endloop
  endfacet
  facet normal 0.58225 0 0.81301
    outer loop
      vertex 24.4927 -3.72118 -39.3515
      vertex 24.4395 -0.251182 -39.3134
      vertex 24.4395 -3.72118 -39.3134
    endloop
  endfacet
  facet normal 0.772592 -0 0.634903
    outer loop
      vertex 24.2549 -3.72118 -39.1288
      vertex 24.2964 -0.251182 -39.1793
      vertex 24.2549 -0.251182 -39.1288
    endloop
  endfacet
  facet normal 0.772592 0 0.634903
    outer loop
      vertex 24.2964 -0.251182 -39.1793
      vertex 24.2549 -3.72118 -39.1288
      vertex 24.2964 -3.72118 -39.1793
    endloop
  endfacet
  facet normal -0.683788 0 0.72968
    outer loop
      vertex 25.7076 -0.251182 -39.2718
      vertex 25.7553 -3.72118 -39.2271
      vertex 25.7553 -0.251182 -39.2271
    endloop
  endfacet
  facet normal -0.683788 0 0.72968
    outer loop
      vertex 25.7553 -3.72118 -39.2271
      vertex 25.7076 -0.251182 -39.2718
      vertex 25.7076 -3.72118 -39.2718
    endloop
  endfacet
  facet normal 0.162166 0 0.986764
    outer loop
      vertex 24.8532 -0.251182 -39.5008
      vertex 24.9177 -3.72118 -39.5114
      vertex 24.9177 -0.251182 -39.5114
    endloop
  endfacet
  facet normal 0.162166 0 0.986764
    outer loop
      vertex 24.9177 -3.72118 -39.5114
      vertex 24.8532 -0.251182 -39.5008
      vertex 24.8532 -3.72118 -39.5008
    endloop
  endfacet
  facet normal 0.683026 0 0.730394
    outer loop
      vertex 24.3411 -0.251182 -39.2271
      vertex 24.3889 -3.72118 -39.2718
      vertex 24.3889 -0.251182 -39.2718
    endloop
  endfacet
  facet normal 0.683026 0 0.730394
    outer loop
      vertex 24.3889 -3.72118 -39.2718
      vertex 24.3411 -0.251182 -39.2271
      vertex 24.3411 -3.72118 -39.2271
    endloop
  endfacet
  facet normal 0.910889 -0 0.412651
    outer loop
      vertex 24.1244 -3.72118 -38.9027
      vertex 24.1514 -0.251182 -38.9623
      vertex 24.1244 -0.251182 -38.9027
    endloop
  endfacet
  facet normal 0.910889 0 0.412651
    outer loop
      vertex 24.1514 -0.251182 -38.9623
      vertex 24.1244 -3.72118 -38.9027
      vertex 24.1514 -3.72118 -38.9623
    endloop
  endfacet
  facet normal -0.227423 0 -0.973796
    outer loop
      vertex 25.2433 -3.72118 -37.5392
      vertex 25.3071 -0.251182 -37.5541
      vertex 25.3071 -3.72118 -37.5541
    endloop
  endfacet
  facet normal -0.227423 0 -0.973796
    outer loop
      vertex 25.3071 -0.251182 -37.5541
      vertex 25.2433 -3.72118 -37.5392
      vertex 25.2433 -0.251182 -37.5392
    endloop
  endfacet
  facet normal 0.0993524 0 0.995052
    outer loop
      vertex 24.9177 -0.251182 -39.5114
      vertex 24.9828 -3.72118 -39.5179
      vertex 24.9828 -0.251182 -39.5179
    endloop
  endfacet
  facet normal 0.0993524 0 0.995052
    outer loop
      vertex 24.9828 -3.72118 -39.5179
      vertex 24.9177 -0.251182 -39.5114
      vertex 24.9177 -3.72118 -39.5114
    endloop
  endfacet
  facet normal -0.995202 0 -0.0978386
    outer loop
      vertex 47.3289 -3.72118 -38.4546
      vertex 47.3225 -0.251182 -38.3895
      vertex 47.3289 -0.251182 -38.4546
    endloop
  endfacet
  facet normal -0.995202 -0 -0.0978386
    outer loop
      vertex 47.3225 -0.251182 -38.3895
      vertex 47.3289 -3.72118 -38.4546
      vertex 47.3225 -3.72118 -38.3895
    endloop
  endfacet
  facet normal -0.999485 0 -0.0320936
    outer loop
      vertex 47.331 -3.72118 -38.52
      vertex 47.3289 -0.251182 -38.4546
      vertex 47.331 -0.251182 -38.52
    endloop
  endfacet
  facet normal -0.999485 -0 -0.0320936
    outer loop
      vertex 47.3289 -0.251182 -38.4546
      vertex 47.331 -3.72118 -38.52
      vertex 47.3289 -3.72118 -38.4546
    endloop
  endfacet
  facet normal 0.935763 -0 0.352629
    outer loop
      vertex 45.3841 -3.72118 -38.8414
      vertex 45.4072 -0.251182 -38.9027
      vertex 45.3841 -0.251182 -38.8414
    endloop
  endfacet
  facet normal 0.935763 0 0.352629
    outer loop
      vertex 45.4072 -0.251182 -38.9027
      vertex 45.3841 -3.72118 -38.8414
      vertex 45.4072 -3.72118 -38.9027
    endloop
  endfacet
  facet normal -0.162166 0 0.986764
    outer loop
      vertex 46.4616 -0.251182 -39.5114
      vertex 46.5261 -3.72118 -39.5008
      vertex 46.5261 -0.251182 -39.5008
    endloop
  endfacet
  facet normal -0.162166 0 0.986764
    outer loop
      vertex 46.5261 -3.72118 -39.5008
      vertex 46.4616 -0.251182 -39.5114
      vertex 46.4616 -3.72118 -39.5114
    endloop
  endfacet
  facet normal 0.974055 -0 0.226311
    outer loop
      vertex 45.3503 -3.72118 -38.7151
      vertex 45.3651 -0.251182 -38.7788
      vertex 45.3503 -0.251182 -38.7151
    endloop
  endfacet
  facet normal 0.974055 0 0.226311
    outer loop
      vertex 45.3651 -0.251182 -38.7788
      vertex 45.3503 -3.72118 -38.7151
      vertex 45.3651 -3.72118 -38.7788
    endloop
  endfacet
  facet normal -0.974055 0 0.226311
    outer loop
      vertex 47.297 -3.72118 -38.7788
      vertex 47.3118 -0.251182 -38.7151
      vertex 47.297 -0.251182 -38.7788
    endloop
  endfacet
  facet normal -0.974055 0 0.226311
    outer loop
      vertex 47.3118 -0.251182 -38.7151
      vertex 47.297 -3.72118 -38.7788
      vertex 47.3118 -3.72118 -38.7151
    endloop
  endfacet
  facet normal 0.0993524 0 -0.995052
    outer loop
      vertex 46.2005 -3.72118 -37.5286
      vertex 46.2656 -0.251182 -37.5221
      vertex 46.2656 -3.72118 -37.5221
    endloop
  endfacet
  facet normal 0.0993524 0 -0.995052
    outer loop
      vertex 46.2656 -0.251182 -37.5221
      vertex 46.2005 -3.72118 -37.5286
      vertex 46.2005 -0.251182 -37.5286
    endloop
  endfacet
  facet normal 0.290432 0 -0.956896
    outer loop
      vertex 46.0096 -3.72118 -37.5731
      vertex 46.0722 -0.251182 -37.5541
      vertex 46.0722 -3.72118 -37.5541
    endloop
  endfacet
  facet normal 0.290432 0 -0.956896
    outer loop
      vertex 46.0722 -0.251182 -37.5541
      vertex 46.0096 -3.72118 -37.5731
      vertex 46.0096 -0.251182 -37.5731
    endloop
  endfacet
  facet normal 0.81301 0 -0.58225
    outer loop
      vertex 45.5377 -3.72118 -37.9112
      vertex 45.4996 -0.251182 -37.9644
      vertex 45.5377 -0.251182 -37.9112
    endloop
  endfacet
  facet normal 0.81301 0 -0.58225
    outer loop
      vertex 45.4996 -0.251182 -37.9644
      vertex 45.5377 -3.72118 -37.9112
      vertex 45.4996 -3.72118 -37.9644
    endloop
  endfacet
  facet normal 0.683026 0 0.730394
    outer loop
      vertex 45.6239 -0.251182 -39.2271
      vertex 45.6717 -3.72118 -39.2718
      vertex 45.6717 -0.251182 -39.2718
    endloop
  endfacet
  facet normal 0.683026 0 0.730394
    outer loop
      vertex 45.6717 -3.72118 -39.2718
      vertex 45.6239 -0.251182 -39.2271
      vertex 45.6239 -3.72118 -39.2271
    endloop
  endfacet
  facet normal 0.986559 -0 0.163408
    outer loop
      vertex 45.3396 -3.72118 -38.6505
      vertex 45.3503 -0.251182 -38.7151
      vertex 45.3396 -0.251182 -38.6505
    endloop
  endfacet
  facet normal 0.986559 0 0.163408
    outer loop
      vertex 45.3503 -0.251182 -38.7151
      vertex 45.3396 -3.72118 -38.6505
      vertex 45.3503 -3.72118 -38.7151
    endloop
  endfacet
  facet normal 0.849026 -0 0.528351
    outer loop
      vertex 45.465 -3.72118 -39.02
      vertex 45.4996 -0.251182 -39.0756
      vertex 45.465 -0.251182 -39.02
    endloop
  endfacet
  facet normal 0.849026 0 0.528351
    outer loop
      vertex 45.4996 -0.251182 -39.0756
      vertex 45.465 -3.72118 -39.02
      vertex 45.4996 -3.72118 -39.0756
    endloop
  endfacet
  facet normal -0.527249 0 -0.849711
    outer loop
      vertex 46.831 -3.72118 -37.654
      vertex 46.8866 -0.251182 -37.6885
      vertex 46.8866 -3.72118 -37.6885
    endloop
  endfacet
  facet normal -0.527249 0 -0.849711
    outer loop
      vertex 46.8866 -0.251182 -37.6885
      vertex 46.831 -3.72118 -37.654
      vertex 46.831 -0.251182 -37.654
    endloop
  endfacet
  facet normal -0.882184 0 0.470906
    outer loop
      vertex 47.1971 -3.72118 -39.02
      vertex 47.2279 -0.251182 -38.9623
      vertex 47.1971 -0.251182 -39.02
    endloop
  endfacet
  facet normal -0.882184 0 0.470906
    outer loop
      vertex 47.2279 -0.251182 -38.9623
      vertex 47.1971 -3.72118 -39.02
      vertex 47.2279 -3.72118 -38.9623
    endloop
  endfacet
  facet normal -0.351794 0 -0.936078
    outer loop
      vertex 46.6525 -3.72118 -37.5731
      vertex 46.7137 -0.251182 -37.5961
      vertex 46.7137 -3.72118 -37.5961
    endloop
  endfacet
  facet normal -0.351794 0 -0.936078
    outer loop
      vertex 46.7137 -0.251182 -37.5961
      vertex 46.6525 -3.72118 -37.5731
      vertex 46.6525 -0.251182 -37.5731
    endloop
  endfacet
  facet normal -0.772592 0 0.634903
    outer loop
      vertex 47.0829 -3.72118 -39.1793
      vertex 47.1244 -0.251182 -39.1288
      vertex 47.0829 -0.251182 -39.1793
    endloop
  endfacet
  facet normal -0.772592 0 0.634903
    outer loop
      vertex 47.1244 -0.251182 -39.1288
      vertex 47.0829 -3.72118 -39.1793
      vertex 47.1244 -3.72118 -39.1288
    endloop
  endfacet
  facet normal -0.999485 0 0.0320936
    outer loop
      vertex 47.3289 -3.72118 -38.5854
      vertex 47.331 -0.251182 -38.52
      vertex 47.3289 -0.251182 -38.5854
    endloop
  endfacet
  facet normal -0.999485 0 0.0320936
    outer loop
      vertex 47.331 -0.251182 -38.52
      vertex 47.3289 -3.72118 -38.5854
      vertex 47.331 -3.72118 -38.52
    endloop
  endfacet
  facet normal -0.986559 0 -0.163408
    outer loop
      vertex 47.3225 -3.72118 -38.3895
      vertex 47.3118 -0.251182 -38.3249
      vertex 47.3225 -0.251182 -38.3895
    endloop
  endfacet
  facet normal -0.986559 -0 -0.163408
    outer loop
      vertex 47.3118 -0.251182 -38.3249
      vertex 47.3225 -3.72118 -38.3895
      vertex 47.3118 -3.72118 -38.3249
    endloop
  endfacet
  facet normal -0.956896 0 0.290432
    outer loop
      vertex 47.278 -3.72118 -38.8414
      vertex 47.297 -0.251182 -38.7788
      vertex 47.278 -0.251182 -38.8414
    endloop
  endfacet
  facet normal -0.956896 0 0.290432
    outer loop
      vertex 47.297 -0.251182 -38.7788
      vertex 47.278 -3.72118 -38.8414
      vertex 47.297 -3.72118 -38.7788
    endloop
  endfacet
  facet normal -0.729632 0 -0.68384
    outer loop
      vertex 47.0829 -3.72118 -37.8607
      vertex 47.0381 -0.251182 -37.8129
      vertex 47.0829 -0.251182 -37.8607
    endloop
  endfacet
  facet normal -0.729632 -0 -0.68384
    outer loop
      vertex 47.0381 -0.251182 -37.8129
      vertex 47.0829 -3.72118 -37.8607
      vertex 47.0381 -3.72118 -37.8129
    endloop
  endfacet
  facet normal -0.683788 0 -0.72968
    outer loop
      vertex 46.9904 -3.72118 -37.7682
      vertex 47.0381 -0.251182 -37.8129
      vertex 47.0381 -3.72118 -37.8129
    endloop
  endfacet
  facet normal -0.683788 0 -0.72968
    outer loop
      vertex 47.0381 -0.251182 -37.8129
      vertex 46.9904 -3.72118 -37.7682
      vertex 46.9904 -0.251182 -37.7682
    endloop
  endfacet
  facet normal -0.635065 0 0.772459
    outer loop
      vertex 46.9398 -0.251182 -39.3134
      vertex 46.9904 -3.72118 -39.2718
      vertex 46.9904 -0.251182 -39.2718
    endloop
  endfacet
  facet normal -0.635065 0 0.772459
    outer loop
      vertex 46.9904 -3.72118 -39.2718
      vertex 46.9398 -0.251182 -39.3134
      vertex 46.9398 -3.72118 -39.3134
    endloop
  endfacet
  facet normal 0.999435 0 -0.0336201
    outer loop
      vertex 45.3332 -3.72118 -38.4546
      vertex 45.331 -0.251182 -38.52
      vertex 45.3332 -0.251182 -38.4546
    endloop
  endfacet
  facet normal 0.999435 0 -0.0336201
    outer loop
      vertex 45.331 -0.251182 -38.52
      vertex 45.3332 -3.72118 -38.4546
      vertex 45.331 -3.72118 -38.52
    endloop
  endfacet
  facet normal 0.290432 0 0.956896
    outer loop
      vertex 46.0096 -0.251182 -39.4669
      vertex 46.0722 -3.72118 -39.4859
      vertex 46.0722 -0.251182 -39.4859
    endloop
  endfacet
  facet normal 0.290432 0 0.956896
    outer loop
      vertex 46.0722 -3.72118 -39.4859
      vertex 46.0096 -0.251182 -39.4669
      vertex 46.0096 -3.72118 -39.4669
    endloop
  endfacet
  facet normal 0.730394 -0 0.683026
    outer loop
      vertex 45.5792 -3.72118 -39.1793
      vertex 45.6239 -0.251182 -39.2271
      vertex 45.5792 -0.251182 -39.1793
    endloop
  endfacet
  facet normal 0.730394 0 0.683026
    outer loop
      vertex 45.6239 -0.251182 -39.2271
      vertex 45.5792 -3.72118 -39.1793
      vertex 45.6239 -3.72118 -39.2271
    endloop
  endfacet
  facet normal -0.995202 0 0.0978386
    outer loop
      vertex 47.3225 -3.72118 -38.6505
      vertex 47.3289 -0.251182 -38.5854
      vertex 47.3225 -0.251182 -38.6505
    endloop
  endfacet
  facet normal -0.995202 0 0.0978386
    outer loop
      vertex 47.3289 -0.251182 -38.5854
      vertex 47.3225 -3.72118 -38.6505
      vertex 47.3289 -3.72118 -38.5854
    endloop
  endfacet
  facet normal -0.974055 0 -0.226311
    outer loop
      vertex 47.3118 -3.72118 -38.3249
      vertex 47.297 -0.251182 -38.2612
      vertex 47.3118 -0.251182 -38.3249
    endloop
  endfacet
  facet normal -0.974055 -0 -0.226311
    outer loop
      vertex 47.297 -0.251182 -38.2612
      vertex 47.3118 -3.72118 -38.3249
      vertex 47.297 -3.72118 -38.2612
    endloop
  endfacet
  facet normal -0.849026 0 -0.528351
    outer loop
      vertex 47.1971 -3.72118 -38.02
      vertex 47.1625 -0.251182 -37.9644
      vertex 47.1971 -0.251182 -38.02
    endloop
  endfacet
  facet normal -0.849026 -0 -0.528351
    outer loop
      vertex 47.1625 -0.251182 -37.9644
      vertex 47.1971 -3.72118 -38.02
      vertex 47.1625 -3.72118 -37.9644
    endloop
  endfacet
  facet normal 0.995202 0 -0.0978386
    outer loop
      vertex 45.3396 -3.72118 -38.3895
      vertex 45.3332 -0.251182 -38.4546
      vertex 45.3396 -0.251182 -38.3895
    endloop
  endfacet
  facet normal 0.995202 0 -0.0978386
    outer loop
      vertex 45.3332 -0.251182 -38.4546
      vertex 45.3396 -3.72118 -38.3895
      vertex 45.3332 -3.72118 -38.4546
    endloop
  endfacet
  facet normal -0.935763 0 -0.352629
    outer loop
      vertex 47.278 -3.72118 -38.1986
      vertex 47.2549 -0.251182 -38.1373
      vertex 47.278 -0.251182 -38.1986
    endloop
  endfacet
  facet normal -0.935763 -0 -0.352629
    outer loop
      vertex 47.2549 -0.251182 -38.1373
      vertex 47.278 -3.72118 -38.1986
      vertex 47.2549 -3.72118 -38.1373
    endloop
  endfacet
  facet normal 0.162166 0 0.986764
    outer loop
      vertex 46.136 -0.251182 -39.5008
      vertex 46.2005 -3.72118 -39.5114
      vertex 46.2005 -0.251182 -39.5114
    endloop
  endfacet
  facet normal 0.162166 0 0.986764
    outer loop
      vertex 46.2005 -3.72118 -39.5114
      vertex 46.136 -0.251182 -39.5008
      vertex 46.136 -3.72118 -39.5008
    endloop
  endfacet
  facet normal 0.956896 -0 0.290432
    outer loop
      vertex 45.3651 -3.72118 -38.7788
      vertex 45.3841 -0.251182 -38.8414
      vertex 45.3651 -0.251182 -38.7788
    endloop
  endfacet
  facet normal 0.956896 0 0.290432
    outer loop
      vertex 45.3841 -0.251182 -38.8414
      vertex 45.3651 -3.72118 -38.7788
      vertex 45.3841 -3.72118 -38.8414
    endloop
  endfacet
  facet normal -0.412651 0 0.910889
    outer loop
      vertex 46.7137 -0.251182 -39.4439
      vertex 46.7733 -3.72118 -39.4169
      vertex 46.7733 -0.251182 -39.4169
    endloop
  endfacet
  facet normal -0.412651 0 0.910889
    outer loop
      vertex 46.7733 -3.72118 -39.4169
      vertex 46.7137 -0.251182 -39.4439
      vertex 46.7137 -3.72118 -39.4439
    endloop
  endfacet
  facet normal 0.412651 0 0.910889
    outer loop
      vertex 45.8888 -0.251182 -39.4169
      vertex 45.9484 -3.72118 -39.4439
      vertex 45.9484 -0.251182 -39.4439
    endloop
  endfacet
  facet normal 0.412651 0 0.910889
    outer loop
      vertex 45.9484 -3.72118 -39.4439
      vertex 45.8888 -0.251182 -39.4169
      vertex 45.8888 -3.72118 -39.4169
    endloop
  endfacet
  facet normal -0.472094 0 -0.881548
    outer loop
      vertex 46.7733 -3.72118 -37.6231
      vertex 46.831 -0.251182 -37.654
      vertex 46.831 -3.72118 -37.654
    endloop
  endfacet
  facet normal -0.472094 0 -0.881548
    outer loop
      vertex 46.831 -0.251182 -37.654
      vertex 46.7733 -3.72118 -37.6231
      vertex 46.7733 -0.251182 -37.6231
    endloop
  endfacet
  facet normal 0.471459 0 -0.881888
    outer loop
      vertex 45.831 -3.72118 -37.654
      vertex 45.8888 -0.251182 -37.6231
      vertex 45.8888 -3.72118 -37.6231
    endloop
  endfacet
  facet normal 0.471459 0 -0.881888
    outer loop
      vertex 45.8888 -0.251182 -37.6231
      vertex 45.831 -3.72118 -37.654
      vertex 45.831 -0.251182 -37.654
    endloop
  endfacet
  facet normal 0.58225 0 0.81301
    outer loop
      vertex 45.7223 -0.251182 -39.3134
      vertex 45.7755 -3.72118 -39.3515
      vertex 45.7755 -0.251182 -39.3515
    endloop
  endfacet
  facet normal 0.58225 0 0.81301
    outer loop
      vertex 45.7755 -3.72118 -39.3515
      vertex 45.7223 -0.251182 -39.3134
      vertex 45.7223 -3.72118 -39.3134
    endloop
  endfacet
  facet normal -0.849026 0 0.528351
    outer loop
      vertex 47.1625 -3.72118 -39.0756
      vertex 47.1971 -0.251182 -39.02
      vertex 47.1625 -0.251182 -39.0756
    endloop
  endfacet
  facet normal -0.849026 0 0.528351
    outer loop
      vertex 47.1971 -0.251182 -39.02
      vertex 47.1625 -3.72118 -39.0756
      vertex 47.1971 -3.72118 -39.02
    endloop
  endfacet
  facet normal 0.412651 0 -0.910889
    outer loop
      vertex 45.8888 -3.72118 -37.6231
      vertex 45.9484 -0.251182 -37.5961
      vertex 45.9484 -3.72118 -37.5961
    endloop
  endfacet
  facet normal 0.412651 0 -0.910889
    outer loop
      vertex 45.9484 -0.251182 -37.5961
      vertex 45.8888 -3.72118 -37.6231
      vertex 45.8888 -0.251182 -37.6231
    endloop
  endfacet
  facet normal -0.527249 0 0.849711
    outer loop
      vertex 46.831 -0.251182 -39.386
      vertex 46.8866 -3.72118 -39.3515
      vertex 46.8866 -0.251182 -39.3515
    endloop
  endfacet
  facet normal -0.527249 0 0.849711
    outer loop
      vertex 46.8866 -3.72118 -39.3515
      vertex 46.831 -0.251182 -39.386
      vertex 46.831 -3.72118 -39.386
    endloop
  endfacet
  facet normal -0.58225 0 -0.81301
    outer loop
      vertex 46.8866 -3.72118 -37.6885
      vertex 46.9398 -0.251182 -37.7266
      vertex 46.9398 -3.72118 -37.7266
    endloop
  endfacet
  facet normal -0.58225 0 -0.81301
    outer loop
      vertex 46.9398 -0.251182 -37.7266
      vertex 46.8866 -3.72118 -37.6885
      vertex 46.8866 -0.251182 -37.6885
    endloop
  endfacet
  facet normal -0.0320936 0 0.999485
    outer loop
      vertex 46.331 -0.251182 -39.52
      vertex 46.3964 -3.72118 -39.5179
      vertex 46.3964 -0.251182 -39.5179
    endloop
  endfacet
  facet normal -0.0320936 0 0.999485
    outer loop
      vertex 46.3964 -3.72118 -39.5179
      vertex 46.331 -0.251182 -39.52
      vertex 46.331 -3.72118 -39.52
    endloop
  endfacet
  facet normal -0.290432 0 -0.956896
    outer loop
      vertex 46.5899 -3.72118 -37.5541
      vertex 46.6525 -0.251182 -37.5731
      vertex 46.6525 -3.72118 -37.5731
    endloop
  endfacet
  facet normal -0.290432 0 -0.956896
    outer loop
      vertex 46.6525 -0.251182 -37.5731
      vertex 46.5899 -3.72118 -37.5541
      vertex 46.5899 -0.251182 -37.5541
    endloop
  endfacet
  facet normal -0.0992015 0 0.995067
    outer loop
      vertex 46.3964 -0.251182 -39.5179
      vertex 46.4616 -3.72118 -39.5114
      vertex 46.4616 -0.251182 -39.5114
    endloop
  endfacet
  facet normal -0.0992015 0 0.995067
    outer loop
      vertex 46.4616 -3.72118 -39.5114
      vertex 46.3964 -0.251182 -39.5179
      vertex 46.3964 -3.72118 -39.5179
    endloop
  endfacet
  facet normal -0.351794 0 0.936078
    outer loop
      vertex 46.6525 -0.251182 -39.4669
      vertex 46.7137 -3.72118 -39.4439
      vertex 46.7137 -0.251182 -39.4439
    endloop
  endfacet
  facet normal -0.351794 0 0.936078
    outer loop
      vertex 46.7137 -3.72118 -39.4439
      vertex 46.6525 -0.251182 -39.4669
      vertex 46.6525 -3.72118 -39.4669
    endloop
  endfacet
  facet normal -0.290432 0 0.956896
    outer loop
      vertex 46.5899 -0.251182 -39.4859
      vertex 46.6525 -3.72118 -39.4669
      vertex 46.6525 -0.251182 -39.4669
    endloop
  endfacet
  facet normal -0.290432 0 0.956896
    outer loop
      vertex 46.6525 -3.72118 -39.4669
      vertex 46.5899 -0.251182 -39.4859
      vertex 46.5899 -3.72118 -39.4859
    endloop
  endfacet
  facet normal -0.910889 0 -0.412651
    outer loop
      vertex 47.2549 -3.72118 -38.1373
      vertex 47.2279 -0.251182 -38.0777
      vertex 47.2549 -0.251182 -38.1373
    endloop
  endfacet
  facet normal -0.910889 -0 -0.412651
    outer loop
      vertex 47.2279 -0.251182 -38.0777
      vertex 47.2549 -3.72118 -38.1373
      vertex 47.2279 -3.72118 -38.0777
    endloop
  endfacet
  facet normal -0.986559 0 0.163408
    outer loop
      vertex 47.3118 -3.72118 -38.7151
      vertex 47.3225 -0.251182 -38.6505
      vertex 47.3118 -0.251182 -38.7151
    endloop
  endfacet
  facet normal -0.986559 0 0.163408
    outer loop
      vertex 47.3225 -0.251182 -38.6505
      vertex 47.3118 -3.72118 -38.7151
      vertex 47.3225 -3.72118 -38.6505
    endloop
  endfacet
  facet normal -0.882184 0 -0.470906
    outer loop
      vertex 47.2279 -3.72118 -38.0777
      vertex 47.1971 -0.251182 -38.02
      vertex 47.2279 -0.251182 -38.0777
    endloop
  endfacet
  facet normal -0.882184 -0 -0.470906
    outer loop
      vertex 47.1971 -0.251182 -38.02
      vertex 47.2279 -3.72118 -38.0777
      vertex 47.1971 -3.72118 -38.02
    endloop
  endfacet
  facet normal 0.635065 0 -0.772459
    outer loop
      vertex 45.6717 -3.72118 -37.7682
      vertex 45.7223 -0.251182 -37.7266
      vertex 45.7223 -3.72118 -37.7266
    endloop
  endfacet
  facet normal 0.635065 0 -0.772459
    outer loop
      vertex 45.7223 -0.251182 -37.7266
      vertex 45.6717 -3.72118 -37.7682
      vertex 45.6717 -0.251182 -37.7682
    endloop
  endfacet
  facet normal 0.999435 -0 0.0336201
    outer loop
      vertex 45.331 -3.72118 -38.52
      vertex 45.3332 -0.251182 -38.5854
      vertex 45.331 -0.251182 -38.52
    endloop
  endfacet
  facet normal 0.999435 0 0.0336201
    outer loop
      vertex 45.3332 -0.251182 -38.5854
      vertex 45.331 -3.72118 -38.52
      vertex 45.3332 -3.72118 -38.5854
    endloop
  endfacet
  facet normal 0.471459 0 0.881888
    outer loop
      vertex 45.831 -0.251182 -39.386
      vertex 45.8888 -3.72118 -39.4169
      vertex 45.8888 -0.251182 -39.4169
    endloop
  endfacet
  facet normal 0.471459 0 0.881888
    outer loop
      vertex 45.8888 -3.72118 -39.4169
      vertex 45.831 -0.251182 -39.386
      vertex 45.831 -3.72118 -39.386
    endloop
  endfacet
  facet normal 0.974055 0 -0.226311
    outer loop
      vertex 45.3651 -3.72118 -38.2612
      vertex 45.3503 -0.251182 -38.3249
      vertex 45.3651 -0.251182 -38.2612
    endloop
  endfacet
  facet normal 0.974055 0 -0.226311
    outer loop
      vertex 45.3503 -0.251182 -38.3249
      vertex 45.3651 -3.72118 -38.2612
      vertex 45.3503 -3.72118 -38.3249
    endloop
  endfacet
  facet normal -0.935763 0 0.352629
    outer loop
      vertex 47.2549 -3.72118 -38.9027
      vertex 47.278 -0.251182 -38.8414
      vertex 47.2549 -0.251182 -38.9027
    endloop
  endfacet
  facet normal -0.935763 0 0.352629
    outer loop
      vertex 47.278 -0.251182 -38.8414
      vertex 47.2549 -3.72118 -38.9027
      vertex 47.278 -3.72118 -38.8414
    endloop
  endfacet
  facet normal 0.527934 0 -0.849285
    outer loop
      vertex 45.7755 -3.72118 -37.6885
      vertex 45.831 -0.251182 -37.654
      vertex 45.831 -3.72118 -37.654
    endloop
  endfacet
  facet normal 0.527934 0 -0.849285
    outer loop
      vertex 45.831 -0.251182 -37.654
      vertex 45.7755 -3.72118 -37.6885
      vertex 45.7755 -0.251182 -37.6885
    endloop
  endfacet
  facet normal 0.683026 0 -0.730394
    outer loop
      vertex 45.6239 -3.72118 -37.8129
      vertex 45.6717 -0.251182 -37.7682
      vertex 45.6717 -3.72118 -37.7682
    endloop
  endfacet
  facet normal 0.683026 0 -0.730394
    outer loop
      vertex 45.6717 -0.251182 -37.7682
      vertex 45.6239 -3.72118 -37.8129
      vertex 45.6239 -0.251182 -37.8129
    endloop
  endfacet
  facet normal 0.0320936 0 -0.999485
    outer loop
      vertex 46.2656 -3.72118 -37.5221
      vertex 46.331 -0.251182 -37.52
      vertex 46.331 -3.72118 -37.52
    endloop
  endfacet
  facet normal 0.0320936 0 -0.999485
    outer loop
      vertex 46.331 -0.251182 -37.52
      vertex 46.2656 -3.72118 -37.5221
      vertex 46.2656 -0.251182 -37.5221
    endloop
  endfacet
  facet normal 0.0993524 0 0.995052
    outer loop
      vertex 46.2005 -0.251182 -39.5114
      vertex 46.2656 -3.72118 -39.5179
      vertex 46.2656 -0.251182 -39.5179
    endloop
  endfacet
  facet normal 0.0993524 0 0.995052
    outer loop
      vertex 46.2656 -3.72118 -39.5179
      vertex 46.2005 -0.251182 -39.5114
      vertex 46.2005 -3.72118 -39.5114
    endloop
  endfacet
  facet normal -0.0992015 0 -0.995067
    outer loop
      vertex 46.3964 -3.72118 -37.5221
      vertex 46.4616 -0.251182 -37.5286
      vertex 46.4616 -3.72118 -37.5286
    endloop
  endfacet
  facet normal -0.0992015 0 -0.995067
    outer loop
      vertex 46.4616 -0.251182 -37.5286
      vertex 46.3964 -3.72118 -37.5221
      vertex 46.3964 -0.251182 -37.5221
    endloop
  endfacet
  facet normal 0.227423 0 -0.973796
    outer loop
      vertex 46.0722 -3.72118 -37.5541
      vertex 46.136 -0.251182 -37.5392
      vertex 46.136 -3.72118 -37.5392
    endloop
  endfacet
  facet normal 0.227423 0 -0.973796
    outer loop
      vertex 46.136 -0.251182 -37.5392
      vertex 46.0722 -3.72118 -37.5541
      vertex 46.0722 -0.251182 -37.5541
    endloop
  endfacet
  facet normal 0.351794 0 -0.936078
    outer loop
      vertex 45.9484 -3.72118 -37.5961
      vertex 46.0096 -0.251182 -37.5731
      vertex 46.0096 -3.72118 -37.5731
    endloop
  endfacet
  facet normal 0.351794 0 -0.936078
    outer loop
      vertex 46.0096 -0.251182 -37.5731
      vertex 45.9484 -3.72118 -37.5961
      vertex 45.9484 -0.251182 -37.5961
    endloop
  endfacet
  facet normal 0.730394 0 -0.683026
    outer loop
      vertex 45.6239 -3.72118 -37.8129
      vertex 45.5792 -0.251182 -37.8607
      vertex 45.6239 -0.251182 -37.8129
    endloop
  endfacet
  facet normal 0.730394 0 -0.683026
    outer loop
      vertex 45.5792 -0.251182 -37.8607
      vertex 45.6239 -3.72118 -37.8129
      vertex 45.5792 -3.72118 -37.8607
    endloop
  endfacet
  facet normal 0.910889 0 -0.412651
    outer loop
      vertex 45.4342 -3.72118 -38.0777
      vertex 45.4072 -0.251182 -38.1373
      vertex 45.4342 -0.251182 -38.0777
    endloop
  endfacet
  facet normal 0.910889 0 -0.412651
    outer loop
      vertex 45.4072 -0.251182 -38.1373
      vertex 45.4342 -3.72118 -38.0777
      vertex 45.4072 -3.72118 -38.1373
    endloop
  endfacet
  facet normal -0.81301 0 -0.58225
    outer loop
      vertex 47.1625 -3.72118 -37.9644
      vertex 47.1244 -0.251182 -37.9112
      vertex 47.1625 -0.251182 -37.9644
    endloop
  endfacet
  facet normal -0.81301 -0 -0.58225
    outer loop
      vertex 47.1244 -0.251182 -37.9112
      vertex 47.1625 -3.72118 -37.9644
      vertex 47.1244 -3.72118 -37.9112
    endloop
  endfacet
  facet normal -0.472094 0 0.881548
    outer loop
      vertex 46.7733 -0.251182 -39.4169
      vertex 46.831 -3.72118 -39.386
      vertex 46.831 -0.251182 -39.386
    endloop
  endfacet
  facet normal -0.472094 0 0.881548
    outer loop
      vertex 46.831 -3.72118 -39.386
      vertex 46.7733 -0.251182 -39.4169
      vertex 46.7733 -3.72118 -39.4169
    endloop
  endfacet
  facet normal 0.986559 0 -0.163408
    outer loop
      vertex 45.3503 -3.72118 -38.3249
      vertex 45.3396 -0.251182 -38.3895
      vertex 45.3503 -0.251182 -38.3249
    endloop
  endfacet
  facet normal 0.986559 0 -0.163408
    outer loop
      vertex 45.3396 -0.251182 -38.3895
      vertex 45.3503 -3.72118 -38.3249
      vertex 45.3396 -3.72118 -38.3895
    endloop
  endfacet
  facet normal -0.956896 0 -0.290432
    outer loop
      vertex 47.297 -3.72118 -38.2612
      vertex 47.278 -0.251182 -38.1986
      vertex 47.297 -0.251182 -38.2612
    endloop
  endfacet
  facet normal -0.956896 -0 -0.290432
    outer loop
      vertex 47.278 -0.251182 -38.1986
      vertex 47.297 -3.72118 -38.2612
      vertex 47.278 -3.72118 -38.1986
    endloop
  endfacet
  facet normal 0.956896 0 -0.290432
    outer loop
      vertex 45.3841 -3.72118 -38.1986
      vertex 45.3651 -0.251182 -38.2612
      vertex 45.3841 -0.251182 -38.1986
    endloop
  endfacet
  facet normal 0.956896 0 -0.290432
    outer loop
      vertex 45.3651 -0.251182 -38.2612
      vertex 45.3841 -3.72118 -38.1986
      vertex 45.3651 -3.72118 -38.2612
    endloop
  endfacet
  facet normal 0.527934 0 0.849285
    outer loop
      vertex 45.7755 -0.251182 -39.3515
      vertex 45.831 -3.72118 -39.386
      vertex 45.831 -0.251182 -39.386
    endloop
  endfacet
  facet normal 0.527934 0 0.849285
    outer loop
      vertex 45.831 -3.72118 -39.386
      vertex 45.7755 -0.251182 -39.3515
      vertex 45.7755 -3.72118 -39.3515
    endloop
  endfacet
  facet normal 0.58225 0 -0.81301
    outer loop
      vertex 45.7223 -3.72118 -37.7266
      vertex 45.7755 -0.251182 -37.6885
      vertex 45.7755 -3.72118 -37.6885
    endloop
  endfacet
  facet normal 0.58225 0 -0.81301
    outer loop
      vertex 45.7755 -0.251182 -37.6885
      vertex 45.7223 -3.72118 -37.7266
      vertex 45.7223 -0.251182 -37.7266
    endloop
  endfacet
  facet normal -0.81301 0 0.58225
    outer loop
      vertex 47.1244 -3.72118 -39.1288
      vertex 47.1625 -0.251182 -39.0756
      vertex 47.1244 -0.251182 -39.1288
    endloop
  endfacet
  facet normal -0.81301 0 0.58225
    outer loop
      vertex 47.1625 -0.251182 -39.0756
      vertex 47.1244 -3.72118 -39.1288
      vertex 47.1625 -3.72118 -39.0756
    endloop
  endfacet
  facet normal 0.882184 0 -0.470906
    outer loop
      vertex 45.465 -3.72118 -38.02
      vertex 45.4342 -0.251182 -38.0777
      vertex 45.465 -0.251182 -38.02
    endloop
  endfacet
  facet normal 0.882184 0 -0.470906
    outer loop
      vertex 45.4342 -0.251182 -38.0777
      vertex 45.465 -3.72118 -38.02
      vertex 45.4342 -3.72118 -38.0777
    endloop
  endfacet
  facet normal -0.635065 0 -0.772459
    outer loop
      vertex 46.9398 -3.72118 -37.7266
      vertex 46.9904 -0.251182 -37.7682
      vertex 46.9904 -3.72118 -37.7682
    endloop
  endfacet
  facet normal -0.635065 0 -0.772459
    outer loop
      vertex 46.9904 -0.251182 -37.7682
      vertex 46.9398 -3.72118 -37.7266
      vertex 46.9398 -0.251182 -37.7266
    endloop
  endfacet
  facet normal -0.58225 0 0.81301
    outer loop
      vertex 46.8866 -0.251182 -39.3515
      vertex 46.9398 -3.72118 -39.3134
      vertex 46.9398 -0.251182 -39.3134
    endloop
  endfacet
  facet normal -0.58225 0 0.81301
    outer loop
      vertex 46.9398 -3.72118 -39.3134
      vertex 46.8866 -0.251182 -39.3515
      vertex 46.8866 -3.72118 -39.3515
    endloop
  endfacet
  facet normal -0.729632 0 0.68384
    outer loop
      vertex 47.0381 -3.72118 -39.2271
      vertex 47.0829 -0.251182 -39.1793
      vertex 47.0381 -0.251182 -39.2271
    endloop
  endfacet
  facet normal -0.729632 0 0.68384
    outer loop
      vertex 47.0829 -0.251182 -39.1793
      vertex 47.0381 -3.72118 -39.2271
      vertex 47.0829 -3.72118 -39.1793
    endloop
  endfacet
  facet normal -0.910889 0 0.412651
    outer loop
      vertex 47.2279 -3.72118 -38.9623
      vertex 47.2549 -0.251182 -38.9027
      vertex 47.2279 -0.251182 -38.9623
    endloop
  endfacet
  facet normal -0.910889 0 0.412651
    outer loop
      vertex 47.2549 -0.251182 -38.9027
      vertex 47.2279 -3.72118 -38.9623
      vertex 47.2549 -3.72118 -38.9027
    endloop
  endfacet
  facet normal 0.995202 -0 0.0978386
    outer loop
      vertex 45.3332 -3.72118 -38.5854
      vertex 45.3396 -0.251182 -38.6505
      vertex 45.3332 -0.251182 -38.5854
    endloop
  endfacet
  facet normal 0.995202 0 0.0978386
    outer loop
      vertex 45.3396 -0.251182 -38.6505
      vertex 45.3332 -3.72118 -38.5854
      vertex 45.3396 -3.72118 -38.6505
    endloop
  endfacet
  facet normal 0.935763 0 -0.352629
    outer loop
      vertex 45.4072 -3.72118 -38.1373
      vertex 45.3841 -0.251182 -38.1986
      vertex 45.4072 -0.251182 -38.1373
    endloop
  endfacet
  facet normal 0.935763 0 -0.352629
    outer loop
      vertex 45.3841 -0.251182 -38.1986
      vertex 45.4072 -3.72118 -38.1373
      vertex 45.3841 -3.72118 -38.1986
    endloop
  endfacet
  facet normal 0.162166 0 -0.986764
    outer loop
      vertex 46.136 -3.72118 -37.5392
      vertex 46.2005 -0.251182 -37.5286
      vertex 46.2005 -3.72118 -37.5286
    endloop
  endfacet
  facet normal 0.162166 0 -0.986764
    outer loop
      vertex 46.2005 -0.251182 -37.5286
      vertex 46.136 -3.72118 -37.5392
      vertex 46.136 -0.251182 -37.5392
    endloop
  endfacet
  facet normal 0.0320936 0 0.999485
    outer loop
      vertex 46.2656 -0.251182 -39.5179
      vertex 46.331 -3.72118 -39.52
      vertex 46.331 -0.251182 -39.52
    endloop
  endfacet
  facet normal 0.0320936 0 0.999485
    outer loop
      vertex 46.331 -3.72118 -39.52
      vertex 46.2656 -0.251182 -39.5179
      vertex 46.2656 -3.72118 -39.5179
    endloop
  endfacet
  facet normal 0.351794 0 0.936078
    outer loop
      vertex 45.9484 -0.251182 -39.4439
      vertex 46.0096 -3.72118 -39.4669
      vertex 46.0096 -0.251182 -39.4669
    endloop
  endfacet
  facet normal 0.351794 0 0.936078
    outer loop
      vertex 46.0096 -3.72118 -39.4669
      vertex 45.9484 -0.251182 -39.4439
      vertex 45.9484 -3.72118 -39.4439
    endloop
  endfacet
  facet normal -0.412651 0 -0.910889
    outer loop
      vertex 46.7137 -3.72118 -37.5961
      vertex 46.7733 -0.251182 -37.6231
      vertex 46.7733 -3.72118 -37.6231
    endloop
  endfacet
  facet normal -0.412651 0 -0.910889
    outer loop
      vertex 46.7733 -0.251182 -37.6231
      vertex 46.7137 -3.72118 -37.5961
      vertex 46.7137 -0.251182 -37.5961
    endloop
  endfacet
  facet normal 0.910889 -0 0.412651
    outer loop
      vertex 45.4072 -3.72118 -38.9027
      vertex 45.4342 -0.251182 -38.9623
      vertex 45.4072 -0.251182 -38.9027
    endloop
  endfacet
  facet normal 0.910889 0 0.412651
    outer loop
      vertex 45.4342 -0.251182 -38.9623
      vertex 45.4072 -3.72118 -38.9027
      vertex 45.4342 -3.72118 -38.9623
    endloop
  endfacet
  facet normal 0.882184 -0 0.470906
    outer loop
      vertex 45.4342 -3.72118 -38.9623
      vertex 45.465 -0.251182 -39.02
      vertex 45.4342 -0.251182 -38.9623
    endloop
  endfacet
  facet normal 0.882184 0 0.470906
    outer loop
      vertex 45.465 -0.251182 -39.02
      vertex 45.4342 -3.72118 -38.9623
      vertex 45.465 -3.72118 -39.02
    endloop
  endfacet
  facet normal 0.81301 -0 0.58225
    outer loop
      vertex 45.4996 -3.72118 -39.0756
      vertex 45.5377 -0.251182 -39.1288
      vertex 45.4996 -0.251182 -39.0756
    endloop
  endfacet
  facet normal 0.81301 0 0.58225
    outer loop
      vertex 45.5377 -0.251182 -39.1288
      vertex 45.4996 -3.72118 -39.0756
      vertex 45.5377 -3.72118 -39.1288
    endloop
  endfacet
  facet normal -0.227423 0 -0.973796
    outer loop
      vertex 46.5261 -3.72118 -37.5392
      vertex 46.5899 -0.251182 -37.5541
      vertex 46.5899 -3.72118 -37.5541
    endloop
  endfacet
  facet normal -0.227423 0 -0.973796
    outer loop
      vertex 46.5899 -0.251182 -37.5541
      vertex 46.5261 -3.72118 -37.5392
      vertex 46.5261 -0.251182 -37.5392
    endloop
  endfacet
  facet normal 0.635065 0 0.772459
    outer loop
      vertex 45.6717 -0.251182 -39.2718
      vertex 45.7223 -3.72118 -39.3134
      vertex 45.7223 -0.251182 -39.3134
    endloop
  endfacet
  facet normal 0.635065 0 0.772459
    outer loop
      vertex 45.7223 -3.72118 -39.3134
      vertex 45.6717 -0.251182 -39.2718
      vertex 45.6717 -3.72118 -39.2718
    endloop
  endfacet
  facet normal 0.772592 0 -0.634903
    outer loop
      vertex 45.5792 -3.72118 -37.8607
      vertex 45.5377 -0.251182 -37.9112
      vertex 45.5792 -0.251182 -37.8607
    endloop
  endfacet
  facet normal 0.772592 0 -0.634903
    outer loop
      vertex 45.5377 -0.251182 -37.9112
      vertex 45.5792 -3.72118 -37.8607
      vertex 45.5377 -3.72118 -37.9112
    endloop
  endfacet
  facet normal -0.0320936 0 -0.999485
    outer loop
      vertex 46.331 -3.72118 -37.52
      vertex 46.3964 -0.251182 -37.5221
      vertex 46.3964 -3.72118 -37.5221
    endloop
  endfacet
  facet normal -0.0320936 0 -0.999485
    outer loop
      vertex 46.3964 -0.251182 -37.5221
      vertex 46.331 -3.72118 -37.52
      vertex 46.331 -0.251182 -37.52
    endloop
  endfacet
  facet normal -0.227423 0 0.973796
    outer loop
      vertex 46.5261 -0.251182 -39.5008
      vertex 46.5899 -3.72118 -39.4859
      vertex 46.5899 -0.251182 -39.4859
    endloop
  endfacet
  facet normal -0.227423 0 0.973796
    outer loop
      vertex 46.5899 -3.72118 -39.4859
      vertex 46.5261 -0.251182 -39.5008
      vertex 46.5261 -3.72118 -39.5008
    endloop
  endfacet
  facet normal 0.772592 -0 0.634903
    outer loop
      vertex 45.5377 -3.72118 -39.1288
      vertex 45.5792 -0.251182 -39.1793
      vertex 45.5377 -0.251182 -39.1288
    endloop
  endfacet
  facet normal 0.772592 0 0.634903
    outer loop
      vertex 45.5792 -0.251182 -39.1793
      vertex 45.5377 -3.72118 -39.1288
      vertex 45.5792 -3.72118 -39.1793
    endloop
  endfacet
  facet normal -0.772592 0 -0.634903
    outer loop
      vertex 47.1244 -3.72118 -37.9112
      vertex 47.0829 -0.251182 -37.8607
      vertex 47.1244 -0.251182 -37.9112
    endloop
  endfacet
  facet normal -0.772592 -0 -0.634903
    outer loop
      vertex 47.0829 -0.251182 -37.8607
      vertex 47.1244 -3.72118 -37.9112
      vertex 47.0829 -3.72118 -37.8607
    endloop
  endfacet
  facet normal -0.683788 0 0.72968
    outer loop
      vertex 46.9904 -0.251182 -39.2718
      vertex 47.0381 -3.72118 -39.2271
      vertex 47.0381 -0.251182 -39.2271
    endloop
  endfacet
  facet normal -0.683788 0 0.72968
    outer loop
      vertex 47.0381 -3.72118 -39.2271
      vertex 46.9904 -0.251182 -39.2718
      vertex 46.9904 -3.72118 -39.2718
    endloop
  endfacet
  facet normal 0.227423 0 0.973796
    outer loop
      vertex 46.0722 -0.251182 -39.4859
      vertex 46.136 -3.72118 -39.5008
      vertex 46.136 -0.251182 -39.5008
    endloop
  endfacet
  facet normal 0.227423 0 0.973796
    outer loop
      vertex 46.136 -3.72118 -39.5008
      vertex 46.0722 -0.251182 -39.4859
      vertex 46.0722 -3.72118 -39.4859
    endloop
  endfacet
  facet normal 0.849026 0 -0.528351
    outer loop
      vertex 45.4996 -3.72118 -37.9644
      vertex 45.465 -0.251182 -38.02
      vertex 45.4996 -0.251182 -37.9644
    endloop
  endfacet
  facet normal 0.849026 0 -0.528351
    outer loop
      vertex 45.465 -0.251182 -38.02
      vertex 45.4996 -3.72118 -37.9644
      vertex 45.465 -3.72118 -38.02
    endloop
  endfacet
  facet normal -0.162166 0 -0.986764
    outer loop
      vertex 46.4616 -3.72118 -37.5286
      vertex 46.5261 -0.251182 -37.5392
      vertex 46.5261 -3.72118 -37.5392
    endloop
  endfacet
  facet normal -0.162166 0 -0.986764
    outer loop
      vertex 46.5261 -0.251182 -37.5392
      vertex 46.4616 -3.72118 -37.5286
      vertex 46.4616 -0.251182 -37.5286
    endloop
  endfacet
  facet normal 1 -0 0
    outer loop
      vertex 32.7796 -3.72118 -16.25
      vertex 32.7796 -0.251182 -24.82
      vertex 32.7796 -0.251182 -16.25
    endloop
  endfacet
  facet normal 1 0 0
    outer loop
      vertex 32.7796 -0.251182 -24.82
      vertex 32.7796 -3.72118 -16.25
      vertex 32.7796 -3.72118 -24.82
    endloop
  endfacet
  facet normal -1 0 0
    outer loop
      vertex 28.5996 -3.72118 -24.82
      vertex 28.5996 -0.251182 -16.25
      vertex 28.5996 -0.251182 -24.82
    endloop
  endfacet
  facet normal -1 -0 0
    outer loop
      vertex 28.5996 -0.251182 -16.25
      vertex 28.5996 -3.72118 -24.82
      vertex 28.5996 -3.72118 -16.25
    endloop
  endfacet
endsolid OpenSCAD_Model
